{"fragment":6,"updateTime":1431782178000,"matchId":{"id":3278,"name":"ipl2015-53 - KXIP vs. CSK","matchIdName":"ipl2015-53"},"commentaries":[{"bbcode":"[b]Dropped! [/b]It's not Maxwell's day! Raina offers an easy enough return chance, but Maxi puts it down. He'll want to get out of India quick!","subtype":"BBCode","message":{"text":"<p><strong>Dropped!&nbsp;</strong>It's not Maxwell's day! Raina offers an easy enough return chance, but Maxi puts it down. He'll want to get out of India quick!</p>"},"tags":[],"timestamp":1431780683000,"id":1195330,"time":"12:50","updateTime":1431780645589,"sequence":250.0,"type":"Manual"},{"bbcode":"G Maxwell to S Raina, %SPEED% good length on middle stump. He picks up a single","thisOver":"1","progress":{"innings":2,"over":7,"ball":6},"speed":24.6435667746469,"subtype":"BBCode","countingProgress":{"innings":2,"over":6,"ball":5},"bowlerId":282,"nonfacingBatsmanId":24,"facingBatsmanId":14,"autoText":"G Maxwell to S Raina, %SPEED% good length on middle stump. He picks up a single","message":{"text":null},"tags":[],"timestamp":1431780737000,"id":1195331,"time":"12:51","updateTime":1431780660001,"sequence":251.0,"type":"Auto"},{"bbcode":"G Maxwell to F du Plessis, no run, %SPEED% good length just outside off stump. He doesn't offer a shot","thisOver":".","progress":{"innings":2,"over":7,"ball":7},"speed":25.3325785983884,"subtype":"BBCode","countingProgress":{"innings":2,"over":6,"ball":6},"bowlerId":282,"nonfacingBatsmanId":14,"facingBatsmanId":24,"autoText":"G Maxwell to F du Plessis, no run, %SPEED% good length just outside off stump. He doesn't offer a shot","message":{"text":null},"tags":[],"timestamp":1431780737000,"id":1195332,"time":"12:51","updateTime":1431780682297,"sequence":252.0,"type":"Auto"},{"innings":2,"over":7,"overRuns":8,"overWickets":0,"inningsRuns":55,"inningsWickets":2,"inningsAllOut":false,"team":{"id":1,"fullName":"Chennai Super Kings","shortName":"Super Kings","abbreviation":"CSK","primaryColor":"FDB913","secondaryColor":"FFFFFF","type":"m"},"batsmanSummaries":[{"batsman":{"id":24,"fullName":"Francois du Plessis","shortName":"F du Plessis","nationality":"South African","rightHandedBat":false,"dateOfBirth":458524800000,"names":["Francois du Plessis","F du Plessis"]},"runs":23,"balls":16,"fours":3,"sixes":0},{"batsman":{"id":14,"fullName":"Suresh Raina","shortName":"S Raina","nationality":"Indian","rightHandedBat":false,"dateOfBirth":533433600000,"names":["Suresh Raina","S Raina"]},"runs":21,"balls":16,"fours":3,"sixes":0}],"activeBatsman":14,"bowlerSummary":{"bowler":{"id":282,"fullName":"Glenn Maxwell","shortName":"G Maxwell","nationality":"Australian","rightHandedBat":false,"dateOfBirth":592790400000,"names":["Glenn Maxwell","G Maxwell"]},"overs":"1","runs":8,"wickets":0,"maidens":0},"inningsBalls":42,"inningsMaxBalls":120,"inningsTarget":131,"message":{"text":null},"tags":[],"timestamp":1431780682000,"id":1195333,"time":"12:51","updateTime":1431780682469,"sequence":253.0,"type":"Eov"},{"subtype":"EmbeddedTweet","tweetjson":{"created_at":"Sat May 16 12:49:01 +0000 2015","id":599557163397160960,"id_str":"599557163397160960","text":"Good decision to push du plesis at  3 it is important to maintain partnership  #KXIPvsCSK #CSKvsKXIP #IPL","source":"<a href=\"http://www.twitter.com\" rel=\"nofollow\">Twitter for Windows Phone</a>","truncated":false,"in_reply_to_status_id":null,"in_reply_to_status_id_str":null,"in_reply_to_user_id":null,"in_reply_to_user_id_str":null,"in_reply_to_screen_name":null,"user":{"id":1859738694,"id_str":"1859738694","name":"senthil","screen_name":"Senthil557","location":"","description":"I love myself because iam so interesting","url":null,"entities":{"description":{"urls":[]}},"protected":false,"followers_count":761,"friends_count":193,"listed_count":112,"created_at":"Fri Sep 13 07:12:52 +0000 2013","favourites_count":142200,"utc_offset":19800,"time_zone":"Chennai","geo_enabled":true,"verified":false,"statuses_count":142140,"lang":"en","contributors_enabled":false,"is_translator":false,"is_translation_enabled":false,"profile_background_color":"ACDED6","profile_background_image_url":"http://abs.twimg.com/images/themes/theme18/bg.gif","profile_background_image_url_https":"https://abs.twimg.com/images/themes/theme18/bg.gif","profile_background_tile":false,"profile_image_url":"http://pbs.twimg.com/profile_images/476952258580467712/p28zX_uL_normal.jpeg","profile_image_url_https":"https://pbs.twimg.com/profile_images/476952258580467712/p28zX_uL_normal.jpeg","profile_banner_url":"https://pbs.twimg.com/profile_banners/1859738694/1420907315","profile_link_color":"038543","profile_sidebar_border_color":"EEEEEE","profile_sidebar_fill_color":"F6F6F6","profile_text_color":"333333","profile_use_background_image":true,"default_profile":false,"default_profile_image":false,"following":false,"follow_request_sent":false,"notifications":false},"geo":null,"coordinates":null,"place":null,"contributors":null,"retweet_count":0,"favorite_count":0,"entities":{"hashtags":[{"text":"KXIPvsCSK","indices":[79,89]},{"text":"CSKvsKXIP","indices":[90,100]},{"text":"IPL","indices":[101,105]}],"symbols":[],"user_mentions":[],"urls":[]},"favorited":false,"retweeted":false,"lang":"en"},"message":{"text":"<blockquote class=\"twitter-tweet\" data-partner=\"tweetdeck\">\n<p lang=\"en\" dir=\"ltr\">Good decision to push du plesis at 3 it is important to maintain partnership <a href=\"https://twitter.com/hashtag/KXIPvsCSK?src=hash\">#KXIPvsCSK</a> <a href=\"https://twitter.com/hashtag/CSKvsKXIP?src=hash\">#CSKvsKXIP</a> <a href=\"https://twitter.com/hashtag/IPL?src=hash\">#IPL</a></p>\n&mdash; senthil (@Senthil557) <a href=\"https://twitter.com/Senthil557/status/599557163397160960\">May 16, 2015</a></blockquote>\n<script charset=\"utf-8\" type=\"text/javascript\" src=\"http://platform.twitter.com/widgets.js\"></script>"},"tags":[],"timestamp":1431780730000,"id":1195334,"time":"12:52","updateTime":1431780730671,"sequence":254.0,"type":"Manual"},{"bbcode":"A Patel to S Raina, %SPEED% good length just outside off stump. He picks up a single","thisOver":"1","progress":{"innings":2,"over":8,"ball":1},"speed":27.8884825511932,"subtype":"BBCode","countingProgress":{"innings":2,"over":7,"ball":1},"bowlerId":1113,"nonfacingBatsmanId":24,"facingBatsmanId":14,"autoText":"A Patel to S Raina, %SPEED% good length just outside off stump. He picks up a single","message":{"text":null},"tags":[],"timestamp":1431780797000,"id":1195335,"time":"12:52","updateTime":1431780754439,"sequence":255.0,"type":"Auto"},{"bbcode":"A Patel to F du Plessis, %SPEED% good length on leg stump. He picks up a single","thisOver":"1","progress":{"innings":2,"over":8,"ball":2},"speed":25.406063408041,"subtype":"BBCode","countingProgress":{"innings":2,"over":7,"ball":2},"bowlerId":1113,"nonfacingBatsmanId":14,"facingBatsmanId":24,"autoText":"A Patel to F du Plessis, %SPEED% good length on leg stump. He picks up a single","message":{"text":null},"tags":[],"timestamp":1431780848000,"id":1195336,"time":"12:53","updateTime":1431780805391,"sequence":256.0,"type":"Auto"},{"bbcode":"A Patel to S Raina, %SPEED% good length on off stump. He picks up a single","thisOver":"1","progress":{"innings":2,"over":8,"ball":3},"speed":26.5742045449614,"subtype":"BBCode","countingProgress":{"innings":2,"over":7,"ball":3},"bowlerId":1113,"nonfacingBatsmanId":24,"facingBatsmanId":14,"autoText":"A Patel to S Raina, %SPEED% good length on off stump. He picks up a single","message":{"text":null},"tags":[],"timestamp":1431780929000,"id":1195337,"time":"12:53","updateTime":1431780831437,"sequence":257.0,"type":"Auto"},{"bbcode":"A Patel to F du Plessis, Wide delivery","thisOver":"1Wd","progress":{"innings":2,"over":8,"ball":4},"speed":24.3442350230033,"subtype":"BBCode","countingProgress":{"innings":2,"over":7,"ball":4},"bowlerId":1113,"nonfacingBatsmanId":14,"facingBatsmanId":24,"autoText":"A Patel to F du Plessis, Wide delivery","message":{"text":null},"tags":[],"timestamp":1431780855000,"id":1195338,"time":"12:54","updateTime":1431780854051,"sequence":258.0,"type":"Auto"},{"bbcode":"A Patel to F du Plessis, %SPEED% short length going down leg. He picks up a single","thisOver":"1","progress":{"innings":2,"over":8,"ball":5},"speed":28.1149518125151,"subtype":"BBCode","countingProgress":{"innings":2,"over":7,"ball":4},"bowlerId":1113,"nonfacingBatsmanId":14,"facingBatsmanId":24,"autoText":"A Patel to F du Plessis, %SPEED% short length going down leg. He picks up a single","message":{"text":null},"tags":[],"timestamp":1431780930000,"id":1195339,"time":"12:54","updateTime":1431780878885,"sequence":259.0,"type":"Auto"},{"bbcode":"A Patel to S Raina, %SPEED% good length going down leg. He picks up a single","thisOver":"1","progress":{"innings":2,"over":8,"ball":6},"speed":23.7037909988239,"subtype":"BBCode","countingProgress":{"innings":2,"over":7,"ball":5},"bowlerId":1113,"nonfacingBatsmanId":24,"facingBatsmanId":14,"autoText":"A Patel to S Raina, %SPEED% good length going down leg. He picks up a single","message":{"text":null},"tags":[],"timestamp":1431780980000,"id":1195340,"time":"12:55","updateTime":1431780904328,"sequence":260.0,"type":"Auto"},{"bbcode":"A Patel to F du Plessis, %SPEED% good length on middle stump. He picks up two","thisOver":"2","progress":{"innings":2,"over":8,"ball":7},"speed":27.2686633884667,"subtype":"BBCode","countingProgress":{"innings":2,"over":7,"ball":6},"bowlerId":1113,"nonfacingBatsmanId":14,"facingBatsmanId":24,"autoText":"A Patel to F du Plessis, %SPEED% good length on middle stump. He picks up two","message":{"text":null},"tags":[],"timestamp":1431780980000,"id":1195341,"time":"12:55","updateTime":1431780932115,"sequence":261.0,"type":"Auto"},{"innings":2,"over":8,"overRuns":8,"overWickets":0,"inningsRuns":63,"inningsWickets":2,"inningsAllOut":false,"team":{"id":1,"fullName":"Chennai Super Kings","shortName":"Super Kings","abbreviation":"CSK","primaryColor":"FDB913","secondaryColor":"FFFFFF","type":"m"},"batsmanSummaries":[{"batsman":{"id":24,"fullName":"Francois du Plessis","shortName":"F du Plessis","nationality":"South African","rightHandedBat":false,"dateOfBirth":458524800000,"names":["Francois du Plessis","F du Plessis"]},"runs":27,"balls":19,"fours":3,"sixes":0},{"batsman":{"id":14,"fullName":"Suresh Raina","shortName":"S Raina","nationality":"Indian","rightHandedBat":false,"dateOfBirth":533433600000,"names":["Suresh Raina","S Raina"]},"runs":24,"balls":19,"fours":3,"sixes":0}],"activeBatsman":14,"bowlerSummary":{"bowler":{"id":1113,"fullName":"Axar Patel","shortName":"A Patel","nationality":"Indian","rightHandedBat":false,"dateOfBirth":759024000000,"names":["Axar Patel","A Patel"]},"overs":"1","runs":8,"wickets":0,"maidens":0},"inningsBalls":48,"inningsMaxBalls":120,"inningsTarget":131,"message":{"text":null},"tags":[],"timestamp":1431780932000,"id":1195342,"time":"12:55","updateTime":1431780932406,"sequence":262.0,"type":"Eov"},{"bbcode":"Anureet Singh to S Raina, %SPEED% good length just outside off stump. He picks up a single","thisOver":"1","progress":{"innings":2,"over":9,"ball":1},"speed":37.0505114180808,"subtype":"BBCode","countingProgress":{"innings":2,"over":8,"ball":1},"bowlerId":412,"nonfacingBatsmanId":24,"facingBatsmanId":14,"autoText":"Anureet Singh to S Raina, %SPEED% good length just outside off stump. He picks up a single","message":{"text":null},"tags":[],"timestamp":1431781041000,"id":1195343,"time":"12:56","updateTime":1431781002521,"sequence":263.0,"type":"Auto"},{"bbcode":"Anureet Singh to F du Plessis, %SPEED% full length outside off stump. He picks up a single","thisOver":"1","progress":{"innings":2,"over":9,"ball":2},"speed":31.5940149691371,"subtype":"BBCode","countingProgress":{"innings":2,"over":8,"ball":2},"bowlerId":412,"nonfacingBatsmanId":14,"facingBatsmanId":24,"autoText":"Anureet Singh to F du Plessis, %SPEED% full length outside off stump. He picks up a single","message":{"text":null},"tags":[],"timestamp":1431781092000,"id":1195344,"time":"12:57","updateTime":1431781045366,"sequence":264.0,"type":"Auto"},{"bbcode":"Anureet Singh to S Raina, no run. He doesn't offer a shot","thisOver":".","progress":{"innings":2,"over":9,"ball":3},"speed":-1.0,"subtype":"BBCode","countingProgress":{"innings":2,"over":8,"ball":3},"bowlerId":412,"nonfacingBatsmanId":24,"facingBatsmanId":14,"autoText":"Anureet Singh to S Raina, no run. He doesn't offer a shot","message":{"text":null},"tags":[],"timestamp":1431781164000,"id":1195345,"time":"12:57","updateTime":1431781078705,"sequence":265.0,"type":"Auto"},{"bbcode":"Anureet Singh to S Raina, %SPEED% full length outside off stump. He picks up a single","thisOver":"1","progress":{"innings":2,"over":9,"ball":4},"speed":31.7946544350276,"subtype":"BBCode","countingProgress":{"innings":2,"over":8,"ball":4},"bowlerId":412,"nonfacingBatsmanId":24,"facingBatsmanId":14,"autoText":"Anureet Singh to S Raina, %SPEED% full length outside off stump. He picks up a single","message":{"text":null},"tags":[],"timestamp":1431781164000,"id":1195346,"time":"12:58","updateTime":1431781112256,"sequence":266.0,"type":"Auto"},{"bbcode":"Anureet Singh to F du Plessis, no run, %SPEED% full length going down leg. He doesn't offer a shot","thisOver":".","progress":{"innings":2,"over":9,"ball":5},"speed":35.8962896736701,"subtype":"BBCode","countingProgress":{"innings":2,"over":8,"ball":5},"bowlerId":412,"nonfacingBatsmanId":14,"facingBatsmanId":24,"autoText":"Anureet Singh to F du Plessis, no run, %SPEED% full length going down leg. He doesn't offer a shot","message":{"text":null},"tags":[],"timestamp":1431781225000,"id":1195347,"time":"12:59","updateTime":1431781145560,"sequence":267.0,"type":"Auto"},{"bbcode":"Anureet Singh to F du Plessis, %SPEED% good length outside off stump. He picks up a single","thisOver":"1","progress":{"innings":2,"over":9,"ball":6},"speed":34.1914123824245,"subtype":"BBCode","countingProgress":{"innings":2,"over":8,"ball":6},"bowlerId":412,"nonfacingBatsmanId":14,"facingBatsmanId":24,"autoText":"Anureet Singh to F du Plessis, %SPEED% good length outside off stump. He picks up a single","message":{"text":null},"tags":[],"timestamp":1431781225000,"id":1195348,"time":"12:59","updateTime":1431781179565,"sequence":268.0,"type":"Auto"},{"innings":2,"over":9,"overRuns":4,"overWickets":0,"inningsRuns":67,"inningsWickets":2,"inningsAllOut":false,"team":{"id":1,"fullName":"Chennai Super Kings","shortName":"Super Kings","abbreviation":"CSK","primaryColor":"FDB913","secondaryColor":"FFFFFF","type":"m"},"batsmanSummaries":[{"batsman":{"id":24,"fullName":"Francois du Plessis","shortName":"F du Plessis","nationality":"South African","rightHandedBat":false,"dateOfBirth":458524800000,"names":["Francois du Plessis","F du Plessis"]},"runs":29,"balls":22,"fours":3,"sixes":0},{"batsman":{"id":14,"fullName":"Suresh Raina","shortName":"S Raina","nationality":"Indian","rightHandedBat":false,"dateOfBirth":533433600000,"names":["Suresh Raina","S Raina"]},"runs":26,"balls":22,"fours":3,"sixes":0}],"activeBatsman":24,"bowlerSummary":{"bowler":{"id":412,"fullName":"Anureet Singh","shortName":"Anureet Singh","nationality":"Indian","rightHandedBat":true,"dateOfBirth":383529600000,"names":["Anureet Singh","Anureet Singh"]},"overs":"1","runs":4,"wickets":0,"maidens":0},"inningsBalls":54,"inningsMaxBalls":120,"inningsTarget":131,"message":{"text":null},"tags":[],"timestamp":1431781179000,"id":1195349,"time":"12:59","updateTime":1431781179736,"sequence":269.0,"type":"Eov"},{"bbcode":"Strategic Timeout time. All too easy for CSK at the moment. Perhaps Bailey should try and inject some liveliness into this game and give himself a bowl!","subtype":"BBCode","message":{"text":"<p>Strategic Timeout time. All too easy for CSK at the moment. Perhaps Bailey should try and inject some liveliness into this game and give himself a bowl!</p>"},"tags":[],"timestamp":1431781258000,"id":1195350,"time":"13:00","updateTime":1431781258519,"sequence":270.0,"type":"Manual"},{"bbcode":"A Patel to F du Plessis, %SPEED% short length just outside off stump. He hits a nice boundary","thisOver":"4","progress":{"innings":2,"over":10,"ball":1},"speed":28.0617139932727,"subtype":"BBCode","countingProgress":{"innings":2,"over":9,"ball":1},"bowlerId":1113,"nonfacingBatsmanId":14,"facingBatsmanId":24,"autoText":"A Patel to F du Plessis, %SPEED% short length just outside off stump. He hits a nice boundary","message":{"text":null},"tags":["four"],"timestamp":1431781518000,"id":1195351,"time":"13:03","updateTime":1431781436074,"sequence":271.0,"type":"Auto"},{"bbcode":"Four! Too short from Axar, a \"filthy drag down\" as Hayden called it on commentary, and du Plessis hammers it through mid-wicket","subtype":"BBCode","message":{"text":"<p>Four! Too short from Axar, a \"filthy drag down\" as Hayden called it on commentary, and du Plessis hammers it through mid-wicket</p>"},"tags":[],"timestamp":1431781486000,"id":1195352,"time":"13:04","updateTime":1431781452774,"sequence":272.0,"type":"Manual"},{"bbcode":"A Patel to F du Plessis, %SPEED% good length on off stump. He picks up a single","thisOver":"1","progress":{"innings":2,"over":10,"ball":2},"speed":25.0469637749259,"subtype":"BBCode","countingProgress":{"innings":2,"over":9,"ball":2},"bowlerId":1113,"nonfacingBatsmanId":14,"facingBatsmanId":24,"autoText":"A Patel to F du Plessis, %SPEED% good length on off stump. He picks up a single","message":{"text":null},"tags":[],"timestamp":1431781518000,"id":1195353,"time":"13:04","updateTime":1431781461028,"sequence":273.0,"type":"Auto"},{"bbcode":"A Patel to S Raina, %SPEED% good length just outside off stump. He plays and misses","thisOver":"1","progress":{"innings":2,"over":10,"ball":3},"speed":24.9703487577215,"subtype":"BBCode","countingProgress":{"innings":2,"over":9,"ball":3},"bowlerId":1113,"nonfacingBatsmanId":24,"facingBatsmanId":14,"autoText":"A Patel to S Raina, %SPEED% good length just outside off stump. He plays and misses","message":{"text":null},"tags":[],"timestamp":1431781578000,"id":1195354,"time":"13:04","updateTime":1431781490700,"sequence":274.0,"type":"Auto"},{"bbcode":"A Patel to F du Plessis, %SPEED% good length on middle stump. He picks up a single","thisOver":"1","progress":{"innings":2,"over":10,"ball":4},"speed":27.3423752103286,"subtype":"BBCode","countingProgress":{"innings":2,"over":9,"ball":4},"bowlerId":1113,"nonfacingBatsmanId":14,"facingBatsmanId":24,"autoText":"A Patel to F du Plessis, %SPEED% good length on middle stump. He picks up a single","message":{"text":null},"tags":[],"timestamp":1431781578000,"id":1195355,"time":"13:05","updateTime":1431781513140,"sequence":275.0,"type":"Auto"},{"bbcode":"A Patel to S Raina, %SPEED% good length on leg stump. He picks up a single","thisOver":"1","progress":{"innings":2,"over":10,"ball":5},"speed":26.811786362154,"subtype":"BBCode","countingProgress":{"innings":2,"over":9,"ball":5},"bowlerId":1113,"nonfacingBatsmanId":24,"facingBatsmanId":14,"autoText":"A Patel to S Raina, %SPEED% good length on leg stump. He picks up a single","message":{"text":null},"tags":[],"timestamp":1431781578000,"id":1195356,"time":"13:05","updateTime":1431781536486,"sequence":276.0,"type":"Auto"},{"bbcode":"A Patel to F du Plessis, %SPEED% good length just outside off stump. He picks up a single","thisOver":"1","progress":{"innings":2,"over":10,"ball":6},"speed":24.5760790768535,"subtype":"BBCode","countingProgress":{"innings":2,"over":9,"ball":6},"bowlerId":1113,"nonfacingBatsmanId":14,"facingBatsmanId":24,"autoText":"A Patel to F du Plessis, %SPEED% good length just outside off stump. He picks up a single","message":{"text":null},"tags":[],"timestamp":1431781632000,"id":1195357,"time":"13:05","updateTime":1431781559227,"sequence":277.0,"type":"Auto"},{"innings":2,"over":10,"overRuns":9,"overWickets":0,"inningsRuns":76,"inningsWickets":2,"inningsAllOut":false,"team":{"id":1,"fullName":"Chennai Super Kings","shortName":"Super Kings","abbreviation":"CSK","primaryColor":"FDB913","secondaryColor":"FFFFFF","type":"m"},"batsmanSummaries":[{"batsman":{"id":24,"fullName":"Francois du Plessis","shortName":"F du Plessis","nationality":"South African","rightHandedBat":false,"dateOfBirth":458524800000,"names":["Francois du Plessis","F du Plessis"]},"runs":36,"balls":26,"fours":4,"sixes":0},{"batsman":{"id":14,"fullName":"Suresh Raina","shortName":"S Raina","nationality":"Indian","rightHandedBat":false,"dateOfBirth":533433600000,"names":["Suresh Raina","S Raina"]},"runs":28,"balls":24,"fours":3,"sixes":0}],"activeBatsman":24,"bowlerSummary":{"bowler":{"id":1113,"fullName":"Axar Patel","shortName":"A Patel","nationality":"Indian","rightHandedBat":false,"dateOfBirth":759024000000,"names":["Axar Patel","A Patel"]},"overs":"2","runs":17,"wickets":0,"maidens":0},"inningsBalls":60,"inningsMaxBalls":120,"inningsTarget":131,"message":{"text":null},"tags":[],"timestamp":1431781559000,"id":1195358,"time":"13:05","updateTime":1431781559374,"sequence":278.0,"type":"Eov"},{"bbcode":"GM Singh to F du Plessis, %SPEED% good length on middle stump. He picks up a single","thisOver":"1","progress":{"innings":2,"over":11,"ball":1},"speed":24.1502889381235,"subtype":"BBCode","countingProgress":{"innings":2,"over":10,"ball":1},"bowlerId":253,"nonfacingBatsmanId":14,"facingBatsmanId":24,"autoText":"GM Singh to F du Plessis, %SPEED% good length on middle stump. He picks up a single","message":{"text":null},"tags":[],"timestamp":1431781705000,"id":1195359,"time":"13:07","updateTime":1431781628236,"sequence":279.0,"type":"Auto"},{"bbcode":"GM Singh to S Raina, no run, %SPEED% short length just outside off stump. He doesn't offer a shot","thisOver":".","progress":{"innings":2,"over":11,"ball":2},"speed":25.5537736917899,"subtype":"BBCode","countingProgress":{"innings":2,"over":10,"ball":2},"bowlerId":253,"nonfacingBatsmanId":24,"facingBatsmanId":14,"autoText":"GM Singh to S Raina, no run, %SPEED% short length just outside off stump. He doesn't offer a shot","message":{"text":null},"tags":[],"timestamp":1431781705000,"id":1195360,"time":"13:07","updateTime":1431781657679,"sequence":280.0,"type":"Auto"},{"bbcode":"GM Singh to S Raina, %SPEED% good length on middle stump. He picks up a single","thisOver":"1","progress":{"innings":2,"over":11,"ball":3},"speed":21.668746480456,"subtype":"BBCode","countingProgress":{"innings":2,"over":10,"ball":3},"bowlerId":253,"nonfacingBatsmanId":24,"facingBatsmanId":14,"autoText":"GM Singh to S Raina, %SPEED% good length on middle stump. He picks up a single","message":{"text":null},"tags":[],"timestamp":1431781755000,"id":1195361,"time":"13:07","updateTime":1431781677409,"sequence":281.0,"type":"Auto"},{"bbcode":"GM Singh to F du Plessis, %SPEED% good length just outside off stump. He picks up a single","thisOver":"1","progress":{"innings":2,"over":11,"ball":4},"speed":22.2209226038401,"subtype":"BBCode","countingProgress":{"innings":2,"over":10,"ball":4},"bowlerId":253,"nonfacingBatsmanId":14,"facingBatsmanId":24,"autoText":"GM Singh to F du Plessis, %SPEED% good length just outside off stump. He picks up a single","message":{"text":null},"tags":[],"timestamp":1431781755000,"id":1195362,"time":"13:08","updateTime":1431781697400,"sequence":282.0,"type":"Auto"},{"bbcode":"GM Singh to S Raina, %SPEED% good length going down leg. He picks up two","thisOver":"2","progress":{"innings":2,"over":11,"ball":5},"speed":24.8992606445295,"subtype":"BBCode","countingProgress":{"innings":2,"over":10,"ball":5},"bowlerId":253,"nonfacingBatsmanId":24,"facingBatsmanId":14,"autoText":"GM Singh to S Raina, %SPEED% good length going down leg. He picks up two","message":{"text":null},"tags":[],"timestamp":1431781814000,"id":1195363,"time":"13:08","updateTime":1431781724955,"sequence":283.0,"type":"Auto"},{"bbcode":"GM Singh to S Raina, no run, %SPEED% good length just outside off stump. He doesn't offer a shot","thisOver":".","progress":{"innings":2,"over":11,"ball":6},"speed":22.1993538374732,"subtype":"BBCode","countingProgress":{"innings":2,"over":10,"ball":6},"bowlerId":253,"nonfacingBatsmanId":24,"facingBatsmanId":14,"autoText":"GM Singh to S Raina, no run, %SPEED% good length just outside off stump. He doesn't offer a shot","message":{"text":null},"tags":[],"timestamp":1431781814000,"id":1195364,"time":"13:09","updateTime":1431781753806,"sequence":284.0,"type":"Auto"},{"innings":2,"over":11,"overRuns":5,"overWickets":0,"inningsRuns":81,"inningsWickets":2,"inningsAllOut":false,"team":{"id":1,"fullName":"Chennai Super Kings","shortName":"Super Kings","abbreviation":"CSK","primaryColor":"FDB913","secondaryColor":"FFFFFF","type":"m"},"batsmanSummaries":[{"batsman":{"id":14,"fullName":"Suresh Raina","shortName":"S Raina","nationality":"Indian","rightHandedBat":false,"dateOfBirth":533433600000,"names":["Suresh Raina","S Raina"]},"runs":31,"balls":28,"fours":3,"sixes":0},{"batsman":{"id":24,"fullName":"Francois du Plessis","shortName":"F du Plessis","nationality":"South African","rightHandedBat":false,"dateOfBirth":458524800000,"names":["Francois du Plessis","F du Plessis"]},"runs":38,"balls":28,"fours":4,"sixes":0}],"activeBatsman":24,"bowlerSummary":{"bowler":{"id":253,"fullName":"Gurkeerat Mann Singh","shortName":"GM Singh","nationality":"Indian","rightHandedBat":false,"dateOfBirth":646617600000,"names":["Gurkeerat Mann Singh","GM Singh"]},"overs":"2","runs":17,"wickets":0,"maidens":0},"inningsBalls":66,"inningsMaxBalls":120,"inningsTarget":131,"message":{"text":null},"tags":[],"timestamp":1431781754000,"id":1195365,"time":"13:09","updateTime":1431781754072,"sequence":285.0,"type":"Eov"},{"bbcode":"A Patel to F du Plessis, no run, %SPEED% good length on middle stump. He doesn't offer a shot","thisOver":".","progress":{"innings":2,"over":12,"ball":1},"speed":28.6029786659511,"subtype":"BBCode","countingProgress":{"innings":2,"over":11,"ball":1},"bowlerId":1113,"nonfacingBatsmanId":14,"facingBatsmanId":24,"autoText":"A Patel to F du Plessis, no run, %SPEED% good length on middle stump. He doesn't offer a shot","message":{"text":null},"tags":[],"timestamp":1431781885000,"id":1195366,"time":"13:10","updateTime":1431781817775,"sequence":286.0,"type":"Auto"},{"bbcode":"A Patel to F du Plessis, %SPEED% good length on middle stump. He hits a great shot, that has gone all the way","thisOver":"6","progress":{"innings":2,"over":12,"ball":2},"speed":25.0526552845542,"subtype":"BBCode","countingProgress":{"innings":2,"over":11,"ball":2},"bowlerId":1113,"nonfacingBatsmanId":14,"facingBatsmanId":24,"autoText":"A Patel to F du Plessis, %SPEED% good length on middle stump. He hits a great shot, that has gone all the way","message":{"text":null},"tags":["six"],"timestamp":1431781885000,"id":1195367,"time":"13:10","updateTime":1431781834190,"sequence":287.0,"type":"Auto"},{"bbcode":"[b]Six! [/b]That's lovely from du Plessis! Dances down the track and hits it for a straight six","subtype":"BBCode","message":{"text":"<p><strong>Six!&nbsp;</strong>That's lovely from du Plessis! Dances down the track and hits it for a straight six</p>"},"tags":[],"timestamp":1431781888000,"id":1195368,"time":"13:10","updateTime":1431781844305,"sequence":288.0,"type":"Manual"},{"bbcode":"A Patel to F du Plessis, no run, %SPEED% good length on middle stump. He doesn't offer a shot","thisOver":".","progress":{"innings":2,"over":12,"ball":3},"speed":27.6521064356168,"subtype":"BBCode","countingProgress":{"innings":2,"over":11,"ball":3},"bowlerId":1113,"nonfacingBatsmanId":14,"facingBatsmanId":24,"autoText":"A Patel to F du Plessis, no run, %SPEED% good length on middle stump. He doesn't offer a shot","message":{"text":null},"tags":[],"timestamp":1431781936000,"id":1195369,"time":"13:11","updateTime":1431781863275,"sequence":289.0,"type":"Auto"},{"bbcode":"A Patel to F du Plessis, no run, %SPEED% short length going down leg. He doesn't offer a shot","thisOver":".","progress":{"innings":2,"over":12,"ball":4},"speed":24.5399704169293,"subtype":"BBCode","countingProgress":{"innings":2,"over":11,"ball":4},"bowlerId":1113,"nonfacingBatsmanId":14,"facingBatsmanId":24,"autoText":"A Patel to F du Plessis, no run, %SPEED% short length going down leg. He doesn't offer a shot","message":{"text":null},"tags":[],"timestamp":1431781936000,"id":1195370,"time":"13:11","updateTime":1431781881839,"sequence":290.0,"type":"Auto"},{"bbcode":"A Patel to F du Plessis, %SPEED% short length just outside off stump. He hits a nice boundary","thisOver":"4","progress":{"innings":2,"over":12,"ball":5},"speed":27.7432473613557,"subtype":"BBCode","countingProgress":{"innings":2,"over":11,"ball":5},"bowlerId":1113,"nonfacingBatsmanId":14,"facingBatsmanId":24,"autoText":"A Patel to F du Plessis, %SPEED% short length just outside off stump. He hits a nice boundary","message":{"text":null},"tags":["four"],"timestamp":1431781996000,"id":1195371,"time":"13:11","updateTime":1431781900569,"sequence":291.0,"type":"Auto"},{"bbcode":"Four! Axar drags it down and it's pulled through mid-wicket for four more","subtype":"BBCode","message":{"text":"<p>Four! Axar drags it down and it's pulled through mid-wicket for four more</p>"},"tags":[],"timestamp":1431781947000,"id":1195372,"time":"13:12","updateTime":1431781931761,"sequence":292.0,"type":"Manual"},{"bbcode":"A Patel to F du Plessis, %SPEED% good length going down leg. He picks up a single","thisOver":"1","progress":{"innings":2,"over":12,"ball":6},"speed":24.8326081453095,"subtype":"BBCode","countingProgress":{"innings":2,"over":11,"ball":6},"bowlerId":1113,"nonfacingBatsmanId":14,"facingBatsmanId":24,"autoText":"A Patel to F du Plessis, %SPEED% good length going down leg. He picks up a single","message":{"text":null},"tags":[],"timestamp":1431781996000,"id":1195373,"time":"13:12","updateTime":1431781933547,"sequence":293.0,"type":"Auto"},{"innings":2,"over":12,"overRuns":11,"overWickets":0,"inningsRuns":92,"inningsWickets":2,"inningsAllOut":false,"team":{"id":1,"fullName":"Chennai Super Kings","shortName":"Super Kings","abbreviation":"CSK","primaryColor":"FDB913","secondaryColor":"FFFFFF","type":"m"},"batsmanSummaries":[{"batsman":{"id":24,"fullName":"Francois du Plessis","shortName":"F du Plessis","nationality":"South African","rightHandedBat":false,"dateOfBirth":458524800000,"names":["Francois du Plessis","F du Plessis"]},"runs":49,"balls":34,"fours":5,"sixes":1},{"batsman":{"id":14,"fullName":"Suresh Raina","shortName":"S Raina","nationality":"Indian","rightHandedBat":false,"dateOfBirth":533433600000,"names":["Suresh Raina","S Raina"]},"runs":31,"balls":28,"fours":3,"sixes":0}],"activeBatsman":24,"bowlerSummary":{"bowler":{"id":1113,"fullName":"Axar Patel","shortName":"A Patel","nationality":"Indian","rightHandedBat":false,"dateOfBirth":759024000000,"names":["Axar Patel","A Patel"]},"overs":"3","runs":28,"wickets":0,"maidens":0},"inningsBalls":72,"inningsMaxBalls":120,"inningsTarget":131,"message":{"text":null},"tags":[],"timestamp":1431781933000,"id":1195374,"time":"13:12","updateTime":1431781933712,"sequence":294.0,"type":"Eov"},{"bbcode":"GM Singh to F du Plessis, no run, %SPEED% good length on middle stump. He plays and misses","thisOver":".","progress":{"innings":2,"over":13,"ball":1},"speed":22.7576879659349,"subtype":"BBCode","countingProgress":{"innings":2,"over":12,"ball":1},"bowlerId":253,"nonfacingBatsmanId":14,"facingBatsmanId":24,"autoText":"GM Singh to F du Plessis, no run, %SPEED% good length on middle stump. He plays and misses","message":{"text":null},"tags":[],"timestamp":1431782046000,"id":1195375,"time":"13:13","updateTime":1431781983629,"sequence":295.0,"type":"Auto"},{"bbcode":"GM Singh to F du Plessis, %SPEED% good length on off stump. He picks up a single","thisOver":"1","progress":{"innings":2,"over":13,"ball":2},"speed":23.9606616003576,"subtype":"BBCode","countingProgress":{"innings":2,"over":12,"ball":2},"bowlerId":253,"nonfacingBatsmanId":14,"facingBatsmanId":24,"autoText":"GM Singh to F du Plessis, %SPEED% good length on off stump. He picks up a single","message":{"text":null},"tags":[],"timestamp":1431782046000,"id":1195376,"time":"13:13","updateTime":1431782003169,"sequence":296.0,"type":"Auto"},{"bbcode":"[b]50 for Francois du Plessis[/b]\\nFaf moves to 50 serenely. Has looked in no trouble whatsoever.","subtype":"BBCode","message":{"text":"<p><strong>50 for Francois du Plessis</strong><br />Faf moves to 50 serenely. Has looked in no trouble whatsoever.</p>"},"tags":[],"timestamp":1431782049000,"id":1195377,"time":"13:13","updateTime":1431782022479,"sequence":297.0,"type":"Manual"},{"bbcode":"GM Singh to S Raina, %SPEED% good length going down leg. He picks up two","thisOver":"2","progress":{"innings":2,"over":13,"ball":3},"speed":25.1928998224513,"subtype":"BBCode","countingProgress":{"innings":2,"over":12,"ball":3},"bowlerId":253,"nonfacingBatsmanId":24,"facingBatsmanId":14,"autoText":"GM Singh to S Raina, %SPEED% good length going down leg. He picks up two","message":{"text":null},"tags":[],"timestamp":1431782127000,"id":1195378,"time":"13:14","updateTime":1431782049102,"sequence":298.0,"type":"Auto"},{"bbcode":"GM Singh to S Raina, %SPEED% full toss going down leg. He picks up a single","thisOver":"1","progress":{"innings":2,"over":13,"ball":4},"speed":22.2591304357427,"subtype":"BBCode","countingProgress":{"innings":2,"over":12,"ball":4},"bowlerId":253,"nonfacingBatsmanId":24,"facingBatsmanId":14,"autoText":"GM Singh to S Raina, %SPEED% full toss going down leg. He picks up a single","message":{"text":null},"tags":[],"timestamp":1431782178000,"id":1195379,"time":"13:14","updateTime":1431782075074,"sequence":299.0,"type":"Auto"}]}