{"squadId":460,"totalVotes":3594,"players":[{"id":1,"voteCount":3412,"fullName":"MS Dhoni","shortName":"MS Dhoni"},{"id":25,"voteCount":3327,"fullName":"Dwayne Bravo","shortName":"DJ Bravo"},{"id":14,"voteCount":3247,"fullName":"Suresh Raina","shortName":"S Raina"},{"id":8,"voteCount":3134,"fullName":"Ravichandran Ashwin","shortName":"R Ashwin"},{"id":24,"voteCount":3089,"fullName":"Francois du Plessis","shortName":"F du Plessis"},{"id":202,"voteCount":2953,"fullName":"Brendon McCullum","shortName":"B McCullum"},{"id":9,"voteCount":2925,"fullName":"Ravindra Jadeja","shortName":"R Jadeja"},{"id":413,"voteCount":2874,"fullName":"Dwayne Smith","shortName":"DR Smith"},{"id":115,"voteCount":2821,"fullName":"Ashish Nehra","shortName":"A Nehra"},{"id":1107,"voteCount":2628,"fullName":"Mohit Sharma","shortName":"M Sharma"},{"id":1090,"voteCount":1937,"fullName":"Ishwar Pandey","shortName":"I Pandey"},{"id":53,"voteCount":1822,"fullName":"Pawan Negi","shortName":"P Negi"},{"id":49,"voteCount":1143,"fullName":"Irfan Pathan","shortName":"I Pathan"},{"id":20,"voteCount":995,"fullName":"Michael Hussey","shortName":"M Hussey"},{"id":126,"voteCount":289,"fullName":"Rahul Sharma","shortName":"R Sharma"},{"id":1084,"voteCount":178,"fullName":"Baba Aparajith","shortName":"B Aparajith"},{"id":1105,"voteCount":149,"fullName":"Kyle Abbott","shortName":"K Abbott"},{"id":124,"voteCount":136,"fullName":"Mithun Manhas","shortName":"M Manhas"},{"id":277,"voteCount":99,"fullName":"Ronit More","shortName":"R More"},{"id":1505,"voteCount":97,"fullName":"Matt Henry","shortName":"M Henry"},{"id":590,"voteCount":87,"fullName":"Samuel Badree","shortName":"S Badree"},{"id":2731,"voteCount":82,"fullName":"Pratyush Singh","shortName":"P Singh"},{"id":1558,"voteCount":78,"fullName":"Ankush Bains","shortName":"A Bains"},{"id":118,"voteCount":60,"fullName":"Eklavya Dwivedi ","shortName":"E Dwivedi "},{"id":1480,"voteCount":41,"fullName":"Andrew Tye","shortName":"A Tye"}]}