{"squadId":461,"totalVotes":2264,"players":[{"id":187,"voteCount":2010,"fullName":"David Miller","shortName":"D Miller"},{"id":1113,"voteCount":1999,"fullName":"Axar Patel","shortName":"A Patel"},{"id":16,"voteCount":1974,"fullName":"Wriddhiman Saha","shortName":"W Saha"},{"id":1112,"voteCount":1937,"fullName":"Sandeep Sharma","shortName":"Sandeep Sharma"},{"id":19,"voteCount":1872,"fullName":"George Bailey","shortName":"G Bailey"},{"id":282,"voteCount":1865,"fullName":"Glenn Maxwell","shortName":"G Maxwell"},{"id":412,"voteCount":1749,"fullName":"Anureet Singh","shortName":"Anureet Singh"},{"id":1085,"voteCount":1738,"fullName":"Manan Vohra","shortName":"M Vohra"},{"id":7,"voteCount":1481,"fullName":"Murali Vijay","shortName":"M Vijay"},{"id":45,"voteCount":1225,"fullName":"Virender Sehwag","shortName":"V Sehwag"},{"id":1088,"voteCount":1032,"fullName":"Rishi Dhawan","shortName":"R Dhawan"},{"id":213,"voteCount":920,"fullName":"Mitchell Johnson","shortName":"M Johnson"},{"id":1752,"voteCount":796,"fullName":"Beuran Hendricks","shortName":"B Hendricks"},{"id":191,"voteCount":624,"fullName":"Shaun Marsh","shortName":"S Marsh"},{"id":253,"voteCount":537,"fullName":"Gurkeerat Mann Singh","shortName":"GM Singh"},{"id":254,"voteCount":435,"fullName":"Parvinder Awana","shortName":"P Awana"},{"id":1743,"voteCount":358,"fullName":"Karanveer Singh","shortName":"K Singh"},{"id":215,"voteCount":319,"fullName":"Thisara Perera","shortName":"T Perera"},{"id":1744,"voteCount":175,"fullName":"Shivam Sharma","shortName":"Shivam Sharma"},{"id":2732,"voteCount":132,"fullName":"Nikhil Naik","shortName":"N Naik"},{"id":1745,"voteCount":117,"fullName":"Shardul Thakur","shortName":"S Thakur"},{"id":2733,"voteCount":80,"fullName":"Yogesh Golwalkar","shortName":"Y Golwalkar"}]}