{"matchInfo":{"description":"Match 53","matchType":"IPLT20","teams":[{"id":3767,"players":[{"names":["Manan Vohra","M Vohra"],"rightHandedBat":true,"dateOfBirth":742953600000,"id":1085,"fullName":"Manan Vohra","shortName":"M Vohra","nationality":"Indian"},{"names":["Wriddhiman Saha","W Saha"],"dateOfBirth":467424000000,"id":16,"fullName":"Wriddhiman Saha","shortName":"W Saha","nationality":"Indian"},{"names":["Glenn Maxwell","G Maxwell"],"dateOfBirth":592790400000,"id":282,"fullName":"Glenn Maxwell","shortName":"G Maxwell","nationality":"Australian"},{"names":["George Bailey","G Bailey"],"dateOfBirth":400204800000,"id":19,"fullName":"George Bailey","shortName":"G Bailey","nationality":"Australian"},{"names":["David Miller","D Miller"],"dateOfBirth":613440000000,"id":187,"fullName":"David Miller","shortName":"D Miller","nationality":"South African"},{"names":["Gurkeerat Mann Singh","GM Singh"],"dateOfBirth":646617600000,"id":253,"fullName":"Gurkeerat Mann Singh","shortName":"GM Singh","nationality":"Indian"},{"names":["Axar Patel","A Patel"],"dateOfBirth":759024000000,"id":1113,"fullName":"Axar Patel","shortName":"A Patel","nationality":"Indian"},{"names":["Rishi Dhawan","R Dhawan"],"rightHandedBat":true,"dateOfBirth":635385600000,"id":1088,"fullName":"Rishi Dhawan","shortName":"R Dhawan","nationality":"Indian"},{"names":["Beuran Hendricks","B Hendricks"],"rightHandedBat":true,"dateOfBirth":644803200000,"id":1752,"fullName":"Beuran Hendricks","shortName":"B Hendricks","nationality":"South African"},{"names":["Anureet Singh","Anureet Singh"],"rightHandedBat":true,"dateOfBirth":383529600000,"id":412,"fullName":"Anureet Singh","shortName":"Anureet Singh","nationality":"Indian"},{"names":["Sandeep Sharma","Sandeep Sharma"],"rightHandedBat":true,"dateOfBirth":737683200000,"id":1112,"fullName":"Sandeep Sharma","shortName":"Sandeep Sharma","nationality":"Indian"}],"team":{"type":"m","fullName":"Kings XI Punjab","shortName":"Kings XI","abbreviation":"KXIP","primaryColor":"DA1F3D","secondaryColor":"FFFFFF","id":4},"wicketKeeper":{"names":["Wriddhiman Saha","W Saha"],"dateOfBirth":467424000000,"id":16,"fullName":"Wriddhiman Saha","shortName":"W Saha","nationality":"Indian"},"captain":{"names":["George Bailey","G Bailey"],"dateOfBirth":400204800000,"id":19,"fullName":"George Bailey","shortName":"G Bailey","nationality":"Australian"}},{"id":3766,"players":[{"names":["Brendon McCullum","B McCullum"],"dateOfBirth":370396800000,"id":202,"fullName":"Brendon McCullum","shortName":"B McCullum","nationality":"New Zealander"},{"names":["Michael Hussey","M Hussey"],"dateOfBirth":170380800000,"id":20,"fullName":"Michael Hussey","shortName":"M Hussey","nationality":"Australian"},{"names":["Suresh Raina","S Raina"],"dateOfBirth":533433600000,"id":14,"fullName":"Suresh Raina","shortName":"S Raina","nationality":"Indian"},{"names":["Francois du Plessis","F du Plessis"],"dateOfBirth":458524800000,"id":24,"fullName":"Francois du Plessis","shortName":"F du Plessis","nationality":"South African"},{"names":["MS Dhoni","MS Dhoni"],"dateOfBirth":363312000000,"id":1,"fullName":"MS Dhoni","shortName":"MS Dhoni","nationality":"Indian"},{"names":["Ravindra Jadeja","R Jadeja"],"dateOfBirth":597369600000,"id":9,"fullName":"Ravindra Jadeja","shortName":"R Jadeja","nationality":"Indian"},{"names":["Dwayne Bravo","DJ Bravo"],"dateOfBirth":434332800000,"id":25,"fullName":"Dwayne Bravo","shortName":"DJ Bravo","nationality":"West Indian"},{"names":["Pawan Negi","P Negi"],"dateOfBirth":410659200000,"id":53,"fullName":"Pawan Negi","shortName":"P Negi","nationality":"Indian"},{"names":["Ravichandran Ashwin","R Ashwin"],"dateOfBirth":527299200000,"id":8,"fullName":"Ravichandran Ashwin","shortName":"R Ashwin","nationality":"Indian"},{"names":["Ashish Nehra","A Nehra"],"dateOfBirth":294192000000,"id":115,"fullName":"Ashish Nehra","shortName":"A Nehra","nationality":"Indian"},{"names":["Ishwar Pandey","I Pandey"],"rightHandedBat":true,"dateOfBirth":619142400000,"id":1090,"fullName":"Ishwar Pandey","shortName":"I Pandey","nationality":"Indian"}],"team":{"type":"m","fullName":"Chennai Super Kings","shortName":"Super Kings","abbreviation":"CSK","primaryColor":"FDB913","secondaryColor":"FFFFFF","id":1},"wicketKeeper":{"names":["MS Dhoni","MS Dhoni"],"dateOfBirth":363312000000,"id":1,"fullName":"MS Dhoni","shortName":"MS Dhoni","nationality":"Indian"},"captain":{"names":["MS Dhoni","MS Dhoni"],"dateOfBirth":363312000000,"id":1,"fullName":"MS Dhoni","shortName":"MS Dhoni","nationality":"Indian"}}],"venue":{"id":9,"country":"India","fullName":"Punjab Cricket Association Stadium","shortName":"PCA Stadium","city":"Mohali"},"matchDate":"2015-05-16T16:00:00+0530","battingOrder":[0,1],"additionalInfo":{"toss.elected":"Kings XI Punjab, who chose to bat","match.video.id":"4239935138001","stats.link":"http://www.iplt20.com/news/2015/more-news/6846/quick-stats-m53-kxip-vs-csk","match.summary":"","photostream.link":"http://www.iplt20.com/photos/301/ipl-2015-match-53-kxip-v-csk","mom.video.id":"4239935139001","home.team.fan.total":"4971","notes.1.1":"Powerplay - 41 runs, 3 wickets","away.team.fan.total":"9199","notes.1.2":"KXIP: 50 runs in 8.2 overs","umpire.name.3":"Johan Cloete","notes.1.3":"KXIP: 100 runs in 16.6 overs ","umpire.name.4":"Virender Sharma","umpire.name.1":"Chettithody Shamshuddin","notes.1.4":"Innings Break: KXIP - 130/7 in 20 overs","umpire.name.2":"O Nandan","highlights.link":"http://www.iplt20.com/videos/media/id/4239935138001/m53-kxip-vs-csk-match-highlights","result.playerofthematch":"Pawan Negi","mom.video.thumb":"http://brightcove.vo.llnwd.net/v1/unsecured/media/3588749423001/201505/2502/3588749423001_4239943528001_video-still-for-video-4239935139001.jpg?pubId=3588749423001","interview.link":"http://www.iplt20.com/news/2015/features/6827/consistency-is-csks-usp-faf-du-plessis","sixes.video.id":"4239935133001","interview.thumb":"http://static2.iplt20.com/cms/media/images/320x213/43700.jpg","referee.name":"Javagal Srinath","match.video.thumb":"http://brightcove.vo.llnwd.net/v1/unsecured/media/3588749423001/201505/502/3588749423001_4239943530001_video-still-for-video-4239935138001.jpg?pubId=3588749423001","stats.thumb":"http://static2.iplt20.com/cms/media/images/320x213/43797.jpg","toss.winner":"Kings XI Punjab","notes.2.5":"CSK: 100 runs in 13.1 overs","sixes.video.thumb":"http://brightcove.vo.llnwd.net/v1/unsecured/media/3588749423001/201505/2502/3588749423001_4239943512001_video-still-for-video-4239935133001.jpg?pubId=3588749423001","notes.2.3":"3rd Wicket: 50 runs in 35 balls (Francois du Plessis 22, Suresh Raina 23)","report.thumb":"http://static2.iplt20.com/cms/media/images/320x213/43597.jpg","notes.2.4":"Francois du Plessis: 50 off 36 balls (5 x fours, 1 x six)","notes.2.1":"Powerplay - 47 runs, 2 wickets","report.link":"http://www.iplt20.com/news/2015/match-reports/6810/report-m53-kxip-vs-csk","notes.2.2":"CSK: 50 runs in 6.1 overs"},"oversLimit":20,"matchState":"C","isLimitedOvers":true,"matchStatus":{"text":"Chennai Super Kings won by 7 wickets","outcome":"B"},"matchSummary":"","tournamentLabel":"IPL 2015"},"matchId":{"tournamentId":{"name":"ipl2015","id":2785},"name":"ipl2015-53","id":3278,"parentId":{"name":"ipl2015","id":2785}},"innings":[{"inningsNumber":1,"scorecard":{"runs":130,"extras":{"wideRuns":3,"byeRuns":4,"legByeRuns":2},"battingStats":[{"mod":{"text":"c Brendon McCullum b Pawan Negi","dismissedBp":{"over":3,"innings":1,"ball":2},"countingBp":{"over":3,"innings":1,"ball":2},"bowlerId":53,"additionalPlayerIds":[202],"dismissedMethod":"ct"},"playerId":16,"r":15,"b":12,"sr":"125.00","4s":1,"6s":1},{"mod":{"text":"c Ashish Nehra b Ishwar Pandey","dismissedBp":{"over":6,"innings":1,"ball":1},"countingBp":{"over":6,"innings":1,"ball":1},"bowlerId":1090,"additionalPlayerIds":[115],"dismissedMethod":"ct"},"playerId":1085,"r":4,"b":7,"sr":"57.14","4s":0,"6s":0},{"mod":{"text":"c MS Dhoni b Ashish Nehra","dismissedBp":{"over":5,"innings":1,"ball":1},"countingBp":{"over":5,"innings":1,"ball":1},"bowlerId":115,"additionalPlayerIds":[1],"dismissedMethod":"ct"},"playerId":19,"r":12,"b":7,"sr":"171.42","4s":2,"6s":0},{"mod":{"text":"b Ravindra Jadeja","dismissedBp":{"over":10,"innings":1,"ball":5},"countingBp":{"over":10,"innings":1,"ball":5},"bowlerId":9,"dismissedMethod":"b"},"playerId":282,"r":6,"b":14,"sr":"42.85","4s":1,"6s":0},{"mod":{"text":"st MS Dhoni b Ravichandran Ashwin","dismissedBp":{"over":9,"innings":1,"ball":4},"countingBp":{"over":9,"innings":1,"ball":3},"bowlerId":8,"additionalPlayerIds":[1],"dismissedMethod":"st"},"playerId":253,"r":15,"b":14,"sr":"107.14","4s":3,"6s":0},{"mod":{"text":"c Ravindra Jadeja b Pawan Negi","dismissedBp":{"over":14,"innings":1,"ball":5},"countingBp":{"over":14,"innings":1,"ball":5},"bowlerId":53,"additionalPlayerIds":[9],"dismissedMethod":"ct"},"playerId":187,"r":11,"b":15,"sr":"73.33","4s":1,"6s":0},{"mod":{"text":"c MS Dhoni b Dwayne Bravo","dismissedBp":{"over":19,"innings":1,"ball":6},"countingBp":{"over":19,"innings":1,"ball":6},"bowlerId":25,"additionalPlayerIds":[1],"dismissedMethod":"ct"},"playerId":1113,"r":32,"b":29,"sr":"110.34","4s":2,"6s":1},{"playerId":1088,"r":25,"b":20,"sr":"125.00","4s":1,"6s":2},{"playerId":1752,"r":1,"b":2,"sr":"50.00","4s":0,"6s":0}],"bowlingStats":[{"playerId":53,"r":25,"w":2,"ov":"4","d":12,"maid":0,"e":"6.25","wd":1,"nb":0},{"playerId":1090,"r":22,"w":1,"ov":"3","d":8,"maid":0,"e":"7.33","wd":0,"nb":0},{"playerId":115,"r":17,"w":1,"ov":"3","d":12,"maid":0,"e":"5.66","wd":0,"nb":0},{"playerId":8,"r":14,"w":1,"ov":"4","d":14,"maid":0,"e":"3.50","wd":1,"nb":0},{"playerId":9,"r":18,"w":1,"ov":"3","d":7,"maid":0,"e":"6.00","wd":0,"nb":0},{"playerId":14,"r":8,"w":0,"ov":"1","d":2,"maid":0,"e":"8.00","wd":1,"nb":0},{"playerId":25,"r":20,"w":1,"ov":"2","d":2,"maid":0,"e":"10.00","wd":0,"nb":0}],"wkts":7,"fow":[{"bp":{"over":3,"innings":1,"ball":2},"playerId":16,"r":16,"w":1},{"bp":{"over":5,"innings":1,"ball":1},"playerId":19,"r":31,"w":2},{"bp":{"over":6,"innings":1,"ball":1},"playerId":1085,"r":35,"w":3},{"bp":{"over":9,"innings":1,"ball":3},"playerId":253,"r":53,"w":4},{"bp":{"over":10,"innings":1,"ball":5},"playerId":282,"r":55,"w":5},{"bp":{"over":14,"innings":1,"ball":5},"playerId":187,"r":78,"w":6},{"bp":{"over":19,"innings":1,"ball":6},"playerId":1113,"r":122,"w":7}]},"overProgress":"20","runRate":"6.50","overHistory":[{"ovNo":1,"ovBalls":[".",".",".","4","1","."]},{"ovNo":2,"ovBalls":[".",".","1","1","6","1"]},{"ovNo":3,"ovBalls":["2","W","1","2","4","1"]},{"ovNo":4,"ovBalls":["4",".","1",".",".","2"]},{"ovNo":5,"ovBalls":["W",".",".",".","4","."]},{"ovNo":6,"ovBalls":["W",".","1","1",".","4"]},{"ovNo":7,"ovBalls":[".",".",".","1",".","1"]},{"ovNo":8,"ovBalls":[".","4",".",".","1","."]},{"ovNo":9,"ovBalls":[".","1Wd","4","W",".",".","1"]},{"ovNo":10,"ovBalls":[".","1",".",".","W","1"]},{"ovNo":11,"ovBalls":[".","1","1",".",".","1"]},{"ovNo":12,"ovBalls":["1","1",".","1","4","2"]},{"ovNo":13,"ovBalls":["1",".","1",".","1","."]},{"ovNo":14,"ovBalls":["1","4B","1Lb","1","W","."]},{"ovNo":15,"ovBalls":["1Wd","1",".",".","1","4","1"]},{"ovNo":16,"ovBalls":["1Wd","1","4",".","2",".","."]},{"ovNo":17,"ovBalls":["1","1","1","1","1","1"]},{"ovNo":18,"ovBalls":["1Lb",".","1","1","4","1"]},{"ovNo":19,"ovBalls":["6",".","1","6","1","W"]},{"ovNo":20,"ovBalls":[".","1",".",".","6","1"]}]},{"inningsNumber":2,"scorecard":{"runs":134,"extras":{"wideRuns":6},"battingStats":[{"mod":{"text":"c Wriddhiman Saha b Sandeep Sharma","dismissedBp":{"over":1,"innings":2,"ball":6},"countingBp":{"over":1,"innings":2,"ball":6},"bowlerId":1112,"additionalPlayerIds":[16],"dismissedMethod":"ct"},"playerId":20,"r":1,"b":4,"sr":"25.00","4s":0,"6s":0},{"mod":{"text":"b Beuran Hendricks","dismissedBp":{"over":2,"innings":2,"ball":5},"countingBp":{"over":2,"innings":2,"ball":5},"bowlerId":1752,"dismissedMethod":"b"},"playerId":202,"r":6,"b":6,"sr":"100.00","4s":1,"6s":0},{"mod":{"text":"b Rishi Dhawan","dismissedBp":{"over":14,"innings":2,"ball":4},"countingBp":{"over":14,"innings":2,"ball":3},"bowlerId":1088,"dismissedMethod":"b"},"playerId":24,"r":55,"b":41,"sr":"134.14","4s":5,"6s":1},{"playerId":14,"r":41,"b":34,"sr":"120.58","4s":4,"6s":0},{"playerId":1,"r":25,"b":16,"sr":"156.25","4s":2,"6s":2}],"bowlingStats":[{"playerId":1112,"r":9,"w":1,"ov":"2","d":7,"maid":0,"e":"4.50","wd":0,"nb":0},{"playerId":1752,"r":25,"w":1,"ov":"3","d":7,"maid":0,"e":"8.33","wd":1,"nb":0},{"playerId":253,"r":22,"w":0,"ov":"3","d":5,"maid":0,"e":"7.33","wd":0,"nb":0},{"playerId":1088,"r":12,"w":1,"ov":"2","d":7,"maid":0,"e":"6.00","wd":2,"nb":0},{"playerId":282,"r":8,"w":0,"ov":"1","d":3,"maid":0,"e":"8.00","wd":1,"nb":0},{"playerId":1113,"r":28,"w":0,"ov":"3","d":3,"maid":0,"e":"9.33","wd":1,"nb":0},{"playerId":412,"r":30,"w":0,"ov":"2.5","d":4,"maid":0,"e":"10.58","wd":0,"nb":0}],"wkts":3,"fow":[{"bp":{"over":1,"innings":2,"ball":6},"playerId":20,"r":2,"w":1},{"bp":{"over":2,"innings":2,"ball":5},"playerId":202,"r":10,"w":2},{"bp":{"over":14,"innings":2,"ball":3},"playerId":24,"r":102,"w":3}]},"overProgress":"16.5","runRate":"7.96","overHistory":[{"ovNo":1,"ovBalls":["1",".","1",".",".","W"]},{"ovNo":2,"ovBalls":["1","3",".","4","W","."]},{"ovNo":3,"ovBalls":[".","1",".","2","4","."]},{"ovNo":4,"ovBalls":["4",".","1","1Wd","1","3","1"]},{"ovNo":5,"ovBalls":[".","4","2","1","1","4"]},{"ovNo":6,"ovBalls":[".",".","4",".","1","1Wd","1"]},{"ovNo":7,"ovBalls":["2Wd","4","1",".",".","1","."]},{"ovNo":8,"ovBalls":["1","1","1","1Wd","1","1","2"]},{"ovNo":9,"ovBalls":["1","1",".","1",".","1"]},{"ovNo":10,"ovBalls":["4","1","1","1","1","1"]},{"ovNo":11,"ovBalls":["1",".","1","1","2","."]},{"ovNo":12,"ovBalls":[".","6",".",".","4","1"]},{"ovNo":13,"ovBalls":[".","1","2","1",".","1"]},{"ovNo":14,"ovBalls":["2","1Wd","2","W",".",".","."]},{"ovNo":15,"ovBalls":["1","1","1","4","2","."]},{"ovNo":16,"ovBalls":["1",".",".",".","4","1"]},{"ovNo":17,"ovBalls":[".","6","6","1","4"]}]}],"currentState":{"phase":"C","facingBatsman":14,"nonFacingBatsman":1,"currentInningsIndex":1,"currentPartnership":32,"currentBowler":412,"currentBatsmen":[14,1],"recentOvers":[{"ovNo":12,"ovBalls":[".","6",".",".","4","1"]},{"ovNo":13,"ovBalls":[".","1","2","1",".","1"]},{"ovNo":14,"ovBalls":["2","1Wd","2","W",".",".","."]},{"ovNo":15,"ovBalls":["1","1","1","4","2","."]},{"ovNo":16,"ovBalls":["1",".",".",".","4","1"]},{"ovNo":17,"ovBalls":[".","6","6","1","4"]}]}}