{"fragment":7,"updateTime":1428947182000,"matchId":{"id":3233,"name":"ipl2015-08 - RCB vs. SRH","matchIdName":"ipl2015-08"},"commentaries":[{"innings":2,"over":10,"overRuns":5,"overWickets":1,"inningsRuns":95,"inningsWickets":2,"inningsAllOut":false,"team":{"id":62,"fullName":"Sunrisers Hyderabad","shortName":"Sunrisers","abbreviation":"SRH","primaryColor":"FF9C00","secondaryColor":"FFFFFF","type":"m"},"batsmanSummaries":[{"batsman":{"id":1125,"fullName":"Lokesh Rahul","shortName":"L Rahul","nationality":"Indian","rightHandedBat":true,"dateOfBirth":703555200000,"names":["Lokesh Rahul","L Rahul"]},"runs":1,"balls":1,"fours":0,"sixes":0},{"batsman":{"id":41,"fullName":"Shikhar Dhawan","shortName":"S Dhawan","nationality":"Indian","rightHandedBat":false,"dateOfBirth":502588800000,"names":["Shikhar Dhawan","S Dhawan"]},"runs":27,"balls":23,"fours":4,"sixes":0}],"activeBatsman":1125,"bowlerSummary":{"bowler":{"id":111,"fullName":"Yuzvendra Chahal","shortName":"Y Chahal","nationality":"Indian","rightHandedBat":true,"dateOfBirth":1330300800000,"names":["Yuzvendra Chahal","Y Chahal"]},"overs":"2","runs":15,"wickets":2,"maidens":0},"inningsBalls":60,"inningsMaxBalls":120,"inningsTarget":167,"message":{"text":null},"tags":[],"timestamp":1428945432000,"id":1158327,"time":"17:17","updateTime":1428945432757,"sequence":300.0,"type":"Eov"},{"subtype":"EmbeddedTweet","tweetjson":{"created_at":"Mon Apr 13 17:16:24 +0000 2015","id":587665651533123585,"id_str":"587665651533123585","text":"Leg spinners and left-arm fast bowlers are the new rockstars of world cricket. Reignited the fire. I'm Loving It.","source":"<a href=\"http://twitter.com/download/iphone\" rel=\"nofollow\">Twitter for iPhone</a>","truncated":false,"in_reply_to_status_id":null,"in_reply_to_status_id_str":null,"in_reply_to_user_id":null,"in_reply_to_user_id_str":null,"in_reply_to_screen_name":null,"user":{"id":70663487,"id_str":"70663487","name":"Aakash Chopra","screen_name":"cricketaakash","location":"Just around the corner ","profile_location":null,"description":"Father, Author, Voracious Reader...and yes, a cricketer too :) Facebook: http://t.co/iPHU5nHPoq Instagram: http://t.co/RYFVvfvQBt","url":"http://t.co/NPiDbFsZiy","entities":{"url":{"urls":[{"url":"http://t.co/NPiDbFsZiy","expanded_url":"http://www.cricketaakash.com","display_url":"cricketaakash.com","indices":[0,22]}]},"description":{"urls":[{"url":"http://t.co/iPHU5nHPoq","expanded_url":"http://on.fb.me/1BWLysU","display_url":"on.fb.me/1BWLysU","indices":[73,95]},{"url":"http://t.co/RYFVvfvQBt","expanded_url":"http://bit.ly/1HpPl5G","display_url":"bit.ly/1HpPl5G","indices":[107,129]}]}},"protected":false,"followers_count":340091,"friends_count":77,"listed_count":1362,"created_at":"Tue Sep 01 12:08:21 +0000 2009","favourites_count":26,"utc_offset":19800,"time_zone":"New Delhi","geo_enabled":true,"verified":true,"statuses_count":37957,"lang":"en","contributors_enabled":false,"is_translator":false,"is_translation_enabled":false,"profile_background_color":"00452C","profile_background_image_url":"http://pbs.twimg.com/profile_background_images/728013442/80842f4a542f8d7ee2aaf18980afa78a.jpeg","profile_background_image_url_https":"https://pbs.twimg.com/profile_background_images/728013442/80842f4a542f8d7ee2aaf18980afa78a.jpeg","profile_background_tile":true,"profile_image_url":"http://pbs.twimg.com/profile_images/542356814784782336/MajTdhSO_normal.jpeg","profile_image_url_https":"https://pbs.twimg.com/profile_images/542356814784782336/MajTdhSO_normal.jpeg","profile_banner_url":"https://pbs.twimg.com/profile_banners/70663487/1408039675","profile_link_color":"FA743E","profile_sidebar_border_color":"000000","profile_sidebar_fill_color":"05A396","profile_text_color":"111414","profile_use_background_image":true,"default_profile":false,"default_profile_image":false,"following":false,"follow_request_sent":false,"notifications":false},"geo":null,"coordinates":null,"place":null,"contributors":null,"retweet_count":12,"favorite_count":4,"entities":{"hashtags":[],"symbols":[],"user_mentions":[],"urls":[]},"favorited":false,"retweeted":false,"lang":"en"},"message":{"text":"<blockquote class=\"twitter-tweet\" data-partner=\"tweetdeck\">\n<p>Leg spinners and left-arm fast bowlers are the new rockstars of world cricket. Reignited the fire. I'm Loving It.</p>\n&mdash; Aakash Chopra (@cricketaakash) <a href=\"https://twitter.com/cricketaakash/status/587665651533123585\">April 13, 2015</a></blockquote>\n<script charset=\"utf-8\" type=\"text/javascript\" src=\"http://platform.twitter.com/widgets.js\"></script>"},"tags":[],"timestamp":1428945470000,"id":1158328,"time":"17:17","updateTime":1428945470156,"sequence":301.0,"type":"Manual"},{"bbcode":"D Sammy to L Rahul. He picks up two","thisOver":"2","progress":{"innings":2,"over":11,"ball":1},"subtype":"BBCode","countingProgress":{"innings":2,"over":10,"ball":1},"bowlerId":589,"nonfacingBatsmanId":41,"facingBatsmanId":1125,"autoText":"D Sammy to L Rahul. He picks up two","message":{"text":null},"tags":[],"timestamp":1428945567000,"id":1158331,"time":"17:18","updateTime":1428945520755,"sequence":302.0,"type":"Auto"},{"bbcode":"D Sammy to L Rahul. He plays and misses","thisOver":"1","progress":{"innings":2,"over":11,"ball":2},"subtype":"BBCode","countingProgress":{"innings":2,"over":10,"ball":2},"bowlerId":589,"nonfacingBatsmanId":41,"facingBatsmanId":1125,"autoText":"D Sammy to L Rahul. He plays and misses","message":{"text":null},"tags":[],"timestamp":1428945641000,"id":1158333,"time":"17:19","updateTime":1428945560583,"sequence":303.0,"type":"Auto"},{"bbcode":"Close! RCB have built some pressure and Rahul chops back past his leg stump to the groans of AB's side","subtype":"BBCode","message":{"text":"<p>Close! RCB have built some pressure and Rahul chops back past his leg stump to the groans of AB's side</p>"},"tags":[],"timestamp":1428945600000,"id":1158334,"time":"17:19","updateTime":1428945568351,"sequence":304.0,"type":"Manual"},{"bbcode":"D Sammy to S Dhawan. He picks up a single","thisOver":"1","progress":{"innings":2,"over":11,"ball":3},"subtype":"BBCode","countingProgress":{"innings":2,"over":10,"ball":3},"bowlerId":589,"nonfacingBatsmanId":1125,"facingBatsmanId":41,"autoText":"D Sammy to S Dhawan. He picks up a single","message":{"text":null},"tags":[],"timestamp":1428945681000,"id":1158336,"time":"17:20","updateTime":1428945606085,"sequence":305.0,"type":"Auto"},{"bbcode":"D Sammy to L Rahul. He picks up a single","thisOver":"1","progress":{"innings":2,"over":11,"ball":4},"subtype":"BBCode","countingProgress":{"innings":2,"over":10,"ball":4},"bowlerId":589,"nonfacingBatsmanId":41,"facingBatsmanId":1125,"autoText":"D Sammy to L Rahul. He picks up a single","message":{"text":null},"tags":[],"timestamp":1428945743000,"id":1158338,"time":"17:21","updateTime":1428945664248,"sequence":306.0,"type":"Auto"},{"bbcode":"D Sammy to S Dhawan. He picks up a single","thisOver":"1","progress":{"innings":2,"over":11,"ball":5},"subtype":"BBCode","countingProgress":{"innings":2,"over":10,"ball":5},"bowlerId":589,"nonfacingBatsmanId":1125,"facingBatsmanId":41,"autoText":"D Sammy to S Dhawan. He picks up a single","message":{"text":null},"tags":[],"timestamp":1428945743000,"id":1158340,"time":"17:21","updateTime":1428945706702,"sequence":307.0,"type":"Auto"},{"bbcode":"D Sammy to L Rahul. He hits a nice boundary","thisOver":"4","progress":{"innings":2,"over":11,"ball":6},"subtype":"BBCode","countingProgress":{"innings":2,"over":10,"ball":6},"bowlerId":589,"nonfacingBatsmanId":41,"facingBatsmanId":1125,"autoText":"D Sammy to L Rahul. He hits a nice boundary","message":{"text":null},"tags":["four"],"timestamp":1428945794000,"id":1158343,"time":"17:22","updateTime":1428945752337,"sequence":308.0,"type":"Auto"},{"bbcode":"Four! Rahul showing his muscle with a firm strike through mid wicket. The Sunrisers are still in total control of this chase","subtype":"BBCode","message":{"text":"<p>Four! Rahul showing his muscle with a firm strike through mid wicket. The Sunrisers are still in total control of this chase</p>"},"tags":[],"timestamp":1428945817000,"id":1158346,"time":"17:22","updateTime":1428945768785,"sequence":308.5,"type":"Manual"},{"innings":2,"over":11,"overRuns":10,"overWickets":0,"inningsRuns":105,"inningsWickets":2,"inningsAllOut":false,"team":{"id":62,"fullName":"Sunrisers Hyderabad","shortName":"Sunrisers","abbreviation":"SRH","primaryColor":"FF9C00","secondaryColor":"FFFFFF","type":"m"},"batsmanSummaries":[{"batsman":{"id":1125,"fullName":"Lokesh Rahul","shortName":"L Rahul","nationality":"Indian","rightHandedBat":true,"dateOfBirth":703555200000,"names":["Lokesh Rahul","L Rahul"]},"runs":9,"balls":5,"fours":1,"sixes":0},{"batsman":{"id":41,"fullName":"Shikhar Dhawan","shortName":"S Dhawan","nationality":"Indian","rightHandedBat":false,"dateOfBirth":502588800000,"names":["Shikhar Dhawan","S Dhawan"]},"runs":29,"balls":25,"fours":4,"sixes":0}],"activeBatsman":41,"bowlerSummary":{"bowler":{"id":589,"fullName":"Darren Sammy","shortName":"D Sammy","nationality":"West Indian","rightHandedBat":true,"dateOfBirth":440726400000,"names":["Darren Sammy","D Sammy"]},"overs":"2","runs":18,"wickets":0,"maidens":0},"inningsBalls":66,"inningsMaxBalls":120,"inningsTarget":167,"message":{"text":null},"tags":[],"timestamp":1428945752000,"id":1158344,"time":"17:22","updateTime":1428945752520,"sequence":309.0,"type":"Eov"},{"subtype":"EmbeddedTweet","tweetjson":{"created_at":"Mon Apr 13 17:11:22 +0000 2015","id":587664385109143553,"id_str":"587664385109143553","text":"Hold it together my team @RCBTweets we can do this @IPL","source":"<a href=\"http://twitter.com/download/iphone\" rel=\"nofollow\">Twitter for iPhone</a>","truncated":false,"in_reply_to_status_id":null,"in_reply_to_status_id_str":null,"in_reply_to_user_id":null,"in_reply_to_user_id_str":null,"in_reply_to_screen_name":null,"user":{"id":389236090,"id_str":"389236090","name":"Yohan Blake","screen_name":"YohanBlake","location":"Jamaica W.I.","profile_location":null,"description":"The official twitter account for Yohan Blake.","url":"http://t.co/kfpXSIR7tw","entities":{"url":{"urls":[{"url":"http://t.co/kfpXSIR7tw","expanded_url":"http://www.ybafraid.com","display_url":"ybafraid.com","indices":[0,22]}]},"description":{"urls":[]}},"protected":false,"followers_count":304505,"friends_count":170,"listed_count":809,"created_at":"Wed Oct 12 02:33:38 +0000 2011","favourites_count":40,"utc_offset":-18000,"time_zone":"Central Time (US & Canada)","geo_enabled":true,"verified":true,"statuses_count":2204,"lang":"en","contributors_enabled":false,"is_translator":false,"is_translation_enabled":false,"profile_background_color":"C0DEED","profile_background_image_url":"http://abs.twimg.com/images/themes/theme1/bg.png","profile_background_image_url_https":"https://abs.twimg.com/images/themes/theme1/bg.png","profile_background_tile":false,"profile_image_url":"http://pbs.twimg.com/profile_images/566623112515432450/vHwBsl2s_normal.jpeg","profile_image_url_https":"https://pbs.twimg.com/profile_images/566623112515432450/vHwBsl2s_normal.jpeg","profile_banner_url":"https://pbs.twimg.com/profile_banners/389236090/1423928412","profile_link_color":"0084B4","profile_sidebar_border_color":"C0DEED","profile_sidebar_fill_color":"DDEEF6","profile_text_color":"333333","profile_use_background_image":true,"default_profile":true,"default_profile_image":false,"following":false,"follow_request_sent":false,"notifications":false},"geo":null,"coordinates":null,"place":null,"contributors":null,"retweet_count":32,"favorite_count":30,"entities":{"hashtags":[],"symbols":[],"user_mentions":[{"screen_name":"RCBTweets","name":"Royal Challengers ","id":70931004,"id_str":"70931004","indices":[25,35]},{"screen_name":"IPL","name":"IndianPremierLeague","id":15639696,"id_str":"15639696","indices":[51,55]}],"urls":[]},"favorited":false,"retweeted":false,"lang":"en"},"message":{"text":"<blockquote class=\"twitter-tweet\" lang=\"en\">\n<p>Hold it together my team <a href=\"https://twitter.com/RCBTweets\">@RCBTweets</a> we can do this <a href=\"https://twitter.com/IPL\">@IPL</a></p>\n&mdash; Yohan Blake (@YohanBlake) <a href=\"https://twitter.com/YohanBlake/status/587664385109143553\">April 13, 2015</a></blockquote>\n<script charset=\"utf-8\" type=\"text/javascript\" src=\"http://platform.twitter.com/widgets.js\"></script>"},"tags":[],"timestamp":1428945775000,"id":1158348,"time":"17:22","updateTime":1428945775996,"sequence":310.0,"type":"Manual"},{"bbcode":"Y Chahal to S Dhawan. He picks up a single","thisOver":"1","progress":{"innings":2,"over":12,"ball":1},"subtype":"BBCode","countingProgress":{"innings":2,"over":11,"ball":1},"bowlerId":111,"nonfacingBatsmanId":1125,"facingBatsmanId":41,"autoText":"Y Chahal to S Dhawan. He picks up a single","message":{"text":null},"tags":[],"timestamp":1428945866000,"id":1158350,"time":"17:23","updateTime":1428945822318,"sequence":311.0,"type":"Auto"},{"bbcode":"Y Chahal to L Rahul. He hits a nice boundary","thisOver":"4","progress":{"innings":2,"over":12,"ball":2},"subtype":"BBCode","countingProgress":{"innings":2,"over":11,"ball":2},"bowlerId":111,"nonfacingBatsmanId":41,"facingBatsmanId":1125,"autoText":"Y Chahal to L Rahul. He hits a nice boundary","message":{"text":null},"tags":["four"],"timestamp":1428945928000,"id":1158352,"time":"17:24","updateTime":1428945859065,"sequence":312.0,"type":"Auto"},{"bbcode":"Four! Great use of the feet and driven with class over the bowlers head","subtype":"BBCode","message":{"text":"<p>Four! Great use of the feet and driven with class over the bowlers head</p>"},"tags":[],"timestamp":1428945896000,"id":1158353,"time":"17:24","updateTime":1428945871928,"sequence":313.0,"type":"Manual"},{"bbcode":"Y Chahal to L Rahul, no run. He doesn't offer a shot","thisOver":".","progress":{"innings":2,"over":12,"ball":3},"subtype":"BBCode","countingProgress":{"innings":2,"over":11,"ball":3},"bowlerId":111,"nonfacingBatsmanId":41,"facingBatsmanId":1125,"autoText":"Y Chahal to L Rahul, no run. He doesn't offer a shot","message":{"text":null},"tags":[],"timestamp":1428945928000,"id":1158354,"time":"17:24","updateTime":1428945888604,"sequence":314.0,"type":"Auto"},{"bbcode":"Y Chahal to L Rahul. He picks up a single","thisOver":"1","progress":{"innings":2,"over":12,"ball":4},"subtype":"BBCode","countingProgress":{"innings":2,"over":11,"ball":4},"bowlerId":111,"nonfacingBatsmanId":41,"facingBatsmanId":1125,"autoText":"Y Chahal to L Rahul. He picks up a single","message":{"text":null},"tags":[],"timestamp":1428945981000,"id":1158356,"time":"17:25","updateTime":1428945908786,"sequence":315.0,"type":"Auto"},{"bbcode":"Y Chahal to S Dhawan. He picks up a single","thisOver":"1","progress":{"innings":2,"over":12,"ball":5},"subtype":"BBCode","countingProgress":{"innings":2,"over":11,"ball":5},"bowlerId":111,"nonfacingBatsmanId":1125,"facingBatsmanId":41,"autoText":"Y Chahal to S Dhawan. He picks up a single","message":{"text":null},"tags":[],"timestamp":1428945981000,"id":1158358,"time":"17:25","updateTime":1428945941520,"sequence":316.0,"type":"Auto"},{"bbcode":"Y Chahal to L Rahul. He picks up a single","thisOver":"1","progress":{"innings":2,"over":12,"ball":6},"subtype":"BBCode","countingProgress":{"innings":2,"over":11,"ball":6},"bowlerId":111,"nonfacingBatsmanId":41,"facingBatsmanId":1125,"autoText":"Y Chahal to L Rahul. He picks up a single","message":{"text":null},"tags":[],"timestamp":1428946041000,"id":1158360,"time":"17:26","updateTime":1428945978522,"sequence":317.0,"type":"Auto"},{"bbcode":"Close! Rahul looks to leg but he gets a thick outside edge just past the bowler who made a dramatic diving effort","subtype":"BBCode","message":{"text":"<p>Close! Rahul looks to leg but he gets a thick outside edge just past the bowler who made a dramatic diving effort</p>"},"tags":[],"timestamp":1428946018000,"id":1158363,"time":"17:26","updateTime":1428946016034,"sequence":317.5,"type":"Manual"},{"innings":2,"over":12,"overRuns":8,"overWickets":0,"inningsRuns":113,"inningsWickets":2,"inningsAllOut":false,"team":{"id":62,"fullName":"Sunrisers Hyderabad","shortName":"Sunrisers","abbreviation":"SRH","primaryColor":"FF9C00","secondaryColor":"FFFFFF","type":"m"},"batsmanSummaries":[{"batsman":{"id":1125,"fullName":"Lokesh Rahul","shortName":"L Rahul","nationality":"Indian","rightHandedBat":true,"dateOfBirth":703555200000,"names":["Lokesh Rahul","L Rahul"]},"runs":15,"balls":9,"fours":2,"sixes":0},{"batsman":{"id":41,"fullName":"Shikhar Dhawan","shortName":"S Dhawan","nationality":"Indian","rightHandedBat":false,"dateOfBirth":502588800000,"names":["Shikhar Dhawan","S Dhawan"]},"runs":31,"balls":27,"fours":4,"sixes":0}],"activeBatsman":1125,"bowlerSummary":{"bowler":{"id":111,"fullName":"Yuzvendra Chahal","shortName":"Y Chahal","nationality":"Indian","rightHandedBat":true,"dateOfBirth":1330300800000,"names":["Yuzvendra Chahal","Y Chahal"]},"overs":"3","runs":23,"wickets":2,"maidens":0},"inningsBalls":72,"inningsMaxBalls":120,"inningsTarget":167,"message":{"text":null},"tags":[],"timestamp":1428945978000,"id":1158361,"time":"17:26","updateTime":1428945978684,"sequence":318.0,"type":"Eov"},{"bbcode":"V Aaron to L Rahul. He picks up a single","thisOver":"1","progress":{"innings":2,"over":13,"ball":1},"subtype":"BBCode","countingProgress":{"innings":2,"over":12,"ball":1},"bowlerId":61,"nonfacingBatsmanId":41,"facingBatsmanId":1125,"autoText":"V Aaron to L Rahul. He picks up a single","message":{"text":null},"tags":[],"timestamp":1428946113000,"id":1158367,"time":"17:27","updateTime":1428946058364,"sequence":319.0,"type":"Auto"},{"bbcode":"V Aaron to S Dhawan. He picks up a single","thisOver":"1","progress":{"innings":2,"over":13,"ball":2},"subtype":"BBCode","countingProgress":{"innings":2,"over":12,"ball":2},"bowlerId":61,"nonfacingBatsmanId":1125,"facingBatsmanId":41,"autoText":"V Aaron to S Dhawan. He picks up a single","message":{"text":null},"tags":[],"timestamp":1428946163000,"id":1158369,"time":"17:28","updateTime":1428946110934,"sequence":320.0,"type":"Auto"},{"bbcode":"V Aaron to L Rahul, Wide delivery","thisOver":"1Wd","progress":{"innings":2,"over":13,"ball":3},"subtype":"BBCode","countingProgress":{"innings":2,"over":12,"ball":3},"bowlerId":61,"nonfacingBatsmanId":41,"facingBatsmanId":1125,"autoText":"V Aaron to L Rahul, Wide delivery","message":{"text":null},"tags":[],"timestamp":1428946150000,"id":1158370,"time":"17:29","updateTime":1428946150675,"sequence":321.0,"type":"Auto"},{"bbcode":"V Aaron to L Rahul. He plays and misses","thisOver":"1","progress":{"innings":2,"over":13,"ball":4},"subtype":"BBCode","countingProgress":{"innings":2,"over":12,"ball":3},"bowlerId":61,"nonfacingBatsmanId":41,"facingBatsmanId":1125,"autoText":"V Aaron to L Rahul. He plays and misses","message":{"text":null},"tags":[],"timestamp":1428946276000,"id":1158375,"time":"17:30","updateTime":1428946213227,"sequence":322.0,"type":"Auto"},{"bbcode":"V Aaron to S Dhawan, no run. He doesn't offer a shot","thisOver":".","progress":{"innings":2,"over":13,"ball":5},"subtype":"BBCode","countingProgress":{"innings":2,"over":12,"ball":4},"bowlerId":61,"nonfacingBatsmanId":1125,"facingBatsmanId":41,"autoText":"V Aaron to S Dhawan, no run. He doesn't offer a shot","message":{"text":null},"tags":[],"timestamp":1428946338000,"id":1158379,"time":"17:30","updateTime":1428946253662,"sequence":323.0,"type":"Auto"},{"bbcode":"V Aaron to S Dhawan. He picks up a single","thisOver":"1","progress":{"innings":2,"over":13,"ball":6},"subtype":"BBCode","countingProgress":{"innings":2,"over":12,"ball":5},"bowlerId":61,"nonfacingBatsmanId":1125,"facingBatsmanId":41,"autoText":"V Aaron to S Dhawan. He picks up a single","message":{"text":null},"tags":[],"timestamp":1428946338000,"id":1158381,"time":"17:31","updateTime":1428946298601,"sequence":324.0,"type":"Auto"},{"bbcode":"V Aaron to L Rahul. He picks up a single","thisOver":"1","progress":{"innings":2,"over":13,"ball":7},"subtype":"BBCode","countingProgress":{"innings":2,"over":12,"ball":6},"bowlerId":61,"nonfacingBatsmanId":41,"facingBatsmanId":1125,"autoText":"V Aaron to L Rahul. He picks up a single","message":{"text":null},"tags":[],"timestamp":1428946410000,"id":1158383,"time":"17:32","updateTime":1428946341204,"sequence":325.0,"type":"Auto"},{"innings":2,"over":13,"overRuns":6,"overWickets":0,"inningsRuns":119,"inningsWickets":2,"inningsAllOut":false,"team":{"id":62,"fullName":"Sunrisers Hyderabad","shortName":"Sunrisers","abbreviation":"SRH","primaryColor":"FF9C00","secondaryColor":"FFFFFF","type":"m"},"batsmanSummaries":[{"batsman":{"id":1125,"fullName":"Lokesh Rahul","shortName":"L Rahul","nationality":"Indian","rightHandedBat":true,"dateOfBirth":703555200000,"names":["Lokesh Rahul","L Rahul"]},"runs":18,"balls":12,"fours":2,"sixes":0},{"batsman":{"id":41,"fullName":"Shikhar Dhawan","shortName":"S Dhawan","nationality":"Indian","rightHandedBat":false,"dateOfBirth":502588800000,"names":["Shikhar Dhawan","S Dhawan"]},"runs":33,"balls":30,"fours":4,"sixes":0}],"activeBatsman":1125,"bowlerSummary":{"bowler":{"id":61,"fullName":"Varun Aaron","shortName":"V Aaron","nationality":"Indian","rightHandedBat":false,"dateOfBirth":625622400000,"names":["Varun Aaron","V Aaron"]},"overs":"3","runs":26,"wickets":0,"maidens":0},"inningsBalls":78,"inningsMaxBalls":120,"inningsTarget":167,"message":{"text":null},"tags":[],"timestamp":1428946341000,"id":1158384,"time":"17:32","updateTime":1428946341382,"sequence":326.0,"type":"Eov"},{"bbcode":"The Sunrisers are cruising at the moment but if RCB grab another cluster of wickets then this game could easy turn in a different direction. On comes Sean Abbott...","subtype":"BBCode","message":{"text":"<p>The Sunrisers are cruising at the moment but if RCB grab another cluster of wickets then this game could easy turn in a different direction. On comes Sean Abbott...</p>"},"tags":[],"timestamp":1428946445000,"id":1158389,"time":"17:34","updateTime":1428946442964,"sequence":326.5,"type":"Manual"},{"mediaId":"4170550699001","endpointUrlHq1":"http://brightcove.vo.llnwd.net/v1/uds/pd/3588749423001/201504/526/3588749423001_4170593115001_SRH-3RD-SIX.mp4","endpointUrlHq2":"http://brightcove.vo.llnwd.net/v1/uds/pd/3588749423001/201504/2306/3588749423001_4170591529001_SRH-3RD-SIX.mp4","endpointUrlAlt":"http://c.brightcove.com/services/mobile/streaming/index/rendition.m3u8?assetId=4170593138001","title":"M8: RCB vs SRH – David Warner Six","largeThumbnail":"http://brightcove.vo.llnwd.net/v1/unsecured/media/3588749423001/201504/1526/3588749423001_4170593116001_vs-552bf849e4b05aa425d5513e-672293880001.jpg?pubId=3588749423001","duration":26960,"endpointUrl":"http://brightcove.vo.llnwd.net/v1/uds/pd/3588749423001/201504/2042/3588749423001_4170594870001_SRH-3RD-SIX.mp4","smallThumbnail":"http://brightcove.vo.llnwd.net/v1/unsecured/media/3588749423001/201504/2526/3588749423001_4170593117001_th-552bf849e4b05aa425d5513e-672293880001.jpg?pubId=3588749423001","description":null,"endpointUrlMq":"http://brightcove.vo.llnwd.net/v1/uds/pd/3588749423001/201504/2458/3588749423001_4170590338001_SRH-3RD-SIX.mp4","endpointUrlHq3":"http://brightcove.vo.llnwd.net/v1/uds/pd/3588749423001/201504/1306/3588749423001_4170591530001_SRH-3RD-SIX.mp4","publishDate":1428944961886,"message":{"text":null},"tags":["over 6","account:iplt20","2015","ipl2015","six","IPL 2015","srh","ipl2015-08","innings 2","ball 3","match:ipl2015-08","playerid 170","channel:ipl-match-centre","rcb"],"timestamp":1428946885000,"id":1158415,"time":"17:40","updateTime":1428946801175,"sequence":326.75,"type":"Video"},{"mediaId":"4170550700001","endpointUrlHq1":"http://brightcove.vo.llnwd.net/v1/uds/pd/3588749423001/201504/2954/3588749423001_4170595972001_SRH-4TH-SIX.mp4","endpointUrlHq2":"http://brightcove.vo.llnwd.net/v1/uds/pd/3588749423001/201504/954/3588749423001_4170595990001_SRH-4TH-SIX.mp4","endpointUrlAlt":"http://c.brightcove.com/services/mobile/streaming/index/rendition.m3u8?assetId=4170593157001","title":"M8: RCB vs SRH – David Warner Six","largeThumbnail":"http://brightcove.vo.llnwd.net/v1/unsecured/media/3588749423001/201504/3130/3588749423001_4170487246001_video-still-for-video-4170550700001.jpg?pubId=3588749423001","duration":29606,"endpointUrl":"http://brightcove.vo.llnwd.net/v1/uds/pd/3588749423001/201504/2262/3588749423001_4170597980001_SRH-4TH-SIX.mp4","smallThumbnail":"http://brightcove.vo.llnwd.net/v1/unsecured/media/3588749423001/201504/130/3588749423001_4170487245001_thumbnail-for-video-4170550700001.jpg?pubId=3588749423001","description":null,"endpointUrlMq":"http://brightcove.vo.llnwd.net/v1/uds/pd/3588749423001/201504/526/3588749423001_4170593139001_SRH-4TH-SIX.mp4","endpointUrlHq3":"http://brightcove.vo.llnwd.net/v1/uds/pd/3588749423001/201504/342/3588749423001_4170596012001_SRH-4TH-SIX.mp4","publishDate":1428945000484,"message":{"text":null},"tags":["account:iplt20","2015","over 8","ipl2015","six","IPL 2015","srh","ipl2015-08","innings 2","ball 2","match:ipl2015-08","playerid 170","channel:ipl-match-centre","rcb"],"timestamp":1428946896000,"id":1158416,"time":"17:40","updateTime":1428946801230,"sequence":326.875,"type":"Video"},{"bbcode":"S Abbott to L Rahul, no run. He doesn't offer a shot","thisOver":".","progress":{"innings":2,"over":14,"ball":1},"subtype":"BBCode","countingProgress":{"innings":2,"over":13,"ball":1},"bowlerId":942,"nonfacingBatsmanId":41,"facingBatsmanId":1125,"autoText":"S Abbott to L Rahul, no run. He doesn't offer a shot","message":{"text":null},"tags":[],"timestamp":1428946471000,"id":1158387,"time":"17:33","updateTime":1428946425145,"sequence":327.0,"type":"Auto"},{"bbcode":"S Abbott to L Rahul, Wide delivery","thisOver":"1Wd","progress":{"innings":2,"over":14,"ball":2},"subtype":"BBCode","countingProgress":{"innings":2,"over":13,"ball":2},"bowlerId":942,"nonfacingBatsmanId":41,"facingBatsmanId":1125,"autoText":"S Abbott to L Rahul, Wide delivery","message":{"text":null},"tags":[],"timestamp":1428946452000,"id":1158391,"time":"17:34","updateTime":1428946452303,"sequence":328.0,"type":"Auto"},{"bbcode":"S Abbott to L Rahul, Wide delivery","thisOver":"1Wd","progress":{"innings":2,"over":14,"ball":3},"subtype":"BBCode","countingProgress":{"innings":2,"over":13,"ball":2},"bowlerId":942,"nonfacingBatsmanId":41,"facingBatsmanId":1125,"autoText":"S Abbott to L Rahul, Wide delivery","message":{"text":null},"tags":[],"timestamp":1428946483000,"id":1158393,"time":"17:34","updateTime":1428946483447,"sequence":329.0,"type":"Auto"},{"bbcode":"S Abbott to L Rahul. He picks up a single","thisOver":"1","progress":{"innings":2,"over":14,"ball":4},"subtype":"BBCode","countingProgress":{"innings":2,"over":13,"ball":2},"bowlerId":942,"nonfacingBatsmanId":41,"facingBatsmanId":1125,"autoText":"S Abbott to L Rahul. He picks up a single","message":{"text":null},"tags":[],"timestamp":1428946583000,"id":1158396,"time":"17:35","updateTime":1428946519445,"sequence":330.0,"type":"Auto"},{"bbcode":"S Abbott to S Dhawan, no run. He doesn't offer a shot","thisOver":".","progress":{"innings":2,"over":14,"ball":5},"subtype":"BBCode","countingProgress":{"innings":2,"over":13,"ball":3},"bowlerId":942,"nonfacingBatsmanId":1125,"facingBatsmanId":41,"autoText":"S Abbott to S Dhawan, no run. He doesn't offer a shot","message":{"text":null},"tags":[],"timestamp":1428946645000,"id":1158397,"time":"17:35","updateTime":1428946556324,"sequence":331.0,"type":"Auto"},{"bbcode":"S Abbott to S Dhawan. He picks up a single","thisOver":"1","progress":{"innings":2,"over":14,"ball":6},"subtype":"BBCode","countingProgress":{"innings":2,"over":13,"ball":4},"bowlerId":942,"nonfacingBatsmanId":1125,"facingBatsmanId":41,"autoText":"S Abbott to S Dhawan. He picks up a single","message":{"text":null},"tags":[],"timestamp":1428946645000,"id":1158401,"time":"17:36","updateTime":1428946598499,"sequence":332.0,"type":"Auto"},{"bbcode":"S Abbott to L Rahul. He picks up a single","thisOver":"1","progress":{"innings":2,"over":14,"ball":7},"subtype":"BBCode","countingProgress":{"innings":2,"over":13,"ball":5},"bowlerId":942,"nonfacingBatsmanId":41,"facingBatsmanId":1125,"autoText":"S Abbott to L Rahul. He picks up a single","message":{"text":null},"tags":[],"timestamp":1428946696000,"id":1158404,"time":"17:37","updateTime":1428946634179,"sequence":333.0,"type":"Auto"},{"bbcode":"S Abbott to S Dhawan, no run. He doesn't offer a shot","thisOver":".","progress":{"innings":2,"over":14,"ball":8},"subtype":"BBCode","countingProgress":{"innings":2,"over":13,"ball":6},"bowlerId":942,"nonfacingBatsmanId":1125,"facingBatsmanId":41,"autoText":"S Abbott to S Dhawan, no run. He doesn't offer a shot","message":{"text":null},"tags":[],"timestamp":1428946696000,"id":1158407,"time":"17:37","updateTime":1428946667042,"sequence":334.0,"type":"Auto"},{"innings":2,"over":14,"overRuns":5,"overWickets":0,"inningsRuns":124,"inningsWickets":2,"inningsAllOut":false,"team":{"id":62,"fullName":"Sunrisers Hyderabad","shortName":"Sunrisers","abbreviation":"SRH","primaryColor":"FF9C00","secondaryColor":"FFFFFF","type":"m"},"batsmanSummaries":[{"batsman":{"id":41,"fullName":"Shikhar Dhawan","shortName":"S Dhawan","nationality":"Indian","rightHandedBat":false,"dateOfBirth":502588800000,"names":["Shikhar Dhawan","S Dhawan"]},"runs":34,"balls":33,"fours":4,"sixes":0},{"batsman":{"id":1125,"fullName":"Lokesh Rahul","shortName":"L Rahul","nationality":"Indian","rightHandedBat":true,"dateOfBirth":703555200000,"names":["Lokesh Rahul","L Rahul"]},"runs":20,"balls":15,"fours":2,"sixes":0}],"activeBatsman":1125,"bowlerSummary":{"bowler":{"id":942,"fullName":"Sean Abbott","shortName":"S Abbott","nationality":"Australian","rightHandedBat":true,"dateOfBirth":699321600000,"names":["Sean Abbott","S Abbott"]},"overs":"2","runs":21,"wickets":0,"maidens":0},"inningsBalls":84,"inningsMaxBalls":120,"inningsTarget":167,"message":{"text":null},"tags":[],"timestamp":1428946667000,"id":1158408,"time":"17:37","updateTime":1428946667195,"sequence":335.0,"type":"Eov"},{"bbcode":"The players take a final Timeout and you would expect when they return SHR will look to hit the rope to take an even firmer grip of this match. RCB need a special bowling performance, but who will it come from?","subtype":"BBCode","message":{"text":"<p>The players take a final Timeout and you would expect when they return SHR will look to hit the rope to take an even firmer grip of this match. RCB need a special bowling performance, but who will it come from?</p>"},"tags":[],"timestamp":1428946781000,"id":1158414,"time":"17:39","updateTime":1428946781325,"sequence":336.0,"type":"Manual"},{"mediaId":"4170550704001","endpointUrlHq1":"http://brightcove.vo.llnwd.net/v1/uds/pd/3588749423001/201504/2886/3588749423001_4170600654001_SRH-1ST-WKT.mp4","endpointUrlHq2":"http://brightcove.vo.llnwd.net/v1/uds/pd/3588749423001/201504/3198/3588749423001_4170606109001_SRH-1ST-WKT.mp4","endpointUrlAlt":"http://c.brightcove.com/services/mobile/streaming/index/rendition.m3u8?assetId=4170606066001","title":"M8: RCB vs SRH – David Warner Wicket","largeThumbnail":"http://brightcove.vo.llnwd.net/v1/unsecured/media/3588749423001/201504/2914/3588749423001_4170611385001_video-still-for-video-4170550704001.jpg?pubId=3588749423001","duration":28097,"endpointUrl":"http://brightcove.vo.llnwd.net/v1/uds/pd/3588749423001/201504/2694/3588749423001_4170608670001_SRH-1ST-WKT.mp4","smallThumbnail":"http://brightcove.vo.llnwd.net/v1/unsecured/media/3588749423001/201504/3914/3588749423001_4170611384001_thumbnail-for-video-4170550704001.jpg?pubId=3588749423001","description":null,"endpointUrlMq":"http://brightcove.vo.llnwd.net/v1/uds/pd/3588749423001/201504/1886/3588749423001_4170600665001_SRH-1ST-WKT.mp4","endpointUrlHq3":"http://brightcove.vo.llnwd.net/v1/uds/pd/3588749423001/201504/3170/3588749423001_4170611105001_SRH-1ST-WKT.mp4","publishDate":1428945338925,"message":{"text":null},"tags":["account:iplt20","2015","over 8","ipl2015","IPL 2015","ipl2015-08","srh","innings 2","match:ipl2015-08","wicket","ball 5","playerid 170","channel:ipl-match-centre","rcb"],"timestamp":1428946801000,"id":1158417,"time":"17:40","updateTime":1428946801313,"sequence":339.0,"type":"Video"},{"mediaId":"4170550714001","endpointUrlHq1":"http://brightcove.vo.llnwd.net/v1/uds/pd/3588749423001/201504/598/3588749423001_4170612644001_SRH-2ND-WKT.mp4","endpointUrlHq2":"http://brightcove.vo.llnwd.net/v1/uds/pd/3588749423001/201504/3598/3588749423001_4170612643001_SRH-2ND-WKT.mp4","endpointUrlAlt":"http://c.brightcove.com/services/mobile/streaming/index/rendition.m3u8?assetId=4170612668001","title":"M8: RCB vs SRH – Kane Williamson Wicket","largeThumbnail":"http://brightcove.vo.llnwd.net/v1/unsecured/media/3588749423001/201504/2914/3588749423001_4170611389001_video-still-for-video-4170550714001.jpg?pubId=3588749423001","duration":28329,"endpointUrl":"http://brightcove.vo.llnwd.net/v1/uds/pd/3588749423001/201504/3502/3588749423001_4170616651001_SRH-2ND-WKT.mp4","smallThumbnail":"http://brightcove.vo.llnwd.net/v1/unsecured/media/3588749423001/201504/3914/3588749423001_4170611388001_thumbnail-for-video-4170550714001.jpg?pubId=3588749423001","description":null,"endpointUrlMq":"http://brightcove.vo.llnwd.net/v1/uds/pd/3588749423001/201504/698/3588749423001_4170612630001_SRH-2ND-WKT.mp4","endpointUrlHq3":"http://brightcove.vo.llnwd.net/v1/uds/pd/3588749423001/201504/598/3588749423001_4170612652001_SRH-2ND-WKT.mp4","publishDate":1428945672747,"message":{"text":null},"tags":["account:iplt20","2015","ipl2015","playerid 440","IPL 2015","ipl2015-08","srh","innings 2","match:ipl2015-08","wicket","ball 5","over 10","channel:ipl-match-centre","rcb"],"timestamp":1428946801000,"id":1158418,"time":"17:40","updateTime":1428946801378,"sequence":340.0,"type":"Video"},{"bbcode":"A Nechim to L Rahul. He picks up two","thisOver":"2","progress":{"innings":2,"over":15,"ball":1},"subtype":"BBCode","countingProgress":{"innings":2,"over":14,"ball":1},"bowlerId":98,"nonfacingBatsmanId":41,"facingBatsmanId":1125,"autoText":"A Nechim to L Rahul. He picks up two","message":{"text":null},"tags":[],"timestamp":1428946943000,"id":1158421,"time":"17:41","updateTime":1428946865895,"sequence":341.0,"type":"Auto"},{"bbcode":"A Nechim to L Rahul. He hits a nice boundary","thisOver":"4","progress":{"innings":2,"over":15,"ball":2},"subtype":"BBCode","countingProgress":{"innings":2,"over":14,"ball":2},"bowlerId":98,"nonfacingBatsmanId":41,"facingBatsmanId":1125,"autoText":"A Nechim to L Rahul. He hits a nice boundary","message":{"text":null},"tags":["four"],"timestamp":1428946943000,"id":1158431,"time":"17:41","updateTime":1428946900982,"sequence":342.0,"type":"Auto"},{"bbcode":"Four! Nechim bowls too short and KL Rahul flips the ball off his hip fine on the leg side","subtype":"BBCode","message":{"text":"<p>Four! Nechim bowls too short and KL Rahul flips the ball off his hip fine on the leg side</p>"},"tags":[],"timestamp":1428946950000,"id":1158432,"time":"17:41","updateTime":1428946912718,"sequence":343.0,"type":"Manual"},{"bbcode":"A Nechim to L Rahul, 1 leg bye","thisOver":"1Lb","progress":{"innings":2,"over":15,"ball":3},"subtype":"BBCode","countingProgress":{"innings":2,"over":14,"ball":3},"bowlerId":98,"nonfacingBatsmanId":41,"facingBatsmanId":1125,"autoText":"A Nechim to L Rahul, 1 leg bye","message":{"text":null},"tags":[],"timestamp":1428946942000,"id":1158434,"time":"17:42","updateTime":1428946942189,"sequence":344.0,"type":"Auto"},{"bbcode":"A Nechim to S Dhawan, no run. He doesn't offer a shot","thisOver":".","progress":{"innings":2,"over":15,"ball":4},"subtype":"BBCode","countingProgress":{"innings":2,"over":14,"ball":4},"bowlerId":98,"nonfacingBatsmanId":1125,"facingBatsmanId":41,"autoText":"A Nechim to S Dhawan, no run. He doesn't offer a shot","message":{"text":null},"tags":[],"timestamp":1428947006000,"id":1158438,"time":"17:42","updateTime":1428946973127,"sequence":345.0,"type":"Auto"},{"bbcode":"A Nechim to S Dhawan. He hits a great shot, that has gone all the way","thisOver":"6","progress":{"innings":2,"over":15,"ball":5},"subtype":"BBCode","countingProgress":{"innings":2,"over":14,"ball":5},"bowlerId":98,"nonfacingBatsmanId":1125,"facingBatsmanId":41,"autoText":"A Nechim to S Dhawan. He hits a great shot, that has gone all the way","message":{"text":null},"tags":["six"],"timestamp":1428947056000,"id":1158439,"time":"17:43","updateTime":1428947004781,"sequence":346.0,"type":"Auto"},{"bbcode":"[b]Six![/b] Dhawan moves to off and crashes a hook shot way back into the stands. Cue the music DJ!","subtype":"BBCode","message":{"text":"<p><strong>Six!</strong> Dhawan moves to off and crashes a hook shot way back into the stands. Cue the music DJ!</p>"},"tags":[],"timestamp":1428947072000,"id":1158440,"time":"17:43","updateTime":1428947013137,"sequence":347.0,"type":"Manual"},{"bbcode":"A Nechim to S Dhawan, no run. He doesn't offer a shot","thisOver":".","progress":{"innings":2,"over":15,"ball":6},"subtype":"BBCode","countingProgress":{"innings":2,"over":14,"ball":6},"bowlerId":98,"nonfacingBatsmanId":1125,"facingBatsmanId":41,"autoText":"A Nechim to S Dhawan, no run. He doesn't offer a shot","message":{"text":null},"tags":[],"timestamp":1428947129000,"id":1158441,"time":"17:44","updateTime":1428947060207,"sequence":348.0,"type":"Auto"},{"innings":2,"over":15,"overRuns":13,"overWickets":0,"inningsRuns":137,"inningsWickets":2,"inningsAllOut":false,"team":{"id":62,"fullName":"Sunrisers Hyderabad","shortName":"Sunrisers","abbreviation":"SRH","primaryColor":"FF9C00","secondaryColor":"FFFFFF","type":"m"},"batsmanSummaries":[{"batsman":{"id":41,"fullName":"Shikhar Dhawan","shortName":"S Dhawan","nationality":"Indian","rightHandedBat":false,"dateOfBirth":502588800000,"names":["Shikhar Dhawan","S Dhawan"]},"runs":40,"balls":36,"fours":4,"sixes":1},{"batsman":{"id":1125,"fullName":"Lokesh Rahul","shortName":"L Rahul","nationality":"Indian","rightHandedBat":true,"dateOfBirth":703555200000,"names":["Lokesh Rahul","L Rahul"]},"runs":26,"balls":18,"fours":3,"sixes":0}],"activeBatsman":1125,"bowlerSummary":{"bowler":{"id":98,"fullName":"Abu Nechim","shortName":"A Nechim","nationality":"Indian","rightHandedBat":true,"dateOfBirth":594691200000,"names":["Abu Nechim","A Nechim"]},"overs":"3","runs":21,"wickets":0,"maidens":0},"inningsBalls":90,"inningsMaxBalls":120,"inningsTarget":167,"message":{"text":null},"tags":[],"timestamp":1428947060000,"id":1158442,"time":"17:44","updateTime":1428947060339,"sequence":349.0,"type":"Eov"},{"bbcode":"Chahal has bowled exceptionally well and he is back on now with the ball","subtype":"BBCode","message":{"text":"<p>Chahal has bowled exceptionally well and he is back on now with the ball</p>"},"tags":[],"timestamp":1428947182000,"id":1158445,"time":"17:46","updateTime":1428947179487,"sequence":349.5,"type":"Manual"}]}