{"squadId":466,"totalVotes":3596,"players":[{"id":236,"voteCount":3509,"fullName":"Chris Gayle","shortName":"C Gayle"},{"id":164,"voteCount":3455,"fullName":"Virat Kohli","shortName":"V Kohli"},{"id":233,"voteCount":3424,"fullName":"AB de Villiers","shortName":"AB de Villiers"},{"id":102,"voteCount":2936,"fullName":"Dinesh Karthik","shortName":"D Karthik"},{"id":61,"voteCount":2913,"fullName":"Varun Aaron","shortName":"V Aaron"},{"id":589,"voteCount":2804,"fullName":"Darren Sammy","shortName":"D Sammy"},{"id":111,"voteCount":2755,"fullName":"Yuzvendra Chahal","shortName":"Y Chahal"},{"id":157,"voteCount":2525,"fullName":"Harshal Patel","shortName":"H Patel"},{"id":98,"voteCount":2177,"fullName":"Abu Nechim","shortName":"A Nechim"},{"id":72,"voteCount":1963,"fullName":"Mandeep Singh","shortName":"M Singh"},{"id":490,"voteCount":1630,"fullName":"Mitchell Starc","shortName":"M Starc"},{"id":942,"voteCount":1300,"fullName":"Sean Abbott","shortName":"S Abbott"},{"id":48,"voteCount":1189,"fullName":"Ashok Dinda","shortName":"A Dinda"},{"id":12,"voteCount":944,"fullName":"Subramaniam Badrinath","shortName":"S Badrinath"},{"id":90,"voteCount":801,"fullName":"Manvinder Bisla","shortName":"M Bisla"},{"id":85,"voteCount":685,"fullName":"Iqbal Abdulla","shortName":"I Abdulla"},{"id":278,"voteCount":479,"fullName":"Vijay Zol","shortName":"V Zol"},{"id":239,"voteCount":399,"fullName":"Rilee Rossouw","shortName":"R Rossouw"},{"id":1092,"voteCount":310,"fullName":"Sandeep Warrier","shortName":"S Warrier"},{"id":434,"voteCount":265,"fullName":"Adam Milne","shortName":"A Milne"},{"id":1750,"voteCount":258,"fullName":"Yogesh Takawale","shortName":"Y Takawale"},{"id":1564,"voteCount":247,"fullName":"Sarfaraz Khan","shortName":"S Khan"},{"id":1087,"voteCount":219,"fullName":"Jalaj Saxena","shortName":"J Saxena"},{"id":869,"voteCount":191,"fullName":"David Wiese","shortName":"D Wiese"},{"id":858,"voteCount":170,"fullName":"Nic Maddinson","shortName":"N Maddinson"},{"id":2748,"voteCount":92,"fullName":"Shishir Bhavane","shortName":"S Bhavane"}]}