{"squadId":467,"totalVotes":2205,"players":[{"id":170,"voteCount":2132,"fullName":"David Warner","shortName":"D Warner"},{"id":41,"voteCount":2102,"fullName":"Shikhar Dhawan","shortName":"S Dhawan"},{"id":52,"voteCount":2032,"fullName":"Naman Ojha","shortName":"N Ojha"},{"id":116,"voteCount":2003,"fullName":"Bhuvneshwar Kumar","shortName":"B Kumar"},{"id":1118,"voteCount":1784,"fullName":"Karn Sharma","shortName":"K Sharma"},{"id":969,"voteCount":1646,"fullName":"Trent Boult","shortName":"T Boult"},{"id":180,"voteCount":1636,"fullName":"Dale Steyn","shortName":"D Steyn"},{"id":1125,"voteCount":1514,"fullName":"Lokesh Rahul","shortName":"L Rahul"},{"id":440,"voteCount":1217,"fullName":"Kane Williamson","shortName":"K Williamson"},{"id":38,"voteCount":1177,"fullName":"Ishant Sharma","shortName":"I Sharma"},{"id":77,"voteCount":1112,"fullName":"Praveen Kumar","shortName":"P Kumar"},{"id":1093,"voteCount":1092,"fullName":"Parveez Rasool","shortName":"P Rasool"},{"id":374,"voteCount":948,"fullName":"Ravi Bopara","shortName":"R Bopara"},{"id":1117,"voteCount":592,"fullName":"Hanuma Vihari","shortName":"H Vihari"},{"id":34,"voteCount":478,"fullName":"Ashish Reddy","shortName":"AA Reddy"},{"id":197,"voteCount":475,"fullName":"Eoin Morgan","shortName":"E Morgan"},{"id":88,"voteCount":429,"fullName":"Laxmi Ratan Shukla","shortName":"L Ratan Shukla"},{"id":172,"voteCount":352,"fullName":"Kevin Pietersen","shortName":"K Pietersen"},{"id":1086,"voteCount":214,"fullName":"Siddarth Kaul","shortName":"S Kaul"},{"id":388,"voteCount":143,"fullName":"Moises Henriques","shortName":"M Henriques"},{"id":1555,"voteCount":130,"fullName":"Ricky Bhui","shortName":"R Bhui"},{"id":1751,"voteCount":89,"fullName":"Chama Milind","shortName":"C Milind"},{"id":1122,"voteCount":70,"fullName":"Prasanth Padmanabhan","shortName":"P Padmanabhan"}]}