{"fragment":7,"updateTime":1431178824000,"matchId":{"id":3269,"name":"ipl2015-44 - KKR vs. KXIP","matchIdName":"ipl2015-44"},"commentaries":[{"bbcode":"A Patel to Y Pathan, no run. He doesn't offer a shot","thisOver":".","progress":{"innings":2,"over":12,"ball":2},"speed":-1.0,"subtype":"BBCode","countingProgress":{"innings":2,"over":11,"ball":2},"bowlerId":1113,"nonfacingBatsmanId":177,"facingBatsmanId":96,"autoText":"A Patel to Y Pathan, no run. He doesn't offer a shot","message":{"text":null},"tags":[],"timestamp":1431177437000,"id":1191390,"time":"13:16","updateTime":1431177373675,"sequence":300.5,"type":"Auto"},{"bbcode":"A Patel to Y Pathan. He picks up a single","thisOver":"1","progress":{"innings":2,"over":12,"ball":3},"speed":-1.0,"subtype":"BBCode","countingProgress":{"innings":2,"over":11,"ball":3},"bowlerId":1113,"nonfacingBatsmanId":177,"facingBatsmanId":96,"autoText":"A Patel to Y Pathan. He picks up a single","message":{"text":null},"tags":[],"timestamp":1431177437000,"id":1191391,"time":"13:16","updateTime":1431177384851,"sequence":301.5,"type":"Auto"},{"bbcode":"A Patel to A Russell, no run, %SPEED% good length on off stump. He doesn't offer a shot","thisOver":".","progress":{"innings":2,"over":12,"ball":4},"speed":24.5811735372776,"subtype":"BBCode","countingProgress":{"innings":2,"over":11,"ball":4},"bowlerId":1113,"nonfacingBatsmanId":96,"facingBatsmanId":177,"autoText":"A Patel to A Russell, no run, %SPEED% good length on off stump. He doesn't offer a shot","message":{"text":null},"tags":[],"timestamp":1431177509000,"id":1191392,"time":"13:16","updateTime":1431177414198,"sequence":302.5,"type":"Auto"},{"bbcode":"A Patel to A Russell, no run, %SPEED% good length just outside off stump. He doesn't offer a shot","thisOver":".","progress":{"innings":2,"over":12,"ball":5},"speed":24.3987279039234,"subtype":"BBCode","countingProgress":{"innings":2,"over":11,"ball":5},"bowlerId":1113,"nonfacingBatsmanId":96,"facingBatsmanId":177,"autoText":"A Patel to A Russell, no run, %SPEED% good length just outside off stump. He doesn't offer a shot","message":{"text":null},"tags":[],"timestamp":1431177509000,"id":1191393,"time":"13:17","updateTime":1431177433525,"sequence":303.5,"type":"Auto"},{"bbcode":"[b]Danny Morrison: [/b][i]\"A few problems here for KKR.\"[/i]","subtype":"BBCode","message":{"text":"<p><strong>Danny Morrison:&nbsp;</strong><em>\"A few problems here for KKR.\"</em></p>"},"tags":[],"timestamp":1431177556000,"id":1191396,"time":"13:18","updateTime":1431177519603,"sequence":304.0,"type":"Manual"},{"bbcode":"A Patel to A Russell, %SPEED% good length just outside off stump. He picks up a single","thisOver":"1","progress":{"innings":2,"over":12,"ball":6},"speed":27.3364747064752,"subtype":"BBCode","countingProgress":{"innings":2,"over":11,"ball":6},"bowlerId":1113,"nonfacingBatsmanId":96,"facingBatsmanId":177,"autoText":"A Patel to A Russell, %SPEED% good length just outside off stump. He picks up a single","message":{"text":null},"tags":[],"timestamp":1431177509000,"id":1191394,"time":"13:17","updateTime":1431177453589,"sequence":304.5,"type":"Auto"},{"innings":2,"over":12,"overRuns":2,"overWickets":0,"inningsRuns":86,"inningsWickets":4,"inningsAllOut":false,"team":{"id":5,"fullName":"Kolkata Knight Riders","shortName":"Knight Riders","abbreviation":"KKR","primaryColor":"6F2C91","secondaryColor":"FFFFFF","type":"m"},"batsmanSummaries":[{"batsman":{"id":177,"fullName":"Andre Russell","shortName":"A Russell","nationality":"West Indian","rightHandedBat":false,"dateOfBirth":578275200000,"names":["Andre Russell","A Russell"]},"runs":1,"balls":4,"fours":0,"sixes":0},{"batsman":{"id":96,"fullName":"Yusuf Pathan","shortName":"Y Pathan","nationality":"Indian","rightHandedBat":false,"dateOfBirth":406339200000,"names":["Yusuf Pathan","Y Pathan"]},"runs":10,"balls":10,"fours":0,"sixes":1}],"activeBatsman":177,"bowlerSummary":{"bowler":{"id":1113,"fullName":"Axar Patel","shortName":"A Patel","nationality":"Indian","rightHandedBat":false,"dateOfBirth":759024000000,"names":["Axar Patel","A Patel"]},"overs":"2","runs":4,"wickets":0,"maidens":0},"inningsBalls":72,"inningsMaxBalls":120,"inningsTarget":184,"message":{"text":null},"tags":[],"timestamp":1431177453000,"id":1191395,"time":"13:17","updateTime":1431177453752,"sequence":305.5,"type":"Eov"},{"bbcode":"Anureet Singh is back for KXIP","subtype":"BBCode","message":{"text":"<p>Anureet Singh is back for KXIP</p>"},"tags":[],"timestamp":1431177573000,"id":1191399,"time":"13:19","updateTime":1431177571151,"sequence":306.0,"type":"Manual"},{"bbcode":"Anureet Singh to A Russell, %SPEED% good length just outside off stump. He plays and misses","thisOver":"4","progress":{"innings":2,"over":13,"ball":1},"speed":36.5244303507016,"subtype":"BBCode","countingProgress":{"innings":2,"over":12,"ball":1},"bowlerId":412,"nonfacingBatsmanId":96,"facingBatsmanId":177,"autoText":"Anureet Singh to A Russell, %SPEED% good length just outside off stump. He plays and misses","message":{"text":null},"tags":["four"],"timestamp":1431177613000,"id":1191398,"time":"13:19","updateTime":1431177566250,"sequence":306.5,"type":"Auto"},{"bbcode":"Four! Russell edges a straight drive fine on the off side and won't mind that at all","subtype":"BBCode","message":{"text":"<p>Four! Russell edges a straight drive fine on the off side and won't mind that at all</p>"},"tags":[],"timestamp":1431177598000,"id":1191401,"time":"13:19","updateTime":1431177578325,"sequence":307.5,"type":"Manual"},{"bbcode":"Anureet Singh to A Russell, %SPEED% full toss just outside off stump. He picks up a single","thisOver":"1","progress":{"innings":2,"over":13,"ball":2},"speed":35.0469378632097,"subtype":"BBCode","countingProgress":{"innings":2,"over":12,"ball":2},"bowlerId":412,"nonfacingBatsmanId":96,"facingBatsmanId":177,"autoText":"Anureet Singh to A Russell, %SPEED% full toss just outside off stump. He picks up a single","message":{"text":null},"tags":[],"timestamp":1431177621000,"id":1191402,"time":"13:19","updateTime":1431177594290,"sequence":308.5,"type":"Auto"},{"bbcode":"Anureet Singh to Y Pathan. He plays and misses","thisOver":"1","progress":{"innings":2,"over":13,"ball":3},"speed":-1.0,"subtype":"BBCode","countingProgress":{"innings":2,"over":12,"ball":3},"bowlerId":412,"nonfacingBatsmanId":177,"facingBatsmanId":96,"autoText":"Anureet Singh to Y Pathan. He plays and misses","message":{"text":null},"tags":[],"timestamp":1431177739000,"id":1191403,"time":"13:20","updateTime":1431177624530,"sequence":309.5,"type":"Auto"},{"bbcode":"Anureet Singh to A Russell, %SPEED% short length going down leg. He hits a nice boundary","thisOver":"4","progress":{"innings":2,"over":13,"ball":4},"speed":34.8681269557443,"subtype":"BBCode","countingProgress":{"innings":2,"over":12,"ball":4},"bowlerId":412,"nonfacingBatsmanId":96,"facingBatsmanId":177,"autoText":"Anureet Singh to A Russell, %SPEED% short length going down leg. He hits a nice boundary","message":{"text":null},"tags":["four"],"timestamp":1431177747000,"id":1191404,"time":"13:21","updateTime":1431177676522,"sequence":310.5,"type":"Auto"},{"bbcode":"Four! Russell gets away with another lucky shot as he top edges a hook over short fine leg","subtype":"BBCode","message":{"text":"<p>Four! Russell gets away with another lucky shot as he top edges a hook over short fine leg</p>"},"tags":[],"timestamp":1431177696000,"id":1191405,"time":"13:21","updateTime":1431177696322,"sequence":311.5,"type":"Manual"},{"bbcode":"Anureet Singh to A Russell. He hits a great shot, that has gone all the way","thisOver":"6","progress":{"innings":2,"over":13,"ball":5},"subtype":"BBCode","countingProgress":{"innings":2,"over":12,"ball":5},"bowlerId":412,"nonfacingBatsmanId":96,"facingBatsmanId":177,"autoText":"Anureet Singh to A Russell. He hits a great shot, that has gone all the way","message":{"text":null},"tags":["six"],"timestamp":1431177747000,"id":1191406,"time":"13:21","updateTime":1431177704570,"sequence":312.5,"type":"Auto"},{"bbcode":"[b]Six![/b] Meaty strike from Russell this time! He fizzes this hook wide of mid on and flat","subtype":"BBCode","message":{"text":"<p><strong>Six!</strong> Meaty strike from Russell this time! He fizzes this hook wide of mid on and flat</p>"},"tags":[],"timestamp":1431177739000,"id":1191407,"time":"13:21","updateTime":1431177711846,"sequence":313.5,"type":"Manual"},{"bbcode":"Anureet Singh to A Russell, no run, %SPEED% full length just outside off stump. He doesn't offer a shot","thisOver":".","progress":{"innings":2,"over":13,"ball":6},"speed":36.3235434488645,"subtype":"BBCode","countingProgress":{"innings":2,"over":12,"ball":6},"bowlerId":412,"nonfacingBatsmanId":96,"facingBatsmanId":177,"autoText":"Anureet Singh to A Russell, no run, %SPEED% full length just outside off stump. He doesn't offer a shot","message":{"text":null},"tags":[],"timestamp":1431177798000,"id":1191408,"time":"13:22","updateTime":1431177764761,"sequence":314.5,"type":"Auto"},{"innings":2,"over":13,"overRuns":16,"overWickets":0,"inningsRuns":102,"inningsWickets":4,"inningsAllOut":false,"team":{"id":5,"fullName":"Kolkata Knight Riders","shortName":"Knight Riders","abbreviation":"KKR","primaryColor":"6F2C91","secondaryColor":"FFFFFF","type":"m"},"batsmanSummaries":[{"batsman":{"id":177,"fullName":"Andre Russell","shortName":"A Russell","nationality":"West Indian","rightHandedBat":false,"dateOfBirth":578275200000,"names":["Andre Russell","A Russell"]},"runs":16,"balls":9,"fours":2,"sixes":1},{"batsman":{"id":96,"fullName":"Yusuf Pathan","shortName":"Y Pathan","nationality":"Indian","rightHandedBat":false,"dateOfBirth":406339200000,"names":["Yusuf Pathan","Y Pathan"]},"runs":11,"balls":11,"fours":0,"sixes":1}],"activeBatsman":96,"bowlerSummary":{"bowler":{"id":412,"fullName":"Anureet Singh","shortName":"Anureet Singh","nationality":"Indian","rightHandedBat":true,"dateOfBirth":383529600000,"names":["Anureet Singh","Anureet Singh"]},"overs":"2","runs":31,"wickets":1,"maidens":0},"inningsBalls":78,"inningsMaxBalls":120,"inningsTarget":184,"message":{"text":null},"tags":[],"timestamp":1431177764000,"id":1191409,"time":"13:22","updateTime":1431177764909,"sequence":315.5,"type":"Eov"},{"mediaId":"4226955285001","endpointUrlHq1":"http://brightcove.vo.llnwd.net/v1/uds/pd/3588749423001/201505/2465/3588749423001_4227025711001_MATCH-44-KKR-1ST-SIX.mp4","endpointUrlHq2":"http://brightcove.vo.llnwd.net/v1/uds/pd/3588749423001/201505/1465/3588749423001_4227025710001_MATCH-44-KKR-1ST-SIX.mp4","endpointUrlAlt":"http://c.brightcove.com/services/mobile/streaming/index/rendition.m3u8?assetId=4227013901001","title":"M44: KKR vs KXIP – Yusuf Pathan Six","largeThumbnail":"http://brightcove.vo.llnwd.net/v1/unsecured/media/3588749423001/201505/3545/3588749423001_4226966410001_video-still-for-video-4226955285001.jpg?pubId=3588749423001","duration":26123,"endpointUrl":"http://brightcove.vo.llnwd.net/v1/uds/pd/3588749423001/201505/3465/3588749423001_4227025712001_MATCH-44-KKR-1ST-SIX.mp4","smallThumbnail":"http://brightcove.vo.llnwd.net/v1/unsecured/media/3588749423001/201505/2545/3588749423001_4226966409001_thumbnail-for-video-4226955285001.jpg?pubId=3588749423001","description":null,"endpointUrlMq":"http://brightcove.vo.llnwd.net/v1/uds/pd/3588749423001/201505/3351/3588749423001_4227013900001_MATCH-44-KKR-1ST-SIX.mp4","endpointUrlHq3":"http://brightcove.vo.llnwd.net/v1/uds/pd/3588749423001/201505/465/3588749423001_4227025709001_MATCH-44-KKR-1ST-SIX.mp4","publishDate":1431177312842,"message":{"text":null},"tags":["account:iplt20","kkr","2015","ipl2015","six","playerid 96","IPL 2015","match:ipl2015-44","innings 2","ipl2015-44","kxip","ball 1","over 11","channel:ipl-match-centre"],"timestamp":1431177867000,"id":1191413,"time":"13:24","updateTime":1431177848093,"sequence":316.0,"type":"Video"},{"mediaId":"4226955286001","endpointUrlHq1":"http://brightcove.vo.llnwd.net/v1/uds/pd/3588749423001/201505/993/3588749423001_4227048791001_MATCH-44-KKR-4TH-WKT.mp4","endpointUrlHq2":"http://brightcove.vo.llnwd.net/v1/uds/pd/3588749423001/201505/1711/3588749423001_4227047325001_MATCH-44-KKR-4TH-WKT.mp4","endpointUrlAlt":"http://c.brightcove.com/services/mobile/streaming/index/rendition.m3u8?assetId=4227048774001","title":"M44: KKR vs KXIP – Suryakumar Yadav Wicket","largeThumbnail":"http://brightcove.vo.llnwd.net/v1/unsecured/media/3588749423001/201505/2545/3588749423001_4226966413001_video-still-for-video-4226955286001.jpg?pubId=3588749423001","duration":27214,"endpointUrl":"http://brightcove.vo.llnwd.net/v1/uds/pd/3588749423001/201505/3711/3588749423001_4227047323001_MATCH-44-KKR-4TH-WKT.mp4","smallThumbnail":"http://brightcove.vo.llnwd.net/v1/unsecured/media/3588749423001/201505/1545/3588749423001_4226966412001_thumbnail-for-video-4226955286001.jpg?pubId=3588749423001","description":null,"endpointUrlMq":"http://brightcove.vo.llnwd.net/v1/uds/pd/3588749423001/201505/2785/3588749423001_4227050623001_MATCH-44-KKR-4TH-WKT.mp4","endpointUrlHq3":"http://brightcove.vo.llnwd.net/v1/uds/pd/3588749423001/201505/2945/3588749423001_4227013903001_MATCH-44-KKR-4TH-WKT.mp4","publishDate":1431177417133,"message":{"text":null},"tags":["account:iplt20","playerid 108","kkr","2015","ipl2015","IPL 2015","match:ipl2015-44","innings 2","ipl2015-44","kxip","over 11","wicket","ball 5","channel:ipl-match-centre"],"timestamp":1431177870000,"id":1191414,"time":"13:24","updateTime":1431177848148,"sequence":316.25,"type":"Video"},{"bbcode":"A Patel to Y Pathan, %SPEED% good length just outside off stump. He hits a great shot, that has gone all the way","thisOver":"6","progress":{"innings":2,"over":14,"ball":1},"speed":25.6593652212785,"subtype":"BBCode","countingProgress":{"innings":2,"over":13,"ball":1},"bowlerId":1113,"nonfacingBatsmanId":177,"facingBatsmanId":96,"autoText":"A Patel to Y Pathan, %SPEED% good length just outside off stump. He hits a great shot, that has gone all the way","message":{"text":null},"tags":["six"],"timestamp":1431177851000,"id":1191410,"time":"13:23","updateTime":1431177815267,"sequence":316.5,"type":"Auto"},{"bbcode":"[b]Six![/b] Tossed up to Pathan and he strikes the ball better than anyone in his zone. That soars over the sights screen!","subtype":"BBCode","message":{"text":"<p><strong>Six!</strong> Tossed up to Pathan and he strikes the ball better than anyone in his zone. That soars over the sights screen!</p>"},"tags":[],"timestamp":1431177861000,"id":1191411,"time":"13:23","updateTime":1431177828576,"sequence":317.5,"type":"Manual"},{"bbcode":"A Patel to Y Pathan, no run, %SPEED% good length just outside off stump. He plays and misses","thisOver":".","progress":{"innings":2,"over":14,"ball":2},"speed":25.4936158840202,"subtype":"BBCode","countingProgress":{"innings":2,"over":13,"ball":2},"bowlerId":1113,"nonfacingBatsmanId":177,"facingBatsmanId":96,"autoText":"A Patel to Y Pathan, no run, %SPEED% good length just outside off stump. He plays and misses","message":{"text":null},"tags":[],"timestamp":1431177845000,"id":1191412,"time":"13:24","updateTime":1431177845140,"sequence":318.5,"type":"Auto"},{"bbcode":"A Patel to Y Pathan, %SPEED% good length outside off stump. He hits a great shot, that has gone all the way","thisOver":"6","progress":{"innings":2,"over":14,"ball":3},"speed":25.6604003364929,"subtype":"BBCode","countingProgress":{"innings":2,"over":13,"ball":3},"bowlerId":1113,"nonfacingBatsmanId":177,"facingBatsmanId":96,"autoText":"A Patel to Y Pathan, %SPEED% good length outside off stump. He hits a great shot, that has gone all the way","message":{"text":null},"tags":["six"],"timestamp":1431177923000,"id":1191415,"time":"13:24","updateTime":1431177855557,"sequence":321.5,"type":"Auto"},{"bbcode":"[b]Six![/b] Looped up again and Pathan helps himself to a monster drive again","subtype":"BBCode","message":{"text":"<p><strong>Six!</strong> Looped up again and Pathan helps himself to a monster drive again</p>"},"tags":[],"timestamp":1431177905000,"id":1191419,"time":"13:24","updateTime":1431177874566,"sequence":322.5,"type":"Manual"},{"bbcode":"A Patel to Y Pathan, %SPEED% good length just outside off stump. He picks up a single","thisOver":"1","progress":{"innings":2,"over":14,"ball":4},"speed":25.5431362991921,"subtype":"BBCode","countingProgress":{"innings":2,"over":13,"ball":4},"bowlerId":1113,"nonfacingBatsmanId":177,"facingBatsmanId":96,"autoText":"A Patel to Y Pathan, %SPEED% good length just outside off stump. He picks up a single","message":{"text":null},"tags":[],"timestamp":1431177986000,"id":1191420,"time":"13:24","updateTime":1431177895609,"sequence":323.5,"type":"Auto"},{"bbcode":"A Patel to A Russell, %SPEED% good length on off stump. He hits a great shot, that has gone all the way","thisOver":"6","progress":{"innings":2,"over":14,"ball":5},"speed":25.1464168040051,"subtype":"BBCode","countingProgress":{"innings":2,"over":13,"ball":5},"bowlerId":1113,"nonfacingBatsmanId":96,"facingBatsmanId":177,"autoText":"A Patel to A Russell, %SPEED% good length on off stump. He hits a great shot, that has gone all the way","message":{"text":null},"tags":["six"],"timestamp":1431177986000,"id":1191421,"time":"13:25","updateTime":1431177915806,"sequence":324.5,"type":"Auto"},{"bbcode":"[b]Six![/b] Russell has his turn! Another cracker jack straight drive from KKR's batsmen","subtype":"BBCode","message":{"text":"<p><strong>Six!</strong> Russell has his turn! Another cracker jack straight drive from KKR's batsmen</p>"},"tags":[],"timestamp":1431177956000,"id":1191422,"time":"13:25","updateTime":1431177930848,"sequence":325.5,"type":"Manual"},{"bbcode":"A Patel to A Russell, Wide delivery","thisOver":"1Wd","progress":{"innings":2,"over":14,"ball":6},"speed":24.0636034241917,"subtype":"BBCode","countingProgress":{"innings":2,"over":13,"ball":6},"bowlerId":1113,"nonfacingBatsmanId":96,"facingBatsmanId":177,"autoText":"A Patel to A Russell, Wide delivery","message":{"text":null},"tags":[],"timestamp":1431177955000,"id":1191423,"time":"13:25","updateTime":1431177955607,"sequence":326.5,"type":"Auto"},{"bbcode":"[b]Damien Fleming: [/b][i]\"This match is alive!\"[/i]","subtype":"BBCode","message":{"text":"<p><strong>Damien Fleming:&nbsp;</strong><em>\"This match is alive!\"</em></p>"},"tags":[],"timestamp":1431178133000,"id":1191428,"time":"13:28","updateTime":1431178085563,"sequence":327.0,"type":"Manual"},{"bbcode":"A Patel to A Russell, %SPEED% full length outside off stump. He plays and misses","thisOver":"4","progress":{"innings":2,"over":14,"ball":7},"speed":28.5483366117261,"subtype":"BBCode","countingProgress":{"innings":2,"over":13,"ball":6},"bowlerId":1113,"nonfacingBatsmanId":96,"facingBatsmanId":177,"autoText":"A Patel to A Russell, %SPEED% full length outside off stump. He plays and misses","message":{"text":null},"tags":["four"],"timestamp":1431178101000,"id":1191424,"time":"13:27","updateTime":1431178025561,"sequence":327.5,"type":"Auto"},{"bbcode":"Four! Huge over finished with a slice past short third man. Oh to be a bowler!","subtype":"BBCode","message":{"text":"<p>Four! Huge over finished with a slice past short third man. Oh to be a bowler!</p>"},"tags":[],"timestamp":1431178068000,"id":1191426,"time":"13:27","updateTime":1431178042539,"sequence":328.0,"type":"Manual"},{"innings":2,"over":14,"overRuns":24,"overWickets":0,"inningsRuns":126,"inningsWickets":4,"inningsAllOut":false,"team":{"id":5,"fullName":"Kolkata Knight Riders","shortName":"Knight Riders","abbreviation":"KKR","primaryColor":"6F2C91","secondaryColor":"FFFFFF","type":"m"},"batsmanSummaries":[{"batsman":{"id":177,"fullName":"Andre Russell","shortName":"A Russell","nationality":"West Indian","rightHandedBat":false,"dateOfBirth":578275200000,"names":["Andre Russell","A Russell"]},"runs":26,"balls":11,"fours":3,"sixes":2},{"batsman":{"id":96,"fullName":"Yusuf Pathan","shortName":"Y Pathan","nationality":"Indian","rightHandedBat":false,"dateOfBirth":406339200000,"names":["Yusuf Pathan","Y Pathan"]},"runs":24,"balls":15,"fours":0,"sixes":3}],"activeBatsman":96,"bowlerSummary":{"bowler":{"id":1113,"fullName":"Axar Patel","shortName":"A Patel","nationality":"Indian","rightHandedBat":false,"dateOfBirth":759024000000,"names":["Axar Patel","A Patel"]},"overs":"3","runs":28,"wickets":0,"maidens":0},"inningsBalls":84,"inningsMaxBalls":120,"inningsTarget":184,"message":{"text":null},"tags":[],"timestamp":1431178025000,"id":1191425,"time":"13:27","updateTime":1431178025702,"sequence":328.5,"type":"Eov"},{"bbcode":"Hendricks is back with his left armers to get the game under control for KXIP","subtype":"BBCode","message":{"text":"<p>Hendricks is back with his left armers to get the game under control for KXIP</p>"},"tags":[],"timestamp":1431178153000,"id":1191430,"time":"13:29","updateTime":1431178153549,"sequence":329.5,"type":"Manual"},{"bbcode":"B Hendricks to Y Pathan, %SPEED% short length outside off stump. He picks up a single","thisOver":"1","progress":{"innings":2,"over":15,"ball":1},"speed":39.387456802631,"subtype":"BBCode","countingProgress":{"innings":2,"over":14,"ball":1},"bowlerId":1752,"nonfacingBatsmanId":177,"facingBatsmanId":96,"autoText":"B Hendricks to Y Pathan, %SPEED% short length outside off stump. He picks up a single","message":{"text":null},"tags":[],"timestamp":1431178227000,"id":1191431,"time":"13:29","updateTime":1431178175795,"sequence":330.5,"type":"Auto"},{"bbcode":"B Hendricks to A Russell, %SPEED% short length outside off stump. He hits a nice boundary","thisOver":"4","progress":{"innings":2,"over":15,"ball":2},"speed":35.4192507574784,"subtype":"BBCode","countingProgress":{"innings":2,"over":14,"ball":2},"bowlerId":1752,"nonfacingBatsmanId":96,"facingBatsmanId":177,"autoText":"B Hendricks to A Russell, %SPEED% short length outside off stump. He hits a nice boundary","message":{"text":null},"tags":["four"],"timestamp":1431178280000,"id":1191432,"time":"13:30","updateTime":1431178206682,"sequence":331.5,"type":"Auto"},{"bbcode":"Four! Russell plays a smoking cut shot and it destroys the boundary cushions","subtype":"BBCode","message":{"text":"<p>Four! Russell plays a smoking cut shot and it destroys the boundary cushions</p>"},"tags":[],"timestamp":1431178249000,"id":1191433,"time":"13:30","updateTime":1431178225096,"sequence":332.5,"type":"Manual"},{"bbcode":"B Hendricks to A Russell, %SPEED% full length on leg stump. He plays and misses","thisOver":"1","progress":{"innings":2,"over":15,"ball":3},"speed":38.790030212159,"subtype":"BBCode","countingProgress":{"innings":2,"over":14,"ball":3},"bowlerId":1752,"nonfacingBatsmanId":96,"facingBatsmanId":177,"autoText":"B Hendricks to A Russell, %SPEED% full length on leg stump. He plays and misses","message":{"text":null},"tags":[],"timestamp":1431178280000,"id":1191434,"time":"13:30","updateTime":1431178246676,"sequence":333.5,"type":"Auto"},{"bbcode":"B Hendricks to Y Pathan, no run, %SPEED% short length on middle stump. He doesn't offer a shot","thisOver":".","progress":{"innings":2,"over":15,"ball":4},"speed":38.570727117264,"subtype":"BBCode","countingProgress":{"innings":2,"over":14,"ball":4},"bowlerId":1752,"nonfacingBatsmanId":177,"facingBatsmanId":96,"autoText":"B Hendricks to Y Pathan, no run, %SPEED% short length on middle stump. He doesn't offer a shot","message":{"text":null},"tags":[],"timestamp":1431178287000,"id":1191435,"time":"13:31","updateTime":1431178287074,"sequence":334.5,"type":"Auto"},{"bbcode":"B Hendricks to Y Pathan, %SPEED% short length going down leg. He hits a nice boundary","thisOver":"4","progress":{"innings":2,"over":15,"ball":5},"speed":39.3383996423782,"subtype":"BBCode","countingProgress":{"innings":2,"over":14,"ball":5},"bowlerId":1752,"nonfacingBatsmanId":177,"facingBatsmanId":96,"autoText":"B Hendricks to Y Pathan, %SPEED% short length going down leg. He hits a nice boundary","message":{"text":null},"tags":["four"],"timestamp":1431178395000,"id":1191436,"time":"13:31","updateTime":1431178316508,"sequence":335.5,"type":"Auto"},{"bbcode":"Four! Delicate! Pathan shows a deft touch on the swivel pull, he waited for that slower bouncer superbly","subtype":"BBCode","message":{"text":"<p>Four! Delicate! Pathan shows a deft touch on the swivel pull, he waited for that slower bouncer superbly</p>"},"tags":[],"timestamp":1431178360000,"id":1191437,"time":"13:32","updateTime":1431178350844,"sequence":336.5,"type":"Manual"},{"bbcode":"B Hendricks to Y Pathan, [b]WICKET!!! Y Pathan is out[/b] c Wriddhiman Saha b Beuran Hendricks","thisOver":"W","progress":{"innings":2,"over":15,"ball":6},"subtype":"BBCode","countingProgress":{"innings":2,"over":14,"ball":6},"bowlerId":1752,"nonfacingBatsmanId":177,"facingBatsmanId":96,"autoText":"B Hendricks to Y Pathan, <b>WICKET!!! Y Pathan is out</b> c Wriddhiman Saha b Beuran Hendricks","message":{"text":null},"tags":["wicket"],"timestamp":1431178447000,"id":1191438,"time":"13:32","updateTime":1431178366629,"sequence":337.5,"type":"Auto"},{"bbcode":"[b]Wicket![/b] Catching practice for Saha! Another slower bouncer but this time Pathan uppercuts delicately and too fine. In comes Botha...","subtype":"BBCode","message":{"text":"<p><strong>Wicket!</strong> Catching practice for Saha! Another slower bouncer but this time Pathan uppercuts delicately and too fine. In comes Botha...</p>"},"tags":[],"timestamp":1431178426000,"id":1191440,"time":"13:33","updateTime":1431178424818,"sequence":338.0,"type":"Manual"},{"innings":2,"over":15,"overRuns":10,"overWickets":1,"inningsRuns":136,"inningsWickets":5,"inningsAllOut":false,"team":{"id":5,"fullName":"Kolkata Knight Riders","shortName":"Knight Riders","abbreviation":"KKR","primaryColor":"6F2C91","secondaryColor":"FFFFFF","type":"m"},"batsmanSummaries":[{"batsman":{"id":177,"fullName":"Andre Russell","shortName":"A Russell","nationality":"West Indian","rightHandedBat":false,"dateOfBirth":578275200000,"names":["Andre Russell","A Russell"]},"runs":31,"balls":13,"fours":4,"sixes":2}],"activeBatsman":177,"bowlerSummary":{"bowler":{"id":1752,"fullName":"Beuran Hendricks","shortName":"B Hendricks","nationality":"South African","rightHandedBat":true,"dateOfBirth":644803200000,"names":["Beuran Hendricks","B Hendricks"]},"overs":"3","runs":25,"wickets":1,"maidens":0},"inningsBalls":90,"inningsMaxBalls":120,"inningsTarget":184,"message":{"text":null},"tags":[],"timestamp":1431178393000,"id":1191439,"time":"13:32","updateTime":1431178366935,"sequence":338.5,"type":"Eov"},{"bbcode":"Anureet Singh to A Russell, %SPEED% full toss going down leg. He hits a great shot, that has gone all the way","thisOver":"6","progress":{"innings":2,"over":16,"ball":1},"speed":34.957532409477,"subtype":"BBCode","countingProgress":{"innings":2,"over":15,"ball":1},"bowlerId":412,"nonfacingBatsmanId":224,"facingBatsmanId":177,"autoText":"Anureet Singh to A Russell, %SPEED% full toss going down leg. He hits a great shot, that has gone all the way","message":{"text":null},"tags":["six"],"timestamp":1431178582000,"id":1191442,"time":"13:34","updateTime":1431178487297,"sequence":339.5,"type":"Auto"},{"bbcode":"[b]Six![/b] Low full toss on the hip and Russell middles it 83 meters over backward square leg","subtype":"BBCode","message":{"text":"<p><strong>Six!</strong> Low full toss on the hip and Russell middles it 83 meters over backward square leg</p>"},"tags":[],"timestamp":1431178529000,"id":1191443,"time":"13:34","updateTime":1431178494140,"sequence":340.5,"type":"Manual"},{"bbcode":"Anureet Singh to A Russell, %SPEED% full toss on leg stump. He plays and misses","thisOver":"1","progress":{"innings":2,"over":16,"ball":2},"speed":36.5590913876475,"subtype":"BBCode","countingProgress":{"innings":2,"over":15,"ball":2},"bowlerId":412,"nonfacingBatsmanId":224,"facingBatsmanId":177,"autoText":"Anureet Singh to A Russell, %SPEED% full toss on leg stump. He plays and misses","message":{"text":null},"tags":[],"timestamp":1431178582000,"id":1191444,"time":"13:35","updateTime":1431178550576,"sequence":341.5,"type":"Auto"},{"bbcode":"Anureet Singh to J Botha, 1 leg bye","thisOver":"1Lb","progress":{"innings":2,"over":16,"ball":3},"speed":36.7142864149411,"subtype":"BBCode","countingProgress":{"innings":2,"over":15,"ball":3},"bowlerId":412,"nonfacingBatsmanId":177,"facingBatsmanId":224,"autoText":"Anureet Singh to J Botha, 1 leg bye","message":{"text":null},"tags":[],"timestamp":1431178620000,"id":1191445,"time":"13:36","updateTime":1431178607581,"sequence":342.5,"type":"Auto"},{"bbcode":"Anureet Singh to A Russell, %SPEED% full toss on middle stump. He hits a nice boundary","thisOver":"4","progress":{"innings":2,"over":16,"ball":4},"speed":37.826276231949,"subtype":"BBCode","countingProgress":{"innings":2,"over":15,"ball":4},"bowlerId":412,"nonfacingBatsmanId":224,"facingBatsmanId":177,"autoText":"Anureet Singh to A Russell, %SPEED% full toss on middle stump. He hits a nice boundary","message":{"text":null},"tags":["four"],"timestamp":1431178709000,"id":1191446,"time":"13:37","updateTime":1431178648010,"sequence":343.5,"type":"Auto"},{"bbcode":"Four! Russell Muscle! Anureet misses his yorker and he is crashed off the front foot through wide mid on","subtype":"BBCode","message":{"text":"<p>Four! Russell Muscle! Anureet misses his yorker and he is crashed off the front foot through wide mid on</p>"},"tags":[],"timestamp":1431178699000,"id":1191451,"time":"13:37","updateTime":1431178670293,"sequence":344.5,"type":"Manual"},{"bbcode":"Anureet Singh to A Russell, %SPEED% full toss just outside off stump. He hits a great shot, that has gone all the way","thisOver":"6","progress":{"innings":2,"over":16,"ball":5},"speed":36.4486201118883,"subtype":"BBCode","countingProgress":{"innings":2,"over":15,"ball":5},"bowlerId":412,"nonfacingBatsmanId":224,"facingBatsmanId":177,"autoText":"Anureet Singh to A Russell, %SPEED% full toss just outside off stump. He hits a great shot, that has gone all the way","message":{"text":null},"tags":["six"],"timestamp":1431178761000,"id":1191452,"time":"13:38","updateTime":1431178728044,"sequence":345.5,"type":"Auto"},{"bbcode":"[b]Six![/b] Bye bye! That is into the second tier! KXIP under pressure as the ball sails over mid on!","subtype":"BBCode","message":{"text":"<p><strong>Six!</strong> Bye bye! That is into the second tier! KXIP under pressure as the ball sails over mid on!</p>"},"tags":[],"timestamp":1431178763000,"id":1191453,"time":"13:39","updateTime":1431178763014,"sequence":346.5,"type":"Manual"},{"bbcode":"Anureet Singh to A Russell, %SPEED% full length just outside off stump. He plays and misses","thisOver":"1","progress":{"innings":2,"over":16,"ball":6},"speed":32.5854780407982,"subtype":"BBCode","countingProgress":{"innings":2,"over":15,"ball":6},"bowlerId":412,"nonfacingBatsmanId":224,"facingBatsmanId":177,"autoText":"Anureet Singh to A Russell, %SPEED% full length just outside off stump. He plays and misses","message":{"text":null},"tags":[],"timestamp":1431178824000,"id":1191454,"time":"13:39","updateTime":1431178768550,"sequence":347.5,"type":"Auto"},{"innings":2,"over":16,"overRuns":19,"overWickets":0,"inningsRuns":155,"inningsWickets":5,"inningsAllOut":false,"team":{"id":5,"fullName":"Kolkata Knight Riders","shortName":"Knight Riders","abbreviation":"KKR","primaryColor":"6F2C91","secondaryColor":"FFFFFF","type":"m"},"batsmanSummaries":[{"batsman":{"id":177,"fullName":"Andre Russell","shortName":"A Russell","nationality":"West Indian","rightHandedBat":false,"dateOfBirth":578275200000,"names":["Andre Russell","A Russell"]},"runs":49,"balls":18,"fours":5,"sixes":4},{"batsman":{"id":224,"fullName":"Johan Botha","shortName":"J Botha","nationality":"South African","rightHandedBat":false,"dateOfBirth":389145600000,"names":["Johan Botha","J Botha"]},"runs":0,"balls":1,"fours":0,"sixes":0}],"activeBatsman":177,"bowlerSummary":{"bowler":{"id":412,"fullName":"Anureet Singh","shortName":"Anureet Singh","nationality":"Indian","rightHandedBat":true,"dateOfBirth":383529600000,"names":["Anureet Singh","Anureet Singh"]},"overs":"3","runs":49,"wickets":1,"maidens":0},"inningsBalls":96,"inningsMaxBalls":120,"inningsTarget":184,"message":{"text":null},"tags":[],"timestamp":1431178768000,"id":1191455,"time":"13:39","updateTime":1431178768715,"sequence":348.5,"type":"Eov"},{"bbcode":"Catch your breath here is a Timeout! KXIP need to regroup as Russell takes center stage in this match with a floury of maximums. Who will win this match?!","subtype":"BBCode","message":{"text":"<p>Catch your breath here is a Timeout! KXIP need to regroup as Russell takes center stage in this match with a floury of maximums. Who will win this match?!</p>"},"tags":[],"timestamp":1431178819000,"id":1191456,"time":"13:40","updateTime":1431178819636,"sequence":349.5,"type":"Manual"}]}