{"squadId":461,"totalVotes":2920,"players":[{"id":187,"voteCount":2624,"fullName":"David Miller","shortName":"D Miller"},{"id":1113,"voteCount":2617,"fullName":"Axar Patel","shortName":"A Patel"},{"id":16,"voteCount":2546,"fullName":"Wriddhiman Saha","shortName":"W Saha"},{"id":1112,"voteCount":2524,"fullName":"Sandeep Sharma","shortName":"Sandeep Sharma"},{"id":19,"voteCount":2425,"fullName":"George Bailey","shortName":"G Bailey"},{"id":412,"voteCount":2303,"fullName":"Anureet Singh","shortName":"Anureet Singh"},{"id":7,"voteCount":2253,"fullName":"Murali Vijay","shortName":"M Vijay"},{"id":282,"voteCount":2182,"fullName":"Glenn Maxwell","shortName":"G Maxwell"},{"id":45,"voteCount":2077,"fullName":"Virender Sehwag","shortName":"V Sehwag"},{"id":1085,"voteCount":1861,"fullName":"Manan Vohra","shortName":"M Vohra"},{"id":213,"voteCount":1716,"fullName":"Mitchell Johnson","shortName":"M Johnson"},{"id":191,"voteCount":1186,"fullName":"Shaun Marsh","shortName":"S Marsh"},{"id":1088,"voteCount":1015,"fullName":"Rishi Dhawan","shortName":"R Dhawan"},{"id":254,"voteCount":629,"fullName":"Parvinder Awana","shortName":"P Awana"},{"id":1743,"voteCount":575,"fullName":"Karanveer Singh","shortName":"K Singh"},{"id":1752,"voteCount":551,"fullName":"Beuran Hendricks","shortName":"B Hendricks"},{"id":215,"voteCount":397,"fullName":"Thisara Perera","shortName":"T Perera"},{"id":253,"voteCount":320,"fullName":"Gurkeerat Mann Singh","shortName":"GM Singh"},{"id":1744,"voteCount":263,"fullName":"Shivam Sharma","shortName":"Shivam Sharma"},{"id":1745,"voteCount":161,"fullName":"Shardul Thakur","shortName":"S Thakur"},{"id":2732,"voteCount":131,"fullName":"Nikhil Naik","shortName":"N Naik"},{"id":2733,"voteCount":121,"fullName":"Yogesh Golwalkar","shortName":"Y Golwalkar"}]}