{"matchInfo":{"description":"Match 44","matchType":"IPLT20","teams":[{"id":3749,"players":[{"names":["Robin Uthappa","R Uthappa"],"dateOfBirth":500515200000,"id":127,"fullName":"Robin Uthappa","shortName":"R Uthappa","nationality":"Indian"},{"names":["Gautam Gambhir","G Gambhir"],"dateOfBirth":371865600000,"id":84,"fullName":"Gautam Gambhir","shortName":"G Gambhir","nationality":"Indian"},{"names":["Manish Pandey","M Pandey"],"dateOfBirth":621388800000,"id":123,"fullName":"Manish Pandey","shortName":"M Pandey","nationality":"Indian"},{"names":["Suryakumar Yadav","S Yadav"],"rightHandedBat":true,"dateOfBirth":653270400000,"id":108,"fullName":"Suryakumar Yadav","shortName":"S Yadav","nationality":"Indian"},{"names":["Yusuf Pathan","Y Pathan"],"dateOfBirth":406339200000,"id":96,"fullName":"Yusuf Pathan","shortName":"Y Pathan","nationality":"Indian"},{"names":["Andre Russell","A Russell"],"dateOfBirth":578275200000,"id":177,"fullName":"Andre Russell","shortName":"A Russell","nationality":"West Indian"},{"names":["Johan Botha","J Botha"],"dateOfBirth":389145600000,"id":224,"fullName":"Johan Botha","shortName":"J Botha","nationality":"South African"},{"names":["Piyush Chawla","P Chawla"],"dateOfBirth":598924800000,"id":76,"fullName":"Piyush Chawla","shortName":"P Chawla","nationality":"Indian"},{"names":["Sunil Narine","S Narine"],"dateOfBirth":580608000000,"id":203,"fullName":"Sunil Narine","shortName":"S Narine","nationality":"West Indian"},{"names":["Brad Hogg","B Hogg"],"dateOfBirth":34646400000,"id":231,"fullName":"Brad Hogg","shortName":"B Hogg","nationality":"Australian"},{"names":["Umesh Yadav","U Yadav"],"dateOfBirth":562118400000,"id":59,"fullName":"Umesh Yadav","shortName":"U Yadav","nationality":"Indian"}],"team":{"type":"m","fullName":"Kolkata Knight Riders","shortName":"Knight Riders","abbreviation":"KKR","primaryColor":"6F2C91","secondaryColor":"FFFFFF","id":5},"wicketKeeper":{"names":["Robin Uthappa","R Uthappa"],"dateOfBirth":500515200000,"id":127,"fullName":"Robin Uthappa","shortName":"R Uthappa","nationality":"Indian"},"captain":{"names":["Gautam Gambhir","G Gambhir"],"dateOfBirth":371865600000,"id":84,"fullName":"Gautam Gambhir","shortName":"G Gambhir","nationality":"Indian"}},{"id":3748,"players":[{"names":["Murali Vijay","M Vijay"],"dateOfBirth":449625600000,"id":7,"fullName":"Murali Vijay","shortName":"M Vijay","nationality":"Indian"},{"names":["Manan Vohra","M Vohra"],"rightHandedBat":true,"dateOfBirth":742953600000,"id":1085,"fullName":"Manan Vohra","shortName":"M Vohra","nationality":"Indian"},{"names":["Wriddhiman Saha","W Saha"],"dateOfBirth":467424000000,"id":16,"fullName":"Wriddhiman Saha","shortName":"W Saha","nationality":"Indian"},{"names":["Glenn Maxwell","G Maxwell"],"dateOfBirth":592790400000,"id":282,"fullName":"Glenn Maxwell","shortName":"G Maxwell","nationality":"Australian"},{"names":["David Miller","D Miller"],"dateOfBirth":613440000000,"id":187,"fullName":"David Miller","shortName":"D Miller","nationality":"South African"},{"names":["George Bailey","G Bailey"],"dateOfBirth":400204800000,"id":19,"fullName":"George Bailey","shortName":"G Bailey","nationality":"Australian"},{"names":["Gurkeerat Mann Singh","GM Singh"],"dateOfBirth":646617600000,"id":253,"fullName":"Gurkeerat Mann Singh","shortName":"GM Singh","nationality":"Indian"},{"names":["Axar Patel","A Patel"],"dateOfBirth":759024000000,"id":1113,"fullName":"Axar Patel","shortName":"A Patel","nationality":"Indian"},{"names":["Beuran Hendricks","B Hendricks"],"rightHandedBat":true,"dateOfBirth":644803200000,"id":1752,"fullName":"Beuran Hendricks","shortName":"B Hendricks","nationality":"South African"},{"names":["Anureet Singh","Anureet Singh"],"rightHandedBat":true,"dateOfBirth":383529600000,"id":412,"fullName":"Anureet Singh","shortName":"Anureet Singh","nationality":"Indian"},{"names":["Sandeep Sharma","Sandeep Sharma"],"rightHandedBat":true,"dateOfBirth":737683200000,"id":1112,"fullName":"Sandeep Sharma","shortName":"Sandeep Sharma","nationality":"Indian"}],"team":{"type":"m","fullName":"Kings XI Punjab","shortName":"Kings XI","abbreviation":"KXIP","primaryColor":"DA1F3D","secondaryColor":"FFFFFF","id":4},"wicketKeeper":{"names":["Wriddhiman Saha","W Saha"],"dateOfBirth":467424000000,"id":16,"fullName":"Wriddhiman Saha","shortName":"W Saha","nationality":"Indian"},"captain":{"names":["George Bailey","G Bailey"],"dateOfBirth":400204800000,"id":19,"fullName":"George Bailey","shortName":"G Bailey","nationality":"Australian"}}],"venue":{"id":2,"country":"India","fullName":"Eden Gardens","shortName":"Eden Gardens","city":"Kolkata"},"matchDate":"2015-05-09T16:00:00+0530","battingOrder":[1,0],"additionalInfo":{"toss.elected":"Kings XI Punjab, who chose to bat","match.video.id":"4227220577001","stats.link":"http://www.iplt20.com/news/2015/more-news/6667/quick-stats-m44-kkr-vs-kxip","match.summary":"","photostream.link":"http://www.iplt20.com/photos/292/ipl-2015-match-44-kkr-v-kxip","mom.video.id":"4227220580001","home.team.fan.total":"10986","notes.1.1":"Powerplay - 45 runs, 1 wicket","away.team.fan.total":"5780","notes.1.2":"KXIP: 50 runs in 7.2 overs","umpire.name.3":"Krishnamachari Srinivasan","notes.1.3":"KXIP: 100 runs in 13.1 overs","umpire.name.4":"A Nanda Kishore","umpire.name.1":"Kumar Dharmasena","notes.1.4":"3rd Wicket: 50 runs in 24 balls (Wriddhiman Saha 11, Glenn Maxwell 36)","umpire.name.2":"Anil Chaudhary","notes.1.5":"KXIP: 150 runs in 17.1 overs","notes.1.6":"Innings Break: KXIP - 183/5 in 20 overs","highlights.link":"http://www.iplt20.com/videos/media/id/4227220577001/m44-kkr-vs-kxip-match-highlights","result.playerofthematch":"Andre Russell","mom.video.thumb":"http://brightcove.vo.llnwd.net/v1/unsecured/media/3588749423001/201505/1983/3588749423001_4227163751001_video-still-for-video-4227220580001.jpg?pubId=3588749423001","interview.link":"http://www.iplt20.com/news/2015/features/6658/russell-and-the-pathan-gayle-admiration","sixes.video.id":"4226955338001","interview.thumb":"http://static2.iplt20.com/cms/media/images/320x213/42078.jpg","referee.name":"Roshan Mahanama","match.video.thumb":"http://brightcove.vo.llnwd.net/v1/unsecured/media/3588749423001/201505/3249/3588749423001_4227163745001_video-still-for-video-4227220577001.jpg?pubId=3588749423001","stats.thumb":"http://static2.iplt20.com/cms/media/images/320x213/42108.jpg","toss.winner":"Kings XI Punjab","notes.2.5":"KKR: 150 runs in 15.5 overs","sixes.video.thumb":"http://brightcove.vo.llnwd.net/v1/unsecured/media/3588749423001/201505/3545/3588749423001_4226966410001_video-still-for-video-4226955285001.jpg?pubId=3588749423001","notes.2.6":"Andre Russell: 50 off 19 balls (5 x fours, 4 x sixes)","notes.2.3":"KKR: 100 runs in 12.5 overs","notes.2.4":"5th Wicket: 50 runs in 24 balls (Yusuf Pathan 20, Andre Russell 31)","report.thumb":"http://static2.iplt20.com/cms/media/images/320x213/41936.jpg","notes.2.1":"Powerplay - 57 runs, 1 wicket","report.link":"http://www.iplt20.com/news/2015/match-reports/6641/report-m44-kkr-vs-kxip","notes.2.2":"KKR: 50 runs in 4.5 overs"},"oversLimit":20,"matchState":"C","isLimitedOvers":true,"matchStatus":{"text":"Kolkata Knight Riders won by 1 wicket","outcome":"A"},"matchSummary":"","tournamentLabel":"IPL 2015"},"matchId":{"tournamentId":{"name":"ipl2015","id":2785},"name":"ipl2015-44","id":3269,"parentId":{"name":"ipl2015","id":2785}},"innings":[{"inningsNumber":1,"scorecard":{"runs":183,"extras":{"wideRuns":5,"byeRuns":1,"legByeRuns":3},"battingStats":[{"mod":{"text":"b Sunil Narine","dismissedBp":{"over":6,"innings":1,"ball":5},"countingBp":{"over":6,"innings":1,"ball":5},"bowlerId":203,"dismissedMethod":"b"},"playerId":7,"r":28,"b":21,"sr":"133.33","4s":4,"6s":1},{"mod":{"text":"c & b Sunil Narine","dismissedBp":{"over":11,"innings":1,"ball":5},"countingBp":{"over":11,"innings":1,"ball":5},"bowlerId":203,"additionalPlayerIds":[203],"dismissedMethod":"ct"},"playerId":1085,"r":39,"b":34,"sr":"114.70","4s":1,"6s":3},{"mod":{"text":"b Sunil Narine","dismissedBp":{"over":17,"innings":1,"ball":6},"countingBp":{"over":17,"innings":1,"ball":6},"bowlerId":203,"dismissedMethod":"b"},"playerId":16,"r":33,"b":25,"sr":"132.00","4s":0,"6s":2},{"mod":{"text":"c Johan Botha b Sunil Narine","dismissedBp":{"over":17,"innings":1,"ball":3},"countingBp":{"over":17,"innings":1,"ball":3},"bowlerId":203,"additionalPlayerIds":[224],"dismissedMethod":"ct"},"playerId":282,"r":43,"b":22,"sr":"195.45","4s":4,"6s":3},{"playerId":187,"r":27,"b":11,"sr":"245.45","4s":2,"6s":2},{"mod":{"text":"c & b Andre Russell","dismissedBp":{"over":20,"innings":1,"ball":3},"countingBp":{"over":20,"innings":1,"ball":3},"bowlerId":177,"additionalPlayerIds":[177],"dismissedMethod":"ct"},"playerId":253,"r":4,"b":7,"sr":"57.14","4s":0,"6s":0},{"playerId":19,"r":0,"b":0,"4s":0,"6s":0}],"bowlingStats":[{"playerId":59,"r":36,"w":0,"ov":"4","e":"9.00","nb":0,"d":8,"maid":0,"wd":1},{"playerId":177,"r":50,"w":1,"ov":"4","e":"12.50","nb":0,"d":7,"maid":0,"wd":1},{"playerId":203,"r":19,"w":4,"ov":"4","e":"4.75","nb":0,"d":13,"maid":0,"wd":0},{"playerId":224,"r":9,"w":0,"ov":"1","e":"9.00","nb":0,"d":2,"maid":0,"wd":0},{"playerId":231,"r":30,"w":0,"ov":"4","e":"7.50","nb":0,"d":12,"maid":0,"wd":1},{"playerId":76,"r":35,"w":0,"ov":"3","e":"11.66","nb":0,"d":2,"maid":0,"wd":0}],"wkts":5,"fow":[{"bp":{"over":6,"innings":1,"ball":5},"playerId":7,"r":45,"w":1},{"bp":{"over":11,"innings":1,"ball":5},"playerId":1085,"r":78,"w":2},{"bp":{"over":17,"innings":1,"ball":3},"playerId":282,"r":143,"w":3},{"bp":{"over":17,"innings":1,"ball":6},"playerId":16,"r":149,"w":4},{"bp":{"over":20,"innings":1,"ball":3},"playerId":253,"r":169,"w":5}]},"overProgress":"20","runRate":"9.15","overHistory":[{"ovNo":1,"ovBalls":["1",".",".","1",".","."]},{"ovNo":2,"ovBalls":["1","1",".","2","4","."]},{"ovNo":3,"ovBalls":["4",".","6","4",".","4"]},{"ovNo":4,"ovBalls":[".","1","1","1",".","1"]},{"ovNo":5,"ovBalls":["1",".","1",".","1","6"]},{"ovNo":6,"ovBalls":[".",".","4",".","W","."]},{"ovNo":7,"ovBalls":["1","1",".",".","1","."]},{"ovNo":8,"ovBalls":[".","2","2",".","6","1"]},{"ovNo":9,"ovBalls":["1Lb","2Wd",".",".","1",".","1"]},{"ovNo":10,"ovBalls":["1","1",".","3","6","."]},{"ovNo":11,"ovBalls":["1",".","1","1","W","."]},{"ovNo":12,"ovBalls":["2","2","2","1","2","1"]},{"ovNo":13,"ovBalls":["1Lb","1","1","1Wd","1",".","6"]},{"ovNo":14,"ovBalls":["1","1","1","4","6","1"]},{"ovNo":15,"ovBalls":["4","4","6",".","1B","6"]},{"ovNo":16,"ovBalls":["1","1","4",".","1","."]},{"ovNo":17,"ovBalls":["1","1","W",".","6","W"]},{"ovNo":18,"ovBalls":["1","1","1Lb",".",".","1"]},{"ovNo":19,"ovBalls":["1","1","2Wd","2","1","1","1"]},{"ovNo":20,"ovBalls":["6","1","W","6","4","4"]}]},{"inningsNumber":2,"scorecard":{"runs":184,"extras":{"wideRuns":4,"legByeRuns":3},"battingStats":[{"mod":{"text":"c Axar Patel b Anureet Singh","dismissedBp":{"over":4,"innings":2,"ball":3},"countingBp":{"over":4,"innings":2,"ball":3},"bowlerId":412,"additionalPlayerIds":[1113],"dismissedMethod":"ct"},"playerId":127,"r":17,"b":11,"sr":"154.54","4s":3,"6s":0},{"mod":{"text":"c Murali Vijay b Gurkeerat Mann Singh","dismissedBp":{"over":9,"innings":2,"ball":5},"countingBp":{"over":9,"innings":2,"ball":5},"bowlerId":253,"additionalPlayerIds":[7],"dismissedMethod":"ct"},"playerId":84,"r":24,"b":23,"sr":"104.34","4s":4,"6s":0},{"mod":{"text":"c Axar Patel b Glenn Maxwell","dismissedBp":{"over":8,"innings":2,"ball":3},"countingBp":{"over":8,"innings":2,"ball":3},"bowlerId":282,"additionalPlayerIds":[1113],"dismissedMethod":"ct"},"playerId":123,"r":22,"b":15,"sr":"146.66","4s":4,"6s":0},{"mod":{"text":"b Gurkeerat Mann Singh","dismissedBp":{"over":11,"innings":2,"ball":5},"countingBp":{"over":11,"innings":2,"ball":5},"bowlerId":253,"dismissedMethod":"b"},"playerId":108,"r":9,"b":9,"sr":"100.00","4s":1,"6s":0},{"mod":{"text":"c Wriddhiman Saha b Beuran Hendricks","dismissedBp":{"over":15,"innings":2,"ball":6},"countingBp":{"over":15,"innings":2,"ball":6},"bowlerId":1752,"additionalPlayerIds":[16],"dismissedMethod":"ct"},"playerId":96,"r":29,"b":19,"sr":"152.63","4s":1,"6s":3},{"mod":{"text":"c Wriddhiman Saha b Axar Patel","dismissedBp":{"over":17,"innings":2,"ball":5},"countingBp":{"over":17,"innings":2,"ball":5},"bowlerId":1113,"additionalPlayerIds":[16],"dismissedMethod":"ct"},"playerId":177,"r":51,"b":21,"sr":"242.85","4s":5,"6s":4},{"mod":{"text":"run out (Axar Patel)","dismissedBp":{"over":18,"innings":2,"ball":2},"countingBp":{"over":18,"innings":2,"ball":2},"bowlerId":1752,"additionalPlayerIds":[1113],"dismissedMethod":"ro"},"playerId":224,"r":2,"b":4,"sr":"50.00","4s":0,"6s":0},{"mod":{"text":"c Wriddhiman Saha b Anureet Singh","dismissedBp":{"over":20,"innings":2,"ball":4},"countingBp":{"over":20,"innings":2,"ball":4},"bowlerId":412,"additionalPlayerIds":[16],"dismissedMethod":"ct"},"playerId":76,"r":18,"b":11,"sr":"163.63","4s":2,"6s":1},{"mod":{"text":"run out (Anureet Singh)","dismissedBp":{"over":20,"innings":2,"ball":2},"countingBp":{"over":20,"innings":2,"ball":2},"bowlerId":412,"additionalPlayerIds":[412],"dismissedMethod":"ro"},"playerId":231,"r":5,"b":5,"sr":"100.00","4s":0,"6s":0},{"playerId":59,"r":0,"b":0,"4s":0,"6s":0},{"playerId":203,"r":0,"b":1,"sr":"0.00","4s":0,"6s":0}],"bowlingStats":[{"playerId":1112,"r":35,"w":0,"ov":"4","e":"8.75","nb":0,"d":8,"maid":0,"wd":1},{"playerId":1752,"r":35,"w":1,"ov":"4","e":"8.75","nb":0,"d":10,"maid":0,"wd":0},{"playerId":412,"r":56,"w":2,"ov":"3.5","e":"14.60","nb":0,"d":6,"maid":0,"wd":0},{"playerId":1113,"r":33,"w":1,"ov":"4","e":"8.25","nb":0,"d":10,"maid":0,"wd":1},{"playerId":253,"r":17,"w":2,"ov":"3","e":"5.66","nb":0,"d":8,"maid":0,"wd":2},{"playerId":282,"r":5,"w":1,"ov":"1","e":"5.00","nb":0,"d":1,"maid":0,"wd":0}],"wkts":9,"fow":[{"bp":{"over":4,"innings":2,"ball":3},"playerId":127,"r":31,"w":1},{"bp":{"over":8,"innings":2,"ball":3},"playerId":123,"r":63,"w":2},{"bp":{"over":9,"innings":2,"ball":5},"playerId":84,"r":69,"w":3},{"bp":{"over":11,"innings":2,"ball":5},"playerId":108,"r":83,"w":4},{"bp":{"over":15,"innings":2,"ball":6},"playerId":96,"r":136,"w":5},{"bp":{"over":17,"innings":2,"ball":5},"playerId":177,"r":159,"w":6},{"bp":{"over":18,"innings":2,"ball":2},"playerId":224,"r":161,"w":7},{"bp":{"over":20,"innings":2,"ball":2},"playerId":231,"r":177,"w":8},{"bp":{"over":20,"innings":2,"ball":4},"playerId":76,"r":183,"w":9}]},"overProgress":"19.5","runRate":"9.27","overHistory":[{"ovNo":1,"ovBalls":[".",".","1","4",".","."]},{"ovNo":2,"ovBalls":[".","1",".","4","1","4"]},{"ovNo":3,"ovBalls":[".","4","1","4","1","."]},{"ovNo":4,"ovBalls":["2","4","W","4","1","4"]},{"ovNo":5,"ovBalls":[".","1","1","4","1Wd","4","4"]},{"ovNo":6,"ovBalls":["1",".","1",".",".","."]},{"ovNo":7,"ovBalls":["1",".","1",".","1Wd",".","1"]},{"ovNo":8,"ovBalls":["1","1","W","1","1","1"]},{"ovNo":9,"ovBalls":["1","1","1",".","W","."]},{"ovNo":10,"ovBalls":[".",".",".","1","4","."]},{"ovNo":11,"ovBalls":["6","1","1","1","W","1Wd","."]},{"ovNo":12,"ovBalls":[".",".","1",".",".","1"]},{"ovNo":13,"ovBalls":["4","1","1","4","6","."]},{"ovNo":14,"ovBalls":["6",".","6","1","6","1Wd","4"]},{"ovNo":15,"ovBalls":["1","4","1",".","4","W"]},{"ovNo":16,"ovBalls":["6","1","1Lb","4","6","1"]},{"ovNo":17,"ovBalls":["1","1","1","1","W","1"]},{"ovNo":18,"ovBalls":["1Lb","W","1","1","4","4"]},{"ovNo":19,"ovBalls":["1",".","1","1","1","1"]},{"ovNo":20,"ovBalls":["1","W","6","W","1Lb"]}]}],"currentState":{"phase":"C","facingBatsman":59,"nonFacingBatsman":203,"currentInningsIndex":1,"currentPartnership":1,"currentBowler":412,"currentBatsmen":[203,59],"recentOvers":[{"ovNo":15,"ovBalls":["1","4","1",".","4","W"]},{"ovNo":16,"ovBalls":["6","1","1Lb","4","6","1"]},{"ovNo":17,"ovBalls":["1","1","1","1","W","1"]},{"ovNo":18,"ovBalls":["1Lb","W","1","1","4","4"]},{"ovNo":19,"ovBalls":["1",".","1","1","1","1"]},{"ovNo":20,"ovBalls":["1","W","6","W","1Lb"]}]}}