{"fragment":6,"updateTime":1430486534000,"matchId":{"id":3256,"name":"ipl2015-31 - DD vs. KXIP","matchIdName":"ipl2015-31"},"commentaries":[{"bbcode":"A Patel to S Iyer, %SPEED% good length going down leg. He picks up a single","thisOver":"1","progress":{"innings":2,"over":8,"ball":5},"speed":22.9435757282798,"subtype":"BBCode","countingProgress":{"innings":2,"over":7,"ball":5},"bowlerId":1113,"nonfacingBatsmanId":158,"facingBatsmanId":1563,"autoText":"A Patel to S Iyer, %SPEED% good length going down leg. He picks up a single","message":{"text":null},"tags":[],"timestamp":1430484984000,"id":1180344,"time":"12:55","updateTime":1430484930712,"sequence":250.0,"type":"Auto"},{"bbcode":"A Patel to M Agarwal, no run, %SPEED% good length just outside off stump. He doesn't offer a shot","thisOver":".","progress":{"innings":2,"over":8,"ball":6},"speed":26.2369733607186,"subtype":"BBCode","countingProgress":{"innings":2,"over":7,"ball":6},"bowlerId":1113,"nonfacingBatsmanId":1563,"facingBatsmanId":158,"autoText":"A Patel to M Agarwal, no run, %SPEED% good length just outside off stump. He doesn't offer a shot","message":{"text":null},"tags":[],"timestamp":1430485034000,"id":1180345,"time":"12:55","updateTime":1430484956014,"sequence":251.0,"type":"Auto"},{"innings":2,"over":8,"overRuns":5,"overWickets":0,"inningsRuns":55,"inningsWickets":0,"inningsAllOut":false,"team":{"id":3,"fullName":"Delhi Daredevils","shortName":"Daredevils","abbreviation":"DD","primaryColor":"B22E2A","secondaryColor":"FFFFFF","type":"m"},"batsmanSummaries":[{"batsman":{"id":158,"fullName":"Mayank Agarwal","shortName":"M Agarwal","nationality":"Indian","rightHandedBat":false,"dateOfBirth":666835200000,"names":["Mayank Agarwal","M Agarwal"]},"runs":24,"balls":20,"fours":2,"sixes":1},{"batsman":{"id":1563,"fullName":"Shreyas Iyer","shortName":"S Iyer","nationality":"Indian","rightHandedBat":true,"dateOfBirth":786672000000,"names":["Shreyas Iyer","S Iyer"]},"runs":28,"balls":28,"fours":1,"sixes":2}],"activeBatsman":1563,"bowlerSummary":{"bowler":{"id":1113,"fullName":"Axar Patel","shortName":"A Patel","nationality":"Indian","rightHandedBat":false,"dateOfBirth":759024000000,"names":["Axar Patel","A Patel"]},"overs":"1","runs":5,"wickets":0,"maidens":0},"inningsBalls":48,"inningsMaxBalls":120,"inningsTarget":119,"message":{"text":null},"tags":[],"timestamp":1430484956000,"id":1180346,"time":"12:55","updateTime":1430484956305,"sequence":252.0,"type":"Eov"},{"bbcode":"S Thakur to S Iyer, %SPEED% short length outside off stump. He picks up a single","thisOver":"1","progress":{"innings":2,"over":9,"ball":1},"speed":36.5957446300046,"subtype":"BBCode","countingProgress":{"innings":2,"over":8,"ball":1},"bowlerId":1745,"nonfacingBatsmanId":158,"facingBatsmanId":1563,"autoText":"S Thakur to S Iyer, %SPEED% short length outside off stump. He picks up a single","message":{"text":null},"tags":[],"timestamp":1430485095000,"id":1180347,"time":"12:56","updateTime":1430485016903,"sequence":253.0,"type":"Auto"},{"bbcode":"[b]Kepler Wessels: [/b][i]\"It's been comfortable for Delhi Daredevils.\"[/i]","subtype":"BBCode","message":{"text":"<p><strong>Kepler Wessels:&nbsp;</strong><em>\"It's been comfortable for Delhi Daredevils.\"</em></p>"},"tags":[],"timestamp":1430485070000,"id":1180349,"time":"12:57","updateTime":1430485068681,"sequence":253.5,"type":"Manual"},{"bbcode":"S Thakur to M Agarwal, %SPEED% short length just outside off stump. He picks up a single","thisOver":"1","progress":{"innings":2,"over":9,"ball":2},"speed":36.8164350694548,"subtype":"BBCode","countingProgress":{"innings":2,"over":8,"ball":2},"bowlerId":1745,"nonfacingBatsmanId":1563,"facingBatsmanId":158,"autoText":"S Thakur to M Agarwal, %SPEED% short length just outside off stump. He picks up a single","message":{"text":null},"tags":[],"timestamp":1430485095000,"id":1180348,"time":"12:57","updateTime":1430485054557,"sequence":254.0,"type":"Auto"},{"bbcode":"S Thakur to S Iyer, %SPEED% short length just outside off stump. He plays and misses","thisOver":"1","progress":{"innings":2,"over":9,"ball":3},"speed":33.2620655077776,"subtype":"BBCode","countingProgress":{"innings":2,"over":8,"ball":3},"bowlerId":1745,"nonfacingBatsmanId":158,"facingBatsmanId":1563,"autoText":"S Thakur to S Iyer, %SPEED% short length just outside off stump. He plays and misses","message":{"text":null},"tags":[],"timestamp":1430485166000,"id":1180351,"time":"12:58","updateTime":1430485089305,"sequence":255.0,"type":"Auto"},{"bbcode":"S Thakur to M Agarwal, Wide delivery","thisOver":"1Wd","progress":{"innings":2,"over":9,"ball":4},"speed":36.9976016006446,"subtype":"BBCode","countingProgress":{"innings":2,"over":8,"ball":4},"bowlerId":1745,"nonfacingBatsmanId":1563,"facingBatsmanId":158,"autoText":"S Thakur to M Agarwal, Wide delivery","message":{"text":null},"tags":[],"timestamp":1430485131000,"id":1180352,"time":"12:58","updateTime":1430485131790,"sequence":256.0,"type":"Auto"},{"bbcode":"S Thakur to M Agarwal, %SPEED% short length outside off stump. He hits a nice boundary","thisOver":"4","progress":{"innings":2,"over":9,"ball":5},"speed":37.3267769333929,"subtype":"BBCode","countingProgress":{"innings":2,"over":8,"ball":4},"bowlerId":1745,"nonfacingBatsmanId":1563,"facingBatsmanId":158,"autoText":"S Thakur to M Agarwal, %SPEED% short length outside off stump. He hits a nice boundary","message":{"text":null},"tags":["four"],"timestamp":1430485216000,"id":1180353,"time":"12:59","updateTime":1430485164439,"sequence":257.0,"type":"Auto"},{"bbcode":"Four! Thakur's offering width as a birthday present to both these batsmen, and this time, Agarwal helps himself through third man for four","subtype":"BBCode","message":{"text":"<p>Four! Thakur's offering width as a birthday present to both these batsmen, and this time, Agarwal helps himself through third man for four</p>"},"tags":[],"timestamp":1430485216000,"id":1180355,"time":"13:00","updateTime":1430485212430,"sequence":257.5,"type":"Manual"},{"bbcode":"S Thakur to M Agarwal, no run, %SPEED% full length outside off stump. He doesn't offer a shot","thisOver":".","progress":{"innings":2,"over":9,"ball":6},"speed":36.7693586340962,"subtype":"BBCode","countingProgress":{"innings":2,"over":8,"ball":5},"bowlerId":1745,"nonfacingBatsmanId":1563,"facingBatsmanId":158,"autoText":"S Thakur to M Agarwal, no run, %SPEED% full length outside off stump. He doesn't offer a shot","message":{"text":null},"tags":[],"timestamp":1430485277000,"id":1180354,"time":"13:00","updateTime":1430485209635,"sequence":258.0,"type":"Auto"},{"bbcode":"S Thakur to M Agarwal, 1 leg bye","thisOver":"1Lb","progress":{"innings":2,"over":9,"ball":7},"speed":32.484044302808,"subtype":"BBCode","countingProgress":{"innings":2,"over":8,"ball":6},"bowlerId":1745,"nonfacingBatsmanId":1563,"facingBatsmanId":158,"autoText":"S Thakur to M Agarwal, 1 leg bye","message":{"text":null},"tags":[],"timestamp":1430485641000,"id":1180360,"time":"13:01","updateTime":1430485274169,"sequence":259.0,"type":"Auto"},{"innings":2,"over":9,"overRuns":9,"overWickets":0,"inningsRuns":64,"inningsWickets":0,"inningsAllOut":false,"team":{"id":3,"fullName":"Delhi Daredevils","shortName":"Daredevils","abbreviation":"DD","primaryColor":"B22E2A","secondaryColor":"FFFFFF","type":"m"},"batsmanSummaries":[{"batsman":{"id":158,"fullName":"Mayank Agarwal","shortName":"M Agarwal","nationality":"Indian","rightHandedBat":false,"dateOfBirth":666835200000,"names":["Mayank Agarwal","M Agarwal"]},"runs":29,"balls":24,"fours":3,"sixes":1},{"batsman":{"id":1563,"fullName":"Shreyas Iyer","shortName":"S Iyer","nationality":"Indian","rightHandedBat":true,"dateOfBirth":786672000000,"names":["Shreyas Iyer","S Iyer"]},"runs":30,"balls":30,"fours":1,"sixes":2}],"activeBatsman":158,"bowlerSummary":{"bowler":{"id":1745,"fullName":"Shardul Thakur","shortName":"S Thakur","nationality":"Indian","rightHandedBat":true,"dateOfBirth":687571200000,"names":["Shardul Thakur","S Thakur"]},"overs":"2","runs":27,"wickets":0,"maidens":0},"inningsBalls":54,"inningsMaxBalls":120,"inningsTarget":119,"message":{"text":null},"tags":[],"timestamp":1430485641000,"id":1180361,"time":"13:01","updateTime":1430485274301,"sequence":260.0,"type":"Eov"},{"bbcode":"Strategic Timeout Time. Just 55 required off 66, and with all 10 wickets still in hand, DD are absolutely cruising.","subtype":"BBCode","message":{"text":"<p>Strategic Timeout Time. Just 55 required off 66, and with all 10 wickets still in hand, DD are absolutely cruising.</p>"},"tags":[],"timestamp":1430485295000,"id":1180362,"time":"13:01","updateTime":1430485295865,"sequence":261.0,"type":"Manual"},{"bbcode":"A Patel to M Agarwal, %SPEED% good length on middle stump. He picks up a single","thisOver":"1","progress":{"innings":2,"over":10,"ball":1},"speed":25.2171090132522,"subtype":"BBCode","countingProgress":{"innings":2,"over":9,"ball":1},"bowlerId":1113,"nonfacingBatsmanId":1563,"facingBatsmanId":158,"autoText":"A Patel to M Agarwal, %SPEED% good length on middle stump. He picks up a single","message":{"text":null},"tags":[],"timestamp":1430485510000,"id":1180363,"time":"13:03","updateTime":1430485434953,"sequence":262.0,"type":"Auto"},{"bbcode":"A Patel to S Iyer, %SPEED% good length on off stump. He plays and misses","thisOver":"1","progress":{"innings":2,"over":10,"ball":2},"speed":26.0839066410402,"subtype":"BBCode","countingProgress":{"innings":2,"over":9,"ball":2},"bowlerId":1113,"nonfacingBatsmanId":158,"facingBatsmanId":1563,"autoText":"A Patel to S Iyer, %SPEED% good length on off stump. He plays and misses","message":{"text":null},"tags":[],"timestamp":1430485510000,"id":1180364,"time":"13:04","updateTime":1430485455560,"sequence":263.0,"type":"Auto"},{"bbcode":"A Patel to M Agarwal, %SPEED% short length on leg stump. He picks up a single","thisOver":"1","progress":{"innings":2,"over":10,"ball":3},"speed":25.5563412962303,"subtype":"BBCode","countingProgress":{"innings":2,"over":9,"ball":3},"bowlerId":1113,"nonfacingBatsmanId":1563,"facingBatsmanId":158,"autoText":"A Patel to M Agarwal, %SPEED% short length on leg stump. He picks up a single","message":{"text":null},"tags":[],"timestamp":1430485510000,"id":1180365,"time":"13:04","updateTime":1430485476544,"sequence":264.0,"type":"Auto"},{"bbcode":"A Patel to S Iyer, %SPEED% short length on off stump. He picks up a single","thisOver":"1","progress":{"innings":2,"over":10,"ball":4},"speed":25.1516873811074,"subtype":"BBCode","countingProgress":{"innings":2,"over":9,"ball":4},"bowlerId":1113,"nonfacingBatsmanId":158,"facingBatsmanId":1563,"autoText":"A Patel to S Iyer, %SPEED% short length on off stump. He picks up a single","message":{"text":null},"tags":[],"timestamp":1430485581000,"id":1180366,"time":"13:04","updateTime":1430485497497,"sequence":265.0,"type":"Auto"},{"bbcode":"A Patel to M Agarwal, %SPEED% good length on off stump. He picks up a single","thisOver":"1","progress":{"innings":2,"over":10,"ball":5},"speed":26.6534784285388,"subtype":"BBCode","countingProgress":{"innings":2,"over":9,"ball":5},"bowlerId":1113,"nonfacingBatsmanId":1563,"facingBatsmanId":158,"autoText":"A Patel to M Agarwal, %SPEED% good length on off stump. He picks up a single","message":{"text":null},"tags":[],"timestamp":1430485581000,"id":1180367,"time":"13:05","updateTime":1430485520389,"sequence":266.0,"type":"Auto"},{"bbcode":"A Patel to S Iyer, %SPEED% good length going down leg. He hits a great shot, that has gone all the way","thisOver":"6","progress":{"innings":2,"over":10,"ball":6},"speed":26.867187711953,"subtype":"BBCode","countingProgress":{"innings":2,"over":9,"ball":6},"bowlerId":1113,"nonfacingBatsmanId":158,"facingBatsmanId":1563,"autoText":"A Patel to S Iyer, %SPEED% good length going down leg. He hits a great shot, that has gone all the way","message":{"text":null},"tags":["six"],"timestamp":1430485581000,"id":1180368,"time":"13:05","updateTime":1430485537136,"sequence":267.0,"type":"Auto"},{"bbcode":"[b]Six! [/b]That is out of here! Huge slog over mid-wicket by Iyer, and it's gone all the way. No KXIP bowler is safe today!","subtype":"BBCode","message":{"text":"<p><strong>Six!&nbsp;</strong>That is out of here! Huge slog over mid-wicket by Iyer, and it's gone all the way. No KXIP bowler is safe today!</p>"},"tags":[],"timestamp":1430485607000,"id":1180370,"time":"13:05","updateTime":1430485556404,"sequence":267.5,"type":"Manual"},{"innings":2,"over":10,"overRuns":11,"overWickets":0,"inningsRuns":75,"inningsWickets":0,"inningsAllOut":false,"team":{"id":3,"fullName":"Delhi Daredevils","shortName":"Daredevils","abbreviation":"DD","primaryColor":"B22E2A","secondaryColor":"FFFFFF","type":"m"},"batsmanSummaries":[{"batsman":{"id":1563,"fullName":"Shreyas Iyer","shortName":"S Iyer","nationality":"Indian","rightHandedBat":true,"dateOfBirth":786672000000,"names":["Shreyas Iyer","S Iyer"]},"runs":38,"balls":33,"fours":1,"sixes":3},{"batsman":{"id":158,"fullName":"Mayank Agarwal","shortName":"M Agarwal","nationality":"Indian","rightHandedBat":false,"dateOfBirth":666835200000,"names":["Mayank Agarwal","M Agarwal"]},"runs":32,"balls":27,"fours":3,"sixes":1}],"activeBatsman":158,"bowlerSummary":{"bowler":{"id":1113,"fullName":"Axar Patel","shortName":"A Patel","nationality":"Indian","rightHandedBat":false,"dateOfBirth":759024000000,"names":["Axar Patel","A Patel"]},"overs":"2","runs":16,"wickets":0,"maidens":0},"inningsBalls":60,"inningsMaxBalls":120,"inningsTarget":119,"message":{"text":null},"tags":[],"timestamp":1430485641000,"id":1180369,"time":"13:05","updateTime":1430485537296,"sequence":268.0,"type":"Eov"},{"mediaId":"4208700979001","endpointUrlHq1":"http://brightcove.vo.llnwd.net/v1/uds/pd/3588749423001/201505/3050/3588749423001_4208769585001_MATCH-31-DD-2ND-SIX.mp4","endpointUrlHq2":"http://brightcove.vo.llnwd.net/v1/uds/pd/3588749423001/201505/786/3588749423001_4208764736001_MATCH-31-DD-2ND-SIX.mp4","endpointUrlAlt":"http://c.brightcove.com/services/mobile/streaming/index/rendition.m3u8?assetId=4208775306001","title":"M31: DD vs KXIP – Shreyas Iyer Six","largeThumbnail":"http://brightcove.vo.llnwd.net/v1/unsecured/media/3588749423001/201505/3694/3588749423001_4208778272001_vs-554375e6e4b0515e1b51717d-767904723001.jpg?pubId=3588749423001","duration":23731,"endpointUrl":"http://brightcove.vo.llnwd.net/v1/uds/pd/3588749423001/201505/1050/3588749423001_4208769579001_MATCH-31-DD-2ND-SIX.mp4","smallThumbnail":"http://brightcove.vo.llnwd.net/v1/unsecured/media/3588749423001/201505/694/3588749423001_4208778273001_th-554375e6e4b0515e1b51717d-767904723001.jpg?pubId=3588749423001","description":null,"endpointUrlMq":"http://brightcove.vo.llnwd.net/v1/uds/pd/3588749423001/201505/2050/3588749423001_4208769578001_MATCH-31-DD-2ND-SIX.mp4","endpointUrlHq3":"http://brightcove.vo.llnwd.net/v1/uds/pd/3588749423001/201505/786/3588749423001_4208764732001_MATCH-31-DD-2ND-SIX.mp4","publishDate":1430484446901,"message":{"text":null},"tags":["account:iplt20","2015","ipl2015","over 2","six","dd","match:ipl2015-31","playerid 1563","IPL 2015","innings 2","kxip","ipl2015-31","ball 4","channel:ipl-match-centre"],"timestamp":1430485673000,"id":1180373,"time":"13:07","updateTime":1430485632890,"sequence":268.5,"type":"Video"},{"mediaId":"4208700980001","endpointUrlHq1":"http://brightcove.vo.llnwd.net/v1/uds/pd/3588749423001/201505/2382/3588749423001_4208781012001_MATCH-31-DD-3RD-SIX.mp4","endpointUrlHq2":"http://brightcove.vo.llnwd.net/v1/uds/pd/3588749423001/201505/3382/3588749423001_4208781013001_MATCH-31-DD-3RD-SIX.mp4","endpointUrlAlt":"http://c.brightcove.com/services/mobile/streaming/index/rendition.m3u8?assetId=4208778450001","title":"M31: DD vs KXIP – Mayank Agarwal Six","largeThumbnail":"http://brightcove.vo.llnwd.net/v1/unsecured/media/3588749423001/201505/1382/3588749423001_4208781015001_vs-55437662e4b0515e1b517192-767904725001.jpg?pubId=3588749423001","duration":16120,"endpointUrl":"http://brightcove.vo.llnwd.net/v1/uds/pd/3588749423001/201505/886/3588749423001_4208778445001_MATCH-31-DD-3RD-SIX.mp4","smallThumbnail":"http://brightcove.vo.llnwd.net/v1/unsecured/media/3588749423001/201505/2382/3588749423001_4208781016001_th-55437662e4b0515e1b517192-767904725001.jpg?pubId=3588749423001","description":null,"endpointUrlMq":"http://brightcove.vo.llnwd.net/v1/uds/pd/3588749423001/201505/1382/3588749423001_4208781011001_MATCH-31-DD-3RD-SIX.mp4","endpointUrlHq3":"http://brightcove.vo.llnwd.net/v1/uds/pd/3588749423001/201505/1014/3588749423001_4208778585001_MATCH-31-DD-3RD-SIX.mp4","publishDate":1430484572188,"message":{"text":null},"tags":["account:iplt20","over 5","2015","ipl2015","playerid 158","six","dd","match:ipl2015-31","IPL 2015","innings 2","kxip","ball 2","ipl2015-31","channel:ipl-match-centre"],"timestamp":1430485675000,"id":1180374,"time":"13:07","updateTime":1430485633016,"sequence":268.75,"type":"Video"},{"bbcode":"Anureet Singh to M Agarwal, %SPEED% good length just outside off stump. He picks up a single","thisOver":"1","progress":{"innings":2,"over":11,"ball":1},"speed":36.3190054293515,"subtype":"BBCode","countingProgress":{"innings":2,"over":10,"ball":1},"bowlerId":412,"nonfacingBatsmanId":1563,"facingBatsmanId":158,"autoText":"Anureet Singh to M Agarwal, %SPEED% good length just outside off stump. He picks up a single","message":{"text":null},"tags":[],"timestamp":1430485773000,"id":1180372,"time":"13:06","updateTime":1430485617242,"sequence":269.0,"type":"Auto"},{"bbcode":"Anureet Singh to S Iyer, %SPEED% full length on off stump. He hits a nice boundary","thisOver":"4","progress":{"innings":2,"over":11,"ball":2},"speed":36.4020802838611,"subtype":"BBCode","countingProgress":{"innings":2,"over":10,"ball":2},"bowlerId":412,"nonfacingBatsmanId":158,"facingBatsmanId":1563,"autoText":"Anureet Singh to S Iyer, %SPEED% full length on off stump. He hits a nice boundary","message":{"text":null},"tags":["four"],"timestamp":1430485773000,"id":1180375,"time":"13:07","updateTime":1430485650840,"sequence":272.0,"type":"Auto"},{"bbcode":"Four! Iyer's turning it on now! Stand and deliver straight drive over extra cover, and it runs away for four","subtype":"BBCode","message":{"text":"<p>Four! Iyer's turning it on now! Stand and deliver straight drive over extra cover, and it runs away for four</p>"},"tags":[],"timestamp":1430485704000,"id":1180376,"time":"13:07","updateTime":1430485669477,"sequence":273.0,"type":"Manual"},{"bbcode":"Anureet Singh to S Iyer, %SPEED% short length outside off stump. He hits a nice boundary","thisOver":"4","progress":{"innings":2,"over":11,"ball":3},"speed":35.8068842199374,"subtype":"BBCode","countingProgress":{"innings":2,"over":10,"ball":3},"bowlerId":412,"nonfacingBatsmanId":158,"facingBatsmanId":1563,"autoText":"Anureet Singh to S Iyer, %SPEED% short length outside off stump. He hits a nice boundary","message":{"text":null},"tags":["four"],"timestamp":1430485773000,"id":1180379,"time":"13:08","updateTime":1430485697170,"sequence":274.0,"type":"Auto"},{"bbcode":"Four! Clever this time from Iyer, as he opens the blade and plays a late cut down to third man for four","subtype":"BBCode","message":{"text":"<p>Four! Clever this time from Iyer, as he opens the blade and plays a late cut down to third man for four</p>"},"tags":[],"timestamp":1430485732000,"id":1180380,"time":"13:08","updateTime":1430485707525,"sequence":275.0,"type":"Manual"},{"bbcode":"Anureet Singh to S Iyer, %SPEED% full length on off stump. He picks up a single","thisOver":"1","progress":{"innings":2,"over":11,"ball":4},"speed":38.3102369244524,"subtype":"BBCode","countingProgress":{"innings":2,"over":10,"ball":4},"bowlerId":412,"nonfacingBatsmanId":158,"facingBatsmanId":1563,"autoText":"Anureet Singh to S Iyer, %SPEED% full length on off stump. He picks up a single","message":{"text":null},"tags":[],"timestamp":1430485773000,"id":1180381,"time":"13:08","updateTime":1430485730508,"sequence":276.0,"type":"Auto"},{"bbcode":"Anureet Singh to M Agarwal, Wide delivery","thisOver":"1Wd","progress":{"innings":2,"over":11,"ball":5},"speed":35.4045596781404,"subtype":"BBCode","countingProgress":{"innings":2,"over":10,"ball":5},"bowlerId":412,"nonfacingBatsmanId":1563,"facingBatsmanId":158,"autoText":"Anureet Singh to M Agarwal, Wide delivery","message":{"text":null},"tags":[],"timestamp":1430485769000,"id":1180382,"time":"13:09","updateTime":1430485769240,"sequence":277.0,"type":"Auto"},{"bbcode":"Anureet Singh to M Agarwal, no run, %SPEED% good length outside off stump. He plays and misses","thisOver":".","progress":{"innings":2,"over":11,"ball":6},"speed":35.6526158571532,"subtype":"BBCode","countingProgress":{"innings":2,"over":10,"ball":5},"bowlerId":412,"nonfacingBatsmanId":1563,"facingBatsmanId":158,"autoText":"Anureet Singh to M Agarwal, no run, %SPEED% good length outside off stump. He plays and misses","message":{"text":null},"tags":[],"timestamp":1430485788000,"id":1180383,"time":"13:09","updateTime":1430485788817,"sequence":278.0,"type":"Auto"},{"bbcode":"Anureet Singh to M Agarwal, 1 run, no-ball. He picks up a single","thisOver":"1Nb","progress":{"innings":2,"over":11,"ball":7},"speed":36.7009387572642,"subtype":"BBCode","countingProgress":{"innings":2,"over":10,"ball":6},"bowlerId":412,"nonfacingBatsmanId":1563,"facingBatsmanId":158,"autoText":"Anureet Singh to M Agarwal, 1 run, no-ball. He picks up a single","message":{"text":null},"tags":[],"timestamp":1430485874000,"id":1180384,"time":"13:10","updateTime":1430485823062,"sequence":279.0,"type":"Auto"},{"bbcode":"The wheels are coming off the KXIP wagon! Anureet oversteps. Sound the free hit klaxon!","subtype":"BBCode","message":{"text":"<p>The wheels are coming off the KXIP wagon! Anureet oversteps. Sound the free hit klaxon!</p>"},"tags":[],"timestamp":1430485857000,"id":1180385,"time":"13:10","updateTime":1430485857355,"sequence":280.0,"type":"Manual"},{"bbcode":"Anureet Singh to M Agarwal, %SPEED% full length just outside off stump. He plays and misses","thisOver":"1","progress":{"innings":2,"over":11,"ball":8},"speed":35.2704514975414,"subtype":"BBCode","countingProgress":{"innings":2,"over":10,"ball":6},"bowlerId":412,"nonfacingBatsmanId":1563,"facingBatsmanId":158,"autoText":"Anureet Singh to M Agarwal, %SPEED% full length just outside off stump. He plays and misses","message":{"text":null},"tags":[],"timestamp":1430485935000,"id":1180386,"time":"13:11","updateTime":1430485863795,"sequence":281.0,"type":"Auto"},{"bbcode":"Good yorker by Anureet, and Agarwal works it down the ground for one","subtype":"BBCode","message":{"text":"<p>Good yorker by Anureet, and Agarwal works it down the ground for one</p>"},"tags":[],"timestamp":1430485889000,"id":1180388,"time":"13:11","updateTime":1430485887115,"sequence":281.5,"type":"Manual"},{"innings":2,"over":11,"overRuns":13,"overWickets":0,"inningsRuns":88,"inningsWickets":0,"inningsAllOut":false,"team":{"id":3,"fullName":"Delhi Daredevils","shortName":"Daredevils","abbreviation":"DD","primaryColor":"B22E2A","secondaryColor":"FFFFFF","type":"m"},"batsmanSummaries":[{"batsman":{"id":158,"fullName":"Mayank Agarwal","shortName":"M Agarwal","nationality":"Indian","rightHandedBat":false,"dateOfBirth":666835200000,"names":["Mayank Agarwal","M Agarwal"]},"runs":34,"balls":31,"fours":3,"sixes":1},{"batsman":{"id":1563,"fullName":"Shreyas Iyer","shortName":"S Iyer","nationality":"Indian","rightHandedBat":true,"dateOfBirth":786672000000,"names":["Shreyas Iyer","S Iyer"]},"runs":47,"balls":36,"fours":3,"sixes":3}],"activeBatsman":158,"bowlerSummary":{"bowler":{"id":412,"fullName":"Anureet Singh","shortName":"Anureet Singh","nationality":"Indian","rightHandedBat":true,"dateOfBirth":383529600000,"names":["Anureet Singh","Anureet Singh"]},"overs":"3","runs":24,"wickets":0,"maidens":0},"inningsBalls":66,"inningsMaxBalls":120,"inningsTarget":119,"message":{"text":null},"tags":[],"timestamp":1430485863000,"id":1180387,"time":"13:11","updateTime":1430485863956,"sequence":282.0,"type":"Eov"},{"subtype":"EmbeddedTweet","tweetjson":{"created_at":"Fri May 01 13:11:21 +0000 2015","id":594126964849385472,"id_str":"594126964849385472","text":"You must say that #DD got Great Young opening pair Mayank and Shreyas way to go  #DD @DelhiDaredevils #IPL #DDvsKXIP #PepsiIPL","source":"<a href=\"http://twitter.com\" rel=\"nofollow\">Twitter Web Client</a>","truncated":false,"in_reply_to_status_id":null,"in_reply_to_status_id_str":null,"in_reply_to_user_id":null,"in_reply_to_user_id_str":null,"in_reply_to_screen_name":null,"user":{"id":97277551,"id_str":"97277551","name":"Parag More","screen_name":"parag_sm","location":"Mumbai,India & In ur Mind Now ","description":"Retweeter Of Awesome Thoughts...Hardcore Cricket,Tennis & Football Addict.. India, Barca and Rafa all the way... Personally Walking on CA path ;)","url":null,"entities":{"description":{"urls":[]}},"protected":false,"followers_count":19,"friends_count":76,"listed_count":1,"created_at":"Wed Dec 16 19:57:46 +0000 2009","favourites_count":152,"utc_offset":19800,"time_zone":"Mumbai","geo_enabled":false,"verified":false,"statuses_count":624,"lang":"en","contributors_enabled":false,"is_translator":false,"is_translation_enabled":false,"profile_background_color":"8B542B","profile_background_image_url":"http://abs.twimg.com/images/themes/theme8/bg.gif","profile_background_image_url_https":"https://abs.twimg.com/images/themes/theme8/bg.gif","profile_background_tile":false,"profile_image_url":"http://pbs.twimg.com/profile_images/472381191157329920/99LPBHwM_normal.jpeg","profile_image_url_https":"https://pbs.twimg.com/profile_images/472381191157329920/99LPBHwM_normal.jpeg","profile_link_color":"9D582E","profile_sidebar_border_color":"D9B17E","profile_sidebar_fill_color":"EADEAA","profile_text_color":"333333","profile_use_background_image":true,"default_profile":false,"default_profile_image":false,"following":false,"follow_request_sent":false,"notifications":false},"geo":null,"coordinates":null,"place":null,"contributors":null,"retweet_count":0,"favorite_count":0,"entities":{"hashtags":[{"text":"DD","indices":[18,21]},{"text":"DD","indices":[81,84]},{"text":"IPL","indices":[102,106]},{"text":"DDvsKXIP","indices":[107,116]},{"text":"PepsiIPL","indices":[117,126]}],"symbols":[],"user_mentions":[{"screen_name":"DelhiDaredevils","name":"Delhi Daredevils","id":176888549,"id_str":"176888549","indices":[85,101]}],"urls":[]},"favorited":false,"retweeted":false,"lang":"en"},"message":{"text":"<blockquote class=\"twitter-tweet\" data-partner=\"tweetdeck\">\n<p lang=\"en\" dir=\"ltr\">You must say that <a href=\"https://twitter.com/hashtag/DD?src=hash\">#DD</a> got Great Young opening pair Mayank and Shreyas way to go <a href=\"https://twitter.com/hashtag/DD?src=hash\">#DD</a> <a href=\"https://twitter.com/DelhiDaredevils\">@DelhiDaredevils</a> <a href=\"https://twitter.com/hashtag/IPL?src=hash\">#IPL</a> <a href=\"https://twitter.com/hashtag/DDvsKXIP?src=hash\">#DDvsKXIP</a> <a href=\"https://twitter.com/hashtag/PepsiIPL?src=hash\">#PepsiIPL</a></p>\n&mdash; Parag More (@parag_sm) <a href=\"https://twitter.com/parag_sm/status/594126964849385472\">May 1, 2015</a></blockquote>\n<script charset=\"utf-8\" type=\"text/javascript\" src=\"http://platform.twitter.com/widgets.js\"></script>"},"tags":[],"timestamp":1430485910000,"id":1180390,"time":"13:11","updateTime":1430485910322,"sequence":283.0,"type":"Manual"},{"bbcode":"T Perera to M Agarwal, %SPEED% good length on middle stump. He picks up a single","thisOver":"1","progress":{"innings":2,"over":12,"ball":1},"speed":35.5833705856057,"subtype":"BBCode","countingProgress":{"innings":2,"over":11,"ball":1},"bowlerId":215,"nonfacingBatsmanId":1563,"facingBatsmanId":158,"autoText":"T Perera to M Agarwal, %SPEED% good length on middle stump. He picks up a single","message":{"text":null},"tags":[],"timestamp":1430486008000,"id":1180391,"time":"13:12","updateTime":1430485932767,"sequence":284.0,"type":"Auto"},{"bbcode":"T Perera to S Iyer, %SPEED% short length just outside off stump. He picks up two","thisOver":"2","progress":{"innings":2,"over":12,"ball":2},"speed":36.9357208526748,"subtype":"BBCode","countingProgress":{"innings":2,"over":11,"ball":2},"bowlerId":215,"nonfacingBatsmanId":158,"facingBatsmanId":1563,"autoText":"T Perera to S Iyer, %SPEED% short length just outside off stump. He picks up two","message":{"text":null},"tags":[],"timestamp":1430486008000,"id":1180392,"time":"13:12","updateTime":1430485968210,"sequence":285.0,"type":"Auto"},{"bbcode":"T Perera to S Iyer, %SPEED% short length going down leg. He hits a nice boundary","thisOver":"4","progress":{"innings":2,"over":12,"ball":3},"speed":34.957532409477,"subtype":"BBCode","countingProgress":{"innings":2,"over":11,"ball":3},"bowlerId":215,"nonfacingBatsmanId":158,"facingBatsmanId":1563,"autoText":"T Perera to S Iyer, %SPEED% short length going down leg. He hits a nice boundary","message":{"text":null},"tags":["four"],"timestamp":1430486057000,"id":1180393,"time":"13:13","updateTime":1430486001579,"sequence":286.0,"type":"Auto"},{"bbcode":"[b]50 for Shreyas Iyer\\n[/b]Four! Lovely way to bring up your 50! Works it off his hips down to fine leg for four","subtype":"BBCode","message":{"text":"<p><strong>50 for Shreyas Iyer<br /></strong>Four! Lovely way to bring up your 50! Works it off his hips down to fine leg for four</p>"},"tags":[],"timestamp":1430486050000,"id":1180394,"time":"13:13","updateTime":1430486022866,"sequence":287.0,"type":"Manual"},{"bbcode":"T Perera to S Iyer, %SPEED% short length outside off stump. He picks up a single","thisOver":"1","progress":{"innings":2,"over":12,"ball":4},"speed":39.2042914617792,"subtype":"BBCode","countingProgress":{"innings":2,"over":11,"ball":4},"bowlerId":215,"nonfacingBatsmanId":158,"facingBatsmanId":1563,"autoText":"T Perera to S Iyer, %SPEED% short length outside off stump. He picks up a single","message":{"text":null},"tags":[],"timestamp":1430486118000,"id":1180395,"time":"13:14","updateTime":1430486049636,"sequence":288.0,"type":"Auto"},{"bbcode":"T Perera to M Agarwal, %SPEED% short length just outside off stump. He plays and misses","thisOver":"4","progress":{"innings":2,"over":12,"ball":5},"speed":36.7834661516259,"subtype":"BBCode","countingProgress":{"innings":2,"over":11,"ball":5},"bowlerId":215,"nonfacingBatsmanId":1563,"facingBatsmanId":158,"autoText":"T Perera to M Agarwal, %SPEED% short length just outside off stump. He plays and misses","message":{"text":null},"tags":["four"],"timestamp":1430486168000,"id":1180396,"time":"13:14","updateTime":1430486075409,"sequence":289.0,"type":"Auto"},{"bbcode":"[b]Four! Dropped! [/b]It's not KXIP's night! Bailey can't hold on to one smashed at him at mid-wicket, and to make matters worse, it goes for four","subtype":"BBCode","message":{"text":"<p><strong>Four! Dropped!&nbsp;</strong>It's not KXIP's night! Bailey can't hold on to one smashed at him at mid-wicket, and to make matters worse, it goes for four</p>"},"tags":[],"timestamp":1430486212000,"id":1180401,"time":"13:16","updateTime":1430486181013,"sequence":289.5,"type":"Manual"},{"bbcode":"T Perera to M Agarwal, %SPEED% short length just outside off stump. He picks up a single","thisOver":"1","progress":{"innings":2,"over":12,"ball":6},"speed":37.4997031682513,"subtype":"BBCode","countingProgress":{"innings":2,"over":11,"ball":6},"bowlerId":215,"nonfacingBatsmanId":1563,"facingBatsmanId":158,"autoText":"T Perera to M Agarwal, %SPEED% short length just outside off stump. He picks up a single","message":{"text":null},"tags":[],"timestamp":1430486169000,"id":1180397,"time":"13:15","updateTime":1430486116939,"sequence":290.0,"type":"Auto"},{"innings":2,"over":12,"overRuns":13,"overWickets":0,"inningsRuns":101,"inningsWickets":0,"inningsAllOut":false,"team":{"id":3,"fullName":"Delhi Daredevils","shortName":"Daredevils","abbreviation":"DD","primaryColor":"B22E2A","secondaryColor":"FFFFFF","type":"m"},"batsmanSummaries":[{"batsman":{"id":158,"fullName":"Mayank Agarwal","shortName":"M Agarwal","nationality":"Indian","rightHandedBat":false,"dateOfBirth":666835200000,"names":["Mayank Agarwal","M Agarwal"]},"runs":40,"balls":34,"fours":4,"sixes":1},{"batsman":{"id":1563,"fullName":"Shreyas Iyer","shortName":"S Iyer","nationality":"Indian","rightHandedBat":true,"dateOfBirth":786672000000,"names":["Shreyas Iyer","S Iyer"]},"runs":54,"balls":39,"fours":4,"sixes":3}],"activeBatsman":158,"bowlerSummary":{"bowler":{"id":215,"fullName":"Thisara Perera","shortName":"T Perera","nationality":"Sri Lankan","rightHandedBat":true,"dateOfBirth":607564800000,"names":["Thisara Perera","T Perera"]},"overs":"2","runs":22,"wickets":0,"maidens":0},"inningsBalls":72,"inningsMaxBalls":120,"inningsTarget":119,"message":{"text":null},"tags":[],"timestamp":1430486169000,"id":1180398,"time":"13:15","updateTime":1430486117104,"sequence":291.0,"type":"Eov"},{"bbcode":"S Thakur to M Agarwal, %SPEED% short length just outside off stump. He hits a nice boundary","thisOver":"4","progress":{"innings":2,"over":13,"ball":1},"speed":37.863209655789,"subtype":"BBCode","countingProgress":{"innings":2,"over":12,"ball":1},"bowlerId":1745,"nonfacingBatsmanId":1563,"facingBatsmanId":158,"autoText":"S Thakur to M Agarwal, %SPEED% short length just outside off stump. He hits a nice boundary","message":{"text":null},"tags":["four"],"timestamp":1430486240000,"id":1180403,"time":"13:16","updateTime":1430486183570,"sequence":292.0,"type":"Auto"},{"bbcode":"S Thakur to M Agarwal, %SPEED% full length outside off stump. He picks up a single","thisOver":"1","progress":{"innings":2,"over":13,"ball":2},"speed":36.9244523915959,"subtype":"BBCode","countingProgress":{"innings":2,"over":12,"ball":2},"bowlerId":1745,"nonfacingBatsmanId":1563,"facingBatsmanId":158,"autoText":"S Thakur to M Agarwal, %SPEED% full length outside off stump. He picks up a single","message":{"text":null},"tags":[],"timestamp":1430486300000,"id":1180404,"time":"13:17","updateTime":1430486227375,"sequence":293.0,"type":"Auto"},{"bbcode":"Four! DD are in a hurry! Short from Thakur, and it's crashed through mid-wicket for four","subtype":"BBCode","message":{"text":"<p>Four! DD are in a hurry! Short from Thakur, and it's crashed through mid-wicket for four</p>"},"tags":[],"timestamp":1430486230000,"id":1180405,"time":"13:17","updateTime":1430486230017,"sequence":294.0,"type":"Manual"},{"bbcode":"S Thakur to S Iyer, [b]WICKET!!! S Iyer is out[/b] c Axar Patel b Shardul Thakur","thisOver":"W","progress":{"innings":2,"over":13,"ball":3},"speed":34.5135160380234,"subtype":"BBCode","countingProgress":{"innings":2,"over":12,"ball":3},"bowlerId":1745,"nonfacingBatsmanId":158,"facingBatsmanId":1563,"autoText":"S Thakur to S Iyer, <b>WICKET!!! S Iyer is out</b> c Axar Patel b Shardul Thakur","message":{"text":null},"tags":["wicket"],"timestamp":1430486315000,"id":1180407,"time":"13:17","updateTime":1430486262493,"sequence":295.0,"type":"Auto"},{"bbcode":"[b]Wicket! [/b]Iyer's sparkling innings comes to an end! Looks to dispatch another one for six over mid-wicket, but picks out Axar in the deep. Too little too late probably for KXIP, but you never know!","subtype":"BBCode","message":{"text":"<p><strong>Wicket!&nbsp;</strong>Iyer's sparkling innings comes to an end! Looks to dispatch another one for six over mid-wicket, but picks out Axar in the deep. Too little too late probably for KXIP, but you never know!</p>"},"tags":[],"timestamp":1430486364000,"id":1180408,"time":"13:18","updateTime":1430486325985,"sequence":296.0,"type":"Manual"},{"bbcode":"S Thakur to M Agarwal, %SPEED% short length going down leg. He picks up two","thisOver":"2","progress":{"innings":2,"over":13,"ball":4},"speed":36.7009387572642,"subtype":"BBCode","countingProgress":{"innings":2,"over":12,"ball":4},"bowlerId":1745,"nonfacingBatsmanId":163,"facingBatsmanId":158,"autoText":"S Thakur to M Agarwal, %SPEED% short length going down leg. He picks up two","message":{"text":null},"tags":[],"timestamp":1430486433000,"id":1180409,"time":"13:19","updateTime":1430486387122,"sequence":297.0,"type":"Auto"},{"bbcode":"S Thakur to M Agarwal, no run, %SPEED% short length just outside off stump. He plays and misses","thisOver":".","progress":{"innings":2,"over":13,"ball":5},"speed":37.9079123826553,"subtype":"BBCode","countingProgress":{"innings":2,"over":12,"ball":5},"bowlerId":1745,"nonfacingBatsmanId":163,"facingBatsmanId":158,"autoText":"S Thakur to M Agarwal, no run, %SPEED% short length just outside off stump. He plays and misses","message":{"text":null},"tags":[],"timestamp":1430486428000,"id":1180410,"time":"13:20","updateTime":1430486419820,"sequence":298.0,"type":"Auto"},{"bbcode":"S Thakur to M Agarwal, %SPEED% short length outside off stump. He hits a nice boundary","thisOver":"4","progress":{"innings":2,"over":13,"ball":6},"speed":35.4492624050067,"subtype":"BBCode","countingProgress":{"innings":2,"over":12,"ball":6},"bowlerId":1745,"nonfacingBatsmanId":163,"facingBatsmanId":158,"autoText":"S Thakur to M Agarwal, %SPEED% short length outside off stump. He hits a nice boundary","message":{"text":null},"tags":["four"],"timestamp":1430486534000,"id":1180411,"time":"13:20","updateTime":1430486455115,"sequence":299.0,"type":"Auto"},{"bbcode":"[b]50 for Mayank Agarwal[/b]\\nFour! That's a sumptuous way to reach 50! Delicious cut through point, and it's raced away for four","subtype":"BBCode","message":{"text":"<p><strong>50 for Mayank Agarwal</strong><br />Four! That's a sumptuous way to reach 50! Delicious cut through point, and it's raced away for four</p>"},"tags":[],"timestamp":1430486506000,"id":1180413,"time":"13:21","updateTime":1430486470950,"sequence":299.5,"type":"Manual"}]}