{"squadId":462,"totalVotes":2696,"players":[{"id":182,"voteCount":2573,"fullName":"JP Duminy","shortName":"JP Duminy"},{"id":113,"voteCount":2394,"fullName":"Yuvraj Singh","shortName":"Y Singh"},{"id":1563,"voteCount":2377,"fullName":"Shreyas Iyer","shortName":"S Iyer"},{"id":898,"voteCount":2347,"fullName":"Imran Tahir","shortName":"I Tahir"},{"id":30,"voteCount":2129,"fullName":"Amit Mishra","shortName":"A Mishra"},{"id":158,"voteCount":2090,"fullName":"Mayank Agarwal","shortName":"M Agarwal"},{"id":297,"voteCount":1986,"fullName":"Kedar Jadhav","shortName":"K Jadhav"},{"id":840,"voteCount":1774,"fullName":"Nathan Coulter-Nile","shortName":"N Coulter-Nile"},{"id":217,"voteCount":1682,"fullName":"Angelo Mathews","shortName":"A Mathews"},{"id":165,"voteCount":1398,"fullName":"Zaheer Khan","shortName":"Z Khan"},{"id":89,"voteCount":1381,"fullName":"Manoj Tiwary","shortName":"M Tiwary"},{"id":26,"voteCount":995,"fullName":"Albie Morkel","shortName":"A Morkel"},{"id":2736,"voteCount":945,"fullName":"Domnic Joseph","shortName":"D Joseph"},{"id":94,"voteCount":884,"fullName":"Mohammed Shami","shortName":"M Shami"},{"id":57,"voteCount":776,"fullName":"Shahbaz Nadeem","shortName":"S Nadeem"},{"id":834,"voteCount":667,"fullName":"Quinton de Kock","shortName":"Q de Kock"},{"id":86,"voteCount":568,"fullName":"Jaidev Unadkat","shortName":"J Unadkat"},{"id":163,"voteCount":400,"fullName":"Saurabh Tiwary","shortName":"S Tiwary"},{"id":1740,"voteCount":302,"fullName":"Jayant Yadav","shortName":"J Yadav"},{"id":155,"voteCount":256,"fullName":"CM Gautam","shortName":"CM Gautam"},{"id":951,"voteCount":100,"fullName":"Gurinder Sandhu","shortName":"G Sandhu"},{"id":1020,"voteCount":79,"fullName":"Travis Head","shortName":"TM Head"},{"id":2735,"voteCount":47,"fullName":"KK Jiyas","shortName":"KK Jiyas"},{"id":2734,"voteCount":46,"fullName":"Srikar Bharat","shortName":"S Bharat"},{"id":964,"voteCount":35,"fullName":"Markus Stoinis","shortName":"MP Stoinis"}]}