{"squadId":461,"totalVotes":14222,"players":[{"id":187,"voteCount":13079,"fullName":"David Miller","shortName":"D Miller"},{"id":1113,"voteCount":12469,"fullName":"Axar Patel","shortName":"A Patel"},{"id":16,"voteCount":12206,"fullName":"Wriddhiman Saha","shortName":"W Saha"},{"id":282,"voteCount":12119,"fullName":"Glenn Maxwell","shortName":"G Maxwell"},{"id":1112,"voteCount":12000,"fullName":"Sandeep Sharma","shortName":"Sandeep Sharma"},{"id":19,"voteCount":11880,"fullName":"George Bailey","shortName":"G Bailey"},{"id":7,"voteCount":11108,"fullName":"Murali Vijay","shortName":"M Vijay"},{"id":1085,"voteCount":10909,"fullName":"Manan Vohra","shortName":"M Vohra"},{"id":412,"voteCount":10662,"fullName":"Anureet Singh","shortName":"Anureet Singh"},{"id":45,"voteCount":7388,"fullName":"Virender Sehwag","shortName":"V Sehwag"},{"id":213,"voteCount":5151,"fullName":"Mitchell Johnson","shortName":"M Johnson"},{"id":1752,"voteCount":4454,"fullName":"Beuran Hendricks","shortName":"B Hendricks"},{"id":1088,"voteCount":4178,"fullName":"Rishi Dhawan","shortName":"R Dhawan"},{"id":253,"voteCount":3967,"fullName":"Gurkeerat Mann Singh","shortName":"GM Singh"},{"id":191,"voteCount":3373,"fullName":"Shaun Marsh","shortName":"S Marsh"},{"id":254,"voteCount":3064,"fullName":"Parvinder Awana","shortName":"P Awana"},{"id":215,"voteCount":2985,"fullName":"Thisara Perera","shortName":"T Perera"},{"id":1743,"voteCount":2590,"fullName":"Karanveer Singh","shortName":"K Singh"},{"id":1744,"voteCount":1128,"fullName":"Shivam Sharma","shortName":"Shivam Sharma"},{"id":1745,"voteCount":813,"fullName":"Shardul Thakur","shortName":"S Thakur"},{"id":2732,"voteCount":793,"fullName":"Nikhil Naik","shortName":"N Naik"},{"id":2733,"voteCount":563,"fullName":"Yogesh Golwalkar","shortName":"Y Golwalkar"}]}