{"squadId":466,"totalVotes":20323,"players":[{"id":233,"voteCount":19570,"fullName":"AB de Villiers","shortName":"AB de Villiers"},{"id":236,"voteCount":19157,"fullName":"Chris Gayle","shortName":"C Gayle"},{"id":164,"voteCount":18999,"fullName":"Virat Kohli","shortName":"V Kohli"},{"id":490,"voteCount":18757,"fullName":"Mitchell Starc","shortName":"M Starc"},{"id":111,"voteCount":17090,"fullName":"Yuzvendra Chahal","shortName":"Y Chahal"},{"id":102,"voteCount":16483,"fullName":"Dinesh Karthik","shortName":"D Karthik"},{"id":157,"voteCount":15450,"fullName":"Harshal Patel","shortName":"H Patel"},{"id":162,"voteCount":12510,"fullName":"Sreenath Arvind","shortName":"S Arvind"},{"id":869,"voteCount":12488,"fullName":"David Wiese","shortName":"D Wiese"},{"id":1564,"voteCount":12229,"fullName":"Sarfaraz Khan","shortName":"S Khan"},{"id":72,"voteCount":11767,"fullName":"Mandeep Singh","shortName":"M Singh"},{"id":61,"voteCount":7669,"fullName":"Varun Aaron","shortName":"V Aaron"},{"id":85,"voteCount":5745,"fullName":"Iqbal Abdulla","shortName":"I Abdulla"},{"id":589,"voteCount":3882,"fullName":"Darren Sammy","shortName":"D Sammy"},{"id":90,"voteCount":3783,"fullName":"Manvinder Bisla","shortName":"M Bisla"},{"id":98,"voteCount":2805,"fullName":"Abu Nechim","shortName":"A Nechim"},{"id":48,"voteCount":2420,"fullName":"Ashok Dinda","shortName":"A Dinda"},{"id":12,"voteCount":2128,"fullName":"Subramaniam Badrinath","shortName":"S Badrinath"},{"id":239,"voteCount":1295,"fullName":"Rilee Rossouw","shortName":"R Rossouw"},{"id":278,"voteCount":1016,"fullName":"Vijay Zol","shortName":"V Zol"},{"id":1092,"voteCount":908,"fullName":"Sandeep Warrier","shortName":"S Warrier"},{"id":942,"voteCount":772,"fullName":"Sean Abbott","shortName":"S Abbott"},{"id":1750,"voteCount":683,"fullName":"Yogesh Takawale","shortName":"Y Takawale"},{"id":858,"voteCount":666,"fullName":"Nic Maddinson","shortName":"N Maddinson"},{"id":2748,"voteCount":557,"fullName":"Shishir Bhavane","shortName":"S Bhavane"},{"id":1087,"voteCount":534,"fullName":"Jalaj Saxena","shortName":"J Saxena"}]}