{"matchInfo":{"description":"Match 50","matchType":"IPLT20","teams":[{"id":3761,"players":[{"names":["Manan Vohra","M Vohra"],"rightHandedBat":true,"dateOfBirth":742953600000,"id":1085,"fullName":"Manan Vohra","shortName":"M Vohra","nationality":"Indian"},{"names":["Wriddhiman Saha","W Saha"],"dateOfBirth":467424000000,"id":16,"fullName":"Wriddhiman Saha","shortName":"W Saha","nationality":"Indian"},{"names":["Glenn Maxwell","G Maxwell"],"dateOfBirth":592790400000,"id":282,"fullName":"Glenn Maxwell","shortName":"G Maxwell","nationality":"Australian"},{"names":["George Bailey","G Bailey"],"dateOfBirth":400204800000,"id":19,"fullName":"George Bailey","shortName":"G Bailey","nationality":"Australian"},{"names":["David Miller","D Miller"],"dateOfBirth":613440000000,"id":187,"fullName":"David Miller","shortName":"D Miller","nationality":"South African"},{"names":["Gurkeerat Mann Singh","GM Singh"],"dateOfBirth":646617600000,"id":253,"fullName":"Gurkeerat Mann Singh","shortName":"GM Singh","nationality":"Indian"},{"names":["Axar Patel","A Patel"],"dateOfBirth":759024000000,"id":1113,"fullName":"Axar Patel","shortName":"A Patel","nationality":"Indian"},{"names":["Rishi Dhawan","R Dhawan"],"rightHandedBat":true,"dateOfBirth":635385600000,"id":1088,"fullName":"Rishi Dhawan","shortName":"R Dhawan","nationality":"Indian"},{"names":["Beuran Hendricks","B Hendricks"],"rightHandedBat":true,"dateOfBirth":644803200000,"id":1752,"fullName":"Beuran Hendricks","shortName":"B Hendricks","nationality":"South African"},{"names":["Anureet Singh","Anureet Singh"],"rightHandedBat":true,"dateOfBirth":383529600000,"id":412,"fullName":"Anureet Singh","shortName":"Anureet Singh","nationality":"Indian"},{"names":["Sandeep Sharma","Sandeep Sharma"],"rightHandedBat":true,"dateOfBirth":737683200000,"id":1112,"fullName":"Sandeep Sharma","shortName":"Sandeep Sharma","nationality":"Indian"}],"team":{"type":"m","fullName":"Kings XI Punjab","shortName":"Kings XI","abbreviation":"KXIP","primaryColor":"DA1F3D","secondaryColor":"FFFFFF","id":4},"wicketKeeper":{"names":["Wriddhiman Saha","W Saha"],"dateOfBirth":467424000000,"id":16,"fullName":"Wriddhiman Saha","shortName":"W Saha","nationality":"Indian"},"captain":{"names":["George Bailey","G Bailey"],"dateOfBirth":400204800000,"id":19,"fullName":"George Bailey","shortName":"G Bailey","nationality":"Australian"}},{"id":3760,"players":[{"names":["Chris Gayle","C Gayle"],"dateOfBirth":306720000000,"id":236,"fullName":"Chris Gayle","shortName":"C Gayle","nationality":"West Indian"},{"names":["Virat Kohli","V Kohli"],"dateOfBirth":594691200000,"id":164,"fullName":"Virat Kohli","shortName":"V Kohli","nationality":"Indian"},{"names":["AB de Villiers","AB de Villiers"],"dateOfBirth":445824000000,"id":233,"fullName":"AB de Villiers","shortName":"AB de Villiers","nationality":"South African"},{"names":["Dinesh Karthik","D Karthik"],"rightHandedBat":true,"dateOfBirth":486432000000,"id":102,"fullName":"Dinesh Karthik","shortName":"D Karthik","nationality":"Indian"},{"names":["Sarfaraz Khan","S Khan"],"rightHandedBat":true,"dateOfBirth":877478400000,"id":1564,"fullName":"Sarfaraz Khan","shortName":"S Khan","nationality":"Indian"},{"names":["Mandeep Singh","M Singh"],"dateOfBirth":693014400000,"id":72,"fullName":"Mandeep Singh","shortName":"M Singh","nationality":"Indian"},{"names":["David Wiese","D Wiese"],"rightHandedBat":true,"dateOfBirth":485222400000,"id":869,"fullName":"David Wiese","shortName":"D Wiese","nationality":"South African"},{"names":["Harshal Patel","H Patel"],"dateOfBirth":659318400000,"id":157,"fullName":"Harshal Patel","shortName":"H Patel","nationality":"Indian"},{"names":["Mitchell Starc","M Starc"],"rightHandedBat":true,"dateOfBirth":633657600000,"id":490,"fullName":"Mitchell Starc","shortName":"M Starc","nationality":"Australian"},{"names":["Sreenath Arvind","S Arvind"],"dateOfBirth":450230400000,"id":162,"fullName":"Sreenath Arvind","shortName":"S Arvind","nationality":"Indian"},{"names":["Yuzvendra Chahal","Y Chahal"],"rightHandedBat":true,"dateOfBirth":1330300800000,"id":111,"fullName":"Yuzvendra Chahal","shortName":"Y Chahal","nationality":"Indian"}],"team":{"type":"m","fullName":"Royal Challengers Bangalore","shortName":"Challengers","abbreviation":"RCB","primaryColor":"F1901D","secondaryColor":"FFFFFF","id":9},"wicketKeeper":{"names":["AB de Villiers","AB de Villiers"],"dateOfBirth":445824000000,"id":233,"fullName":"AB de Villiers","shortName":"AB de Villiers","nationality":"South African"},"captain":{"names":["Virat Kohli","V Kohli"],"dateOfBirth":594691200000,"id":164,"fullName":"Virat Kohli","shortName":"V Kohli","nationality":"Indian"}}],"venue":{"id":9,"country":"India","fullName":"Punjab Cricket Association Stadium","shortName":"PCA Stadium","city":"Mohali"},"matchDate":"2015-05-13T20:00:00+0530","battingOrder":[0,1],"additionalInfo":{"toss.elected":"Royal Challengers Bangalore, who chose to field","match.video.id":"4234678654001","stats.link":"http://www.iplt20.com/news/2015/more-news/6763/quick-stats-m50-kxip-vs-rcb","match.summary":"","photostream.link":"http://www.iplt20.com/photos/298/ipl-2015-match-50-kxip-v-rcb","mom.video.id":"4234678675001","home.team.fan.total":"4559","notes.1.1":"Powerplay - 38 runs, 1 wicket","away.team.fan.total":"5726","notes.1.2":"KXIP: 50 runs in 4.1 overs","umpire.name.3":"O Nandan","notes.1.3":"KXIP: 100 runs in 8.6 overs","umpire.name.4":"Pashchim Pathak","umpire.name.1":"Chettithody Shamshuddin","notes.1.4":"Innings Break: KXIP - 106/6 in 10 overs","umpire.name.2":"Johan Cloete","highlights.link":"http://www.iplt20.com/videos/media/id/4234678654001/m50-kxip-vs-rcb-match-highlights","result.playerofthematch":"Axar Patel","mom.video.thumb":"http://brightcove.vo.llnwd.net/v1/unsecured/media/3588749423001/201505/2825/3588749423001_4234934050001_video-still-for-video-4234678675001.jpg?pubId=3588749423001","interview.link":"http://www.iplt20.com/news/2015/features/6757/plan-was-to-not-give-de-villiers-the-pace-axar-patel","sixes.video.id":"4234678656001","interview.thumb":"http://static2.iplt20.com/cms/media/images/320x213/43113.jpg","referee.name":"Javagal Srinath","match.video.thumb":"http://brightcove.vo.llnwd.net/v1/unsecured/media/3588749423001/201505/1624/3588749423001_4234757080001_video-still-for-video-4234678654001.jpg?pubId=3588749423001","stats.thumb":"http://static2.iplt20.com/cms/media/images/320x213/43127.jpg","toss.winner":"Royal Challengers Bangalore","sixes.video.thumb":"http://brightcove.vo.llnwd.net/v1/unsecured/media/3588749423001/201505/3624/3588749423001_4234757086001_video-still-for-video-4234678656001.jpg?pubId=3588749423001","report.thumb":"http://static2.iplt20.com/cms/media/images/320x213/43099.jpg","notes.2.1":"Powerplay - 33 runs, 1 wicket","report.link":"http://www.iplt20.com/news/2015/match-reports/6751/report-m50-kxip-vs-rcb","notes.2.2":"RCB: 50 runs in 5.1 overs "},"oversLimit":20,"matchState":"C","isLimitedOvers":true,"matchStatus":{"text":"Kings XI Punjab won by 22 runs","outcome":"A"},"matchSummary":"","tournamentLabel":"IPL 2015"},"matchId":{"tournamentId":{"name":"ipl2015","id":2785},"name":"ipl2015-50","id":3275,"parentId":{"name":"ipl2015","id":2785}},"innings":[{"inningsNumber":1,"scorecard":{"runs":106,"extras":{"wideRuns":3,"legByeRuns":1},"battingStats":[{"mod":{"text":"c Mandeep Singh b David Wiese","dismissedBp":{"over":3,"innings":1,"ball":1},"countingBp":{"over":3,"innings":1,"ball":1},"bowlerId":869,"additionalPlayerIds":[72],"dismissedMethod":"ct"},"playerId":16,"r":31,"b":12,"sr":"258.33","4s":5,"6s":1},{"mod":{"text":"c Mandeep Singh b Harshal Patel","dismissedBp":{"over":5,"innings":1,"ball":2},"countingBp":{"over":5,"innings":1,"ball":2},"bowlerId":157,"additionalPlayerIds":[72],"dismissedMethod":"ct"},"playerId":1085,"r":11,"b":6,"sr":"183.33","4s":0,"6s":1},{"mod":{"text":"c AB de Villiers b Harshal Patel","dismissedBp":{"over":5,"innings":1,"ball":4},"countingBp":{"over":5,"innings":1,"ball":4},"bowlerId":157,"additionalPlayerIds":[233],"dismissedMethod":"ct"},"playerId":282,"r":10,"b":10,"sr":"100.00","4s":1,"6s":0},{"mod":{"text":"st Dinesh Karthik b Yuzvendra Chahal","dismissedBp":{"over":6,"innings":1,"ball":5},"countingBp":{"over":6,"innings":1,"ball":4},"bowlerId":111,"additionalPlayerIds":[102],"dismissedMethod":"st"},"playerId":187,"r":14,"b":4,"sr":"350.00","4s":0,"6s":2},{"mod":{"text":"b Yuzvendra Chahal","dismissedBp":{"over":9,"innings":1,"ball":5},"countingBp":{"over":9,"innings":1,"ball":5},"bowlerId":111,"dismissedMethod":"b"},"playerId":19,"r":13,"b":9,"sr":"144.44","4s":1,"6s":0},{"playerId":1113,"r":20,"b":15,"sr":"133.33","4s":1,"6s":1},{"mod":{"text":"c Dinesh Karthik b Mitchell Starc","dismissedBp":{"over":10,"innings":1,"ball":3},"countingBp":{"over":10,"innings":1,"ball":3},"bowlerId":490,"additionalPlayerIds":[102],"dismissedMethod":"ct"},"playerId":253,"r":2,"b":3,"sr":"66.66","4s":0,"6s":0},{"playerId":1088,"r":1,"b":1,"sr":"100.00","4s":0,"6s":0}],"bowlingStats":[{"playerId":490,"r":20,"w":1,"ov":"2","d":1,"maid":0,"e":"10.00","wd":1,"nb":0},{"playerId":162,"r":31,"w":0,"ov":"2","d":2,"maid":0,"e":"15.50","wd":1,"nb":0},{"playerId":869,"r":17,"w":1,"ov":"2","d":4,"maid":0,"e":"8.50","wd":0,"nb":0},{"playerId":157,"r":12,"w":2,"ov":"2","d":4,"maid":0,"e":"6.00","wd":0,"nb":0},{"playerId":111,"r":25,"w":2,"ov":"2","d":3,"maid":0,"e":"12.50","wd":1,"nb":0}],"wkts":6,"fow":[{"bp":{"over":3,"innings":1,"ball":1},"playerId":16,"r":34,"w":1},{"bp":{"over":5,"innings":1,"ball":2},"playerId":1085,"r":50,"w":2},{"bp":{"over":5,"innings":1,"ball":4},"playerId":282,"r":54,"w":3},{"bp":{"over":6,"innings":1,"ball":4},"playerId":187,"r":71,"w":4},{"bp":{"over":9,"innings":1,"ball":5},"playerId":19,"r":99,"w":5},{"bp":{"over":10,"innings":1,"ball":3},"playerId":253,"r":102,"w":6}]},"overProgress":"10","runRate":"10.60","overHistory":[{"ovNo":1,"ovBalls":["2","1Wd","1","1","4","4","1"]},{"ovNo":2,"ovBalls":["4","4",".","6","4","1Wd","1"]},{"ovNo":3,"ovBalls":["W",".","3",".",".","1"]},{"ovNo":4,"ovBalls":[".","1","6","1","2","1"]},{"ovNo":5,"ovBalls":["1","W","4","W","1","1"]},{"ovNo":6,"ovBalls":["6","6","1","1","1WdW",".","1"]},{"ovNo":7,"ovBalls":["4","1","1","1","4","2"]},{"ovNo":8,"ovBalls":[".","1","1",".","1","2"]},{"ovNo":9,"ovBalls":["6","1Lb","1","1","W","1"]},{"ovNo":10,"ovBalls":["1","1","W","1","2","1"]}],"rodl":{"overs":"10"}},{"inningsNumber":2,"scorecard":{"runs":84,"extras":{"noBallRuns":1,"wideRuns":2,"legByeRuns":5},"battingStats":[{"mod":{"text":"c Wriddhiman Saha b Sandeep Sharma","dismissedBp":{"over":5,"innings":2,"ball":6},"countingBp":{"over":5,"innings":2,"ball":4},"bowlerId":1112,"additionalPlayerIds":[16],"dismissedMethod":"ct"},"playerId":236,"r":17,"b":14,"sr":"121.42","4s":1,"6s":1},{"mod":{"text":"b Anureet Singh","dismissedBp":{"over":3,"innings":2,"ball":6},"countingBp":{"over":3,"innings":2,"ball":6},"bowlerId":412,"dismissedMethod":"b"},"playerId":164,"r":19,"b":9,"sr":"211.11","4s":2,"6s":1},{"mod":{"text":"c Beuran Hendricks b Axar Patel","dismissedBp":{"over":7,"innings":2,"ball":4},"countingBp":{"over":7,"innings":2,"ball":4},"bowlerId":1113,"additionalPlayerIds":[1752],"dismissedMethod":"ct"},"playerId":233,"r":10,"b":9,"sr":"111.11","4s":1,"6s":0},{"mod":{"text":"c David Miller b Axar Patel","dismissedBp":{"over":9,"innings":2,"ball":4},"countingBp":{"over":9,"innings":2,"ball":4},"bowlerId":1113,"additionalPlayerIds":[187],"dismissedMethod":"ct"},"playerId":72,"r":20,"b":14,"sr":"142.85","4s":2,"6s":0},{"mod":{"text":"c David Miller b Beuran Hendricks","dismissedBp":{"over":8,"innings":2,"ball":5},"countingBp":{"over":8,"innings":2,"ball":5},"bowlerId":1752,"additionalPlayerIds":[187],"dismissedMethod":"ct"},"playerId":102,"r":2,"b":4,"sr":"50.00","4s":0,"6s":0},{"mod":{"text":"c Beuran Hendricks b Anureet Singh","dismissedBp":{"over":10,"innings":2,"ball":6},"countingBp":{"over":10,"innings":2,"ball":5},"bowlerId":412,"additionalPlayerIds":[1752],"dismissedMethod":"ct"},"playerId":1564,"r":4,"b":6,"sr":"66.66","4s":0,"6s":0},{"playerId":869,"r":4,"b":5,"sr":"80.00","4s":0,"6s":0},{"playerId":157,"r":0,"b":0,"4s":0,"6s":0}],"bowlingStats":[{"playerId":1112,"r":20,"w":1,"ov":"2","d":5,"maid":0,"e":"10.00","wd":2,"nb":0},{"playerId":1752,"r":9,"w":1,"ov":"2","d":5,"maid":0,"e":"4.50","wd":0,"nb":0},{"playerId":412,"r":21,"w":2,"ov":"2","d":5,"maid":0,"e":"10.50","wd":0,"nb":1},{"playerId":1088,"r":18,"w":0,"ov":"2","d":0,"maid":0,"e":"9.00","wd":0,"nb":0},{"playerId":1113,"r":11,"w":2,"ov":"2","d":4,"maid":0,"e":"5.50","wd":0,"nb":0}],"wkts":6,"fow":[{"bp":{"over":3,"innings":2,"ball":6},"playerId":164,"r":33,"w":1},{"bp":{"over":5,"innings":2,"ball":4},"playerId":236,"r":44,"w":2},{"bp":{"over":7,"innings":2,"ball":4},"playerId":233,"r":67,"w":3},{"bp":{"over":8,"innings":2,"ball":5},"playerId":102,"r":74,"w":4},{"bp":{"over":9,"innings":2,"ball":4},"playerId":72,"r":77,"w":5},{"bp":{"over":10,"innings":2,"ball":5},"playerId":1564,"r":83,"w":6}]},"overProgress":"10","runRate":"8.40","overHistory":[{"ovNo":1,"ovBalls":[".",".","6",".","4","."]},{"ovNo":2,"ovBalls":[".",".","1","2","1","2"]},{"ovNo":3,"ovBalls":["1Lb","4","2","6","4","W"]},{"ovNo":4,"ovBalls":["1","1","1","1","1","1"]},{"ovNo":5,"ovBalls":["1Wd","1","1","1","1Wd","W","4","1"]},{"ovNo":6,"ovBalls":["1","4","1","2","2","2"]},{"ovNo":7,"ovBalls":["1Lb","4","1Lb","W","1","1"]},{"ovNo":8,"ovBalls":["1","2Lb","1","1","W","."]},{"ovNo":9,"ovBalls":["1","1","1","W","1","1"]},{"ovNo":10,"ovBalls":["2Nb",".","1",".","1","W","1"]}],"rodl":{"overs":"10"}}],"currentState":{"phase":"C","facingBatsman":869,"nonFacingBatsman":157,"currentInningsIndex":1,"currentPartnership":1,"currentBowler":-1,"currentBatsmen":[869,157],"recentOvers":[{"ovNo":5,"ovBalls":["1Wd","1","1","1","1Wd","W","4","1"]},{"ovNo":6,"ovBalls":["1","4","1","2","2","2"]},{"ovNo":7,"ovBalls":["1Lb","4","1Lb","W","1","1"]},{"ovNo":8,"ovBalls":["1","2Lb","1","1","W","."]},{"ovNo":9,"ovBalls":["1","1","1","W","1","1"]},{"ovNo":10,"ovBalls":["2Nb",".","1",".","1","W","1"]}]}}