{"fragment":7,"updateTime":1430676253000,"matchId":{"id":3261,"name":"ipl2015-36 - RR vs. DD","matchIdName":"ipl2015-36"},"commentaries":[{"bbcode":"S Watson to JP Duminy, %SPEED% good length just outside off stump. He picks up a single","thisOver":"1","progress":{"innings":2,"over":12,"ball":4},"speed":36.857528205586,"subtype":"BBCode","countingProgress":{"innings":2,"over":11,"ball":4},"bowlerId":227,"nonfacingBatsmanId":217,"facingBatsmanId":182,"autoText":"S Watson to JP Duminy, %SPEED% good length just outside off stump. He picks up a single","message":{"text":null},"tags":[],"timestamp":1430674217000,"id":1184738,"time":"17:25","updateTime":1430673950178,"sequence":300.5,"type":"Auto"},{"bbcode":"S Watson to A Mathews. He hits a nice boundary","thisOver":"4","progress":{"innings":2,"over":12,"ball":5},"speed":-1.0,"subtype":"BBCode","countingProgress":{"innings":2,"over":11,"ball":5},"bowlerId":227,"nonfacingBatsmanId":182,"facingBatsmanId":217,"autoText":"S Watson to A Mathews. He hits a nice boundary","message":{"text":null},"tags":["four"],"timestamp":1430674565000,"id":1184739,"time":"17:26","updateTime":1430674001197,"sequence":301.5,"type":"Auto"},{"bbcode":"Four! Mathews finally gets one out the middle. Short from Watson, and it's hammered past fine leg for four","subtype":"BBCode","message":{"text":"<p>Four! Mathews finally gets one out the middle. Short from Watson, and it's hammered past fine leg for four</p>"},"tags":[],"timestamp":1430674033000,"id":1184742,"time":"17:27","updateTime":1430674033103,"sequence":303.5,"type":"Manual"},{"bbcode":"S Watson to A Mathews, %SPEED% full length going down leg. He picks up two","thisOver":"2","progress":{"innings":2,"over":12,"ball":6},"speed":36.029780907577,"subtype":"BBCode","countingProgress":{"innings":2,"over":11,"ball":6},"bowlerId":227,"nonfacingBatsmanId":182,"facingBatsmanId":217,"autoText":"S Watson to A Mathews, %SPEED% full length going down leg. He picks up two","message":{"text":null},"tags":[],"timestamp":1430674568000,"id":1184745,"time":"17:27","updateTime":1430674043118,"sequence":304.5,"type":"Auto"},{"innings":2,"over":12,"overRuns":15,"overWickets":0,"inningsRuns":87,"inningsWickets":3,"inningsAllOut":false,"team":{"id":3,"fullName":"Delhi Daredevils","shortName":"Daredevils","abbreviation":"DD","primaryColor":"B22E2A","secondaryColor":"FFFFFF","type":"m"},"batsmanSummaries":[{"batsman":{"id":217,"fullName":"Angelo Mathews","shortName":"A Mathews","nationality":"Sri Lankan","rightHandedBat":false,"dateOfBirth":549590400000,"names":["Angelo Mathews","A Mathews"]},"runs":11,"balls":13,"fours":1,"sixes":0},{"batsman":{"id":182,"fullName":"JP Duminy","shortName":"JP Duminy","nationality":"South African","rightHandedBat":false,"dateOfBirth":450748800000,"names":["JP Duminy","JP Duminy"]},"runs":27,"balls":21,"fours":2,"sixes":2}],"activeBatsman":182,"bowlerSummary":{"bowler":{"id":227,"fullName":"Shane Watson","shortName":"S Watson","nationality":"Australian","rightHandedBat":true,"dateOfBirth":361584000000,"names":["Shane Watson","S Watson"]},"overs":"4","runs":25,"wickets":1,"maidens":1},"inningsBalls":72,"inningsMaxBalls":120,"inningsTarget":190,"message":{"text":null},"tags":[],"timestamp":1430674043000,"id":1184746,"time":"17:27","updateTime":1430674043255,"sequence":305.5,"type":"Eov"},{"bbcode":"R Bhatia to JP Duminy, no run. He doesn't offer a shot","thisOver":".","progress":{"innings":2,"over":13,"ball":1},"speed":-1.0,"subtype":"BBCode","countingProgress":{"innings":2,"over":12,"ball":1},"bowlerId":92,"nonfacingBatsmanId":217,"facingBatsmanId":182,"autoText":"R Bhatia to JP Duminy, no run. He doesn't offer a shot","message":{"text":null},"tags":[],"timestamp":1430674568000,"id":1184751,"time":"17:28","updateTime":1430674127455,"sequence":306.5,"type":"Auto"},{"bbcode":"R Bhatia to JP Duminy, %SPEED% good length on middle stump. He picks up two","thisOver":"2","progress":{"innings":2,"over":13,"ball":2},"speed":35.0022351363433,"subtype":"BBCode","countingProgress":{"innings":2,"over":12,"ball":2},"bowlerId":92,"nonfacingBatsmanId":217,"facingBatsmanId":182,"autoText":"R Bhatia to JP Duminy, %SPEED% good length on middle stump. He picks up two","message":{"text":null},"tags":[],"timestamp":1430674574000,"id":1184755,"time":"17:29","updateTime":1430674159460,"sequence":307.5,"type":"Auto"},{"bbcode":"R Bhatia to JP Duminy, %SPEED% good length outside off stump. He picks up a single","thisOver":"1","progress":{"innings":2,"over":13,"ball":3},"speed":36.1198033080018,"subtype":"BBCode","countingProgress":{"innings":2,"over":12,"ball":3},"bowlerId":92,"nonfacingBatsmanId":217,"facingBatsmanId":182,"autoText":"R Bhatia to JP Duminy, %SPEED% good length outside off stump. He picks up a single","message":{"text":null},"tags":[],"timestamp":1430674574000,"id":1184756,"time":"17:29","updateTime":1430674191039,"sequence":308.5,"type":"Auto"},{"bbcode":"R Bhatia to A Mathews, %SPEED% short length outside off stump. He picks up a single","thisOver":"1","progress":{"innings":2,"over":13,"ball":4},"speed":35.1810460438087,"subtype":"BBCode","countingProgress":{"innings":2,"over":12,"ball":4},"bowlerId":92,"nonfacingBatsmanId":182,"facingBatsmanId":217,"autoText":"R Bhatia to A Mathews, %SPEED% short length outside off stump. He picks up a single","message":{"text":null},"tags":[],"timestamp":1430674576000,"id":1184759,"time":"17:30","updateTime":1430674233666,"sequence":309.5,"type":"Auto"},{"bbcode":"R Bhatia to JP Duminy, %SPEED% good length on off stump. He hits a great shot, that has gone all the way","thisOver":"6","progress":{"innings":2,"over":13,"ball":5},"speed":30.9789897183728,"subtype":"BBCode","countingProgress":{"innings":2,"over":12,"ball":5},"bowlerId":92,"nonfacingBatsmanId":217,"facingBatsmanId":182,"autoText":"R Bhatia to JP Duminy, %SPEED% good length on off stump. He hits a great shot, that has gone all the way","message":{"text":null},"tags":["six"],"timestamp":1430674576000,"id":1184760,"time":"17:31","updateTime":1430674265786,"sequence":310.5,"type":"Auto"},{"bbcode":"[b]Six![/b] That's an absolute monster! In the slot, and Duminy creams it over long on","subtype":"BBCode","message":{"text":"<p><strong>Six!</strong> That's an absolute monster! In the slot, and Duminy creams it over long on</p>"},"tags":[],"timestamp":1430674293000,"id":1184762,"time":"17:31","updateTime":1430674293748,"sequence":311.5,"type":"Manual"},{"bbcode":"R Bhatia to JP Duminy, %SPEED% good length on middle stump. He hits a nice boundary","thisOver":"4","progress":{"innings":2,"over":13,"ball":6},"speed":30.2990061421591,"subtype":"BBCode","countingProgress":{"innings":2,"over":12,"ball":6},"bowlerId":92,"nonfacingBatsmanId":217,"facingBatsmanId":182,"autoText":"R Bhatia to JP Duminy, %SPEED% good length on middle stump. He hits a nice boundary","message":{"text":null},"tags":["four"],"timestamp":1430674576000,"id":1184763,"time":"17:31","updateTime":1430674298697,"sequence":312.5,"type":"Auto"},{"bbcode":"Four! And now great placement between long on and deep mid-wicket","subtype":"BBCode","message":{"text":"<p>Four! And now great placement between long on and deep mid-wicket</p>"},"tags":[],"timestamp":1430674329000,"id":1184766,"time":"17:32","updateTime":1430674327684,"sequence":313.0,"type":"Manual"},{"innings":2,"over":13,"overRuns":14,"overWickets":0,"inningsRuns":101,"inningsWickets":3,"inningsAllOut":false,"team":{"id":3,"fullName":"Delhi Daredevils","shortName":"Daredevils","abbreviation":"DD","primaryColor":"B22E2A","secondaryColor":"FFFFFF","type":"m"},"batsmanSummaries":[{"batsman":{"id":182,"fullName":"JP Duminy","shortName":"JP Duminy","nationality":"South African","rightHandedBat":false,"dateOfBirth":450748800000,"names":["JP Duminy","JP Duminy"]},"runs":40,"balls":26,"fours":3,"sixes":3},{"batsman":{"id":217,"fullName":"Angelo Mathews","shortName":"A Mathews","nationality":"Sri Lankan","rightHandedBat":false,"dateOfBirth":549590400000,"names":["Angelo Mathews","A Mathews"]},"runs":12,"balls":14,"fours":1,"sixes":0}],"activeBatsman":217,"bowlerSummary":{"bowler":{"id":92,"fullName":"Rajat Bhatia","shortName":"R Bhatia","nationality":"Indian","rightHandedBat":false,"dateOfBirth":309398400000,"names":["Rajat Bhatia","R Bhatia"]},"overs":"1","runs":14,"wickets":0,"maidens":0},"inningsBalls":78,"inningsMaxBalls":120,"inningsTarget":190,"message":{"text":null},"tags":[],"timestamp":1430674298000,"id":1184764,"time":"17:31","updateTime":1430674298832,"sequence":313.5,"type":"Eov"},{"bbcode":"Now then, it's Strategic Timeout time and it's started to get interesting again. RR looked to have this in the bag, but Duminy has started timing the ball very sweetly again.","subtype":"BBCode","message":{"text":"<p>Now then, it's Strategic Timeout time and it's started to get interesting again. RR looked to have this in the bag, but Duminy has started timing the ball very sweetly again.</p>"},"tags":[],"timestamp":1430674363000,"id":1184768,"time":"17:32","updateTime":1430674363800,"sequence":314.5,"type":"Manual"},{"bbcode":"S Binny to A Mathews, Wide delivery","thisOver":"1Wd","progress":{"innings":2,"over":14,"ball":1},"speed":34.7224994734854,"subtype":"BBCode","countingProgress":{"innings":2,"over":13,"ball":1},"bowlerId":148,"nonfacingBatsmanId":182,"facingBatsmanId":217,"autoText":"S Binny to A Mathews, Wide delivery","message":{"text":null},"tags":[],"timestamp":1430674869000,"id":1184771,"time":"17:35","updateTime":1430674540759,"sequence":315.5,"type":"Auto"},{"bbcode":"S Binny to A Mathews, no run, %SPEED% good length just outside off stump. He doesn't offer a shot","thisOver":".","progress":{"innings":2,"over":14,"ball":2},"speed":34.7919603134411,"subtype":"BBCode","countingProgress":{"innings":2,"over":13,"ball":1},"bowlerId":148,"nonfacingBatsmanId":182,"facingBatsmanId":217,"autoText":"S Binny to A Mathews, no run, %SPEED% good length just outside off stump. He doesn't offer a shot","message":{"text":null},"tags":[],"timestamp":1430674873000,"id":1184775,"time":"17:36","updateTime":1430674575685,"sequence":316.5,"type":"Auto"},{"bbcode":"S Binny to A Mathews, %SPEED% short length on middle stump. He hits a nice boundary","thisOver":"4","progress":{"innings":2,"over":14,"ball":3},"speed":34.6161148293819,"subtype":"BBCode","countingProgress":{"innings":2,"over":13,"ball":2},"bowlerId":148,"nonfacingBatsmanId":182,"facingBatsmanId":217,"autoText":"S Binny to A Mathews, %SPEED% short length on middle stump. He hits a nice boundary","message":{"text":null},"tags":["four"],"timestamp":1430674873000,"id":1184776,"time":"17:36","updateTime":1430674604408,"sequence":317.5,"type":"Auto"},{"bbcode":"Four! Lovely scoop shot from Mathews goes over fine leg and it runs away for four","subtype":"BBCode","message":{"text":"<p>Four! Lovely scoop shot from Mathews goes over fine leg and it runs away for four</p>"},"tags":[],"timestamp":1430674633000,"id":1184778,"time":"17:37","updateTime":1430674633127,"sequence":318.5,"type":"Manual"},{"bbcode":"S Binny to A Mathews, [b]WICKET!!! A Mathews is out[/b] c Sanju Samson b Stuart Binny","thisOver":"W","progress":{"innings":2,"over":14,"ball":4},"speed":34.6229368512663,"subtype":"BBCode","countingProgress":{"innings":2,"over":13,"ball":3},"bowlerId":148,"nonfacingBatsmanId":182,"facingBatsmanId":217,"autoText":"S Binny to A Mathews, <b>WICKET!!! A Mathews is out</b> c Sanju Samson b Stuart Binny","message":{"text":null},"tags":["wicket"],"timestamp":1430674874000,"id":1184780,"time":"17:37","updateTime":1430674648087,"sequence":319.5,"type":"Auto"},{"bbcode":"[b]Wicket![/b] That's a big wicket! Samson charges, but gets an outside edge, and Samson does well to hold on","subtype":"BBCode","message":{"text":"<p><strong>Wicket!</strong> That's a big wicket! Samson charges, but gets an outside edge, and Samson does well to hold on</p>"},"tags":[],"timestamp":1430674710000,"id":1184782,"time":"17:38","updateTime":1430674710367,"sequence":320.5,"type":"Manual"},{"bbcode":"S Binny to K Jadhav, no run, %SPEED% full toss going down leg. He plays and misses","thisOver":".","progress":{"innings":2,"over":14,"ball":5},"speed":35.6965525661341,"subtype":"BBCode","countingProgress":{"innings":2,"over":13,"ball":4},"bowlerId":148,"nonfacingBatsmanId":182,"facingBatsmanId":297,"autoText":"S Binny to K Jadhav, no run, %SPEED% full toss going down leg. He plays and misses","message":{"text":null},"tags":[],"timestamp":1430675246000,"id":1184784,"time":"17:39","updateTime":1430674753378,"sequence":321.5,"type":"Auto"},{"bbcode":"S Binny to K Jadhav, %SPEED% short length just outside off stump. He plays and misses","thisOver":"2","progress":{"innings":2,"over":14,"ball":6},"speed":35.2048260395856,"subtype":"BBCode","countingProgress":{"innings":2,"over":13,"ball":5},"bowlerId":148,"nonfacingBatsmanId":182,"facingBatsmanId":297,"autoText":"S Binny to K Jadhav, %SPEED% short length just outside off stump. He plays and misses","message":{"text":null},"tags":[],"timestamp":1430675247000,"id":1184785,"time":"17:39","updateTime":1430674796761,"sequence":322.5,"type":"Auto"},{"bbcode":"S Binny to K Jadhav, Wide delivery","thisOver":"1Wd","progress":{"innings":2,"over":14,"ball":7},"speed":34.5115140600886,"subtype":"BBCode","countingProgress":{"innings":2,"over":13,"ball":6},"bowlerId":148,"nonfacingBatsmanId":182,"facingBatsmanId":297,"autoText":"S Binny to K Jadhav, Wide delivery","message":{"text":null},"tags":[],"timestamp":1430675247000,"id":1184786,"time":"17:40","updateTime":1430674828933,"sequence":323.5,"type":"Auto"},{"bbcode":"S Binny to K Jadhav, %SPEED% short length on middle stump. He picks up two","thisOver":"2","progress":{"innings":2,"over":14,"ball":8},"speed":35.0167637245455,"subtype":"BBCode","countingProgress":{"innings":2,"over":13,"ball":6},"bowlerId":148,"nonfacingBatsmanId":182,"facingBatsmanId":297,"autoText":"S Binny to K Jadhav, %SPEED% short length on middle stump. He picks up two","message":{"text":null},"tags":[],"timestamp":1430675247000,"id":1184788,"time":"17:41","updateTime":1430674861881,"sequence":324.5,"type":"Auto"},{"innings":2,"over":14,"overRuns":10,"overWickets":1,"inningsRuns":111,"inningsWickets":4,"inningsAllOut":false,"team":{"id":3,"fullName":"Delhi Daredevils","shortName":"Daredevils","abbreviation":"DD","primaryColor":"B22E2A","secondaryColor":"FFFFFF","type":"m"},"batsmanSummaries":[{"batsman":{"id":297,"fullName":"Kedar Jadhav","shortName":"K Jadhav","nationality":"Indian","rightHandedBat":true,"dateOfBirth":480643200000,"names":["Kedar Jadhav","K Jadhav"]},"runs":4,"balls":3,"fours":0,"sixes":0},{"batsman":{"id":182,"fullName":"JP Duminy","shortName":"JP Duminy","nationality":"South African","rightHandedBat":false,"dateOfBirth":450748800000,"names":["JP Duminy","JP Duminy"]},"runs":40,"balls":26,"fours":3,"sixes":3}],"activeBatsman":182,"bowlerSummary":{"bowler":{"id":148,"fullName":"Stuart Binny","shortName":"S Binny","nationality":"Indian","rightHandedBat":false,"dateOfBirth":455068800000,"names":["Stuart Binny","S Binny"]},"overs":"2","runs":27,"wickets":2,"maidens":0},"inningsBalls":84,"inningsMaxBalls":120,"inningsTarget":190,"message":{"text":null},"tags":[],"timestamp":1430674862000,"id":1184789,"time":"17:41","updateTime":1430674862017,"sequence":325.5,"type":"Eov"},{"bbcode":"R Bhatia to JP Duminy, no run, %SPEED% short length outside off stump. He plays and misses","thisOver":".","progress":{"innings":2,"over":15,"ball":1},"speed":24.9741999709583,"subtype":"BBCode","countingProgress":{"innings":2,"over":14,"ball":1},"bowlerId":92,"nonfacingBatsmanId":297,"facingBatsmanId":182,"autoText":"R Bhatia to JP Duminy, no run, %SPEED% short length outside off stump. He plays and misses","message":{"text":null},"tags":[],"timestamp":1430675549000,"id":1184794,"time":"17:42","updateTime":1430674957528,"sequence":326.5,"type":"Auto"},{"bbcode":"R Bhatia to JP Duminy, %SPEED% short length outside off stump. He picks up a single","thisOver":"1","progress":{"innings":2,"over":15,"ball":2},"speed":34.5226256251614,"subtype":"BBCode","countingProgress":{"innings":2,"over":14,"ball":2},"bowlerId":92,"nonfacingBatsmanId":297,"facingBatsmanId":182,"autoText":"R Bhatia to JP Duminy, %SPEED% short length outside off stump. He picks up a single","message":{"text":null},"tags":[],"timestamp":1430675549000,"id":1184795,"time":"17:42","updateTime":1430674979499,"sequence":327.5,"type":"Auto"},{"bbcode":"R Bhatia to K Jadhav, %SPEED% full length just outside off stump. He hits a great shot, that has gone all the way","thisOver":"6","progress":{"innings":2,"over":15,"ball":3},"speed":32.051855163165,"subtype":"BBCode","countingProgress":{"innings":2,"over":14,"ball":3},"bowlerId":92,"nonfacingBatsmanId":182,"facingBatsmanId":297,"autoText":"R Bhatia to K Jadhav, %SPEED% full length just outside off stump. He hits a great shot, that has gone all the way","message":{"text":null},"tags":["six"],"timestamp":1430675856000,"id":1184796,"time":"17:43","updateTime":1430675023331,"sequence":328.5,"type":"Auto"},{"bbcode":"[b]Six![/b] What a hit! Down on one knee and slogs it over cow corner","subtype":"BBCode","message":{"text":"<p><strong>Six!</strong> What a hit! Down on one knee and slogs it over cow corner</p>"},"tags":[],"timestamp":1430675058000,"id":1184798,"time":"17:44","updateTime":1430675044049,"sequence":329.5,"type":"Manual"},{"bbcode":"R Bhatia to K Jadhav, no run. He doesn't offer a shot","thisOver":".","progress":{"innings":2,"over":15,"ball":4},"speed":-1.0,"subtype":"BBCode","countingProgress":{"innings":2,"over":14,"ball":4},"bowlerId":92,"nonfacingBatsmanId":182,"facingBatsmanId":297,"autoText":"R Bhatia to K Jadhav, no run. He doesn't offer a shot","message":{"text":null},"tags":[],"timestamp":1430675550000,"id":1184799,"time":"17:44","updateTime":1430675056305,"sequence":330.5,"type":"Auto"},{"bbcode":"R Bhatia to K Jadhav. He picks up a single","thisOver":"1","progress":{"innings":2,"over":15,"ball":5},"speed":-1.0,"subtype":"BBCode","countingProgress":{"innings":2,"over":14,"ball":5},"bowlerId":92,"nonfacingBatsmanId":182,"facingBatsmanId":297,"autoText":"R Bhatia to K Jadhav. He picks up a single","message":{"text":null},"tags":[],"timestamp":1430675550000,"id":1184801,"time":"17:44","updateTime":1430675088396,"sequence":331.5,"type":"Auto"},{"bbcode":"R Bhatia to JP Duminy. He picks up a single","thisOver":"1","progress":{"innings":2,"over":15,"ball":6},"speed":-1.0,"subtype":"BBCode","countingProgress":{"innings":2,"over":14,"ball":6},"bowlerId":92,"nonfacingBatsmanId":297,"facingBatsmanId":182,"autoText":"R Bhatia to JP Duminy. He picks up a single","message":{"text":null},"tags":[],"timestamp":1430675550000,"id":1184803,"time":"17:45","updateTime":1430675119937,"sequence":332.5,"type":"Auto"},{"innings":2,"over":15,"overRuns":9,"overWickets":0,"inningsRuns":120,"inningsWickets":4,"inningsAllOut":false,"team":{"id":3,"fullName":"Delhi Daredevils","shortName":"Daredevils","abbreviation":"DD","primaryColor":"B22E2A","secondaryColor":"FFFFFF","type":"m"},"batsmanSummaries":[{"batsman":{"id":182,"fullName":"JP Duminy","shortName":"JP Duminy","nationality":"South African","rightHandedBat":false,"dateOfBirth":450748800000,"names":["JP Duminy","JP Duminy"]},"runs":42,"balls":29,"fours":3,"sixes":3},{"batsman":{"id":297,"fullName":"Kedar Jadhav","shortName":"K Jadhav","nationality":"Indian","rightHandedBat":true,"dateOfBirth":480643200000,"names":["Kedar Jadhav","K Jadhav"]},"runs":11,"balls":6,"fours":0,"sixes":1}],"activeBatsman":182,"bowlerSummary":{"bowler":{"id":92,"fullName":"Rajat Bhatia","shortName":"R Bhatia","nationality":"Indian","rightHandedBat":false,"dateOfBirth":309398400000,"names":["Rajat Bhatia","R Bhatia"]},"overs":"2","runs":23,"wickets":0,"maidens":0},"inningsBalls":90,"inningsMaxBalls":120,"inningsTarget":190,"message":{"text":null},"tags":[],"timestamp":1430675120000,"id":1184804,"time":"17:45","updateTime":1430675120074,"sequence":333.5,"type":"Eov"},{"mediaId":"4213163016001","endpointUrlHq1":"http://brightcove.vo.llnwd.net/v1/uds/pd/3588749423001/201505/3605/3588749423001_4213274569001_MATCH-36-DD-3RD-SIX.mp4","endpointUrlHq2":"http://brightcove.vo.llnwd.net/v1/uds/pd/3588749423001/201505/2605/3588749423001_4213274568001_MATCH-36-DD-3RD-SIX.mp4","endpointUrlAlt":"http://c.brightcove.com/services/mobile/streaming/index/rendition.m3u8?assetId=4213274567001","title":"M36: RR vs DD – JP Duminy Six","largeThumbnail":"http://brightcove.vo.llnwd.net/v1/unsecured/media/3588749423001/201505/605/3588749423001_4213274570001_vs-55465b9ee4b002ea51e6562f-672293880001.jpg?pubId=3588749423001","duration":26123,"endpointUrl":"http://brightcove.vo.llnwd.net/v1/uds/pd/3588749423001/201505/1627/3588749423001_4213274575001_MATCH-36-DD-3RD-SIX.mp4","smallThumbnail":"http://brightcove.vo.llnwd.net/v1/unsecured/media/3588749423001/201505/1605/3588749423001_4213274571001_th-55465b9ee4b002ea51e6562f-672293880001.jpg?pubId=3588749423001","description":"M36: RR vs DD – JP Duminy Six","endpointUrlMq":"http://brightcove.vo.llnwd.net/v1/uds/pd/3588749423001/201505/411/3588749423001_4213275851001_MATCH-36-DD-3RD-SIX.mp4","endpointUrlHq3":"http://brightcove.vo.llnwd.net/v1/uds/pd/3588749423001/201505/3869/3588749423001_4213286098001_MATCH-36-DD-3RD-SIX.mp4","publishDate":1430674324503,"message":{"text":null},"tags":["account:iplt20","2015","ipl2015","six","dd","playerid 182","IPL 2015","match:ipl2015-36","innings 2","ipl2015-36","rr","ball 2","over 12","channel:ipl-match-centre"],"timestamp":1430675128000,"id":1184805,"time":"17:45","updateTime":1430675128860,"sequence":334.5,"type":"Video"},{"bbcode":"70 required off 30. The 500th match may well go to the wire!","subtype":"BBCode","message":{"text":"<p>70 required off 30. The 500th match may well go to the wire!</p>"},"tags":[],"timestamp":1430675212000,"id":1184811,"time":"17:46","updateTime":1430675212710,"sequence":335.5,"type":"Manual"},{"bbcode":"D Kulkarni to JP Duminy, %SPEED% good length on leg stump. He picks up two","thisOver":"2","progress":{"innings":2,"over":16,"ball":1},"speed":31.2995581954697,"subtype":"BBCode","countingProgress":{"innings":2,"over":15,"ball":1},"bowlerId":101,"nonfacingBatsmanId":297,"facingBatsmanId":182,"autoText":"D Kulkarni to JP Duminy, %SPEED% good length on leg stump. He picks up two","message":{"text":null},"tags":[],"timestamp":1430675551000,"id":1184812,"time":"17:47","updateTime":1430675224555,"sequence":336.5,"type":"Auto"},{"bbcode":"D Kulkarni to JP Duminy. He picks up a single","thisOver":"1","progress":{"innings":2,"over":16,"ball":2},"speed":-1.0,"subtype":"BBCode","countingProgress":{"innings":2,"over":15,"ball":2},"bowlerId":101,"nonfacingBatsmanId":297,"facingBatsmanId":182,"autoText":"D Kulkarni to JP Duminy. He picks up a single","message":{"text":null},"tags":[],"timestamp":1430675551000,"id":1184813,"time":"17:47","updateTime":1430675246282,"sequence":337.5,"type":"Auto"},{"bbcode":"D Kulkarni to K Jadhav, [b]WICKET!!! K Jadhav is out[/b] c Shane Watson b Dhawal Kulkarni","thisOver":"W","progress":{"innings":2,"over":16,"ball":3},"speed":37.0870352591318,"subtype":"BBCode","countingProgress":{"innings":2,"over":15,"ball":3},"bowlerId":101,"nonfacingBatsmanId":182,"facingBatsmanId":297,"autoText":"D Kulkarni to K Jadhav, <b>WICKET!!! K Jadhav is out</b> c Shane Watson b Dhawal Kulkarni","message":{"text":null},"tags":["wicket"],"timestamp":1430675552000,"id":1184815,"time":"17:48","updateTime":1430675288932,"sequence":338.5,"type":"Auto"},{"bbcode":"[b]Wicket![/b] That may well be that! Jadhav looks to go through the leg side, gets a leading edge that loops up to cover, and Watson does the rest","subtype":"BBCode","message":{"text":"<p><strong>Wicket!</strong> That may well be that! Jadhav looks to go through the leg side, gets a leading edge that loops up to cover, and Watson does the rest</p>"},"tags":[],"timestamp":1430675342000,"id":1184817,"time":"17:49","updateTime":1430675342909,"sequence":339.5,"type":"Manual"},{"bbcode":"D Kulkarni to JP Duminy, %SPEED% short length on middle stump. He picks up a single","thisOver":"1","progress":{"innings":2,"over":16,"ball":4},"speed":30.792799079304,"subtype":"BBCode","countingProgress":{"innings":2,"over":15,"ball":4},"bowlerId":101,"nonfacingBatsmanId":163,"facingBatsmanId":182,"autoText":"D Kulkarni to JP Duminy, %SPEED% short length on middle stump. He picks up a single","message":{"text":null},"tags":[],"timestamp":1430675858000,"id":1184821,"time":"17:49","updateTime":1430675392763,"sequence":340.5,"type":"Auto"},{"bbcode":"D Kulkarni to S Tiwary, %SPEED% short length outside off stump. He picks up a single","thisOver":"1","progress":{"innings":2,"over":16,"ball":5},"speed":36.6217132620446,"subtype":"BBCode","countingProgress":{"innings":2,"over":15,"ball":5},"bowlerId":101,"nonfacingBatsmanId":182,"facingBatsmanId":163,"autoText":"D Kulkarni to S Tiwary, %SPEED% short length outside off stump. He picks up a single","message":{"text":null},"tags":[],"timestamp":1430675859000,"id":1184824,"time":"17:50","updateTime":1430675434853,"sequence":341.5,"type":"Auto"},{"bbcode":"D Kulkarni to JP Duminy, %SPEED% good length just outside off stump. He picks up a single","thisOver":"1","progress":{"innings":2,"over":16,"ball":6},"speed":37.2541329232679,"subtype":"BBCode","countingProgress":{"innings":2,"over":15,"ball":6},"bowlerId":101,"nonfacingBatsmanId":163,"facingBatsmanId":182,"autoText":"D Kulkarni to JP Duminy, %SPEED% good length just outside off stump. He picks up a single","message":{"text":null},"tags":[],"timestamp":1430675859000,"id":1184826,"time":"17:51","updateTime":1430675476365,"sequence":342.5,"type":"Auto"},{"innings":2,"over":16,"overRuns":6,"overWickets":1,"inningsRuns":126,"inningsWickets":5,"inningsAllOut":false,"team":{"id":3,"fullName":"Delhi Daredevils","shortName":"Daredevils","abbreviation":"DD","primaryColor":"B22E2A","secondaryColor":"FFFFFF","type":"m"},"batsmanSummaries":[{"batsman":{"id":182,"fullName":"JP Duminy","shortName":"JP Duminy","nationality":"South African","rightHandedBat":false,"dateOfBirth":450748800000,"names":["JP Duminy","JP Duminy"]},"runs":47,"balls":33,"fours":3,"sixes":3},{"batsman":{"id":163,"fullName":"Saurabh Tiwary","shortName":"S Tiwary","nationality":"Indian","rightHandedBat":false,"dateOfBirth":630979200000,"names":["Saurabh Tiwary","S Tiwary"]},"runs":1,"balls":1,"fours":0,"sixes":0}],"activeBatsman":182,"bowlerSummary":{"bowler":{"id":101,"fullName":"Dhawal Kulkarni","shortName":"D Kulkarni","nationality":"Indian","rightHandedBat":true,"dateOfBirth":597715200000,"names":["Dhawal Kulkarni","D Kulkarni"]},"overs":"3","runs":28,"wickets":1,"maidens":0},"inningsBalls":96,"inningsMaxBalls":120,"inningsTarget":190,"message":{"text":null},"tags":[],"timestamp":1430675476000,"id":1184827,"time":"17:51","updateTime":1430675476536,"sequence":343.5,"type":"Eov"},{"bbcode":"T Southee to JP Duminy, %SPEED% full length on leg stump. He comes through for three","thisOver":"3","progress":{"innings":2,"over":17,"ball":1},"speed":32.72239606616,"subtype":"BBCode","countingProgress":{"innings":2,"over":16,"ball":1},"bowlerId":307,"nonfacingBatsmanId":163,"facingBatsmanId":182,"autoText":"T Southee to JP Duminy, %SPEED% full length on leg stump. He comes through for three","message":{"text":null},"tags":[],"timestamp":1430675860000,"id":1184831,"time":"17:52","updateTime":1430675570208,"sequence":344.5,"type":"Auto"},{"bbcode":"[b]50 for JP Duminy[/b]\\nDuminy brings up his 50 with a shot through square leg. He's playing a key innings","subtype":"BBCode","message":{"text":"<p><strong>50 for JP Duminy</strong><br />Duminy brings up his 50 with a shot through square leg. He's playing a key innings</p>"},"tags":[],"timestamp":1430675701000,"id":1184838,"time":"17:54","updateTime":1430675664964,"sequence":344.75,"type":"Manual"},{"bbcode":"[b]Damien Fleming: [/b][i]\"You wonder if it doesn't go Delhi's way they may well look at the fielding.\"[/i]","subtype":"BBCode","message":{"text":"<p><strong>Damien Fleming:&nbsp;</strong><em>\"You wonder if it doesn't go Delhi's way they may well look at the fielding.\"</em></p>"},"tags":[],"timestamp":1430675648000,"id":1184836,"time":"17:54","updateTime":1430675647093,"sequence":345.0,"type":"Manual"},{"bbcode":"T Southee to S Tiwary, %SPEED% short length just outside off stump. He picks up a single","thisOver":"1","progress":{"innings":2,"over":17,"ball":2},"speed":32.72239606616,"subtype":"BBCode","countingProgress":{"innings":2,"over":16,"ball":2},"bowlerId":307,"nonfacingBatsmanId":182,"facingBatsmanId":163,"autoText":"T Southee to S Tiwary, %SPEED% short length just outside off stump. He picks up a single","message":{"text":null},"tags":[],"timestamp":1430676252000,"id":1184833,"time":"17:53","updateTime":1430675603329,"sequence":345.5,"type":"Auto"},{"bbcode":"T Southee to JP Duminy, %SPEED% good length on off stump. He picks up a single","thisOver":"1","progress":{"innings":2,"over":17,"ball":3},"speed":34.1528777867625,"subtype":"BBCode","countingProgress":{"innings":2,"over":16,"ball":3},"bowlerId":307,"nonfacingBatsmanId":163,"facingBatsmanId":182,"autoText":"T Southee to JP Duminy, %SPEED% good length on off stump. He picks up a single","message":{"text":null},"tags":[],"timestamp":1430676252000,"id":1184835,"time":"17:54","updateTime":1430675644354,"sequence":346.5,"type":"Auto"},{"bbcode":"T Southee to S Tiwary, %SPEED% short length just outside off stump. He hits a great shot, that has gone all the way","thisOver":"6","progress":{"innings":2,"over":17,"ball":4},"speed":37.6396960214573,"subtype":"BBCode","countingProgress":{"innings":2,"over":16,"ball":4},"bowlerId":307,"nonfacingBatsmanId":182,"facingBatsmanId":163,"autoText":"T Southee to S Tiwary, %SPEED% short length just outside off stump. He hits a great shot, that has gone all the way","message":{"text":null},"tags":["six"],"timestamp":1430676253000,"id":1184842,"time":"17:54","updateTime":1430675687419,"sequence":347.5,"type":"Auto"},{"bbcode":"[b]Six![/b] Saurabh has come to the party! Length from Southee, and that has gone way back over mid-wicket for a huge six","subtype":"BBCode","message":{"text":"<p><strong>Six!</strong> Saurabh has come to the party! Length from Southee, and that has gone way back over mid-wicket for a huge six</p>"},"tags":[],"timestamp":1430675744000,"id":1184843,"time":"17:55","updateTime":1430675712270,"sequence":348.5,"type":"Manual"},{"bbcode":"T Southee to S Tiwary, no run, %SPEED% full length outside off stump. He plays and misses","thisOver":".","progress":{"innings":2,"over":17,"ball":5},"speed":37.6396960214573,"subtype":"BBCode","countingProgress":{"innings":2,"over":16,"ball":5},"bowlerId":307,"nonfacingBatsmanId":182,"facingBatsmanId":163,"autoText":"T Southee to S Tiwary, no run, %SPEED% full length outside off stump. He plays and misses","message":{"text":null},"tags":[],"timestamp":1430676253000,"id":1184844,"time":"17:55","updateTime":1430675720409,"sequence":349.5,"type":"Auto"}]}