{"fragment":7,"updateTime":1431107010000,"matchId":{"id":3268,"name":"ipl2015-43 - CSK vs. MI","matchIdName":"ipl2015-43"},"commentaries":[{"bbcode":"P Negi to RG Sharma, %SPEED% short length going down leg. He picks up a single","thisOver":"1","progress":{"innings":2,"over":14,"ball":1},"speed":23.1696476452207,"subtype":"BBCode","countingProgress":{"innings":2,"over":13,"ball":1},"bowlerId":53,"nonfacingBatsmanId":100,"facingBatsmanId":107,"autoText":"P Negi to RG Sharma, %SPEED% short length going down leg. He picks up a single","message":{"text":null},"tags":[],"timestamp":1431105507000,"id":1190565,"time":"17:17","updateTime":1431105449435,"sequence":300.0,"type":"Auto"},{"bbcode":"P Negi to A Rayudu, %SPEED% full length on off stump. He picks up a single","thisOver":"1","progress":{"innings":2,"over":14,"ball":2},"speed":23.5480293078157,"subtype":"BBCode","countingProgress":{"innings":2,"over":13,"ball":2},"bowlerId":53,"nonfacingBatsmanId":107,"facingBatsmanId":100,"autoText":"P Negi to A Rayudu, %SPEED% full length on off stump. He picks up a single","message":{"text":null},"tags":[],"timestamp":1431105559000,"id":1190570,"time":"17:18","updateTime":1431105484638,"sequence":301.0,"type":"Auto"},{"bbcode":"P Negi to RG Sharma, %SPEED% good length outside off stump. He plays and misses","thisOver":"1","progress":{"innings":2,"over":14,"ball":3},"speed":23.2740009883987,"subtype":"BBCode","countingProgress":{"innings":2,"over":13,"ball":3},"bowlerId":53,"nonfacingBatsmanId":100,"facingBatsmanId":107,"autoText":"P Negi to RG Sharma, %SPEED% good length outside off stump. He plays and misses","message":{"text":null},"tags":[],"timestamp":1431105559000,"id":1190571,"time":"17:18","updateTime":1431105517891,"sequence":302.0,"type":"Auto"},{"bbcode":"P Negi to A Rayudu, no run, %SPEED% good length on middle stump. He doesn't offer a shot","thisOver":".","progress":{"innings":2,"over":14,"ball":4},"speed":23.3426994702815,"subtype":"BBCode","countingProgress":{"innings":2,"over":13,"ball":4},"bowlerId":53,"nonfacingBatsmanId":107,"facingBatsmanId":100,"autoText":"P Negi to A Rayudu, no run, %SPEED% good length on middle stump. He doesn't offer a shot","message":{"text":null},"tags":[],"timestamp":1431105611000,"id":1190572,"time":"17:19","updateTime":1431105542779,"sequence":303.0,"type":"Auto"},{"bbcode":"P Negi to A Rayudu, no run, %SPEED% good length on middle stump. He doesn't offer a shot","thisOver":".","progress":{"innings":2,"over":14,"ball":5},"speed":25.3726297197882,"subtype":"BBCode","countingProgress":{"innings":2,"over":13,"ball":5},"bowlerId":53,"nonfacingBatsmanId":107,"facingBatsmanId":100,"autoText":"P Negi to A Rayudu, no run, %SPEED% good length on middle stump. He doesn't offer a shot","message":{"text":null},"tags":[],"timestamp":1431105611000,"id":1190573,"time":"17:19","updateTime":1431105564744,"sequence":304.0,"type":"Auto"},{"bbcode":"P Negi to A Rayudu, no run, %SPEED% short length on off stump. He doesn't offer a shot","thisOver":".","progress":{"innings":2,"over":14,"ball":6},"speed":23.8922392102829,"subtype":"BBCode","countingProgress":{"innings":2,"over":13,"ball":6},"bowlerId":53,"nonfacingBatsmanId":107,"facingBatsmanId":100,"autoText":"P Negi to A Rayudu, no run, %SPEED% short length on off stump. He doesn't offer a shot","message":{"text":null},"tags":[],"timestamp":1431105611000,"id":1190574,"time":"17:19","updateTime":1431105587211,"sequence":305.0,"type":"Auto"},{"innings":2,"over":14,"overRuns":3,"overWickets":0,"inningsRuns":94,"inningsWickets":3,"inningsAllOut":false,"team":{"id":6,"fullName":"Mumbai Indians","shortName":"Mumbai","abbreviation":"MI","primaryColor":"00AEEF","secondaryColor":"FFFFFF","type":"m"},"batsmanSummaries":[{"batsman":{"id":100,"fullName":"Ambati Rayudu","shortName":"A Rayudu","nationality":"Indian","rightHandedBat":true,"dateOfBirth":496281600000,"names":["Ambati Rayudu","A Rayudu"]},"runs":3,"balls":6,"fours":0,"sixes":0},{"batsman":{"id":107,"fullName":"Rohit Sharma","shortName":"RG Sharma","nationality":"Indian","rightHandedBat":true,"dateOfBirth":546739200000,"names":["Rohit Sharma","RG Sharma"]},"runs":6,"balls":11,"fours":0,"sixes":0}],"activeBatsman":107,"bowlerSummary":{"bowler":{"id":53,"fullName":"Pawan Negi","shortName":"P Negi","nationality":"Indian","rightHandedBat":false,"dateOfBirth":410659200000,"names":["Pawan Negi","P Negi"]},"overs":"3","runs":10,"wickets":0,"maidens":0},"inningsBalls":84,"inningsMaxBalls":120,"inningsTarget":159,"message":{"text":null},"tags":[],"timestamp":1431105587000,"id":1190575,"time":"17:19","updateTime":1431105587750,"sequence":306.0,"type":"Eov"},{"bbcode":"The squeeze is on as we take a Timeout. MI have just lost their way slightly as Dhoni's men start to rally","subtype":"BBCode","message":{"text":"<p>The squeeze is on as we take a Timeout. MI have just lost their way slightly as Dhoni's men start to rally</p>"},"tags":[],"timestamp":1431105634000,"id":1190576,"time":"17:20","updateTime":1431105634352,"sequence":307.0,"type":"Manual"},{"subtype":"EmbeddedTweet","tweetjson":{"created_at":"Fri May 08 17:16:56 +0000 2015","id":596725484580261888,"id_str":"596725484580261888","text":"Bravo...the name justifies all. #CSKvsMI #IPL15","source":"<a href=\"http://www.twitter.com\" rel=\"nofollow\">Twitter for Windows Phone</a>","truncated":false,"in_reply_to_status_id":null,"in_reply_to_status_id_str":null,"in_reply_to_user_id":null,"in_reply_to_user_id_str":null,"in_reply_to_screen_name":null,"user":{"id":75561325,"id_str":"75561325","name":"fakira","screen_name":"tweetyhemant","location":"Bangalore","description":"Aries ♈| Indian ❤ | Ambitious | Crazy | We shall over come | हमारे जीने का तरीका थोड़ा अलग है। हम उम्मीद पर नहीं अपनी ज़िद पर जीते हैं।।","url":null,"entities":{"description":{"urls":[]}},"protected":false,"followers_count":87,"friends_count":197,"listed_count":4,"created_at":"Sat Sep 19 14:35:05 +0000 2009","favourites_count":277,"utc_offset":19800,"time_zone":"New Delhi","geo_enabled":false,"verified":false,"statuses_count":1974,"lang":"en","contributors_enabled":false,"is_translator":false,"is_translation_enabled":false,"profile_background_color":"0099B9","profile_background_image_url":"http://abs.twimg.com/images/themes/theme4/bg.gif","profile_background_image_url_https":"https://abs.twimg.com/images/themes/theme4/bg.gif","profile_background_tile":false,"profile_image_url":"http://pbs.twimg.com/profile_images/559734304410845186/h8sTL4yo_normal.jpeg","profile_image_url_https":"https://pbs.twimg.com/profile_images/559734304410845186/h8sTL4yo_normal.jpeg","profile_banner_url":"https://pbs.twimg.com/profile_banners/75561325/1426766801","profile_link_color":"0099B9","profile_sidebar_border_color":"5ED4DC","profile_sidebar_fill_color":"95E8EC","profile_text_color":"3C3940","profile_use_background_image":true,"default_profile":false,"default_profile_image":false,"following":false,"follow_request_sent":false,"notifications":false},"geo":null,"coordinates":null,"place":null,"contributors":null,"retweet_count":0,"favorite_count":0,"entities":{"hashtags":[{"text":"CSKvsMI","indices":[32,40]},{"text":"IPL15","indices":[41,47]}],"symbols":[],"user_mentions":[],"urls":[]},"favorited":false,"retweeted":false,"lang":"en"},"message":{"text":"<blockquote class=\"twitter-tweet\" data-partner=\"tweetdeck\">\n<p lang=\"en\" dir=\"ltr\">Bravo...the name justifies all. <a href=\"https://twitter.com/hashtag/CSKvsMI?src=hash\">#CSKvsMI</a> <a href=\"https://twitter.com/hashtag/IPL15?src=hash\">#IPL15</a></p>\n&mdash; fakira (@tweetyhemant) <a href=\"https://twitter.com/tweetyhemant/status/596725484580261888\">May 8, 2015</a></blockquote>\n<script charset=\"utf-8\" type=\"text/javascript\" src=\"http://platform.twitter.com/widgets.js\"></script>"},"tags":[],"timestamp":1431105686000,"id":1190577,"time":"17:21","updateTime":1431105686343,"sequence":308.0,"type":"Manual"},{"mediaId":"4225786996001","endpointUrlHq1":"http://brightcove.vo.llnwd.net/v1/uds/pd/3588749423001/201505/2926/3588749423001_4225833637001_MATCH-43-MI-1ST-WKT.mp4","endpointUrlHq2":"http://brightcove.vo.llnwd.net/v1/uds/pd/3588749423001/201505/970/3588749423001_4225827132001_MATCH-43-MI-1ST-WKT.mp4","endpointUrlAlt":"http://c.brightcove.com/services/mobile/streaming/index/rendition.m3u8?assetId=4225821807001","title":"M43: CSK vs MI – Parthiv Patel Wicket","largeThumbnail":"http://brightcove.vo.llnwd.net/v1/unsecured/media/3588749423001/201505/3554/3588749423001_4225789851001_video-still-for-video-4225786996001.jpg?pubId=3588749423001","duration":27800,"endpointUrl":"http://brightcove.vo.llnwd.net/v1/uds/pd/3588749423001/201505/722/3588749423001_4225821761001_MATCH-43-MI-1ST-WKT.mp4","smallThumbnail":"http://brightcove.vo.llnwd.net/v1/unsecured/media/3588749423001/201505/2554/3588749423001_4225789850001_thumbnail-for-video-4225786996001.jpg?pubId=3588749423001","description":null,"endpointUrlMq":"http://brightcove.vo.llnwd.net/v1/uds/pd/3588749423001/201505/3722/3588749423001_4225821764001_MATCH-43-MI-1ST-WKT.mp4","endpointUrlHq3":"http://brightcove.vo.llnwd.net/v1/uds/pd/3588749423001/201505/934/3588749423001_4225830574001_MATCH-43-MI-1ST-WKT.mp4","publishDate":1431105005103,"message":{"text":null},"tags":["account:iplt20","2015","ipl2015","ipl2015-43","IPL 2015","innings 2","match:ipl2015-43","ball 1","over 11","playerid 44","wicket","channel:ipl-match-centre","csk","mi"],"timestamp":1431106248000,"id":1190578,"time":"17:21","updateTime":1431105695812,"sequence":309.0,"type":"Video"},{"mediaId":"4225786997001","endpointUrlHq1":"http://brightcove.vo.llnwd.net/v1/uds/pd/3588749423001/201505/1174/3588749423001_4225828276001_MATCH-43-MI-2ND-WKT.mp4","endpointUrlHq2":"http://brightcove.vo.llnwd.net/v1/uds/pd/3588749423001/201505/2566/3588749423001_4225824802001_MATCH-43-MI-2ND-WKT.mp4","endpointUrlAlt":"http://c.brightcove.com/services/mobile/streaming/index/rendition.m3u8?assetId=4225821814001","title":"M43: CSK vs MI – Lendl Simmons Wicket","largeThumbnail":"http://brightcove.vo.llnwd.net/v1/unsecured/media/3588749423001/201505/554/3588749423001_4225789848001_video-still-for-video-4225786997001.jpg?pubId=3588749423001","duration":24080,"endpointUrl":"http://brightcove.vo.llnwd.net/v1/uds/pd/3588749423001/201505/2638/3588749423001_4225829857001_MATCH-43-MI-2ND-WKT.mp4","smallThumbnail":"http://brightcove.vo.llnwd.net/v1/unsecured/media/3588749423001/201505/3554/3588749423001_4225789847001_thumbnail-for-video-4225786997001.jpg?pubId=3588749423001","description":null,"endpointUrlMq":"http://brightcove.vo.llnwd.net/v1/uds/pd/3588749423001/201505/510/3588749423001_4225821783001_MATCH-43-MI-2ND-WKT.mp4","endpointUrlHq3":"http://brightcove.vo.llnwd.net/v1/uds/pd/3588749423001/201505/3566/3588749423001_4225824801001_MATCH-43-MI-2ND-WKT.mp4","publishDate":1431105066750,"message":{"text":null},"tags":["account:iplt20","2015","ipl2015","ipl2015-43","IPL 2015","playerid 595","innings 2","match:ipl2015-43","over 11","ball 4","wicket","channel:ipl-match-centre","csk","mi"],"timestamp":1431106248000,"id":1190579,"time":"17:21","updateTime":1431105696004,"sequence":310.0,"type":"Video"},{"bbcode":"[b]Ravi Shastri: [/b][i]\"This is still anybody's game.\" [/i]","subtype":"BBCode","message":{"text":"<p><strong>Ravi Shastri:&nbsp;</strong><em>\"This is still&nbsp;anybody's game.\"&nbsp;</em></p>"},"tags":[],"timestamp":1431105800000,"id":1190580,"time":"17:23","updateTime":1431105800593,"sequence":311.0,"type":"Manual"},{"bbcode":"R Jadeja to RG Sharma, %SPEED% short length on middle stump. He picks up a single","thisOver":"1","progress":{"innings":2,"over":15,"ball":1},"speed":25.9147810424301,"subtype":"BBCode","countingProgress":{"innings":2,"over":14,"ball":1},"bowlerId":9,"nonfacingBatsmanId":100,"facingBatsmanId":107,"autoText":"R Jadeja to RG Sharma, %SPEED% short length on middle stump. He picks up a single","message":{"text":null},"tags":[],"timestamp":1431105874000,"id":1190581,"time":"17:23","updateTime":1431105807417,"sequence":312.0,"type":"Auto"},{"bbcode":"R Jadeja to A Rayudu, %SPEED% short length just outside off stump. He picks up a single","thisOver":"1","progress":{"innings":2,"over":15,"ball":2},"speed":24.3550065605877,"subtype":"BBCode","countingProgress":{"innings":2,"over":14,"ball":2},"bowlerId":9,"nonfacingBatsmanId":107,"facingBatsmanId":100,"autoText":"R Jadeja to A Rayudu, %SPEED% short length just outside off stump. He picks up a single","message":{"text":null},"tags":[],"timestamp":1431105927000,"id":1190582,"time":"17:23","updateTime":1431105828193,"sequence":313.0,"type":"Auto"},{"bbcode":"R Jadeja to RG Sharma. He plays and misses","thisOver":"1","progress":{"innings":2,"over":15,"ball":3},"speed":-1.0,"subtype":"BBCode","countingProgress":{"innings":2,"over":14,"ball":3},"bowlerId":9,"nonfacingBatsmanId":100,"facingBatsmanId":107,"autoText":"R Jadeja to RG Sharma. He plays and misses","message":{"text":null},"tags":[],"timestamp":1431105927000,"id":1190583,"time":"17:24","updateTime":1431105849194,"sequence":314.0,"type":"Auto"},{"bbcode":"R Jadeja to A Rayudu, %SPEED% full length on middle stump. He picks up a single","thisOver":"1","progress":{"innings":2,"over":15,"ball":4},"speed":23.1699431355062,"subtype":"BBCode","countingProgress":{"innings":2,"over":14,"ball":4},"bowlerId":9,"nonfacingBatsmanId":107,"facingBatsmanId":100,"autoText":"R Jadeja to A Rayudu, %SPEED% full length on middle stump. He picks up a single","message":{"text":null},"tags":[],"timestamp":1431105927000,"id":1190584,"time":"17:24","updateTime":1431105865136,"sequence":315.0,"type":"Auto"},{"bbcode":"R Jadeja to RG Sharma. He picks up two","thisOver":"2","progress":{"innings":2,"over":15,"ball":5},"speed":-1.0,"subtype":"BBCode","countingProgress":{"innings":2,"over":14,"ball":5},"bowlerId":9,"nonfacingBatsmanId":100,"facingBatsmanId":107,"autoText":"R Jadeja to RG Sharma. He picks up two","message":{"text":null},"tags":[],"timestamp":1431105927000,"id":1190585,"time":"17:24","updateTime":1431105887246,"sequence":316.0,"type":"Auto"},{"bbcode":"R Jadeja to RG Sharma, %SPEED% good length on leg stump. He picks up a single","thisOver":"1","progress":{"innings":2,"over":15,"ball":6},"speed":27.4643418198107,"subtype":"BBCode","countingProgress":{"innings":2,"over":14,"ball":6},"bowlerId":9,"nonfacingBatsmanId":100,"facingBatsmanId":107,"autoText":"R Jadeja to RG Sharma, %SPEED% good length on leg stump. He picks up a single","message":{"text":null},"tags":[],"timestamp":1431105979000,"id":1190586,"time":"17:25","updateTime":1431105913163,"sequence":317.0,"type":"Auto"},{"innings":2,"over":15,"overRuns":7,"overWickets":0,"inningsRuns":101,"inningsWickets":3,"inningsAllOut":false,"team":{"id":6,"fullName":"Mumbai Indians","shortName":"Mumbai","abbreviation":"MI","primaryColor":"00AEEF","secondaryColor":"FFFFFF","type":"m"},"batsmanSummaries":[{"batsman":{"id":107,"fullName":"Rohit Sharma","shortName":"RG Sharma","nationality":"Indian","rightHandedBat":true,"dateOfBirth":546739200000,"names":["Rohit Sharma","RG Sharma"]},"runs":11,"balls":15,"fours":0,"sixes":0},{"batsman":{"id":100,"fullName":"Ambati Rayudu","shortName":"A Rayudu","nationality":"Indian","rightHandedBat":true,"dateOfBirth":496281600000,"names":["Ambati Rayudu","A Rayudu"]},"runs":5,"balls":8,"fours":0,"sixes":0}],"activeBatsman":107,"bowlerSummary":{"bowler":{"id":9,"fullName":"Ravindra Jadeja","shortName":"R Jadeja","nationality":"Indian","rightHandedBat":false,"dateOfBirth":597369600000,"names":["Ravindra Jadeja","R Jadeja"]},"overs":"4","runs":27,"wickets":0,"maidens":0},"inningsBalls":90,"inningsMaxBalls":120,"inningsTarget":159,"message":{"text":null},"tags":[],"timestamp":1431105913000,"id":1190587,"time":"17:25","updateTime":1431105913383,"sequence":318.0,"type":"Eov"},{"subtype":"EmbeddedTweet","tweetjson":{"created_at":"Fri May 08 17:18:37 +0000 2015","id":596725907181547520,"id_str":"596725907181547520","text":"#CSK love to strangle their opposition. #PepsiIPL #MI will need their captain Sharma to get them over the line.","source":"<a href=\"http://twitter.com/download/iphone\" rel=\"nofollow\">Twitter for iPhone</a>","truncated":false,"in_reply_to_status_id":null,"in_reply_to_status_id_str":null,"in_reply_to_user_id":null,"in_reply_to_user_id_str":null,"in_reply_to_screen_name":null,"user":{"id":393842481,"id_str":"393842481","name":"Lisa Sthalekar","screen_name":"sthalekar93","location":"Sydney","description":"Former NSW and Australian Cricketer. Cricket commentator and specialist Coach. Love movies, a glass of wine & a tragic netball supporter. These views are my own","url":"http://t.co/1LusPoTn1m","entities":{"url":{"urls":[{"url":"http://t.co/1LusPoTn1m","expanded_url":"http://www.lisasthalekar.com","display_url":"lisasthalekar.com","indices":[0,22]}]},"description":{"urls":[]}},"protected":false,"followers_count":8204,"friends_count":313,"listed_count":129,"created_at":"Wed Oct 19 04:58:26 +0000 2011","favourites_count":556,"utc_offset":-36000,"time_zone":"Hawaii","geo_enabled":false,"verified":true,"statuses_count":2780,"lang":"en","contributors_enabled":false,"is_translator":false,"is_translation_enabled":false,"profile_background_color":"C0DEED","profile_background_image_url":"http://pbs.twimg.com/profile_background_images/351964998/bg2.jpg","profile_background_image_url_https":"https://pbs.twimg.com/profile_background_images/351964998/bg2.jpg","profile_background_tile":true,"profile_image_url":"http://pbs.twimg.com/profile_images/537151335829757952/x8JzcUXG_normal.jpeg","profile_image_url_https":"https://pbs.twimg.com/profile_images/537151335829757952/x8JzcUXG_normal.jpeg","profile_banner_url":"https://pbs.twimg.com/profile_banners/393842481/1430842692","profile_link_color":"0084B4","profile_sidebar_border_color":"C0DEED","profile_sidebar_fill_color":"DDEEF6","profile_text_color":"333333","profile_use_background_image":true,"default_profile":false,"default_profile_image":false,"following":false,"follow_request_sent":false,"notifications":false},"geo":null,"coordinates":null,"place":null,"contributors":null,"retweet_count":1,"favorite_count":2,"entities":{"hashtags":[{"text":"CSK","indices":[0,4]},{"text":"PepsiIPL","indices":[40,49]},{"text":"MI","indices":[50,53]}],"symbols":[],"user_mentions":[],"urls":[]},"favorited":false,"retweeted":false,"lang":"en"},"message":{"text":"<blockquote class=\"twitter-tweet\" data-partner=\"tweetdeck\">\n<p lang=\"en\" dir=\"ltr\"><a href=\"https://twitter.com/hashtag/CSK?src=hash\">#CSK</a> love to strangle their opposition. <a href=\"https://twitter.com/hashtag/PepsiIPL?src=hash\">#PepsiIPL</a> <a href=\"https://twitter.com/hashtag/MI?src=hash\">#MI</a> will need their captain Sharma to get them over the line.</p>\n&mdash; Lisa Sthalekar (@sthalekar93) <a href=\"https://twitter.com/sthalekar93/status/596725907181547520\">May 8, 2015</a></blockquote>\n<script charset=\"utf-8\" type=\"text/javascript\" src=\"http://platform.twitter.com/widgets.js\"></script>"},"tags":[],"timestamp":1431105925000,"id":1190588,"time":"17:25","updateTime":1431105925608,"sequence":319.0,"type":"Manual"},{"bbcode":"Here is the crowd pleaser... Dwayne Bravo!","subtype":"BBCode","message":{"text":"<p>Here is the crowd pleaser... Dwayne Bravo!</p>"},"tags":[],"timestamp":1431106024000,"id":1190590,"time":"17:27","updateTime":1431106021108,"sequence":319.5,"type":"Manual"},{"bbcode":"DJ Bravo to RG Sharma, %SPEED% short length on leg stump. He picks up a single","thisOver":"1","progress":{"innings":2,"over":16,"ball":1},"speed":28.9343619522079,"subtype":"BBCode","countingProgress":{"innings":2,"over":15,"ball":1},"bowlerId":25,"nonfacingBatsmanId":100,"facingBatsmanId":107,"autoText":"DJ Bravo to RG Sharma, %SPEED% short length on leg stump. He picks up a single","message":{"text":null},"tags":[],"timestamp":1431106031000,"id":1190589,"time":"17:26","updateTime":1431105997672,"sequence":320.0,"type":"Auto"},{"bbcode":"DJ Bravo to A Rayudu, %SPEED% short length just outside off stump. He picks up a single","thisOver":"1","progress":{"innings":2,"over":16,"ball":2},"speed":29.9331318442895,"subtype":"BBCode","countingProgress":{"innings":2,"over":15,"ball":2},"bowlerId":25,"nonfacingBatsmanId":107,"facingBatsmanId":100,"autoText":"DJ Bravo to A Rayudu, %SPEED% short length just outside off stump. He picks up a single","message":{"text":null},"tags":[],"timestamp":1431106094000,"id":1190592,"time":"17:27","updateTime":1431106038898,"sequence":321.0,"type":"Auto"},{"bbcode":"DJ Bravo to RG Sharma, %SPEED% full length just outside off stump. He picks up a single","thisOver":"1","progress":{"innings":2,"over":16,"ball":3},"speed":36.7159935425338,"subtype":"BBCode","countingProgress":{"innings":2,"over":15,"ball":3},"bowlerId":25,"nonfacingBatsmanId":100,"facingBatsmanId":107,"autoText":"DJ Bravo to RG Sharma, %SPEED% full length just outside off stump. He picks up a single","message":{"text":null},"tags":[],"timestamp":1431106168000,"id":1190593,"time":"17:27","updateTime":1431106076153,"sequence":322.0,"type":"Auto"},{"bbcode":"DJ Bravo to A Rayudu, %SPEED% short length just outside off stump. He picks up a single","thisOver":"1","progress":{"innings":2,"over":16,"ball":4},"speed":28.4543156775672,"subtype":"BBCode","countingProgress":{"innings":2,"over":15,"ball":4},"bowlerId":25,"nonfacingBatsmanId":107,"facingBatsmanId":100,"autoText":"DJ Bravo to A Rayudu, %SPEED% short length just outside off stump. He picks up a single","message":{"text":null},"tags":[],"timestamp":1431106168000,"id":1190594,"time":"17:28","updateTime":1431106119105,"sequence":323.0,"type":"Auto"},{"bbcode":"DJ Bravo to RG Sharma, %SPEED% good length just outside off stump. He plays and misses","thisOver":"2","progress":{"innings":2,"over":16,"ball":5},"speed":29.8812430672035,"subtype":"BBCode","countingProgress":{"innings":2,"over":15,"ball":5},"bowlerId":25,"nonfacingBatsmanId":100,"facingBatsmanId":107,"autoText":"DJ Bravo to RG Sharma, %SPEED% good length just outside off stump. He plays and misses","message":{"text":null},"tags":[],"timestamp":1431106220000,"id":1190595,"time":"17:29","updateTime":1431106180260,"sequence":324.0,"type":"Auto"},{"bbcode":"[b]Dropped![/b] Skied to safe hands Faf at long on... Everyone thought Rohit was a goner but he shells it to add to the drama tonight","subtype":"BBCode","message":{"text":"<p><strong>Dropped!</strong> Skied to safe hands Faf at long on... Everyone thought Rohit was a goner but he shells it to add to the drama tonight</p>"},"tags":[],"timestamp":1431106242000,"id":1190598,"time":"17:30","updateTime":1431106231436,"sequence":324.5,"type":"Manual"},{"bbcode":"DJ Bravo to RG Sharma, %SPEED% short length just outside off stump. He picks up a single","thisOver":"1","progress":{"innings":2,"over":16,"ball":6},"speed":29.6324756790042,"subtype":"BBCode","countingProgress":{"innings":2,"over":15,"ball":6},"bowlerId":25,"nonfacingBatsmanId":100,"facingBatsmanId":107,"autoText":"DJ Bravo to RG Sharma, %SPEED% short length just outside off stump. He picks up a single","message":{"text":null},"tags":[],"timestamp":1431106271000,"id":1190596,"time":"17:30","updateTime":1431106200796,"sequence":325.0,"type":"Auto"},{"innings":2,"over":16,"overRuns":7,"overWickets":0,"inningsRuns":108,"inningsWickets":3,"inningsAllOut":false,"team":{"id":6,"fullName":"Mumbai Indians","shortName":"Mumbai","abbreviation":"MI","primaryColor":"00AEEF","secondaryColor":"FFFFFF","type":"m"},"batsmanSummaries":[{"batsman":{"id":107,"fullName":"Rohit Sharma","shortName":"RG Sharma","nationality":"Indian","rightHandedBat":true,"dateOfBirth":546739200000,"names":["Rohit Sharma","RG Sharma"]},"runs":16,"balls":19,"fours":0,"sixes":0},{"batsman":{"id":100,"fullName":"Ambati Rayudu","shortName":"A Rayudu","nationality":"Indian","rightHandedBat":true,"dateOfBirth":496281600000,"names":["Ambati Rayudu","A Rayudu"]},"runs":7,"balls":10,"fours":0,"sixes":0}],"activeBatsman":107,"bowlerSummary":{"bowler":{"id":25,"fullName":"Dwayne Bravo","shortName":"DJ Bravo","nationality":"West Indian","rightHandedBat":false,"dateOfBirth":434332800000,"names":["Dwayne Bravo","DJ Bravo"]},"overs":"1","runs":7,"wickets":0,"maidens":0},"inningsBalls":96,"inningsMaxBalls":120,"inningsTarget":159,"message":{"text":null},"tags":[],"timestamp":1431106201000,"id":1190597,"time":"17:30","updateTime":1431106201132,"sequence":326.0,"type":"Eov"},{"mediaId":"4225787000001","endpointUrlHq1":"http://brightcove.vo.llnwd.net/v1/uds/pd/3588749423001/201505/2246/3588749423001_4225833310001_MATCH-43-MI-3RD-WKT.mp4","endpointUrlHq2":"http://brightcove.vo.llnwd.net/v1/uds/pd/3588749423001/201505/1610/3588749423001_4225844160001_MATCH-43-MI-3RD-WKT.mp4","endpointUrlAlt":"http://c.brightcove.com/services/mobile/streaming/index/rendition.m3u8?assetId=4225833320001","title":"M43: CSK vs MI – Kieron Pollard Wicket","largeThumbnail":"http://brightcove.vo.llnwd.net/v1/unsecured/media/3588749423001/201505/2554/3588749423001_4225789846001_video-still-for-video-4225787000001.jpg?pubId=3588749423001","duration":27609,"endpointUrl":"http://brightcove.vo.llnwd.net/v1/uds/pd/3588749423001/201505/3074/3588749423001_4225842603001_MATCH-43-MI-3RD-WKT.mp4","smallThumbnail":"http://brightcove.vo.llnwd.net/v1/unsecured/media/3588749423001/201505/1554/3588749423001_4225789845001_thumbnail-for-video-4225787000001.jpg?pubId=3588749423001","description":null,"endpointUrlMq":"http://brightcove.vo.llnwd.net/v1/uds/pd/3588749423001/201505/710/3588749423001_4225843082001_MATCH-43-MI-3RD-WKT.mp4","endpointUrlHq3":"http://brightcove.vo.llnwd.net/v1/uds/pd/3588749423001/201505/2246/3588749423001_4225833318001_MATCH-43-MI-3RD-WKT.mp4","publishDate":1431105426452,"message":{"text":null},"tags":["playerid 210","account:iplt20","2015","ipl2015","ipl2015-43","IPL 2015","innings 2","match:ipl2015-43","over 12","wicket","ball 6","channel:ipl-match-centre","csk","mi"],"timestamp":1431106297000,"id":1190600,"time":"17:30","updateTime":1431106248428,"sequence":327.0,"type":"Video"},{"bbcode":"A Nehra to RG Sharma, %SPEED% full length going down leg. He picks up a single","thisOver":"1","progress":{"innings":2,"over":17,"ball":1},"speed":36.1464779140032,"subtype":"BBCode","countingProgress":{"innings":2,"over":16,"ball":1},"bowlerId":115,"nonfacingBatsmanId":100,"facingBatsmanId":107,"autoText":"A Nehra to RG Sharma, %SPEED% full length going down leg. He picks up a single","message":{"text":null},"tags":[],"timestamp":1431106346000,"id":1190601,"time":"17:31","updateTime":1431106285573,"sequence":328.0,"type":"Auto"},{"bbcode":"A Nehra to A Rayudu, %SPEED% good length just outside off stump. He hits a great shot, that has gone all the way","thisOver":"6","progress":{"innings":2,"over":17,"ball":2},"speed":33.2592194494266,"subtype":"BBCode","countingProgress":{"innings":2,"over":16,"ball":2},"bowlerId":115,"nonfacingBatsmanId":107,"facingBatsmanId":100,"autoText":"A Nehra to A Rayudu, %SPEED% good length just outside off stump. He hits a great shot, that has gone all the way","message":{"text":null},"tags":["six"],"timestamp":1431106408000,"id":1190604,"time":"17:32","updateTime":1431106326127,"sequence":329.0,"type":"Auto"},{"bbcode":"[b]Six![/b] Extra pace from Nehra comes onto the bat nicely and is deposited way back down the ground","subtype":"BBCode","message":{"text":"<p><strong>Six!</strong> Extra pace from Nehra comes onto the bat nicely and is deposited way back down the ground</p>"},"tags":[],"timestamp":1431106371000,"id":1190605,"time":"17:32","updateTime":1431106344009,"sequence":330.0,"type":"Manual"},{"bbcode":"A Nehra to A Rayudu, %SPEED% full toss just outside off stump. He plays and misses","thisOver":"2","progress":{"innings":2,"over":17,"ball":3},"speed":37.72910147519,"subtype":"BBCode","countingProgress":{"innings":2,"over":16,"ball":3},"bowlerId":115,"nonfacingBatsmanId":107,"facingBatsmanId":100,"autoText":"A Nehra to A Rayudu, %SPEED% full toss just outside off stump. He plays and misses","message":{"text":null},"tags":[],"timestamp":1431106460000,"id":1190606,"time":"17:32","updateTime":1431106373286,"sequence":331.0,"type":"Auto"},{"bbcode":"A Nehra to A Rayudu, %SPEED% full length going down leg. He picks up a single","thisOver":"1","progress":{"innings":2,"over":17,"ball":4},"speed":37.6843987483236,"subtype":"BBCode","countingProgress":{"innings":2,"over":16,"ball":4},"bowlerId":115,"nonfacingBatsmanId":107,"facingBatsmanId":100,"autoText":"A Nehra to A Rayudu, %SPEED% full length going down leg. He picks up a single","message":{"text":null},"tags":[],"timestamp":1431106460000,"id":1190607,"time":"17:33","updateTime":1431106413263,"sequence":332.0,"type":"Auto"},{"bbcode":"A Nehra to RG Sharma, %SPEED% full length on off stump. He picks up a single","thisOver":"1","progress":{"innings":2,"over":17,"ball":5},"speed":36.7903442109969,"subtype":"BBCode","countingProgress":{"innings":2,"over":16,"ball":5},"bowlerId":115,"nonfacingBatsmanId":100,"facingBatsmanId":107,"autoText":"A Nehra to RG Sharma, %SPEED% full length on off stump. He picks up a single","message":{"text":null},"tags":[],"timestamp":1431106513000,"id":1190608,"time":"17:34","updateTime":1431106443578,"sequence":333.0,"type":"Auto"},{"bbcode":"A Nehra to A Rayudu, %SPEED% full toss just outside off stump. He hits a great shot, that has gone all the way","thisOver":"6","progress":{"innings":2,"over":17,"ball":6},"speed":37.8190929283558,"subtype":"BBCode","countingProgress":{"innings":2,"over":16,"ball":6},"bowlerId":115,"nonfacingBatsmanId":107,"facingBatsmanId":100,"autoText":"A Nehra to A Rayudu, %SPEED% full toss just outside off stump. He hits a great shot, that has gone all the way","message":{"text":null},"tags":["six"],"timestamp":1431106513000,"id":1190609,"time":"17:34","updateTime":1431106481523,"sequence":334.0,"type":"Auto"},{"bbcode":"[b]Six![/b] Full toss and cracked over long on flat! Pure Power from Rayudu, is this match changing again?","subtype":"BBCode","message":{"text":"<p><strong>Six!</strong> Full toss and cracked over long on flat! Pure Power from Rayudu, is this match changing again?</p>"},"tags":[],"timestamp":1431106550000,"id":1190611,"time":"17:34","updateTime":1431106488333,"sequence":334.5,"type":"Manual"},{"innings":2,"over":17,"overRuns":17,"overWickets":0,"inningsRuns":125,"inningsWickets":3,"inningsAllOut":false,"team":{"id":6,"fullName":"Mumbai Indians","shortName":"Mumbai","abbreviation":"MI","primaryColor":"00AEEF","secondaryColor":"FFFFFF","type":"m"},"batsmanSummaries":[{"batsman":{"id":100,"fullName":"Ambati Rayudu","shortName":"A Rayudu","nationality":"Indian","rightHandedBat":true,"dateOfBirth":496281600000,"names":["Ambati Rayudu","A Rayudu"]},"runs":22,"balls":14,"fours":0,"sixes":2},{"batsman":{"id":107,"fullName":"Rohit Sharma","shortName":"RG Sharma","nationality":"Indian","rightHandedBat":true,"dateOfBirth":546739200000,"names":["Rohit Sharma","RG Sharma"]},"runs":18,"balls":21,"fours":0,"sixes":0}],"activeBatsman":107,"bowlerSummary":{"bowler":{"id":115,"fullName":"Ashish Nehra","shortName":"A Nehra","nationality":"Indian","rightHandedBat":false,"dateOfBirth":294192000000,"names":["Ashish Nehra","A Nehra"]},"overs":"3","runs":45,"wickets":0,"maidens":0},"inningsBalls":102,"inningsMaxBalls":120,"inningsTarget":159,"message":{"text":null},"tags":[],"timestamp":1431106481000,"id":1190610,"time":"17:34","updateTime":1431106481678,"sequence":335.0,"type":"Eov"},{"bbcode":"DJ Bravo to RG Sharma, [b]WICKET!!! RG Sharma is out[/b] c Suresh Raina b Dwayne Bravo","thisOver":"W","progress":{"innings":2,"over":18,"ball":1},"speed":31.0567897745283,"subtype":"BBCode","countingProgress":{"innings":2,"over":17,"ball":1},"bowlerId":25,"nonfacingBatsmanId":100,"facingBatsmanId":107,"autoText":"DJ Bravo to RG Sharma, <b>WICKET!!! RG Sharma is out</b> c Suresh Raina b Dwayne Bravo","message":{"text":null},"tags":["wicket"],"timestamp":1431106594000,"id":1190613,"time":"17:36","updateTime":1431106564876,"sequence":336.0,"type":"Auto"},{"bbcode":"[b]Wicket![/b] Sharma gives it away high into Raina at long on, the experienced Indian makes no mistake","subtype":"BBCode","message":{"text":"<p><strong>Wicket!</strong> Sharma gives it away high into Raina at long on, the experienced Indian makes no mistake</p>"},"tags":[],"timestamp":1431106632000,"id":1190614,"time":"17:36","updateTime":1431106600204,"sequence":337.0,"type":"Manual"},{"bbcode":"DJ Bravo to A Rayudu, %SPEED% short length just outside off stump. He picks up a single","thisOver":"1","progress":{"innings":2,"over":18,"ball":2},"speed":28.6384145373173,"subtype":"BBCode","countingProgress":{"innings":2,"over":17,"ball":2},"bowlerId":25,"nonfacingBatsmanId":2740,"facingBatsmanId":100,"autoText":"DJ Bravo to A Rayudu, %SPEED% short length just outside off stump. He picks up a single","message":{"text":null},"tags":[],"timestamp":1431106702000,"id":1190615,"time":"17:37","updateTime":1431106664735,"sequence":338.0,"type":"Auto"},{"bbcode":"DJ Bravo to H Pandya, %SPEED% short length going down leg. He picks up a single","thisOver":"1","progress":{"innings":2,"over":18,"ball":3},"speed":29.9199095415765,"subtype":"BBCode","countingProgress":{"innings":2,"over":17,"ball":3},"bowlerId":25,"nonfacingBatsmanId":100,"facingBatsmanId":2740,"autoText":"DJ Bravo to H Pandya, %SPEED% short length going down leg. He picks up a single","message":{"text":null},"tags":[],"timestamp":1431106756000,"id":1190616,"time":"17:38","updateTime":1431106704761,"sequence":339.0,"type":"Auto"},{"bbcode":"DJ Bravo to A Rayudu, no run. He plays and misses","thisOver":".","progress":{"innings":2,"over":18,"ball":4},"speed":-1.0,"subtype":"BBCode","countingProgress":{"innings":2,"over":17,"ball":4},"bowlerId":25,"nonfacingBatsmanId":2740,"facingBatsmanId":100,"autoText":"DJ Bravo to A Rayudu, no run. He plays and misses","message":{"text":null},"tags":[],"timestamp":1431106743000,"id":1190617,"time":"17:38","updateTime":1431106739764,"sequence":340.0,"type":"Auto"},{"bbcode":"DJ Bravo to A Rayudu, %SPEED% short length on off stump. He picks up a single","thisOver":"1","progress":{"innings":2,"over":18,"ball":5},"speed":29.2755233404803,"subtype":"BBCode","countingProgress":{"innings":2,"over":17,"ball":5},"bowlerId":25,"nonfacingBatsmanId":2740,"facingBatsmanId":100,"autoText":"DJ Bravo to A Rayudu, %SPEED% short length on off stump. He picks up a single","message":{"text":null},"tags":[],"timestamp":1431106829000,"id":1190618,"time":"17:39","updateTime":1431106778360,"sequence":341.0,"type":"Auto"},{"bbcode":"DJ Bravo to H Pandya, %SPEED% good length going down leg. He picks up a single","thisOver":"1","progress":{"innings":2,"over":18,"ball":6},"speed":28.732691671674,"subtype":"BBCode","countingProgress":{"innings":2,"over":17,"ball":6},"bowlerId":25,"nonfacingBatsmanId":100,"facingBatsmanId":2740,"autoText":"DJ Bravo to H Pandya, %SPEED% good length going down leg. He picks up a single","message":{"text":null},"tags":[],"timestamp":1431106881000,"id":1190620,"time":"17:40","updateTime":1431106819446,"sequence":343.0,"type":"Auto"},{"innings":2,"over":18,"overRuns":4,"overWickets":1,"inningsRuns":129,"inningsWickets":4,"inningsAllOut":false,"team":{"id":6,"fullName":"Mumbai Indians","shortName":"Mumbai","abbreviation":"MI","primaryColor":"00AEEF","secondaryColor":"FFFFFF","type":"m"},"batsmanSummaries":[{"batsman":{"id":2740,"fullName":"Hardik Pandya","shortName":"H Pandya","nationality":"Indian","rightHandedBat":true,"dateOfBirth":750297600000,"names":["Hardik Pandya","H Pandya"]},"runs":2,"balls":2,"fours":0,"sixes":0},{"batsman":{"id":100,"fullName":"Ambati Rayudu","shortName":"A Rayudu","nationality":"Indian","rightHandedBat":true,"dateOfBirth":496281600000,"names":["Ambati Rayudu","A Rayudu"]},"runs":24,"balls":17,"fours":0,"sixes":2}],"activeBatsman":2740,"bowlerSummary":{"bowler":{"id":25,"fullName":"Dwayne Bravo","shortName":"DJ Bravo","nationality":"West Indian","rightHandedBat":false,"dateOfBirth":434332800000,"names":["Dwayne Bravo","DJ Bravo"]},"overs":"2","runs":11,"wickets":1,"maidens":0},"inningsBalls":108,"inningsMaxBalls":120,"inningsTarget":159,"message":{"text":null},"tags":[],"timestamp":1431106819000,"id":1190621,"time":"17:40","updateTime":1431106819699,"sequence":344.0,"type":"Eov"},{"bbcode":"Negi has the penultimate over and it is an important one","subtype":"BBCode","message":{"text":"<p>Negi has the penultimate over and it is an important one</p>"},"tags":[],"timestamp":1431106915000,"id":1190623,"time":"17:41","updateTime":1431106912539,"sequence":344.5,"type":"Manual"},{"bbcode":"P Negi to H Pandya, %SPEED% good length on off stump. He hits a great shot, that has gone all the way","thisOver":"6","progress":{"innings":2,"over":19,"ball":1},"speed":24.4202609470456,"subtype":"BBCode","countingProgress":{"innings":2,"over":18,"ball":1},"bowlerId":53,"nonfacingBatsmanId":100,"facingBatsmanId":2740,"autoText":"P Negi to H Pandya, %SPEED% good length on off stump. He hits a great shot, that has gone all the way","message":{"text":null},"tags":["six"],"timestamp":1431106933000,"id":1190622,"time":"17:41","updateTime":1431106892588,"sequence":345.0,"type":"Auto"},{"bbcode":"[b]Six![/b] Too slow from Negi and Pandya hammers a perfectly timed maximum in the context of this match","subtype":"BBCode","message":{"text":"<p><strong>Six!</strong> Too slow from Negi and Pandya hammers a perfectly timed maximum in the context of this match</p>"},"tags":[],"timestamp":1431106951000,"id":1190625,"time":"17:41","updateTime":1431106919227,"sequence":346.0,"type":"Manual"},{"bbcode":"P Negi to H Pandya, no run, %SPEED% short length outside off stump. He plays and misses","thisOver":".","progress":{"innings":2,"over":19,"ball":2},"speed":26.6683056692053,"subtype":"BBCode","countingProgress":{"innings":2,"over":18,"ball":2},"bowlerId":53,"nonfacingBatsmanId":100,"facingBatsmanId":2740,"autoText":"P Negi to H Pandya, no run, %SPEED% short length outside off stump. He plays and misses","message":{"text":null},"tags":[],"timestamp":1431106928000,"id":1190626,"time":"17:42","updateTime":1431106922537,"sequence":347.0,"type":"Auto"},{"bbcode":"P Negi to H Pandya, %SPEED% short length outside off stump. He hits a great shot, that has gone all the way","thisOver":"6","progress":{"innings":2,"over":19,"ball":3},"speed":26.5318175560558,"subtype":"BBCode","countingProgress":{"innings":2,"over":18,"ball":3},"bowlerId":53,"nonfacingBatsmanId":100,"facingBatsmanId":2740,"autoText":"P Negi to H Pandya, %SPEED% short length outside off stump. He hits a great shot, that has gone all the way","message":{"text":null},"tags":["six"],"timestamp":1431106995000,"id":1190627,"time":"17:42","updateTime":1431106950776,"sequence":348.0,"type":"Auto"},{"bbcode":"[b]Six![/b] Flat batted off the backfoot over extra cover. Pandya is on fire!","subtype":"BBCode","message":{"text":"<p><strong>Six!</strong> Flat batted off the backfoot over extra cover. Pandya is on fire!</p>"},"tags":[],"timestamp":1431107010000,"id":1190628,"time":"17:43","updateTime":1431106982501,"sequence":349.0,"type":"Manual"}]}