{"squadId":463,"totalVotes":8632,"players":[{"id":107,"voteCount":8120,"fullName":"Rohit Sharma","shortName":"RG Sharma"},{"id":210,"voteCount":8071,"fullName":"Kieron Pollard","shortName":"K Pollard"},{"id":103,"voteCount":7790,"fullName":"Harbhajan Singh","shortName":"H Singh"},{"id":100,"voteCount":7638,"fullName":"Ambati Rayudu","shortName":"A Rayudu"},{"id":595,"voteCount":7255,"fullName":"Lendl Simmons","shortName":"L Simmons"},{"id":44,"voteCount":6765,"fullName":"Parthiv Patel","shortName":"P Patel"},{"id":166,"voteCount":6494,"fullName":"Vinay Kumar","shortName":"V Kumar"},{"id":730,"voteCount":5793,"fullName":"Mitchell McClenaghan","shortName":"M McClenaghan"},{"id":211,"voteCount":5528,"fullName":"Lasith Malinga","shortName":"L Malinga"},{"id":2741,"voteCount":5172,"fullName":"Jagadeesha Suchith","shortName":"J Suchith"},{"id":60,"voteCount":4430,"fullName":"Unmukt Chand","shortName":"U Chand"},{"id":2740,"voteCount":3210,"fullName":"Hardik Pandya","shortName":"H Pandya"},{"id":968,"voteCount":2686,"fullName":"Corey Anderson","shortName":"C Anderson"},{"id":106,"voteCount":2071,"fullName":"Pragyan Ojha","shortName":"P Ojha"},{"id":99,"voteCount":1979,"fullName":"Aditya Tare","shortName":"A Tare"},{"id":17,"voteCount":1657,"fullName":"Ben Hilfenhaus","shortName":"B Hilfenhaus"},{"id":1124,"voteCount":1320,"fullName":"Jasprit Bumrah","shortName":"J Bumrah"},{"id":204,"voteCount":820,"fullName":"Marchant de Lange","shortName":"M de Lange"},{"id":1748,"voteCount":644,"fullName":"Shreyas Gopal","shortName":"S Gopal"},{"id":151,"voteCount":643,"fullName":"Abhimanyu Mithun","shortName":"A Mithun"},{"id":105,"voteCount":572,"fullName":"Pawan Suyal","shortName":"P Suyal"},{"id":205,"voteCount":391,"fullName":"Aiden Blizzard","shortName":"A Blizzard"},{"id":2738,"voteCount":321,"fullName":"Nitish Rana","shortName":"N Rana"},{"id":2737,"voteCount":310,"fullName":"Akshay Wakhare","shortName":"A Wakhare"},{"id":2739,"voteCount":304,"fullName":"Siddhesh Lad","shortName":"SD Lad"},{"id":773,"voteCount":300,"fullName":"Colin Munro","shortName":"C Munro"}]}