{"squadId":460,"totalVotes":10923,"players":[{"id":1,"voteCount":10067,"fullName":"MS Dhoni","shortName":"MS Dhoni"},{"id":202,"voteCount":9835,"fullName":"Brendon McCullum","shortName":"B McCullum"},{"id":25,"voteCount":9768,"fullName":"Dwayne Bravo","shortName":"DJ Bravo"},{"id":14,"voteCount":9713,"fullName":"Suresh Raina","shortName":"S Raina"},{"id":115,"voteCount":9126,"fullName":"Ashish Nehra","shortName":"A Nehra"},{"id":24,"voteCount":9049,"fullName":"Francois du Plessis","shortName":"F du Plessis"},{"id":413,"voteCount":8874,"fullName":"Dwayne Smith","shortName":"DR Smith"},{"id":1107,"voteCount":7804,"fullName":"Mohit Sharma","shortName":"M Sharma"},{"id":9,"voteCount":7521,"fullName":"Ravindra Jadeja","shortName":"R Jadeja"},{"id":8,"voteCount":7430,"fullName":"Ravichandran Ashwin","shortName":"R Ashwin"},{"id":1090,"voteCount":6418,"fullName":"Ishwar Pandey","shortName":"I Pandey"},{"id":53,"voteCount":6257,"fullName":"Pawan Negi","shortName":"P Negi"},{"id":49,"voteCount":3363,"fullName":"Irfan Pathan","shortName":"I Pathan"},{"id":20,"voteCount":1484,"fullName":"Michael Hussey","shortName":"M Hussey"},{"id":126,"voteCount":1082,"fullName":"Rahul Sharma","shortName":"R Sharma"},{"id":277,"voteCount":711,"fullName":"Ronit More","shortName":"R More"},{"id":1084,"voteCount":587,"fullName":"Baba Aparajith","shortName":"B Aparajith"},{"id":1105,"voteCount":454,"fullName":"Kyle Abbott","shortName":"K Abbott"},{"id":2731,"voteCount":427,"fullName":"Pratyush Singh","shortName":"P Singh"},{"id":124,"voteCount":426,"fullName":"Mithun Manhas","shortName":"M Manhas"},{"id":1505,"voteCount":381,"fullName":"Matt Henry","shortName":"M Henry"},{"id":1558,"voteCount":372,"fullName":"Ankush Bains","shortName":"A Bains"},{"id":590,"voteCount":361,"fullName":"Samuel Badree","shortName":"S Badree"},{"id":118,"voteCount":332,"fullName":"Eklavya Dwivedi ","shortName":"E Dwivedi "},{"id":1480,"voteCount":302,"fullName":"Andrew Tye","shortName":"A Tye"}]}