{"fragment":7,"updateTime":1428759499000,"matchId":{"id":3229,"name":"ipl2015-04 - CSK vs. SRH","matchIdName":"ipl2015-04"},"commentaries":[{"subtype":"EmbeddedTweet","tweetjson":{"created_at":"Sat Apr 11 13:01:07 +0000 2015","id":586876630842368000,"id_str":"586876630842368000","text":"This commentary gig is really hard work... Jus kicking back in front of a huge Chennai Super Kings… https://t.co/E0HzflxMNv","source":"<a href=\"http://instagram.com\" rel=\"nofollow\">Instagram</a>","truncated":false,"in_reply_to_status_id":null,"in_reply_to_status_id_str":null,"in_reply_to_user_id":null,"in_reply_to_user_id_str":null,"in_reply_to_screen_name":null,"user":{"id":106961801,"id_str":"106961801","name":"Damien Martyn","screen_name":"dmartyn30","location":"Australia","profile_location":null,"description":"Former Australian Cricketer discussing cricket and life.","url":"http://t.co/sVzKdmrl5j","entities":{"url":{"urls":[{"url":"http://t.co/sVzKdmrl5j","expanded_url":"http://www.damienmartyn.com","display_url":"damienmartyn.com","indices":[0,22]}]},"description":{"urls":[]}},"protected":false,"followers_count":175764,"friends_count":1889,"listed_count":1353,"created_at":"Thu Jan 21 05:39:59 +0000 2010","favourites_count":2835,"utc_offset":36000,"time_zone":"Brisbane","geo_enabled":true,"verified":true,"statuses_count":15340,"lang":"en","contributors_enabled":false,"is_translator":false,"is_translation_enabled":false,"profile_background_color":"131516","profile_background_image_url":"http://abs.twimg.com/images/themes/theme14/bg.gif","profile_background_image_url_https":"https://abs.twimg.com/images/themes/theme14/bg.gif","profile_background_tile":true,"profile_image_url":"http://pbs.twimg.com/profile_images/378800000650763121/76d0b0e72bf869dd910d4cad0edfab31_normal.jpeg","profile_image_url_https":"https://pbs.twimg.com/profile_images/378800000650763121/76d0b0e72bf869dd910d4cad0edfab31_normal.jpeg","profile_banner_url":"https://pbs.twimg.com/profile_banners/106961801/1425528307","profile_link_color":"009999","profile_sidebar_border_color":"EEEEEE","profile_sidebar_fill_color":"EFEFEF","profile_text_color":"333333","profile_use_background_image":true,"default_profile":false,"default_profile_image":false,"following":false,"follow_request_sent":false,"notifications":false},"geo":{"type":"Point","coordinates":[13.06277778,80.27944444]},"coordinates":{"type":"Point","coordinates":[80.27944444,13.06277778]},"place":{"id":"03b7ea94ef68e9d7","url":"https://api.twitter.com/1.1/geo/id/03b7ea94ef68e9d7.json","place_type":"city","name":"Mylapore Tiruvallike","full_name":"Mylapore Tiruvallike, Tamil Nadu","country_code":"IN","country":"India","contained_within":[],"bounding_box":{"type":"Polygon","coordinates":[[[80.2348852,12.970918],[80.288726,12.970918],[80.288726,13.0778711],[80.2348852,13.0778711]]]},"attributes":{}},"contributors":null,"retweet_count":3,"favorite_count":5,"entities":{"hashtags":[],"symbols":[],"user_mentions":[],"urls":[{"url":"https://t.co/E0HzflxMNv","expanded_url":"https://instagram.com/p/1VedMbhdwi/","display_url":"instagram.com/p/1VedMbhdwi/","indices":[100,123]}]},"favorited":false,"retweeted":false,"possibly_sensitive":false,"possibly_sensitive_appealable":false,"lang":"en"},"message":{"text":"<blockquote class=\"twitter-tweet\" data-partner=\"tweetdeck\">\n<p>This commentary gig is really hard work... Jus kicking back in front of a huge Chennai Super Kings&hellip; <a href=\"https://t.co/E0HzflxMNv\">https://t.co/E0HzflxMNv</a></p>\n&mdash; Damien Martyn (@dmartyn30) <a href=\"https://twitter.com/dmartyn30/status/586876630842368000\">April 11, 2015</a></blockquote>\n<script charset=\"utf-8\" type=\"text/javascript\" src=\"http://platform.twitter.com/widgets.js\"></script>"},"tags":[],"timestamp":1428757676000,"id":1155908,"time":"13:07","updateTime":1428757676820,"sequence":300.0,"type":"Manual"},{"bbcode":"R Ashwin to D Warner, 1 leg bye","thisOver":"1Lb","progress":{"innings":2,"over":10,"ball":1},"speed":27.141072964011,"subtype":"BBCode","countingProgress":{"innings":2,"over":9,"ball":1},"bowlerId":8,"nonfacingBatsmanId":52,"facingBatsmanId":170,"autoText":"R Ashwin to D Warner, 1 leg bye","message":{"text":null},"tags":[],"timestamp":1428757742000,"id":1155909,"time":"13:09","updateTime":1428757742598,"sequence":301.0,"type":"Auto"},{"bbcode":"R Ashwin to N Ojha, no run, %SPEED% good length just outside off stump. He plays and misses","thisOver":".","progress":{"innings":2,"over":10,"ball":2},"speed":26.8080096614924,"subtype":"BBCode","countingProgress":{"innings":2,"over":9,"ball":2},"bowlerId":8,"nonfacingBatsmanId":170,"facingBatsmanId":52,"autoText":"R Ashwin to N Ojha, no run, %SPEED% good length just outside off stump. He plays and misses","message":{"text":null},"tags":[],"timestamp":1428757816000,"id":1155910,"time":"13:09","updateTime":1428757760168,"sequence":302.0,"type":"Auto"},{"bbcode":"R Ashwin to N Ojha, %SPEED% good length on off stump. He plays and misses","thisOver":"1","progress":{"innings":2,"over":10,"ball":3},"speed":22.5305710902915,"subtype":"BBCode","countingProgress":{"innings":2,"over":9,"ball":3},"bowlerId":8,"nonfacingBatsmanId":170,"facingBatsmanId":52,"autoText":"R Ashwin to N Ojha, %SPEED% good length on off stump. He plays and misses","message":{"text":null},"tags":[],"timestamp":1428757887000,"id":1155911,"time":"13:09","updateTime":1428757783136,"sequence":303.0,"type":"Auto"},{"bbcode":"R Ashwin to D Warner, %SPEED% short length outside off stump. He picks up a single","thisOver":"1","progress":{"innings":2,"over":10,"ball":4},"speed":23.0517684705231,"subtype":"BBCode","countingProgress":{"innings":2,"over":9,"ball":4},"bowlerId":8,"nonfacingBatsmanId":52,"facingBatsmanId":170,"autoText":"R Ashwin to D Warner, %SPEED% short length outside off stump. He picks up a single","message":{"text":null},"tags":[],"timestamp":1428757887000,"id":1155912,"time":"13:10","updateTime":1428757804022,"sequence":304.0,"type":"Auto"},{"bbcode":"R Ashwin to N Ojha, %SPEED% full length just outside off stump. He picks up two","thisOver":"2","progress":{"innings":2,"over":10,"ball":5},"speed":27.0374585825078,"subtype":"BBCode","countingProgress":{"innings":2,"over":9,"ball":5},"bowlerId":8,"nonfacingBatsmanId":170,"facingBatsmanId":52,"autoText":"R Ashwin to N Ojha, %SPEED% full length just outside off stump. He picks up two","message":{"text":null},"tags":[],"timestamp":1428757887000,"id":1155913,"time":"13:10","updateTime":1428757834992,"sequence":305.0,"type":"Auto"},{"bbcode":"R Ashwin to N Ojha, %SPEED% full toss on middle stump. He hits a great shot, that has gone all the way","thisOver":"6","progress":{"innings":2,"over":10,"ball":6},"speed":27.5048637481144,"subtype":"BBCode","countingProgress":{"innings":2,"over":9,"ball":6},"bowlerId":8,"nonfacingBatsmanId":170,"facingBatsmanId":52,"autoText":"R Ashwin to N Ojha, %SPEED% full toss on middle stump. He hits a great shot, that has gone all the way","message":{"text":null},"tags":["six"],"timestamp":1428757938000,"id":1155914,"time":"13:10","updateTime":1428757858141,"sequence":306.0,"type":"Auto"},{"bbcode":"[b]Six![/b] Full toss and Ojha puts it away over mid-wicket, plenty more of them needed!","subtype":"BBCode","message":{"text":"<p><strong>Six!</strong> Full toss and Ojha puts it away over mid-wicket, plenty more of them needed!</p>"},"tags":[],"timestamp":1428757888000,"id":1155916,"time":"13:11","updateTime":1428757887094,"sequence":306.5,"type":"Manual"},{"innings":2,"over":10,"overRuns":11,"overWickets":0,"inningsRuns":80,"inningsWickets":2,"inningsAllOut":false,"team":{"id":62,"fullName":"Sunrisers Hyderabad","shortName":"Sunrisers","abbreviation":"SRH","primaryColor":"FF9C00","secondaryColor":"FFFFFF","type":"m"},"batsmanSummaries":[{"batsman":{"id":52,"fullName":"Naman Ojha","shortName":"N Ojha","nationality":"Indian","rightHandedBat":false,"dateOfBirth":427507200000,"names":["Naman Ojha","N Ojha"]},"runs":13,"balls":9,"fours":0,"sixes":1},{"batsman":{"id":170,"fullName":"David Warner","shortName":"D Warner","nationality":"Australian","rightHandedBat":false,"dateOfBirth":530755200000,"names":["David Warner","D Warner"]},"runs":30,"balls":25,"fours":0,"sixes":2}],"activeBatsman":170,"bowlerSummary":{"bowler":{"id":8,"fullName":"Ravichandran Ashwin","shortName":"R Ashwin","nationality":"Indian","rightHandedBat":false,"dateOfBirth":527299200000,"names":["Ravichandran Ashwin","R Ashwin"]},"overs":"2","runs":14,"wickets":0,"maidens":0},"inningsBalls":60,"inningsMaxBalls":120,"inningsTarget":210,"message":{"text":null},"tags":[],"timestamp":1428757858000,"id":1155915,"time":"13:10","updateTime":1428757858370,"sequence":307.0,"type":"Eov"},{"bbcode":"DJ Bravo to D Warner, %SPEED% good length outside off stump. He picks up two","thisOver":"2","progress":{"innings":2,"over":11,"ball":1},"speed":35.493965131873,"subtype":"BBCode","countingProgress":{"innings":2,"over":10,"ball":1},"bowlerId":25,"nonfacingBatsmanId":52,"facingBatsmanId":170,"autoText":"DJ Bravo to D Warner, %SPEED% good length outside off stump. He picks up two","message":{"text":null},"tags":[],"timestamp":1428757999000,"id":1155918,"time":"13:12","updateTime":1428757920243,"sequence":308.0,"type":"Auto"},{"bbcode":"DJ Bravo to D Warner, no run, %SPEED% short length outside off stump. He plays and misses","thisOver":".","progress":{"innings":2,"over":11,"ball":2},"speed":36.7813354756846,"subtype":"BBCode","countingProgress":{"innings":2,"over":10,"ball":2},"bowlerId":25,"nonfacingBatsmanId":52,"facingBatsmanId":170,"autoText":"DJ Bravo to D Warner, no run, %SPEED% short length outside off stump. He plays and misses","message":{"text":null},"tags":[],"timestamp":1428758070000,"id":1155919,"time":"13:13","updateTime":1428757987821,"sequence":309.0,"type":"Auto"},{"bbcode":"DJ Bravo to D Warner, Wide delivery","thisOver":"1Wd","progress":{"innings":2,"over":11,"ball":3},"speed":36.1198033080018,"subtype":"BBCode","countingProgress":{"innings":2,"over":10,"ball":3},"bowlerId":25,"nonfacingBatsmanId":52,"facingBatsmanId":170,"autoText":"DJ Bravo to D Warner, Wide delivery","message":{"text":null},"tags":[],"timestamp":1428758035000,"id":1155920,"time":"13:13","updateTime":1428758034477,"sequence":310.0,"type":"Auto"},{"bbcode":"DJ Bravo to D Warner, %SPEED% short length just outside off stump. He picks up two","thisOver":"2","progress":{"innings":2,"over":11,"ball":4},"speed":30.3421629251371,"subtype":"BBCode","countingProgress":{"innings":2,"over":10,"ball":3},"bowlerId":25,"nonfacingBatsmanId":52,"facingBatsmanId":170,"autoText":"DJ Bravo to D Warner, %SPEED% short length just outside off stump. He picks up two","message":{"text":null},"tags":[],"timestamp":1428758121000,"id":1155921,"time":"13:14","updateTime":1428758079678,"sequence":311.0,"type":"Auto"},{"bbcode":"DJ Bravo to D Warner, no run, %SPEED% short length outside off stump. He plays and misses","thisOver":".","progress":{"innings":2,"over":11,"ball":5},"speed":30.3226294120891,"subtype":"BBCode","countingProgress":{"innings":2,"over":10,"ball":4},"bowlerId":25,"nonfacingBatsmanId":52,"facingBatsmanId":170,"autoText":"DJ Bravo to D Warner, no run, %SPEED% short length outside off stump. He plays and misses","message":{"text":null},"tags":[],"timestamp":1428758117000,"id":1155922,"time":"13:15","updateTime":1428758115609,"sequence":312.0,"type":"Auto"},{"bbcode":"DJ Bravo to D Warner. He picks up a single","thisOver":"1","progress":{"innings":2,"over":11,"ball":6},"subtype":"BBCode","countingProgress":{"innings":2,"over":10,"ball":5},"bowlerId":25,"nonfacingBatsmanId":52,"facingBatsmanId":170,"autoText":"DJ Bravo to D Warner. He picks up a single","message":{"text":null},"tags":[],"timestamp":1428758250000,"id":1155923,"time":"13:15","updateTime":1428758148969,"sequence":313.0,"type":"Auto"},{"bbcode":"DJ Bravo to N Ojha, %SPEED% good length on middle stump. He picks up two","thisOver":"2","progress":{"innings":2,"over":11,"ball":7},"speed":30.5117533096479,"subtype":"BBCode","countingProgress":{"innings":2,"over":10,"ball":6},"bowlerId":25,"nonfacingBatsmanId":170,"facingBatsmanId":52,"autoText":"DJ Bravo to N Ojha, %SPEED% good length on middle stump. He picks up two","message":{"text":null},"tags":[],"timestamp":1428758233000,"id":1155924,"time":"13:16","updateTime":1428758196383,"sequence":314.0,"type":"Auto"},{"innings":2,"over":11,"overRuns":8,"overWickets":0,"inningsRuns":88,"inningsWickets":2,"inningsAllOut":false,"team":{"id":62,"fullName":"Sunrisers Hyderabad","shortName":"Sunrisers","abbreviation":"SRH","primaryColor":"FF9C00","secondaryColor":"FFFFFF","type":"m"},"batsmanSummaries":[{"batsman":{"id":52,"fullName":"Naman Ojha","shortName":"N Ojha","nationality":"Indian","rightHandedBat":false,"dateOfBirth":427507200000,"names":["Naman Ojha","N Ojha"]},"runs":15,"balls":10,"fours":0,"sixes":1},{"batsman":{"id":170,"fullName":"David Warner","shortName":"D Warner","nationality":"Australian","rightHandedBat":false,"dateOfBirth":530755200000,"names":["David Warner","D Warner"]},"runs":35,"balls":30,"fours":0,"sixes":2}],"activeBatsman":170,"bowlerSummary":{"bowler":{"id":25,"fullName":"Dwayne Bravo","shortName":"DJ Bravo","nationality":"West Indian","rightHandedBat":false,"dateOfBirth":434332800000,"names":["Dwayne Bravo","DJ Bravo"]},"overs":"2","runs":15,"wickets":0,"maidens":0},"inningsBalls":66,"inningsMaxBalls":120,"inningsTarget":210,"message":{"text":null},"tags":[],"timestamp":1428758196000,"id":1155925,"time":"13:16","updateTime":1428758196564,"sequence":315.0,"type":"Eov"},{"bbcode":"R Ashwin to D Warner, %SPEED% good length just outside off stump. He picks up two","thisOver":"2","progress":{"innings":2,"over":12,"ball":1},"speed":22.9159666915782,"subtype":"BBCode","countingProgress":{"innings":2,"over":11,"ball":1},"bowlerId":8,"nonfacingBatsmanId":52,"facingBatsmanId":170,"autoText":"R Ashwin to D Warner, %SPEED% good length just outside off stump. He picks up two","message":{"text":null},"tags":[],"timestamp":1428758305000,"id":1155926,"time":"13:17","updateTime":1428758266383,"sequence":316.0,"type":"Auto"},{"bbcode":"Warner scrambles a couple and that's 2,000 IPL runs for the Australian!","subtype":"BBCode","message":{"text":"<p>Warner scrambles a couple and that's 2,000 IPL runs for the Australian!</p>"},"tags":[],"timestamp":1428758304000,"id":1155928,"time":"13:18","updateTime":1428758303071,"sequence":316.5,"type":"Manual"},{"bbcode":"R Ashwin to D Warner, %SPEED% good length going down leg. He picks up a single","thisOver":"1","progress":{"innings":2,"over":12,"ball":2},"speed":22.7259065968786,"subtype":"BBCode","countingProgress":{"innings":2,"over":11,"ball":2},"bowlerId":8,"nonfacingBatsmanId":52,"facingBatsmanId":170,"autoText":"R Ashwin to D Warner, %SPEED% good length going down leg. He picks up a single","message":{"text":null},"tags":[],"timestamp":1428758356000,"id":1155927,"time":"13:18","updateTime":1428758296555,"sequence":317.0,"type":"Auto"},{"bbcode":"R Ashwin to N Ojha, [b]WICKET!!! N Ojha is out[/b] c Mohit Sharma b Ravichandran Ashwin","thisOver":"W","progress":{"innings":2,"over":12,"ball":3},"speed":22.7433109155294,"subtype":"BBCode","countingProgress":{"innings":2,"over":11,"ball":3},"bowlerId":8,"nonfacingBatsmanId":170,"facingBatsmanId":52,"autoText":"R Ashwin to N Ojha, <b>WICKET!!! N Ojha is out</b> c Mohit Sharma b Ravichandran Ashwin","message":{"text":null},"tags":["wicket"],"timestamp":1428758365000,"id":1155930,"time":"13:18","updateTime":1428758335570,"sequence":318.0,"type":"Auto"},{"bbcode":"[b]Wicket![/b] The pressure tells, Ojha tries to force the issue with the big hit down the ground but it falls well short into the hands of Mohit at long off!","subtype":"BBCode","message":{"text":"<p><strong>Wicket!</strong> The pressure tells, Ojha tries to force the issue with the big hit down the ground but it falls well short into the hands of Mohit at long off!</p>"},"tags":[],"timestamp":1428758401000,"id":1155931,"time":"13:20","updateTime":1428758401704,"sequence":319.0,"type":"Manual"},{"bbcode":"R Ashwin to D Warner, %SPEED% good length just outside off stump. He picks up a single","thisOver":"1","progress":{"innings":2,"over":12,"ball":4},"speed":23.0449409102386,"subtype":"BBCode","countingProgress":{"innings":2,"over":11,"ball":4},"bowlerId":8,"nonfacingBatsmanId":374,"facingBatsmanId":170,"autoText":"R Ashwin to D Warner, %SPEED% good length just outside off stump. He picks up a single","message":{"text":null},"tags":[],"timestamp":1428758539000,"id":1155932,"time":"13:20","updateTime":1428758420377,"sequence":320.0,"type":"Auto"},{"bbcode":"R Ashwin to R Bopara, no run, %SPEED% good length outside off stump. He plays and misses","thisOver":".","progress":{"innings":2,"over":12,"ball":5},"speed":23.0861926624243,"subtype":"BBCode","countingProgress":{"innings":2,"over":11,"ball":5},"bowlerId":8,"nonfacingBatsmanId":170,"facingBatsmanId":374,"autoText":"R Ashwin to R Bopara, no run, %SPEED% good length outside off stump. He plays and misses","message":{"text":null},"tags":[],"timestamp":1428758457000,"id":1155933,"time":"13:20","updateTime":1428758454956,"sequence":321.0,"type":"Auto"},{"bbcode":"R Ashwin to R Bopara, %SPEED% good length on off stump. He picks up a single backward of square on the leg side","thisOver":"1","progress":{"innings":2,"over":12,"ball":6},"speed":22.5965445852112,"subtype":"BBCode","countingProgress":{"innings":2,"over":11,"ball":6},"bowlerId":8,"nonfacingBatsmanId":170,"facingBatsmanId":374,"autoText":"R Ashwin to R Bopara, %SPEED% good length on off stump. He picks up a single backward of square on the leg side","message":{"text":null},"tags":[],"timestamp":1428758485000,"id":1155935,"time":"13:21","updateTime":1428758474532,"sequence":321.5,"type":"Auto"},{"innings":2,"over":12,"overRuns":5,"overWickets":1,"inningsRuns":93,"inningsWickets":3,"inningsAllOut":false,"team":{"id":62,"fullName":"Sunrisers Hyderabad","shortName":"Sunrisers","abbreviation":"SRH","primaryColor":"FF9C00","secondaryColor":"FFFFFF","type":"m"},"batsmanSummaries":[{"batsman":{"id":374,"fullName":"Ravi Bopara","shortName":"R Bopara","nationality":"English","rightHandedBat":true,"dateOfBirth":484012800000,"names":["Ravi Bopara","R Bopara"]},"runs":1,"balls":2,"fours":0,"sixes":0},{"batsman":{"id":170,"fullName":"David Warner","shortName":"D Warner","nationality":"Australian","rightHandedBat":false,"dateOfBirth":530755200000,"names":["David Warner","D Warner"]},"runs":39,"balls":33,"fours":0,"sixes":2}],"activeBatsman":374,"bowlerSummary":{"bowler":{"id":8,"fullName":"Ravichandran Ashwin","shortName":"R Ashwin","nationality":"Indian","rightHandedBat":false,"dateOfBirth":527299200000,"names":["Ravichandran Ashwin","R Ashwin"]},"overs":"3","runs":19,"wickets":1,"maidens":0},"inningsBalls":72,"inningsMaxBalls":120,"inningsTarget":210,"message":{"text":null},"tags":[],"timestamp":1428758486000,"id":1155936,"time":"13:21","updateTime":1428758474694,"sequence":321.75,"type":"Eov"},{"mediaId":"4166966228001","endpointUrlHq1":"http://brightcove.vo.llnwd.net/v1/uds/pd/3588749423001/201504/919/3588749423001_4167057644001_SRH-3RD-SIX.mp4","endpointUrlHq2":"http://brightcove.vo.llnwd.net/v1/uds/pd/3588749423001/201504/2919/3588749423001_4167057642001_SRH-3RD-SIX.mp4","endpointUrlAlt":"http://c.brightcove.com/services/mobile/streaming/index/rendition.m3u8?assetId=4167057650001","title":"M4: CSK vs SRH – Naman Ojha Six","largeThumbnail":"http://brightcove.vo.llnwd.net/v1/unsecured/media/3588749423001/201504/2033/3588749423001_4167018047001_video-still-for-video-4166966228001.jpg?pubId=3588749423001","duration":12284,"endpointUrl":"http://brightcove.vo.llnwd.net/v1/uds/pd/3588749423001/201504/1919/3588749423001_4167057641001_SRH-3RD-SIX.mp4","smallThumbnail":"http://brightcove.vo.llnwd.net/v1/unsecured/media/3588749423001/201504/3033/3588749423001_4167018046001_thumbnail-for-video-4166966228001.jpg?pubId=3588749423001","description":"M4: CSK vs SRH – Naman Ojha Six","endpointUrlMq":"http://brightcove.vo.llnwd.net/v1/uds/pd/3588749423001/201504/3919/3588749423001_4167057643001_SRH-3RD-SIX.mp4","endpointUrlHq3":"http://brightcove.vo.llnwd.net/v1/uds/pd/3588749423001/201504/2799/3588749423001_4167060611001_SRH-3RD-SIX.mp4","publishDate":1428758016442,"message":{"text":null},"tags":["account:iplt20","match:ipl2015-04","2015","ipl2015","six","innings 1","playerid 52","ipl2015-04","IPL 2015","srh","ball 6","over 10","channel:ipl-match-centre","csk"],"timestamp":1428758458000,"id":1155934,"time":"13:20","updateTime":1428758458199,"sequence":322.0,"type":"Video"},{"bbcode":"I Pandey to R Bopara, %SPEED% short length outside off stump. He plays and misses","thisOver":"2","progress":{"innings":2,"over":13,"ball":1},"speed":36.1008009131775,"subtype":"BBCode","countingProgress":{"innings":2,"over":12,"ball":1},"bowlerId":1090,"nonfacingBatsmanId":170,"facingBatsmanId":374,"autoText":"I Pandey to R Bopara, %SPEED% short length outside off stump. He plays and misses","message":{"text":null},"tags":[],"timestamp":1428758663000,"id":1155939,"time":"13:22","updateTime":1428758560444,"sequence":323.0,"type":"Auto"},{"bbcode":"I Pandey to R Bopara, no run, %SPEED% short length on middle stump. He doesn't offer a shot","thisOver":".","progress":{"innings":2,"over":13,"ball":2},"speed":36.8626198597383,"subtype":"BBCode","countingProgress":{"innings":2,"over":12,"ball":2},"bowlerId":1090,"nonfacingBatsmanId":170,"facingBatsmanId":374,"autoText":"I Pandey to R Bopara, no run, %SPEED% short length on middle stump. He doesn't offer a shot","message":{"text":null},"tags":[],"timestamp":1428758663000,"id":1155940,"time":"13:23","updateTime":1428758588804,"sequence":324.0,"type":"Auto"},{"bbcode":"I Pandey to R Bopara, %SPEED% short length outside off stump. He picks up a single","thisOver":"1","progress":{"innings":2,"over":13,"ball":3},"speed":36.3433169423335,"subtype":"BBCode","countingProgress":{"innings":2,"over":12,"ball":3},"bowlerId":1090,"nonfacingBatsmanId":170,"facingBatsmanId":374,"autoText":"I Pandey to R Bopara, %SPEED% short length outside off stump. He picks up a single","message":{"text":null},"tags":[],"timestamp":1428758663000,"id":1155941,"time":"13:23","updateTime":1428758625050,"sequence":325.0,"type":"Auto"},{"bbcode":"I Pandey to D Warner, no run, %SPEED% short length on off stump. He plays and misses","thisOver":".","progress":{"innings":2,"over":13,"ball":4},"speed":36.3948689648559,"subtype":"BBCode","countingProgress":{"innings":2,"over":12,"ball":4},"bowlerId":1090,"nonfacingBatsmanId":374,"facingBatsmanId":170,"autoText":"I Pandey to D Warner, no run, %SPEED% short length on off stump. He plays and misses","message":{"text":null},"tags":[],"timestamp":1428758768000,"id":1155942,"time":"13:24","updateTime":1428758694442,"sequence":326.0,"type":"Auto"},{"bbcode":"Ouch! Warner cops one in the grill looking to pull, he is a tough one though and gets straight up","subtype":"BBCode","message":{"text":"<p>Ouch! Warner cops one in the grill looking to pull, he is a tough one though and gets straight up</p>"},"tags":[],"timestamp":1428758728000,"id":1155943,"time":"13:25","updateTime":1428758728039,"sequence":327.0,"type":"Manual"},{"bbcode":"I Pandey to D Warner, %SPEED% short length just outside off stump. He picks up a single","thisOver":"1","progress":{"innings":2,"over":13,"ball":5},"speed":36.3639301033595,"subtype":"BBCode","countingProgress":{"innings":2,"over":12,"ball":5},"bowlerId":1090,"nonfacingBatsmanId":374,"facingBatsmanId":170,"autoText":"I Pandey to D Warner, %SPEED% short length just outside off stump. He picks up a single","message":{"text":null},"tags":[],"timestamp":1428758849000,"id":1155944,"time":"13:25","updateTime":1428758754314,"sequence":328.0,"type":"Auto"},{"bbcode":"I Pandey to R Bopara, %SPEED% short length just outside off stump. He picks up two","thisOver":"2","progress":{"innings":2,"over":13,"ball":6},"speed":37.6118786193459,"subtype":"BBCode","countingProgress":{"innings":2,"over":12,"ball":6},"bowlerId":1090,"nonfacingBatsmanId":170,"facingBatsmanId":374,"autoText":"I Pandey to R Bopara, %SPEED% short length just outside off stump. He picks up two","message":{"text":null},"tags":[],"timestamp":1428758849000,"id":1155945,"time":"13:26","updateTime":1428758792904,"sequence":329.0,"type":"Auto"},{"innings":2,"over":13,"overRuns":6,"overWickets":0,"inningsRuns":99,"inningsWickets":3,"inningsAllOut":false,"team":{"id":62,"fullName":"Sunrisers Hyderabad","shortName":"Sunrisers","abbreviation":"SRH","primaryColor":"FF9C00","secondaryColor":"FFFFFF","type":"m"},"batsmanSummaries":[{"batsman":{"id":374,"fullName":"Ravi Bopara","shortName":"R Bopara","nationality":"English","rightHandedBat":true,"dateOfBirth":484012800000,"names":["Ravi Bopara","R Bopara"]},"runs":6,"balls":6,"fours":0,"sixes":0},{"batsman":{"id":170,"fullName":"David Warner","shortName":"D Warner","nationality":"Australian","rightHandedBat":false,"dateOfBirth":530755200000,"names":["David Warner","D Warner"]},"runs":40,"balls":35,"fours":0,"sixes":2}],"activeBatsman":170,"bowlerSummary":{"bowler":{"id":1090,"fullName":"Ishwar Pandey","shortName":"I Pandey","nationality":"Indian","rightHandedBat":true,"dateOfBirth":619142400000,"names":["Ishwar Pandey","I Pandey"]},"overs":"2","runs":13,"wickets":0,"maidens":0},"inningsBalls":78,"inningsMaxBalls":120,"inningsTarget":210,"message":{"text":null},"tags":[],"timestamp":1428758793000,"id":1155946,"time":"13:26","updateTime":1428758793067,"sequence":330.0,"type":"Eov"},{"bbcode":"The required run rate is up to 16 now and it's all or nothing for Sunrisers now","subtype":"BBCode","message":{"text":"<p>The required run rate is up to 16 now and it's all or nothing for Sunrisers now</p>"},"tags":[],"timestamp":1428758842000,"id":1155947,"time":"13:27","updateTime":1428758842487,"sequence":331.0,"type":"Manual"},{"bbcode":"R Ashwin to D Warner, no run, %SPEED% full length just outside off stump. He plays and misses","thisOver":".","progress":{"innings":2,"over":14,"ball":1},"speed":26.888758339221,"subtype":"BBCode","countingProgress":{"innings":2,"over":13,"ball":1},"bowlerId":8,"nonfacingBatsmanId":374,"facingBatsmanId":170,"autoText":"R Ashwin to D Warner, no run, %SPEED% full length just outside off stump. He plays and misses","message":{"text":null},"tags":[],"timestamp":1428758951000,"id":1155948,"time":"13:27","updateTime":1428758872989,"sequence":332.0,"type":"Auto"},{"bbcode":"R Ashwin to D Warner, %SPEED% good length on middle stump. He picks up a single","thisOver":"1","progress":{"innings":2,"over":14,"ball":2},"speed":24.4523915958873,"subtype":"BBCode","countingProgress":{"innings":2,"over":13,"ball":2},"bowlerId":8,"nonfacingBatsmanId":374,"facingBatsmanId":170,"autoText":"R Ashwin to D Warner, %SPEED% good length on middle stump. He picks up a single","message":{"text":null},"tags":[],"timestamp":1428758951000,"id":1155949,"time":"13:28","updateTime":1428758894134,"sequence":333.0,"type":"Auto"},{"bbcode":"Warner hits out to deep square leg for a single, 100 up for Sunrisers","subtype":"BBCode","message":{"text":"<p>Warner hits out to deep square leg for a single, 100 up for Sunrisers</p>"},"tags":[],"timestamp":1428758927000,"id":1155950,"time":"13:28","updateTime":1428758916375,"sequence":334.0,"type":"Manual"},{"bbcode":"R Ashwin to R Bopara, no run, %SPEED% full length just outside off stump. He plays and misses","thisOver":".","progress":{"innings":2,"over":14,"ball":3},"speed":26.331853659208,"subtype":"BBCode","countingProgress":{"innings":2,"over":13,"ball":3},"bowlerId":8,"nonfacingBatsmanId":170,"facingBatsmanId":374,"autoText":"R Ashwin to R Bopara, no run, %SPEED% full length just outside off stump. He plays and misses","message":{"text":null},"tags":[],"timestamp":1428758930000,"id":1155951,"time":"13:28","updateTime":1428758927352,"sequence":335.0,"type":"Auto"},{"bbcode":"R Ashwin to R Bopara, no run, %SPEED% good length outside off stump. He plays and misses","thisOver":".","progress":{"innings":2,"over":14,"ball":4},"speed":22.8621330483739,"subtype":"BBCode","countingProgress":{"innings":2,"over":13,"ball":4},"bowlerId":8,"nonfacingBatsmanId":170,"facingBatsmanId":374,"autoText":"R Ashwin to R Bopara, no run, %SPEED% good length outside off stump. He plays and misses","message":{"text":null},"tags":[],"timestamp":1428758947000,"id":1155952,"time":"13:29","updateTime":1428758943017,"sequence":336.0,"type":"Auto"},{"bbcode":"R Ashwin to R Bopara, %SPEED% good length on off stump. He picks up a single","thisOver":"1","progress":{"innings":2,"over":14,"ball":5},"speed":22.6031091260132,"subtype":"BBCode","countingProgress":{"innings":2,"over":13,"ball":5},"bowlerId":8,"nonfacingBatsmanId":170,"facingBatsmanId":374,"autoText":"R Ashwin to R Bopara, %SPEED% good length on off stump. He picks up a single","message":{"text":null},"tags":[],"timestamp":1428759022000,"id":1155953,"time":"13:29","updateTime":1428758962434,"sequence":337.0,"type":"Auto"},{"bbcode":"R Ashwin to D Warner, %SPEED% good length on middle stump. He picks up a single","thisOver":"1","progress":{"innings":2,"over":14,"ball":6},"speed":26.9823434510427,"subtype":"BBCode","countingProgress":{"innings":2,"over":13,"ball":6},"bowlerId":8,"nonfacingBatsmanId":374,"facingBatsmanId":170,"autoText":"R Ashwin to D Warner, %SPEED% good length on middle stump. He picks up a single","message":{"text":null},"tags":[],"timestamp":1428759083000,"id":1155954,"time":"13:29","updateTime":1428758992196,"sequence":338.0,"type":"Auto"},{"innings":2,"over":14,"overRuns":3,"overWickets":0,"inningsRuns":102,"inningsWickets":3,"inningsAllOut":false,"team":{"id":62,"fullName":"Sunrisers Hyderabad","shortName":"Sunrisers","abbreviation":"SRH","primaryColor":"FF9C00","secondaryColor":"FFFFFF","type":"m"},"batsmanSummaries":[{"batsman":{"id":170,"fullName":"David Warner","shortName":"D Warner","nationality":"Australian","rightHandedBat":false,"dateOfBirth":530755200000,"names":["David Warner","D Warner"]},"runs":42,"balls":38,"fours":0,"sixes":2},{"batsman":{"id":374,"fullName":"Ravi Bopara","shortName":"R Bopara","nationality":"English","rightHandedBat":true,"dateOfBirth":484012800000,"names":["Ravi Bopara","R Bopara"]},"runs":7,"balls":9,"fours":0,"sixes":0}],"activeBatsman":170,"bowlerSummary":{"bowler":{"id":8,"fullName":"Ravichandran Ashwin","shortName":"R Ashwin","nationality":"Indian","rightHandedBat":false,"dateOfBirth":527299200000,"names":["Ravichandran Ashwin","R Ashwin"]},"overs":"4","runs":22,"wickets":1,"maidens":0},"inningsBalls":84,"inningsMaxBalls":120,"inningsTarget":210,"message":{"text":null},"tags":[],"timestamp":1428758992000,"id":1155955,"time":"13:29","updateTime":1428758992485,"sequence":339.0,"type":"Eov"},{"bbcode":"Strategic Timeout - Absolutely brilliant bowling from Ashwin, just 3 from it and suddenly the required run rate is up to 18. Chennai cruising here.","subtype":"BBCode","message":{"text":"<p>Strategic Timeout - Absolutely brilliant bowling from Ashwin, just 3 from it and suddenly the required run rate is up to 18. Chennai cruising here.</p>"},"tags":[],"timestamp":1428759031000,"id":1155956,"time":"13:30","updateTime":1428759031366,"sequence":340.0,"type":"Manual"},{"subtype":"EmbeddedTweet","tweetjson":{"created_at":"Sat Apr 11 13:30:21 +0000 2015","id":586883990214221824,"id_str":"586883990214221824","text":"Ashwin bowling beautifully, just looks a changed bowler since the start of the WC 15! #CSKvSRH #PepsiIPL #eit20 @SonyMAX @SonySIX","source":"<a href=\"http://twitter.com/download/iphone\" rel=\"nofollow\">Twitter for iPhone</a>","truncated":false,"in_reply_to_status_id":null,"in_reply_to_status_id_str":null,"in_reply_to_user_id":null,"in_reply_to_user_id_str":null,"in_reply_to_screen_name":null,"user":{"id":49929198,"id_str":"49929198","name":"Vibhor","screen_name":"dhotedhulwate","location":"India","profile_location":null,"description":"Don't judge a book by its cover and a person by his Twitter bio.\r\nRTs and sometimes my own tweets are not endorsements","url":"http://t.co/wwYcKqdv8d","entities":{"url":{"urls":[{"url":"http://t.co/wwYcKqdv8d","expanded_url":"http://dhotedhulwate.blogspot.in/","display_url":"dhotedhulwate.blogspot.in","indices":[0,22]}]},"description":{"urls":[]}},"protected":false,"followers_count":2747,"friends_count":303,"listed_count":10,"created_at":"Tue Jun 23 09:06:30 +0000 2009","favourites_count":670,"utc_offset":19800,"time_zone":"Mumbai","geo_enabled":true,"verified":false,"statuses_count":8331,"lang":"en","contributors_enabled":false,"is_translator":false,"is_translation_enabled":false,"profile_background_color":"3B94D9","profile_background_image_url":"http://pbs.twimg.com/profile_background_images/514977016915820545/0viX3mfO.jpeg","profile_background_image_url_https":"https://pbs.twimg.com/profile_background_images/514977016915820545/0viX3mfO.jpeg","profile_background_tile":true,"profile_image_url":"http://pbs.twimg.com/profile_images/580264444900425728/l-an2LYH_normal.jpg","profile_image_url_https":"https://pbs.twimg.com/profile_images/580264444900425728/l-an2LYH_normal.jpg","profile_banner_url":"https://pbs.twimg.com/profile_banners/49929198/1420094367","profile_link_color":"DD2E44","profile_sidebar_border_color":"000000","profile_sidebar_fill_color":"252429","profile_text_color":"666666","profile_use_background_image":true,"default_profile":false,"default_profile_image":false,"following":false,"follow_request_sent":false,"notifications":false},"geo":null,"coordinates":null,"place":null,"contributors":null,"retweet_count":0,"favorite_count":0,"entities":{"hashtags":[{"text":"CSKvSRH","indices":[86,94]},{"text":"PepsiIPL","indices":[95,104]},{"text":"eit20","indices":[105,111]}],"symbols":[],"user_mentions":[{"screen_name":"SonyMAX","name":"MAX Television","id":114671033,"id_str":"114671033","indices":[112,120]},{"screen_name":"SonySIX","name":"Sony SIX","id":508656152,"id_str":"508656152","indices":[121,129]}],"urls":[]},"favorited":false,"retweeted":false,"lang":"en"},"message":{"text":"<blockquote class=\"twitter-tweet\" data-partner=\"tweetdeck\">\n<p>Ashwin bowling beautifully, just looks a changed bowler since the start of the WC 15! <a href=\"https://twitter.com/hashtag/CSKvSRH?src=hash\">#CSKvSRH</a> <a href=\"https://twitter.com/hashtag/PepsiIPL?src=hash\">#PepsiIPL</a> <a href=\"https://twitter.com/hashtag/eit20?src=hash\">#eit20</a> <a href=\"https://twitter.com/SonyMAX\">@SonyMAX</a> <a href=\"https://twitter.com/SonySIX\">@SonySIX</a></p>\n&mdash; Vibhor (@dhotedhulwate) <a href=\"https://twitter.com/dhotedhulwate/status/586883990214221824\">April 11, 2015</a></blockquote>\n<script charset=\"utf-8\" type=\"text/javascript\" src=\"http://platform.twitter.com/widgets.js\"></script>"},"tags":[],"timestamp":1428759050000,"id":1155958,"time":"13:30","updateTime":1428759048060,"sequence":340.5,"type":"Manual"},{"mediaId":"4166966242001","endpointUrlHq1":"http://brightcove.vo.llnwd.net/v1/uds/pd/3588749423001/201504/3479/3588749423001_4167068476001_SRH-3RD-WKT.mp4","endpointUrlHq2":"http://brightcove.vo.llnwd.net/v1/uds/pd/3588749423001/201504/1479/3588749423001_4167068462001_SRH-3RD-WKT.mp4","endpointUrlAlt":"http://c.brightcove.com/services/mobile/streaming/index/rendition.m3u8?assetId=4167057690001","title":"M4: CSK vs SRH – Naman Ojha Wicket","largeThumbnail":"http://brightcove.vo.llnwd.net/v1/unsecured/media/3588749423001/201504/263/3588749423001_4167018054001_video-still-for-video-4166966242001.jpg?pubId=3588749423001","duration":28050,"endpointUrl":"http://brightcove.vo.llnwd.net/v1/uds/pd/3588749423001/201504/2313/3588749423001_4167057692001_SRH-3RD-WKT.mp4","smallThumbnail":"http://brightcove.vo.llnwd.net/v1/unsecured/media/3588749423001/201504/33/3588749423001_4167018053001_thumbnail-for-video-4166966242001.jpg?pubId=3588749423001","description":"M4: CSK vs SRH – Naman Ojha Wicket","endpointUrlMq":"http://brightcove.vo.llnwd.net/v1/uds/pd/3588749423001/201504/479/3588749423001_4167068477001_SRH-3RD-WKT.mp4","endpointUrlHq3":"http://brightcove.vo.llnwd.net/v1/uds/pd/3588749423001/201504/1479/3588749423001_4167068482001_SRH-3RD-WKT.mp4","publishDate":1428758529322,"message":{"text":null},"tags":["account:iplt20","match:ipl2015-04","2015","ipl2015","innings 1","playerid 52","ipl2015-04","IPL 2015","srh","ball 3","over 12","wicket","channel:ipl-match-centre","csk"],"timestamp":1428759034000,"id":1155957,"time":"13:30","updateTime":1428759034918,"sequence":341.0,"type":"Video"},{"bbcode":"I Pandey to D Warner, %SPEED% full length outside off stump. He picks up a single","thisOver":"1","progress":{"innings":2,"over":15,"ball":1},"speed":37.4500222300848,"subtype":"BBCode","countingProgress":{"innings":2,"over":14,"ball":1},"bowlerId":1090,"nonfacingBatsmanId":374,"facingBatsmanId":170,"autoText":"I Pandey to D Warner, %SPEED% full length outside off stump. He picks up a single","message":{"text":null},"tags":[],"timestamp":1428759265000,"id":1155960,"time":"13:33","updateTime":1428759186850,"sequence":342.0,"type":"Auto"},{"bbcode":"I Pandey to R Bopara, %SPEED% short length just outside off stump. He picks up a single","thisOver":"1","progress":{"innings":2,"over":15,"ball":2},"speed":36.6562360303978,"subtype":"BBCode","countingProgress":{"innings":2,"over":14,"ball":2},"bowlerId":1090,"nonfacingBatsmanId":170,"facingBatsmanId":374,"autoText":"I Pandey to R Bopara, %SPEED% short length just outside off stump. He picks up a single","message":{"text":null},"tags":[],"timestamp":1428759316000,"id":1155961,"time":"13:33","updateTime":1428759231201,"sequence":343.0,"type":"Auto"},{"bbcode":"I Pandey to D Warner, %SPEED% short length outside off stump. He hits a nice boundary","thisOver":"4","progress":{"innings":2,"over":15,"ball":3},"speed":35.8400137894818,"subtype":"BBCode","countingProgress":{"innings":2,"over":14,"ball":3},"bowlerId":1090,"nonfacingBatsmanId":374,"facingBatsmanId":170,"autoText":"I Pandey to D Warner, %SPEED% short length outside off stump. He hits a nice boundary","message":{"text":null},"tags":["four"],"timestamp":1428759316000,"id":1155962,"time":"13:34","updateTime":1428759267360,"sequence":344.0,"type":"Auto"},{"bbcode":"Four! Nicely tucked away by Warner, delays the cut shot until the last minute and beats short third man!","subtype":"BBCode","message":{"text":"<p>Four! Nicely tucked away by Warner, delays the cut shot until the last minute and beats short third man!</p>"},"tags":[],"timestamp":1428759291000,"id":1155963,"time":"13:34","updateTime":1428759276425,"sequence":345.0,"type":"Manual"},{"bbcode":"I Pandey to D Warner, %SPEED% short length just outside off stump. He hits a great shot, that has gone all the way","thisOver":"6","progress":{"innings":2,"over":15,"ball":4},"speed":35.797850681993,"subtype":"BBCode","countingProgress":{"innings":2,"over":14,"ball":4},"bowlerId":1090,"nonfacingBatsmanId":374,"facingBatsmanId":170,"autoText":"I Pandey to D Warner, %SPEED% short length just outside off stump. He hits a great shot, that has gone all the way","message":{"text":null},"tags":["six"],"timestamp":1428759367000,"id":1155964,"time":"13:34","updateTime":1428759298527,"sequence":346.0,"type":"Auto"},{"bbcode":"[b]50 for David Warner[/b]","subtype":"BBCode","message":{"text":"<p><strong>50 for David Warner</strong></p>"},"tags":[],"timestamp":1428759357000,"id":1155967,"time":"13:35","updateTime":1428759355910,"sequence":346.5,"type":"Manual"},{"bbcode":"[b]Six! [/b]Clean strike from Warner! Pulls right out the middle of the bat this time to bring up his half century!","subtype":"BBCode","message":{"text":"<p><strong>Six!&nbsp;</strong>Clean strike from Warner! Pulls right out the middle of the bat this time to bring up his half century!</p>"},"tags":[],"timestamp":1428759361000,"id":1155965,"time":"13:35","updateTime":1428759326934,"sequence":346.625,"type":"Manual"},{"bbcode":"I Pandey to D Warner, [b]WICKET!!! D Warner is out[/b] c Dwayne Smith b Ishwar Pandey","thisOver":"W","progress":{"innings":2,"over":15,"ball":5},"speed":35.3774163493148,"subtype":"BBCode","countingProgress":{"innings":2,"over":14,"ball":5},"bowlerId":1090,"nonfacingBatsmanId":374,"facingBatsmanId":170,"autoText":"I Pandey to D Warner, <b>WICKET!!! D Warner is out</b> c Dwayne Smith b Ishwar Pandey","message":{"text":null},"tags":["wicket"],"timestamp":1428759412000,"id":1155969,"time":"13:36","updateTime":1428759360436,"sequence":347.188,"type":"Auto"},{"bbcode":"[b]Wicket! [/b]Brilliant from Smith! Warner pulls flat again but Smith leaps to take a superb catch right on the fence at deep mid-wicket!","subtype":"BBCode","message":{"text":"<p><strong>Wicket!&nbsp;</strong>Brilliant from Smith! Warner pulls flat again but Smith leaps to take a superb catch right on the fence at deep mid-wicket!</p>"},"tags":[],"timestamp":1428759408000,"id":1155971,"time":"13:36","updateTime":1428759364228,"sequence":347.75,"type":"Manual"},{"bbcode":"I Pandey to D Warner, [b]WICKET!!! D Warner is out[/b] c Dwayne Smith b Ishwar Pandey","thisOver":"W","progress":{"innings":2,"over":15,"ball":5},"speed":35.3774163493148,"subtype":"BBCode","countingProgress":{"innings":2,"over":14,"ball":5},"bowlerId":1090,"nonfacingBatsmanId":374,"facingBatsmanId":170,"autoText":"I Pandey to D Warner, <b>WICKET!!! D Warner is out</b> c Dwayne Smith b Ishwar Pandey","message":{"text":null},"tags":["wicket"],"timestamp":1428759454000,"id":1155972,"time":"13:36","updateTime":1428759412670,"sequence":348.0,"type":"Auto"},{"bbcode":"I Pandey to K Williamson, %SPEED% good length outside off stump. He picks up a single","thisOver":"1","progress":{"innings":2,"over":15,"ball":6},"speed":37.9666637788299,"subtype":"BBCode","countingProgress":{"innings":2,"over":14,"ball":6},"bowlerId":1090,"nonfacingBatsmanId":374,"facingBatsmanId":440,"autoText":"I Pandey to K Williamson, %SPEED% good length outside off stump. He picks up a single","message":{"text":null},"tags":[],"timestamp":1428759499000,"id":1155973,"time":"13:37","updateTime":1428759452151,"sequence":348.75,"type":"Auto"},{"innings":2,"over":15,"overRuns":13,"overWickets":1,"inningsRuns":115,"inningsWickets":4,"inningsAllOut":false,"team":{"id":62,"fullName":"Sunrisers Hyderabad","shortName":"Sunrisers","abbreviation":"SRH","primaryColor":"FF9C00","secondaryColor":"FFFFFF","type":"m"},"batsmanSummaries":[{"batsman":{"id":440,"fullName":"Kane Williamson","shortName":"K Williamson","nationality":"New Zealander","rightHandedBat":true,"dateOfBirth":650073600000,"names":["Kane Williamson","K Williamson"]},"runs":1,"balls":1,"fours":0,"sixes":0},{"batsman":{"id":374,"fullName":"Ravi Bopara","shortName":"R Bopara","nationality":"English","rightHandedBat":true,"dateOfBirth":484012800000,"names":["Ravi Bopara","R Bopara"]},"runs":8,"balls":10,"fours":0,"sixes":0}],"activeBatsman":440,"bowlerSummary":{"bowler":{"id":1090,"fullName":"Ishwar Pandey","shortName":"I Pandey","nationality":"Indian","rightHandedBat":true,"dateOfBirth":619142400000,"names":["Ishwar Pandey","I Pandey"]},"overs":"3","runs":26,"wickets":1,"maidens":0},"inningsBalls":90,"inningsMaxBalls":120,"inningsTarget":210,"message":{"text":null},"tags":[],"timestamp":1428759452000,"id":1155974,"time":"13:37","updateTime":1428759452351,"sequence":349.75,"type":"Eov"}]}