{"squadId":467,"totalVotes":2070,"players":[{"id":170,"voteCount":1968,"fullName":"David Warner","shortName":"D Warner"},{"id":41,"voteCount":1966,"fullName":"Shikhar Dhawan","shortName":"S Dhawan"},{"id":180,"voteCount":1879,"fullName":"Dale Steyn","shortName":"D Steyn"},{"id":116,"voteCount":1859,"fullName":"Bhuvneshwar Kumar","shortName":"B Kumar"},{"id":52,"voteCount":1844,"fullName":"Naman Ojha","shortName":"N Ojha"},{"id":1118,"voteCount":1640,"fullName":"Karn Sharma","shortName":"K Sharma"},{"id":969,"voteCount":1546,"fullName":"Trent Boult","shortName":"T Boult"},{"id":38,"voteCount":1460,"fullName":"Ishant Sharma","shortName":"I Sharma"},{"id":1125,"voteCount":1302,"fullName":"Lokesh Rahul","shortName":"L Rahul"},{"id":440,"voteCount":1004,"fullName":"Kane Williamson","shortName":"K Williamson"},{"id":77,"voteCount":905,"fullName":"Praveen Kumar","shortName":"P Kumar"},{"id":1117,"voteCount":822,"fullName":"Hanuma Vihari","shortName":"H Vihari"},{"id":197,"voteCount":661,"fullName":"Eoin Morgan","shortName":"E Morgan"},{"id":1093,"voteCount":587,"fullName":"Parveez Rasool","shortName":"P Rasool"},{"id":34,"voteCount":526,"fullName":"Ashish Reddy","shortName":"AA Reddy"},{"id":88,"voteCount":478,"fullName":"Laxmi Ratan Shukla","shortName":"L Ratan Shukla"},{"id":172,"voteCount":471,"fullName":"Kevin Pietersen","shortName":"K Pietersen"},{"id":388,"voteCount":222,"fullName":"Moises Henriques","shortName":"M Henriques"},{"id":374,"voteCount":197,"fullName":"Ravi Bopara","shortName":"R Bopara"},{"id":1086,"voteCount":185,"fullName":"Siddarth Kaul","shortName":"S Kaul"},{"id":1555,"voteCount":113,"fullName":"Ricky Bhui","shortName":"R Bhui"},{"id":1751,"voteCount":83,"fullName":"Chama Milind","shortName":"C Milind"},{"id":1122,"voteCount":52,"fullName":"Prasanth Padmanabhan","shortName":"P Padmanabhan"}]}