{"fragment":8,"updateTime":1429466414000,"matchId":{"id":3241,"name":"ipl2015-16 - RCB vs. MI","matchIdName":"ipl2015-16"},"commentaries":[{"bbcode":"J Bumrah to D Wiese, %SPEED% good length on off stump. He picks up a single","thisOver":"1","progress":{"innings":2,"over":15,"ball":1},"speed":37.7115348417612,"subtype":"BBCode","countingProgress":{"innings":2,"over":14,"ball":1},"bowlerId":1124,"nonfacingBatsmanId":233,"facingBatsmanId":869,"autoText":"J Bumrah to D Wiese, %SPEED% good length on off stump. He picks up a single","message":{"text":null},"tags":[],"timestamp":1429465104000,"id":1166988,"time":"17:37","updateTime":1429465062059,"sequence":350.0,"type":"Auto"},{"bbcode":"J Bumrah to AB de Villiers, [b]WICKET!!! AB de Villiers is out[/b] c Kieron Pollard b Jasprit Bumrah","thisOver":"W","progress":{"innings":2,"over":15,"ball":2},"speed":34.7673554821358,"subtype":"BBCode","countingProgress":{"innings":2,"over":14,"ball":2},"bowlerId":1124,"nonfacingBatsmanId":869,"facingBatsmanId":233,"autoText":"J Bumrah to AB de Villiers, <b>WICKET!!! AB de Villiers is out</b> c Kieron Pollard b Jasprit Bumrah","message":{"text":null},"tags":["wicket"],"timestamp":1429465128000,"id":1166989,"time":"17:38","updateTime":1429465111184,"sequence":351.0,"type":"Auto"},{"bbcode":"[b]Wicket![/b] That's the big one! de Villiers doesn't catch this one cleanly and Pollard pouches it at long off to spark wild celebrations!","subtype":"BBCode","message":{"text":"<p><strong>Wicket!</strong> That's the big one! de Villiers doesn't catch this one cleanly and Pollard pouches it at long off to spark wild celebrations!</p>"},"tags":[],"timestamp":1429465158000,"id":1166996,"time":"17:39","updateTime":1429465158189,"sequence":358.0,"type":"Manual"},{"bbcode":"J Bumrah to I Abdulla, no run, %SPEED% short length on middle stump. He doesn't offer a shot","thisOver":".","progress":{"innings":2,"over":15,"ball":3},"speed":34.3435886964566,"subtype":"BBCode","countingProgress":{"innings":2,"over":14,"ball":3},"bowlerId":1124,"nonfacingBatsmanId":869,"facingBatsmanId":85,"autoText":"J Bumrah to I Abdulla, no run, %SPEED% short length on middle stump. He doesn't offer a shot","message":{"text":null},"tags":[],"timestamp":1429465287000,"id":1167003,"time":"17:40","updateTime":1429465220523,"sequence":359.0,"type":"Auto"},{"bbcode":"J Bumrah to I Abdulla, no run, %SPEED% good length outside off stump. He doesn't offer a shot","thisOver":".","progress":{"innings":2,"over":15,"ball":4},"speed":35.8672697891552,"subtype":"BBCode","countingProgress":{"innings":2,"over":14,"ball":4},"bowlerId":1124,"nonfacingBatsmanId":869,"facingBatsmanId":85,"autoText":"J Bumrah to I Abdulla, no run, %SPEED% good length outside off stump. He doesn't offer a shot","message":{"text":null},"tags":[],"timestamp":1429465287000,"id":1167004,"time":"17:40","updateTime":1429465250456,"sequence":360.0,"type":"Auto"},{"bbcode":"J Bumrah to I Abdulla, no run, %SPEED% short length outside off stump. He plays and misses","thisOver":".","progress":{"innings":2,"over":15,"ball":5},"speed":36.0728956508795,"subtype":"BBCode","countingProgress":{"innings":2,"over":14,"ball":5},"bowlerId":1124,"nonfacingBatsmanId":869,"facingBatsmanId":85,"autoText":"J Bumrah to I Abdulla, no run, %SPEED% short length outside off stump. He plays and misses","message":{"text":null},"tags":[],"timestamp":1429465290000,"id":1167005,"time":"17:41","updateTime":1429465285171,"sequence":361.0,"type":"Auto"},{"bbcode":"J Bumrah to I Abdulla, %SPEED% good length outside off stump. He hits a nice boundary","thisOver":"4","progress":{"innings":2,"over":15,"ball":6},"speed":35.7190712858702,"subtype":"BBCode","countingProgress":{"innings":2,"over":14,"ball":6},"bowlerId":1124,"nonfacingBatsmanId":869,"facingBatsmanId":85,"autoText":"J Bumrah to I Abdulla, %SPEED% good length outside off stump. He hits a nice boundary","message":{"text":null},"tags":["four"],"timestamp":1429465399000,"id":1167006,"time":"17:42","updateTime":1429465324827,"sequence":362.0,"type":"Auto"},{"bbcode":"Four! Abdulla starts his innings with a fine drive up over extra cover!","subtype":"BBCode","message":{"text":"<p>Four! Abdulla starts his innings with a fine drive up over extra cover!</p>"},"tags":[],"timestamp":1429465610000,"id":1167008,"time":"17:42","updateTime":1429465341101,"sequence":362.125,"type":"Manual"},{"innings":2,"over":15,"overRuns":5,"overWickets":1,"inningsRuns":129,"inningsWickets":6,"inningsAllOut":false,"team":{"id":9,"fullName":"Royal Challengers Bangalore","shortName":"Challengers","abbreviation":"RCB","primaryColor":"F1901D","secondaryColor":"FFFFFF","type":"m"},"batsmanSummaries":[{"batsman":{"id":85,"fullName":"Iqbal Abdulla","shortName":"I Abdulla","nationality":"Indian","rightHandedBat":false,"dateOfBirth":628560000000,"names":["Iqbal Abdulla","I Abdulla"]},"runs":4,"balls":4,"fours":1,"sixes":0},{"batsman":{"id":869,"fullName":"David Wiese","shortName":"D Wiese","nationality":"South African","rightHandedBat":true,"dateOfBirth":485222400000,"names":["David Wiese","D Wiese"]},"runs":6,"balls":6,"fours":1,"sixes":0}],"activeBatsman":869,"bowlerSummary":{"bowler":{"id":1124,"fullName":"Jasprit Bumrah","shortName":"J Bumrah","nationality":"Indian","rightHandedBat":true,"dateOfBirth":755136000000,"names":["Jasprit Bumrah","J Bumrah"]},"overs":"3","runs":23,"wickets":1,"maidens":0},"inningsBalls":90,"inningsMaxBalls":120,"inningsTarget":210,"message":{"text":null},"tags":[],"timestamp":1429465614000,"id":1167007,"time":"17:42","updateTime":1429465324949,"sequence":362.188,"type":"Eov"},{"mediaId":"4182653445001","endpointUrlHq1":"http://brightcove.vo.llnwd.net/v1/uds/pd/3588749423001/201504/900/3588749423001_4182780146001_RCB-4TH-SIX.mp4","endpointUrlHq2":"http://brightcove.vo.llnwd.net/v1/uds/pd/3588749423001/201504/3900/3588749423001_4182780145001_RCB-4TH-SIX.mp4","endpointUrlAlt":"http://c.brightcove.com/services/mobile/streaming/index/rendition.m3u8?assetId=4182780151001","title":"M16: RCB vs MI – Dinesh Karthik Six","largeThumbnail":"http://brightcove.vo.llnwd.net/v1/unsecured/media/3588749423001/201504/2900/3588749423001_4182780148001_vs-5533e63de4b00fbddeec4d9d-767904722001.jpg?pubId=3588749423001","duration":13097,"endpointUrl":"http://brightcove.vo.llnwd.net/v1/uds/pd/3588749423001/201504/900/3588749423001_4182780142001_RCB-4TH-SIX.mp4","smallThumbnail":"http://brightcove.vo.llnwd.net/v1/unsecured/media/3588749423001/201504/3900/3588749423001_4182780149001_th-5533e63de4b00fbddeec4d9d-767904722001.jpg?pubId=3588749423001","description":null,"endpointUrlMq":"http://brightcove.vo.llnwd.net/v1/uds/pd/3588749423001/201504/2900/3588749423001_4182780144001_RCB-4TH-SIX.mp4","endpointUrlHq3":"http://brightcove.vo.llnwd.net/v1/uds/pd/3588749423001/201504/2548/3588749423001_4182783868001_RCB-4TH-SIX.mp4","publishDate":1429464630935,"message":{"text":null},"tags":["account:iplt20","playerid 103","2015","match:ipl2015-16","ipl2015","six","ipl2015-16","IPL 2015","innings 2","over 12","ball 6","channel:ipl-match-centre","mi","rcb"],"timestamp":1429465605000,"id":1167018,"time":"17:46","updateTime":1429465584450,"sequence":362.25,"type":"Video"},{"mediaId":"4182653446001","endpointUrlHq1":"http://brightcove.vo.llnwd.net/v1/uds/pd/3588749423001/201504/2548/3588749423001_4182787883001_RCB-4TH-WKT.mp4","endpointUrlHq2":"http://brightcove.vo.llnwd.net/v1/uds/pd/3588749423001/201504/452/3588749423001_4182787882001_RCB-4TH-WKT.mp4","endpointUrlAlt":"http://c.brightcove.com/services/mobile/streaming/index/rendition.m3u8?assetId=4182788916001","title":"M16: RCB vs MI – Dinesh Karthik Wicket","largeThumbnail":"http://brightcove.vo.llnwd.net/v1/unsecured/media/3588749423001/201504/3780/3588749423001_4182787885001_vs-5533e7bee4b00fbddeec4dce-1083021587001.jpg?pubId=3588749423001","duration":19761,"endpointUrl":"http://brightcove.vo.llnwd.net/v1/uds/pd/3588749423001/201504/2820/3588749423001_4182788869001_RCB-4TH-WKT.mp4","smallThumbnail":"http://brightcove.vo.llnwd.net/v1/unsecured/media/3588749423001/201504/2780/3588749423001_4182787886001_th-5533e7bee4b00fbddeec4dce-1083021587001.jpg?pubId=3588749423001","description":null,"endpointUrlMq":"http://brightcove.vo.llnwd.net/v1/uds/pd/3588749423001/201504/1820/3588749423001_4182788870001_RCB-4TH-WKT.mp4","endpointUrlHq3":"http://brightcove.vo.llnwd.net/v1/uds/pd/3588749423001/201504/2780/3588749423001_4182787890001_RCB-4TH-WKT.mp4","publishDate":1429465011721,"message":{"text":null},"tags":["account:iplt20","playerid 103","2015","match:ipl2015-16","ipl2015","ipl2015-16","IPL 2015","innings 2","ball 1","over 13","wicket","channel:ipl-match-centre","mi","rcb"],"timestamp":1429465617000,"id":1167019,"time":"17:46","updateTime":1429465584503,"sequence":363.125,"type":"Video"},{"bbcode":"Silence around the stadium after the wicket of de Villiers. 81 required from the last 5...","subtype":"BBCode","message":{"text":"<p>Silence around the stadium after the wicket of de Villiers. 81 required from the last 5...</p>"},"tags":[],"timestamp":1429465354000,"id":1167010,"time":"17:42","updateTime":1429465354131,"sequence":364.0,"type":"Manual"},{"bbcode":"H Pandya to D Wiese, %SPEED% full toss just outside off stump. He picks up a single","thisOver":"1","progress":{"innings":2,"over":16,"ball":1},"speed":37.6820919527533,"subtype":"BBCode","countingProgress":{"innings":2,"over":15,"ball":1},"bowlerId":2740,"nonfacingBatsmanId":85,"facingBatsmanId":869,"autoText":"H Pandya to D Wiese, %SPEED% full toss just outside off stump. He picks up a single","message":{"text":null},"tags":[],"timestamp":1429465471000,"id":1167011,"time":"17:43","updateTime":1429465404426,"sequence":365.0,"type":"Auto"},{"bbcode":"H Pandya to I Abdulla, Wide delivery","thisOver":"1Wd","progress":{"innings":2,"over":16,"ball":2},"speed":38.0423890679976,"subtype":"BBCode","countingProgress":{"innings":2,"over":15,"ball":2},"bowlerId":2740,"nonfacingBatsmanId":869,"facingBatsmanId":85,"autoText":"H Pandya to I Abdulla, Wide delivery","message":{"text":null},"tags":[],"timestamp":1429465445000,"id":1167012,"time":"17:44","updateTime":1429465445148,"sequence":366.0,"type":"Auto"},{"bbcode":"H Pandya to I Abdulla, 1 leg bye","thisOver":"1Lb","progress":{"innings":2,"over":16,"ball":3},"speed":38.0497931715107,"subtype":"BBCode","countingProgress":{"innings":2,"over":15,"ball":2},"bowlerId":2740,"nonfacingBatsmanId":869,"facingBatsmanId":85,"autoText":"H Pandya to I Abdulla, 1 leg bye","message":{"text":null},"tags":[],"timestamp":1429465472000,"id":1167013,"time":"17:44","updateTime":1429465470396,"sequence":367.0,"type":"Auto"},{"bbcode":"H Pandya to D Wiese, %SPEED% full toss outside off stump. He hits a great shot, that has gone all the way","thisOver":"6","progress":{"innings":2,"over":16,"ball":4},"speed":37.8740113409808,"subtype":"BBCode","countingProgress":{"innings":2,"over":15,"ball":3},"bowlerId":2740,"nonfacingBatsmanId":85,"facingBatsmanId":869,"autoText":"H Pandya to D Wiese, %SPEED% full toss outside off stump. He hits a great shot, that has gone all the way","message":{"text":null},"tags":["six"],"timestamp":1429465574000,"id":1167014,"time":"17:44","updateTime":1429465498697,"sequence":368.0,"type":"Auto"},{"bbcode":"[b]Six! [/b]Low full toss and Wiese clubs it back over the bowler's head for a maximum!","subtype":"BBCode","message":{"text":"<p><strong>Six!&nbsp;</strong>Low full toss and Wiese clubs it back over the bowler's head for a maximum!</p>"},"tags":[],"timestamp":1429465551000,"id":1167015,"time":"17:45","updateTime":1429465512826,"sequence":369.0,"type":"Manual"},{"bbcode":"H Pandya to D Wiese, %SPEED% full length just outside off stump. He picks up a single","thisOver":"1","progress":{"innings":2,"over":16,"ball":5},"speed":37.7140996562355,"subtype":"BBCode","countingProgress":{"innings":2,"over":15,"ball":4},"bowlerId":2740,"nonfacingBatsmanId":85,"facingBatsmanId":869,"autoText":"H Pandya to D Wiese, %SPEED% full length just outside off stump. He picks up a single","message":{"text":null},"tags":[],"timestamp":1429465574000,"id":1167016,"time":"17:45","updateTime":1429465529736,"sequence":370.0,"type":"Auto"},{"bbcode":"H Pandya to I Abdulla, %SPEED% full length going down leg. He picks up a single","thisOver":"1","progress":{"innings":2,"over":16,"ball":6},"speed":36.8019352803807,"subtype":"BBCode","countingProgress":{"innings":2,"over":15,"ball":5},"bowlerId":2740,"nonfacingBatsmanId":869,"facingBatsmanId":85,"autoText":"H Pandya to I Abdulla, %SPEED% full length going down leg. He picks up a single","message":{"text":null},"tags":[],"timestamp":1429465646000,"id":1167017,"time":"17:46","updateTime":1429465564022,"sequence":371.0,"type":"Auto"},{"bbcode":"H Pandya to D Wiese, %SPEED% short length going down leg. He hits a nice boundary","thisOver":"4","progress":{"innings":2,"over":16,"ball":7},"speed":35.0886824469049,"subtype":"BBCode","countingProgress":{"innings":2,"over":15,"ball":6},"bowlerId":2740,"nonfacingBatsmanId":85,"facingBatsmanId":869,"autoText":"H Pandya to D Wiese, %SPEED% short length going down leg. He hits a nice boundary","message":{"text":null},"tags":["four"],"timestamp":1429465646000,"id":1167020,"time":"17:46","updateTime":1429465588523,"sequence":374.0,"type":"Auto"},{"bbcode":"Four! Wiese turns it round the corner and that's 15 from the over","subtype":"BBCode","message":{"text":"<p>Four! Wiese turns it round the corner and that's 15 from the over</p>"},"tags":[],"timestamp":1429465633000,"id":1167031,"time":"17:47","updateTime":1429465630277,"sequence":374.5,"type":"Manual"},{"innings":2,"over":16,"overRuns":15,"overWickets":0,"inningsRuns":144,"inningsWickets":6,"inningsAllOut":false,"team":{"id":9,"fullName":"Royal Challengers Bangalore","shortName":"Challengers","abbreviation":"RCB","primaryColor":"F1901D","secondaryColor":"FFFFFF","type":"m"},"batsmanSummaries":[{"batsman":{"id":869,"fullName":"David Wiese","shortName":"D Wiese","nationality":"South African","rightHandedBat":true,"dateOfBirth":485222400000,"names":["David Wiese","D Wiese"]},"runs":18,"balls":10,"fours":2,"sixes":1},{"batsman":{"id":85,"fullName":"Iqbal Abdulla","shortName":"I Abdulla","nationality":"Indian","rightHandedBat":false,"dateOfBirth":628560000000,"names":["Iqbal Abdulla","I Abdulla"]},"runs":5,"balls":6,"fours":1,"sixes":0}],"activeBatsman":85,"bowlerSummary":{"bowler":{"id":2740,"fullName":"Hardik Pandya","shortName":"H Pandya","nationality":"Indian","rightHandedBat":true,"dateOfBirth":750297600000,"names":["Hardik Pandya","H Pandya"]},"overs":"3","runs":37,"wickets":0,"maidens":0},"inningsBalls":96,"inningsMaxBalls":120,"inningsTarget":210,"message":{"text":null},"tags":[],"timestamp":1429465588000,"id":1167021,"time":"17:46","updateTime":1429465588720,"sequence":375.0,"type":"Eov"},{"bbcode":"Strategic Timeout - 16.5 an over required from here, if RCB do it we are in for a treat!","subtype":"BBCode","message":{"text":"<p>Strategic Timeout - 16.5 an over required from here, if RCB do it we are in for a treat!</p>"},"tags":[],"timestamp":1429465654000,"id":1167033,"time":"17:47","updateTime":1429465637924,"sequence":376.0,"type":"Manual"},{"subtype":"EmbeddedTweet","tweetjson":{"created_at":"Sun Apr 19 17:41:27 +0000 2015","id":589846281691860992,"id_str":"589846281691860992","text":"Might struggle now... Mumbai have played very well tonight! Sometimes it only takes 1 good game to turn a tournament around. Our turn soon!","source":"<a href=\"http://twitter.com/download/iphone\" rel=\"nofollow\">Twitter for iPhone</a>","truncated":false,"in_reply_to_status_id":null,"in_reply_to_status_id_str":null,"in_reply_to_user_id":null,"in_reply_to_user_id_str":null,"in_reply_to_screen_name":null,"user":{"id":271292659,"id_str":"271292659","name":"Glenn Maxwell","screen_name":"Gmaxi_32","location":"Melbourne","profile_location":null,"description":"@CricketAus @bushrangers @StarsBBL @lionsdenkxip player. Sponsored by @KookaburraCkt Instagram: gmaxi_32","url":"http://t.co/0kMUh3iYhy","entities":{"url":{"urls":[{"url":"http://t.co/0kMUh3iYhy","expanded_url":"http://www.facebook.com/#!/pages/Glenn-Maxwell/260673804052204","display_url":"facebook.com/#!/pages/Glenn…","indices":[0,22]}]},"description":{"urls":[]}},"protected":false,"followers_count":485876,"friends_count":235,"listed_count":667,"created_at":"Thu Mar 24 06:43:30 +0000 2011","favourites_count":7,"utc_offset":-36000,"time_zone":"Hawaii","geo_enabled":false,"verified":true,"statuses_count":2803,"lang":"en","contributors_enabled":false,"is_translator":false,"is_translation_enabled":false,"profile_background_color":"C0DEED","profile_background_image_url":"http://pbs.twimg.com/profile_background_images/221913151/ryobi_cup_win.jpg","profile_background_image_url_https":"https://pbs.twimg.com/profile_background_images/221913151/ryobi_cup_win.jpg","profile_background_tile":true,"profile_image_url":"http://pbs.twimg.com/profile_images/584650965963280384/GbHkOlKK_normal.jpg","profile_image_url_https":"https://pbs.twimg.com/profile_images/584650965963280384/GbHkOlKK_normal.jpg","profile_banner_url":"https://pbs.twimg.com/profile_banners/271292659/1417272346","profile_link_color":"0084B4","profile_sidebar_border_color":"C0DEED","profile_sidebar_fill_color":"DDEEF6","profile_text_color":"333333","profile_use_background_image":true,"default_profile":false,"default_profile_image":false,"following":false,"follow_request_sent":false,"notifications":false},"geo":null,"coordinates":null,"place":null,"contributors":null,"retweet_count":176,"favorite_count":272,"entities":{"hashtags":[],"symbols":[],"user_mentions":[],"urls":[]},"favorited":false,"retweeted":false,"lang":"en"},"message":{"text":"<blockquote class=\"twitter-tweet\" data-partner=\"tweetdeck\">\n<p>Might struggle now... Mumbai have played very well tonight! Sometimes it only takes 1 good game to turn a tournament around. Our turn soon!</p>\n&mdash; Glenn Maxwell (@Gmaxi_32) <a href=\"https://twitter.com/Gmaxi_32/status/589846281691860992\">April 19, 2015</a></blockquote>\n<script charset=\"utf-8\" type=\"text/javascript\" src=\"http://platform.twitter.com/widgets.js\"></script>"},"tags":[],"timestamp":1429465675000,"id":1167034,"time":"17:47","updateTime":1429465675390,"sequence":377.0,"type":"Manual"},{"bbcode":"J Bumrah to I Abdulla, no run, %SPEED% short length on off stump. He doesn't offer a shot","thisOver":".","progress":{"innings":2,"over":17,"ball":1},"speed":29.7055037710289,"subtype":"BBCode","countingProgress":{"innings":2,"over":16,"ball":1},"bowlerId":1124,"nonfacingBatsmanId":869,"facingBatsmanId":85,"autoText":"J Bumrah to I Abdulla, no run, %SPEED% short length on off stump. He doesn't offer a shot","message":{"text":null},"tags":[],"timestamp":1429466064000,"id":1167035,"time":"17:48","updateTime":1429465734412,"sequence":378.0,"type":"Auto"},{"bbcode":"J Bumrah to I Abdulla, %SPEED% short length going down leg. He picks up a single","thisOver":"1","progress":{"innings":2,"over":17,"ball":2},"speed":28.6045600019091,"subtype":"BBCode","countingProgress":{"innings":2,"over":16,"ball":2},"bowlerId":1124,"nonfacingBatsmanId":869,"facingBatsmanId":85,"autoText":"J Bumrah to I Abdulla, %SPEED% short length going down leg. He picks up a single","message":{"text":null},"tags":[],"timestamp":1429466064000,"id":1167036,"time":"17:49","updateTime":1429465786222,"sequence":379.0,"type":"Auto"},{"bbcode":"J Bumrah to D Wiese. He hits a great shot, that has gone all the way","thisOver":"6","progress":{"innings":2,"over":17,"ball":3},"speed":-1.0,"subtype":"BBCode","countingProgress":{"innings":2,"over":16,"ball":3},"bowlerId":1124,"nonfacingBatsmanId":85,"facingBatsmanId":869,"autoText":"J Bumrah to D Wiese. He hits a great shot, that has gone all the way","message":{"text":null},"tags":["six"],"timestamp":1429466064000,"id":1167037,"time":"17:50","updateTime":1429465830965,"sequence":380.0,"type":"Auto"},{"bbcode":"[b]Six![/b] Just a flick off the pads from Wiese and it flies high over fine leg for six! 150 up for RCB","subtype":"BBCode","message":{"text":"<p><strong>Six!</strong> Just a flick off the pads from Wiese and it flies high over fine leg for six! 150 up for RCB</p>"},"tags":[],"timestamp":1429465889000,"id":1167038,"time":"17:50","updateTime":1429465850381,"sequence":381.0,"type":"Manual"},{"bbcode":"J Bumrah to D Wiese, %SPEED% full toss on middle stump. He picks up a single","thisOver":"1","progress":{"innings":2,"over":17,"ball":4},"speed":36.4867249641058,"subtype":"BBCode","countingProgress":{"innings":2,"over":16,"ball":4},"bowlerId":1124,"nonfacingBatsmanId":85,"facingBatsmanId":869,"autoText":"J Bumrah to D Wiese, %SPEED% full toss on middle stump. He picks up a single","message":{"text":null},"tags":[],"timestamp":1429466125000,"id":1167039,"time":"17:51","updateTime":1429465874970,"sequence":382.0,"type":"Auto"},{"bbcode":"J Bumrah to I Abdulla, %SPEED% good length on off stump. He hits a nice boundary","thisOver":"4","progress":{"innings":2,"over":17,"ball":5},"speed":30.0080476323217,"subtype":"BBCode","countingProgress":{"innings":2,"over":16,"ball":5},"bowlerId":1124,"nonfacingBatsmanId":869,"facingBatsmanId":85,"autoText":"J Bumrah to I Abdulla, %SPEED% good length on off stump. He hits a nice boundary","message":{"text":null},"tags":["four"],"timestamp":1429465993000,"id":1167040,"time":"17:51","updateTime":1429465909537,"sequence":383.0,"type":"Auto"},{"bbcode":"Four! Abdulla creams it back past Bumrah and long on can't quite cut it off on the dive!","subtype":"BBCode","message":{"text":"<p>Four! Abdulla creams it back past Bumrah and long on can't quite cut it off on the dive!</p>"},"tags":[],"timestamp":1429465946000,"id":1167041,"time":"17:52","updateTime":1429465946921,"sequence":384.0,"type":"Manual"},{"bbcode":"J Bumrah to I Abdulla, %SPEED% full length just outside off stump. He hits a nice boundary","thisOver":"4","progress":{"innings":2,"over":17,"ball":6},"speed":35.7662558743074,"subtype":"BBCode","countingProgress":{"innings":2,"over":16,"ball":6},"bowlerId":1124,"nonfacingBatsmanId":869,"facingBatsmanId":85,"autoText":"J Bumrah to I Abdulla, %SPEED% full length just outside off stump. He hits a nice boundary","message":{"text":null},"tags":["four"],"timestamp":1429466125000,"id":1167042,"time":"17:52","updateTime":1429465948970,"sequence":385.0,"type":"Auto"},{"bbcode":"Four! Full again and Abdulla gets it away through deep extra cover this time!","subtype":"BBCode","message":{"text":"<p>Four! Full again and Abdulla gets it away through deep extra cover this time!</p>"},"tags":[],"timestamp":1429466152000,"id":1167044,"time":"17:53","updateTime":1429466010933,"sequence":385.5,"type":"Manual"},{"innings":2,"over":17,"overRuns":16,"overWickets":0,"inningsRuns":160,"inningsWickets":6,"inningsAllOut":false,"team":{"id":9,"fullName":"Royal Challengers Bangalore","shortName":"Challengers","abbreviation":"RCB","primaryColor":"F1901D","secondaryColor":"FFFFFF","type":"m"},"batsmanSummaries":[{"batsman":{"id":85,"fullName":"Iqbal Abdulla","shortName":"I Abdulla","nationality":"Indian","rightHandedBat":false,"dateOfBirth":628560000000,"names":["Iqbal Abdulla","I Abdulla"]},"runs":14,"balls":10,"fours":3,"sixes":0},{"batsman":{"id":869,"fullName":"David Wiese","shortName":"D Wiese","nationality":"South African","rightHandedBat":true,"dateOfBirth":485222400000,"names":["David Wiese","D Wiese"]},"runs":25,"balls":12,"fours":2,"sixes":2}],"activeBatsman":869,"bowlerSummary":{"bowler":{"id":1124,"fullName":"Jasprit Bumrah","shortName":"J Bumrah","nationality":"Indian","rightHandedBat":true,"dateOfBirth":755136000000,"names":["Jasprit Bumrah","J Bumrah"]},"overs":"4","runs":39,"wickets":1,"maidens":0},"inningsBalls":102,"inningsMaxBalls":120,"inningsTarget":210,"message":{"text":null},"tags":[],"timestamp":1429466126000,"id":1167043,"time":"17:52","updateTime":1429465949119,"sequence":386.0,"type":"Eov"},{"mediaId":"4182653447001","endpointUrlHq1":"http://brightcove.vo.llnwd.net/v1/uds/pd/3588749423001/201504/1180/3588749423001_4182789542001_RCB-5TH-SIX-01.mp4","endpointUrlHq2":"http://brightcove.vo.llnwd.net/v1/uds/pd/3588749423001/201504/180/3588749423001_4182789523001_RCB-5TH-SIX-01.mp4","endpointUrlAlt":"http://c.brightcove.com/services/mobile/streaming/index/rendition.m3u8?assetId=4182789527001","title":"M16: RCB vs MI – AB de Villiers Six","largeThumbnail":"http://brightcove.vo.llnwd.net/v1/unsecured/media/3588749423001/201504/180/3588749423001_4182789543001_vs-5533e843e4b00fbddeec4dd8-782203300001.jpg?pubId=3588749423001","duration":28816,"endpointUrl":"http://brightcove.vo.llnwd.net/v1/uds/pd/3588749423001/201504/1180/3588749423001_4182789546001_RCB-5TH-SIX-01.mp4","smallThumbnail":"http://brightcove.vo.llnwd.net/v1/unsecured/media/3588749423001/201504/2180/3588749423001_4182789545001_th-5533e843e4b00fbddeec4dd8-782203300001.jpg?pubId=3588749423001","description":null,"endpointUrlMq":"http://brightcove.vo.llnwd.net/v1/uds/pd/3588749423001/201504/1252/3588749423001_4182792790001_RCB-5TH-SIX-01.mp4","endpointUrlHq3":"http://brightcove.vo.llnwd.net/v1/uds/pd/3588749423001/201504/3252/3588749423001_4182792792001_RCB-5TH-SIX-01.mp4","publishDate":1429465145499,"message":{"text":null},"tags":["account:iplt20","2015","match:ipl2015-16","ipl2015","playerid 233","six","ipl2015-16","IPL 2015","innings 2","over 13","ball 2","channel:ipl-match-centre","mi","rcb"],"timestamp":1429466235000,"id":1167055,"time":"17:57","updateTime":1429466222814,"sequence":386.5,"type":"Video"},{"mediaId":"4182653448001","endpointUrlHq1":"http://brightcove.vo.llnwd.net/v1/uds/pd/3588749423001/201504/3980/3588749423001_4182792800001_RCB-6TH-SIX.mp4","endpointUrlHq2":"http://brightcove.vo.llnwd.net/v1/uds/pd/3588749423001/201504/756/3588749423001_4182788951001_RCB-6TH-SIX.mp4","endpointUrlAlt":"http://c.brightcove.com/services/mobile/streaming/index/rendition.m3u8?assetId=4182792805001","title":"M16: RCB vs MI – AB de Villiers Six","largeThumbnail":"http://brightcove.vo.llnwd.net/v1/unsecured/media/3588749423001/201504/1980/3588749423001_4182792802001_vs-5533e844e4b00fbddeec4de2-782203290001.jpg?pubId=3588749423001","duration":27640,"endpointUrl":"http://brightcove.vo.llnwd.net/v1/uds/pd/3588749423001/201504/2012/3588749423001_4182788694001_RCB-6TH-SIX.mp4","smallThumbnail":"http://brightcove.vo.llnwd.net/v1/unsecured/media/3588749423001/201504/980/3588749423001_4182792803001_th-5533e844e4b00fbddeec4de2-782203290001.jpg?pubId=3588749423001","description":null,"endpointUrlMq":"http://brightcove.vo.llnwd.net/v1/uds/pd/3588749423001/201504/2756/3588749423001_4182788949001_RCB-6TH-SIX.mp4","endpointUrlHq3":"http://brightcove.vo.llnwd.net/v1/uds/pd/3588749423001/201504/3180/3588749423001_4182789524001_RCB-6TH-SIX.mp4","publishDate":1429465147308,"message":{"text":null},"tags":["account:iplt20","2015","match:ipl2015-16","ipl2015","playerid 233","six","ipl2015-16","IPL 2015","innings 2","over 13","ball 3","channel:ipl-match-centre","mi","rcb"],"timestamp":1429466246000,"id":1167056,"time":"17:57","updateTime":1429466222903,"sequence":386.75,"type":"Video"},{"mediaId":"4182653449001","endpointUrlHq1":"http://brightcove.vo.llnwd.net/v1/uds/pd/3588749423001/201504/3516/3588749423001_4182787933001_RCB-5TH-WKT.mp4","endpointUrlHq2":"http://brightcove.vo.llnwd.net/v1/uds/pd/3588749423001/201504/2516/3588749423001_4182787940001_RCB-5TH-WKT.mp4","endpointUrlAlt":"http://c.brightcove.com/services/mobile/streaming/index/rendition.m3u8?assetId=4182787941001","title":"M16: RCB vs MI – Rilee Rossouw Wicket","largeThumbnail":"http://brightcove.vo.llnwd.net/v1/unsecured/media/3588749423001/201504/516/3588749423001_4182787934001_vs-5533e8d0e4b00fbddeec4dec-767904725001.jpg?pubId=3588749423001","duration":29443,"endpointUrl":"http://brightcove.vo.llnwd.net/v1/uds/pd/3588749423001/201504/916/3588749423001_4182792883001_RCB-5TH-WKT.mp4","smallThumbnail":"http://brightcove.vo.llnwd.net/v1/unsecured/media/3588749423001/201504/1516/3588749423001_4182787935001_th-5533e8d0e4b00fbddeec4dec-767904725001.jpg?pubId=3588749423001","description":null,"endpointUrlMq":"http://brightcove.vo.llnwd.net/v1/uds/pd/3588749423001/201504/1516/3588749423001_4182787939001_RCB-5TH-WKT.mp4","endpointUrlHq3":"http://brightcove.vo.llnwd.net/v1/uds/pd/3588749423001/201504/372/3588749423001_4182797547001_RCB-5TH-WKT.mp4","publishDate":1429465288728,"message":{"text":null},"tags":["account:iplt20","2015","match:ipl2015-16","ipl2015","ipl2015-16","IPL 2015","playerid 239","innings 2","ball 1","over 14","wicket","channel:ipl-match-centre","mi","rcb"],"timestamp":1429466362000,"id":1167057,"time":"17:57","updateTime":1429466222971,"sequence":386.875,"type":"Video"},{"bbcode":"46 required from 18...","subtype":"BBCode","message":{"text":"<p>46 required from 18...</p>"},"tags":[],"timestamp":1429466019000,"id":1167046,"time":"17:53","updateTime":1429466019548,"sequence":387.0,"type":"Manual"},{"bbcode":"M McClenaghan to D Wiese, %SPEED% good length outside off stump. He hits a nice boundary","thisOver":"4","progress":{"innings":2,"over":18,"ball":1},"speed":33.5743771802284,"subtype":"BBCode","countingProgress":{"innings":2,"over":17,"ball":1},"bowlerId":730,"nonfacingBatsmanId":85,"facingBatsmanId":869,"autoText":"M McClenaghan to D Wiese, %SPEED% good length outside off stump. He hits a nice boundary","message":{"text":null},"tags":["four"],"timestamp":1429466125000,"id":1167047,"time":"17:53","updateTime":1429466032627,"sequence":388.0,"type":"Auto"},{"bbcode":"Four! First ball is cut away past backward point by Wiese!","subtype":"BBCode","message":{"text":"<p>Four! First ball is cut away past backward point by Wiese!</p>"},"tags":[],"timestamp":1429466048000,"id":1167048,"time":"17:54","updateTime":1429466048850,"sequence":389.0,"type":"Manual"},{"bbcode":"M McClenaghan to D Wiese, no run, %SPEED% short length outside off stump. He plays and misses","thisOver":".","progress":{"innings":2,"over":18,"ball":2},"speed":33.1907489149211,"subtype":"BBCode","countingProgress":{"innings":2,"over":17,"ball":2},"bowlerId":730,"nonfacingBatsmanId":85,"facingBatsmanId":869,"autoText":"M McClenaghan to D Wiese, no run, %SPEED% short length outside off stump. He plays and misses","message":{"text":null},"tags":[],"timestamp":1429466071000,"id":1167049,"time":"17:54","updateTime":1429466071692,"sequence":390.0,"type":"Auto"},{"bbcode":"M McClenaghan to D Wiese, %SPEED% full length outside off stump. He hits a nice boundary","thisOver":"4","progress":{"innings":2,"over":18,"ball":3},"speed":39.0469293722128,"subtype":"BBCode","countingProgress":{"innings":2,"over":17,"ball":3},"bowlerId":730,"nonfacingBatsmanId":85,"facingBatsmanId":869,"autoText":"M McClenaghan to D Wiese, %SPEED% full length outside off stump. He hits a nice boundary","message":{"text":null},"tags":["four"],"timestamp":1429466176000,"id":1167050,"time":"17:55","updateTime":1429466105403,"sequence":391.0,"type":"Auto"},{"bbcode":"Four! Wiese is on fire here, smokes a full delivery into the gap at deep extra cover!","subtype":"BBCode","message":{"text":"<p>Four! Wiese is on fire here, smokes a full delivery into the gap at deep extra cover!</p>"},"tags":[],"timestamp":1429466129000,"id":1167051,"time":"17:55","updateTime":1429466129127,"sequence":392.0,"type":"Manual"},{"bbcode":"M McClenaghan to D Wiese, %SPEED% short length outside off stump. He hits a nice boundary","thisOver":"4","progress":{"innings":2,"over":18,"ball":4},"speed":30.890980586417,"subtype":"BBCode","countingProgress":{"innings":2,"over":17,"ball":4},"bowlerId":730,"nonfacingBatsmanId":85,"facingBatsmanId":869,"autoText":"M McClenaghan to D Wiese, %SPEED% short length outside off stump. He hits a nice boundary","message":{"text":null},"tags":["four"],"timestamp":1429466176000,"id":1167052,"time":"17:55","updateTime":1429466140948,"sequence":393.0,"type":"Auto"},{"bbcode":"Four! This is on! Sits up and the South African clubs it over point for four more!","subtype":"BBCode","message":{"text":"<p>Four! This is on! Sits up and the South African clubs it over point for four more!</p>"},"tags":[],"timestamp":1429466175000,"id":1167053,"time":"17:55","updateTime":1429466157528,"sequence":394.0,"type":"Manual"},{"bbcode":"M McClenaghan to D Wiese, %SPEED% full toss going down leg. He picks up a single","thisOver":"1","progress":{"innings":2,"over":18,"ball":5},"speed":38.5880974084278,"subtype":"BBCode","countingProgress":{"innings":2,"over":17,"ball":5},"bowlerId":730,"nonfacingBatsmanId":85,"facingBatsmanId":869,"autoText":"M McClenaghan to D Wiese, %SPEED% full toss going down leg. He picks up a single","message":{"text":null},"tags":[],"timestamp":1429466237000,"id":1167054,"time":"17:56","updateTime":1429466209584,"sequence":395.0,"type":"Auto"},{"bbcode":"M McClenaghan to I Abdulla, 1 run, no-ball. He plays and misses","thisOver":"1Nb","progress":{"innings":2,"over":18,"ball":6},"speed":37.8938636937502,"subtype":"BBCode","countingProgress":{"innings":2,"over":17,"ball":6},"bowlerId":730,"nonfacingBatsmanId":869,"facingBatsmanId":85,"autoText":"M McClenaghan to I Abdulla, 1 run, no-ball. He plays and misses","message":{"text":null},"tags":[],"timestamp":1429466414000,"id":1167064,"time":"17:57","updateTime":1429466264254,"sequence":399.0,"type":"Auto"}]}