{"squadId":463,"totalVotes":1009,"players":[{"id":107,"voteCount":963,"fullName":"Rohit Sharma","shortName":"RG Sharma"},{"id":210,"voteCount":957,"fullName":"Kieron Pollard","shortName":"K Pollard"},{"id":103,"voteCount":929,"fullName":"Harbhajan Singh","shortName":"H Singh"},{"id":968,"voteCount":861,"fullName":"Corey Anderson","shortName":"C Anderson"},{"id":100,"voteCount":850,"fullName":"Ambati Rayudu","shortName":"A Rayudu"},{"id":211,"voteCount":796,"fullName":"Lasith Malinga","shortName":"L Malinga"},{"id":166,"voteCount":763,"fullName":"Vinay Kumar","shortName":"V Kumar"},{"id":44,"voteCount":663,"fullName":"Parthiv Patel","shortName":"P Patel"},{"id":595,"voteCount":634,"fullName":"Lendl Simmons","shortName":"L Simmons"},{"id":2741,"voteCount":450,"fullName":"Jagadeesha Suchitch","shortName":"J Suchitch"},{"id":99,"voteCount":418,"fullName":"Aditya Tare","shortName":"A Tare"},{"id":106,"voteCount":391,"fullName":"Pragyan Ojha","shortName":"P Ojha"},{"id":105,"voteCount":380,"fullName":"Pawan Suyal","shortName":"P Suyal"},{"id":60,"voteCount":284,"fullName":"Unmukt Chand","shortName":"U Chand"},{"id":1124,"voteCount":258,"fullName":"Jasprit Bumrah","shortName":"J Bumrah"},{"id":1748,"voteCount":191,"fullName":"Shreyas Gopal","shortName":"S Gopal"},{"id":857,"voteCount":177,"fullName":"Josh Hazlewood","shortName":"J Hazlewood"},{"id":167,"voteCount":152,"fullName":"Aaron Finch","shortName":"A Finch"},{"id":730,"voteCount":139,"fullName":"Mitchell McClenaghan","shortName":"M McClenaghan"},{"id":151,"voteCount":123,"fullName":"Abhimanyu Mithun","shortName":"A Mithun"},{"id":205,"voteCount":102,"fullName":"Aiden Blizzard","shortName":"A Blizzard"},{"id":2740,"voteCount":52,"fullName":"Hardik Pandya","shortName":"H Pandya"},{"id":2738,"voteCount":44,"fullName":"Nitish Rana","shortName":"N Rana"},{"id":204,"voteCount":37,"fullName":"Marchant de Lange","shortName":"M de Lange"},{"id":2737,"voteCount":37,"fullName":"Akshay Wakhare","shortName":"A Wakhare"},{"id":2739,"voteCount":34,"fullName":"Siddhesh Lad","shortName":"SD Lad"}]}