{"matchInfo":{"description":"Match 16","matchType":"IPLT20","teams":[{"id":3681,"players":[{"names":["Virat Kohli","V Kohli"],"dateOfBirth":594691200000,"id":164,"fullName":"Virat Kohli","shortName":"V Kohli","nationality":"Indian"},{"names":["Chris Gayle","C Gayle"],"dateOfBirth":306720000000,"id":236,"fullName":"Chris Gayle","shortName":"C Gayle","nationality":"West Indian"},{"names":["Manvinder Bisla","M Bisla"],"dateOfBirth":472953600000,"id":90,"fullName":"Manvinder Bisla","shortName":"M Bisla","nationality":"Indian"},{"names":["Dinesh Karthik","D Karthik"],"rightHandedBat":true,"dateOfBirth":486432000000,"id":102,"fullName":"Dinesh Karthik","shortName":"D Karthik","nationality":"Indian"},{"names":["AB de Villiers","AB de Villiers"],"dateOfBirth":445824000000,"id":233,"fullName":"AB de Villiers","shortName":"AB de Villiers","nationality":"South African"},{"names":["Rilee Rossouw","R Rossouw"],"dateOfBirth":623894400000,"id":239,"fullName":"Rilee Rossouw","shortName":"R Rossouw","nationality":"South African"},{"names":["David Wiese","D Wiese"],"rightHandedBat":true,"dateOfBirth":485222400000,"id":869,"fullName":"David Wiese","shortName":"D Wiese","nationality":"South African"},{"names":["Iqbal Abdulla","I Abdulla"],"dateOfBirth":628560000000,"id":85,"fullName":"Iqbal Abdulla","shortName":"I Abdulla","nationality":"Indian"},{"names":["Abu Nechim","A Nechim"],"rightHandedBat":true,"dateOfBirth":594691200000,"id":98,"fullName":"Abu Nechim","shortName":"A Nechim","nationality":"Indian"},{"names":["Varun Aaron","V Aaron"],"dateOfBirth":625622400000,"id":61,"fullName":"Varun Aaron","shortName":"V Aaron","nationality":"Indian"},{"names":["Yuzvendra Chahal","Y Chahal"],"rightHandedBat":true,"dateOfBirth":1330300800000,"id":111,"fullName":"Yuzvendra Chahal","shortName":"Y Chahal","nationality":"Indian"}],"team":{"type":"m","fullName":"Royal Challengers Bangalore","shortName":"Challengers","abbreviation":"RCB","primaryColor":"F1901D","secondaryColor":"FFFFFF","id":9},"wicketKeeper":{"names":["Dinesh Karthik","D Karthik"],"rightHandedBat":true,"dateOfBirth":486432000000,"id":102,"fullName":"Dinesh Karthik","shortName":"D Karthik","nationality":"Indian"},"captain":{"names":["Virat Kohli","V Kohli"],"dateOfBirth":594691200000,"id":164,"fullName":"Virat Kohli","shortName":"V Kohli","nationality":"Indian"}},{"id":3680,"players":[{"names":["Lendl Simmons","L Simmons"],"rightHandedBat":true,"dateOfBirth":475459200000,"id":595,"fullName":"Lendl Simmons","shortName":"L Simmons","nationality":"West Indian"},{"names":["Parthiv Patel","P Patel"],"dateOfBirth":479174400000,"id":44,"fullName":"Parthiv Patel","shortName":"P Patel","nationality":"Indian"},{"names":["Unmukt Chand","U Chand"],"dateOfBirth":733104000000,"id":60,"fullName":"Unmukt Chand","shortName":"U Chand","nationality":"Indian"},{"names":["Rohit Sharma","RG Sharma"],"rightHandedBat":true,"dateOfBirth":546739200000,"id":107,"fullName":"Rohit Sharma","shortName":"RG Sharma","nationality":"Indian"},{"names":["Ambati Rayudu","A Rayudu"],"rightHandedBat":true,"dateOfBirth":496281600000,"id":100,"fullName":"Ambati Rayudu","shortName":"A Rayudu","nationality":"Indian"},{"names":["Kieron Pollard","K Pollard"],"rightHandedBat":true,"dateOfBirth":547776000000,"id":210,"fullName":"Kieron Pollard","shortName":"K Pollard","nationality":"West Indian"},{"names":["Hardik Pandya","H Pandya"],"rightHandedBat":true,"dateOfBirth":750297600000,"id":2740,"fullName":"Hardik Pandya","shortName":"H Pandya","nationality":"Indian"},{"names":["Harbhajan Singh","H Singh"],"rightHandedBat":true,"dateOfBirth":331430400000,"id":103,"fullName":"Harbhajan Singh","shortName":"H Singh","nationality":"Indian"},{"names":["Jasprit Bumrah","J Bumrah"],"rightHandedBat":true,"dateOfBirth":755136000000,"id":1124,"fullName":"Jasprit Bumrah","shortName":"J Bumrah","nationality":"Indian"},{"names":["Mitchell McClenaghan","M McClenaghan"],"dateOfBirth":518832000000,"id":730,"fullName":"Mitchell McClenaghan","shortName":"M McClenaghan","nationality":"New Zealander"},{"names":["Lasith Malinga","L Malinga"],"rightHandedBat":true,"dateOfBirth":430876800000,"id":211,"fullName":"Lasith Malinga","shortName":"L Malinga","nationality":"Sri Lankan"}],"team":{"type":"m","fullName":"Mumbai Indians","shortName":"Mumbai","abbreviation":"MI","primaryColor":"00AEEF","secondaryColor":"FFFFFF","id":6},"wicketKeeper":{"names":["Parthiv Patel","P Patel"],"dateOfBirth":479174400000,"id":44,"fullName":"Parthiv Patel","shortName":"P Patel","nationality":"Indian"},"captain":{"names":["Rohit Sharma","RG Sharma"],"rightHandedBat":true,"dateOfBirth":546739200000,"id":107,"fullName":"Rohit Sharma","shortName":"RG Sharma","nationality":"Indian"}}],"venue":{"id":5,"country":"India","fullName":"M. Chinnaswamy Stadium","shortName":"Chinnaswamy","city":"Bengaluru"},"matchDate":"2015-04-19T20:00:00+0530","battingOrder":[1,0],"additionalInfo":{"toss.elected":"Royal Challengers Bangalore, who chose to field","match.video.id":"4182653479001","stats.link":"http://www.iplt20.com/news/2015/more-news/6117/quick-stats-m16-rcb-vs-mi","match.summary":"","photostream.link":"http://www.iplt20.com/photos/264/ipl-2015-match-16-rcb-v-mi","mom.video.id":"4182653493001","home.team.fan.total":"13123","notes.1.1":"Powerplay 1 - 48 runs, 1 wicket","away.team.fan.total":"18206","notes.1.2":"MI: 50 runs in 6.3 overs","umpire.name.3":"Rajesh Deshpande","notes.1.3":"2nd Wicket: 50 runs in 31 balls (Lendl Simmons 22, Unmukt Chand 26)","umpire.name.4":"Krishnamachari Bharatan","umpire.name.1":"Richard Illingworth","notes.1.4":"Lendl Simmons: 50 off 36 balls (8 x fours, 2 x sixes)","umpire.name.2":"Vineet Kulkarni","notes.1.5":"MI: 100 runs in 11.5 overs","notes.1.6":"MI: 150 runs in 15.6 overs","notes.1.7":"Unmukt Chand: 50 off 33 balls (7 x fours, 2 x sixes)","notes.1.8":"3rd Wicket: 50 runs in 20 balls (Unmukt Chand 19, Rohit Sharma 30)","notes.1.9":"MI: 200 runs in 19.1 overs","highlights.link":"http://www.iplt20.com/videos/media/id/4182653479001/m16-rcb-vs-mi-match-highlights","result.playerofthematch":"Harbhajan Singh","mom.video.thumb":"http://brightcove.vo.llnwd.net/v1/unsecured/media/3588749423001/201504/3780/3588749423001_4182914162001_vs-553401e3e4b00fbddeec4e64-782203288001.jpg?pubId=3588749423001","interview.link":"http://www.iplt20.com/news/2015/features/6119/this-knock-was-long-overdue-unmukt","notes.1.10":"Innings Break: MI - 209/7 in 20 overs","sixes.video.id":"4182653484001","interview.thumb":"http://static2.iplt20.com/cms/media/images/320x213/36995.jpg","referee.name":"Javagal Srinath","match.video.thumb":"http://brightcove.vo.llnwd.net/v1/unsecured/media/3588749423001/201504/852/3588749423001_4182661879001_video-still-for-video-4182653479001.jpg?pubId=3588749423001","stats.thumb":"http://static2.iplt20.com/cms/media/images/320x213/36994.jpg","toss.winner":"Royal Challengers Bangalore","sixes.video.thumb":"http://brightcove.vo.llnwd.net/v1/unsecured/media/3588749423001/201504/2508/3588749423001_4182900824001_vs-5533ff9ae4b00fbddeec4e50-1592194021001.jpg?pubId=3588749423001","notes.2.5":"7th Wicket: 50 runs in 23 balls (David Wiese 32, Iqbal Abdulla 15)","notes.2.3":"Royal Challengers Bangalore: 100 runs in 12.2 overs","report.thumb":"http://static2.iplt20.com/cms/media/images/320x213/36989.jpg","notes.2.4":"Royal Challengers Bangalore: 150 runs in 16.4 overs","notes.2.1":"Powerplay 1 - 33 runs, 1 wicket","report.link":"http://www.iplt20.com/news/2015/match-reports/6106/report-m16-rcb-vs-mi","notes.2.2":"RCB: 50 runs in 8.5 overs"},"oversLimit":20,"matchState":"C","isLimitedOvers":true,"matchStatus":{"text":"Mumbai Indians won by 18 runs","outcome":"B"},"matchSummary":"","tournamentLabel":"IPL 2015"},"matchId":{"tournamentId":{"name":"ipl2015","id":2785},"name":"ipl2015-16","id":3241,"parentId":{"name":"ipl2015","id":2785}},"innings":[{"inningsNumber":1,"scorecard":{"runs":209,"extras":{"wideRuns":13,"legByeRuns":4},"battingStats":[{"mod":{"text":"c Varun Aaron b Yuzvendra Chahal","dismissedBp":{"over":14,"innings":1,"ball":4},"countingBp":{"over":14,"innings":1,"ball":3},"bowlerId":111,"additionalPlayerIds":[61],"dismissedMethod":"ct"},"playerId":595,"r":59,"b":44,"sr":"134.09","4s":9,"6s":2},{"mod":{"text":"b David Wiese","dismissedBp":{"over":6,"innings":1,"ball":5},"countingBp":{"over":6,"innings":1,"ball":5},"bowlerId":869,"dismissedMethod":"b"},"playerId":44,"r":12,"b":13,"sr":"92.30","4s":2,"6s":0},{"mod":{"text":"c Virat Kohli b Yuzvendra Chahal","dismissedBp":{"over":18,"innings":1,"ball":4},"countingBp":{"over":18,"innings":1,"ball":4},"bowlerId":111,"additionalPlayerIds":[164],"dismissedMethod":"ct"},"playerId":60,"r":58,"b":37,"sr":"156.75","4s":8,"6s":2},{"mod":{"text":"c & b David Wiese","dismissedBp":{"over":19,"innings":1,"ball":5},"countingBp":{"over":19,"innings":1,"ball":5},"bowlerId":869,"additionalPlayerIds":[869],"dismissedMethod":"ct"},"playerId":107,"r":42,"b":15,"sr":"280.00","4s":3,"6s":4},{"mod":{"text":"c Yuzvendra Chahal b David Wiese","dismissedBp":{"over":19,"innings":1,"ball":2},"countingBp":{"over":19,"innings":1,"ball":2},"bowlerId":869,"additionalPlayerIds":[111],"dismissedMethod":"ct"},"playerId":210,"r":5,"b":3,"sr":"166.66","4s":1,"6s":0},{"mod":{"text":"c Yuzvendra Chahal b David Wiese","dismissedBp":{"over":19,"innings":1,"ball":3},"countingBp":{"over":19,"innings":1,"ball":3},"bowlerId":869,"additionalPlayerIds":[111],"dismissedMethod":"ct"},"playerId":100,"r":0,"b":1,"sr":"0.00","4s":0,"6s":0},{"mod":{"text":"run out (Manvinder Bisla)","dismissedBp":{"over":20,"innings":1,"ball":7},"countingBp":{"over":20,"innings":1,"ball":6},"bowlerId":98,"additionalPlayerIds":[90],"dismissedMethod":"ro"},"playerId":103,"r":0,"b":1,"sr":"0.00","4s":0,"6s":0},{"playerId":2740,"r":16,"b":6,"sr":"266.66","4s":0,"6s":2}],"bowlingStats":[{"playerId":85,"r":35,"w":0,"ov":"4","e":"8.75","nb":0,"d":10,"maid":0,"wd":2},{"playerId":61,"r":50,"w":0,"ov":"4","e":"12.50","nb":0,"d":13,"maid":0,"wd":3},{"playerId":98,"r":59,"w":0,"ov":"4","e":"14.75","nb":0,"d":7,"maid":0,"wd":1},{"playerId":869,"r":33,"w":4,"ov":"4","e":"8.25","nb":0,"d":10,"maid":0,"wd":1},{"playerId":111,"r":28,"w":2,"ov":"4","e":"7.00","nb":0,"d":11,"maid":0,"wd":1}],"wkts":7,"fow":[{"bp":{"over":6,"innings":1,"ball":5},"playerId":44,"r":47,"w":1},{"bp":{"over":14,"innings":1,"ball":3},"playerId":595,"r":119,"w":2},{"bp":{"over":18,"innings":1,"ball":4},"playerId":60,"r":182,"w":3},{"bp":{"over":19,"innings":1,"ball":2},"playerId":210,"r":188,"w":4},{"bp":{"over":19,"innings":1,"ball":3},"playerId":100,"r":188,"w":5},{"bp":{"over":19,"innings":1,"ball":5},"playerId":107,"r":192,"w":6},{"bp":{"over":20,"innings":1,"ball":6},"playerId":103,"r":209,"w":7}]},"overProgress":"20","runRate":"10.45","overHistory":[{"ovNo":1,"ovBalls":["1","1",".",".",".","."]},{"ovNo":2,"ovBalls":["1Wd","5Wd","1",".",".",".","4","."]},{"ovNo":3,"ovBalls":["4","4",".",".","1","1"]},{"ovNo":4,"ovBalls":[".","1Wd",".","4","4",".","4"]},{"ovNo":5,"ovBalls":[".",".","1",".","4","4"]},{"ovNo":6,"ovBalls":[".","1Lb",".","1","W","1"]},{"ovNo":7,"ovBalls":[".",".","2","4","4","1"]},{"ovNo":8,"ovBalls":["2Lb","1",".","1","1","."]},{"ovNo":9,"ovBalls":["1","1","1","6",".","."]},{"ovNo":10,"ovBalls":["4",".",".","6",".","."]},{"ovNo":11,"ovBalls":[".",".","6","4",".","4"]},{"ovNo":12,"ovBalls":[".","1","1",".","1","1"]},{"ovNo":13,"ovBalls":["2",".","1","1Wd","2Wd","1",".","6"]},{"ovNo":14,"ovBalls":["1Wd","4",".","W",".",".","1"]},{"ovNo":15,"ovBalls":["1Lb",".","2","4",".","6"]},{"ovNo":16,"ovBalls":["4","4","4","1","1","1Wd","4"]},{"ovNo":17,"ovBalls":["6","4","1","1","6","6"]},{"ovNo":18,"ovBalls":["4","1","1","W","1","1"]},{"ovNo":19,"ovBalls":["4","W","W","4","W","1"]},{"ovNo":20,"ovBalls":["6","1Wd","2",".","6","1","W"]}]},{"inningsNumber":2,"scorecard":{"runs":191,"extras":{"noBallRuns":2,"wideRuns":13,"legByeRuns":1},"battingStats":[{"mod":{"text":"b Harbhajan Singh","dismissedBp":{"over":9,"innings":2,"ball":1},"countingBp":{"over":9,"innings":2,"ball":1},"bowlerId":103,"dismissedMethod":"b"},"playerId":236,"r":10,"b":24,"sr":"41.66","4s":0,"6s":0},{"mod":{"text":"b Harbhajan Singh","dismissedBp":{"over":5,"innings":2,"ball":6},"countingBp":{"over":5,"innings":2,"ball":6},"bowlerId":103,"dismissedMethod":"b"},"playerId":90,"r":20,"b":16,"sr":"125.00","4s":3,"6s":1},{"mod":{"text":"c Ambati Rayudu b Mitchell McClenaghan","dismissedBp":{"over":11,"innings":2,"ball":4},"countingBp":{"over":11,"innings":2,"ball":3},"bowlerId":730,"additionalPlayerIds":[100],"dismissedMethod":"ct"},"playerId":164,"r":18,"b":18,"sr":"100.00","4s":1,"6s":1},{"mod":{"text":"c Unmukt Chand b Lasith Malinga","dismissedBp":{"over":13,"innings":2,"ball":2},"countingBp":{"over":13,"innings":2,"ball":1},"bowlerId":211,"additionalPlayerIds":[60],"dismissedMethod":"ct"},"playerId":102,"r":18,"b":11,"sr":"163.63","4s":1,"6s":1},{"mod":{"text":"c Kieron Pollard b Jasprit Bumrah","dismissedBp":{"over":15,"innings":2,"ball":2},"countingBp":{"over":15,"innings":2,"ball":2},"bowlerId":1124,"additionalPlayerIds":[210],"dismissedMethod":"ct"},"playerId":233,"r":41,"b":11,"sr":"372.72","4s":5,"6s":3},{"mod":{"text":"b Harbhajan Singh","dismissedBp":{"over":14,"innings":2,"ball":1},"countingBp":{"over":14,"innings":2,"ball":1},"bowlerId":103,"dismissedMethod":"b"},"playerId":239,"r":0,"b":1,"sr":"0.00","4s":0,"6s":0},{"playerId":869,"r":47,"b":25,"sr":"188.00","4s":6,"6s":2},{"mod":{"text":"run out (Rohit Sharma)","dismissedBp":{"over":20,"innings":2,"ball":1},"countingBp":{"over":20,"innings":2,"ball":1},"bowlerId":210,"additionalPlayerIds":[107],"dismissedMethod":"ro"},"playerId":85,"r":20,"b":15,"sr":"133.33","4s":4,"6s":0},{"playerId":98,"r":1,"b":1,"sr":"100.00","4s":0,"6s":0}],"bowlingStats":[{"playerId":730,"r":43,"w":1,"ov":"4","e":"10.75","nb":2,"d":12,"maid":0,"wd":3},{"playerId":211,"r":35,"w":1,"ov":"4","e":"8.75","nb":0,"d":12,"maid":1,"wd":2},{"playerId":103,"r":27,"w":3,"ov":"4","e":"6.75","nb":0,"d":13,"maid":0,"wd":0},{"playerId":1124,"r":39,"w":1,"ov":"4","e":"9.75","nb":0,"d":9,"maid":0,"wd":5},{"playerId":2740,"r":37,"w":0,"ov":"3","e":"12.33","nb":0,"d":4,"maid":0,"wd":2},{"playerId":210,"r":9,"w":0,"ov":"1","e":"9.00","nb":0,"d":1,"maid":0,"wd":0}],"wkts":7,"fow":[{"bp":{"over":5,"innings":2,"ball":6},"playerId":90,"r":26,"w":1},{"bp":{"over":9,"innings":2,"ball":1},"playerId":236,"r":48,"w":2},{"bp":{"over":11,"innings":2,"ball":3},"playerId":164,"r":62,"w":3},{"bp":{"over":13,"innings":2,"ball":1},"playerId":102,"r":97,"w":4},{"bp":{"over":14,"innings":2,"ball":1},"playerId":239,"r":119,"w":5},{"bp":{"over":15,"innings":2,"ball":2},"playerId":233,"r":125,"w":6},{"bp":{"over":20,"innings":2,"ball":1},"playerId":85,"r":183,"w":7}]},"overProgress":"20","runRate":"9.55","overHistory":[{"ovNo":1,"ovBalls":[".",".","1Wd","1Nb",".","1Wd",".","1","."]},{"ovNo":2,"ovBalls":[".",".",".",".",".","."]},{"ovNo":3,"ovBalls":["4",".","4",".",".","."]},{"ovNo":4,"ovBalls":[".","1",".","1","1","1"]},{"ovNo":5,"ovBalls":["4",".",".","6",".","W"]},{"ovNo":6,"ovBalls":["1Wd","1Wd","1Wd","1Wd","2",".","1",".",".","."]},{"ovNo":7,"ovBalls":["1",".","1",".","1","1"]},{"ovNo":8,"ovBalls":["1","1Wd","1","4","1","1","2"]},{"ovNo":9,"ovBalls":["W","1",".",".","6","1"]},{"ovNo":10,"ovBalls":[".","1",".","2",".","1"]},{"ovNo":11,"ovBalls":["1",".","1Wd","W","4","6","4"]},{"ovNo":12,"ovBalls":["1","4","1","2","4","1Wd","6"]},{"ovNo":13,"ovBalls":["2Wd","W","6","6","2","4","4"]},{"ovNo":14,"ovBalls":["W",".","4",".",".","1"]},{"ovNo":15,"ovBalls":["1","W",".",".",".","4"]},{"ovNo":16,"ovBalls":["1","1Wd","1Lb","6","1","1","4"]},{"ovNo":17,"ovBalls":[".","1","6","1","4","4"]},{"ovNo":18,"ovBalls":["4",".","4","4","1","1Nb","1"]},{"ovNo":19,"ovBalls":["1Wd","1",".",".","1","4","."]},{"ovNo":20,"ovBalls":["1W",".","1","1","2","4"]}]}],"currentState":{"phase":"C","facingBatsman":98,"nonFacingBatsman":869,"currentInningsIndex":1,"currentPartnership":8,"currentBowler":-1,"currentBatsmen":[869,98],"recentOvers":[{"ovNo":15,"ovBalls":["1","W",".",".",".","4"]},{"ovNo":16,"ovBalls":["1","1Wd","1Lb","6","1","1","4"]},{"ovNo":17,"ovBalls":[".","1","6","1","4","4"]},{"ovNo":18,"ovBalls":["4",".","4","4","1","1Nb","1"]},{"ovNo":19,"ovBalls":["1Wd","1",".",".","1","4","."]},{"ovNo":20,"ovBalls":["1W",".","1","1","2","4"]}]}}