{"fragment":7,"updateTime":1429034336000,"matchId":{"id":3234,"name":"ipl2015-09 - RR vs. MI","matchIdName":"ipl2015-09"},"commentaries":[{"bbcode":"[b]Wicket![/b] Perfect timing for MI! Rahane charges down the wicket and miscues down the throat of mid off. This is going to be a tight finish, do not miss the final chase after this Timeout.","subtype":"BBCode","message":{"text":"<p><strong>Wicket!</strong> Perfect timing for MI! Rahane charges down the wicket and miscues down the throat of mid off. This is going to be a tight finish, do not miss the final chase after this Timeout.</p>"},"tags":[],"timestamp":1429032413000,"id":1159579,"time":"17:25","updateTime":1429032355803,"sequence":300.5,"type":"Manual"},{"bbcode":"S Gopal to S Smith, %SPEED% full length on middle stump. He picks up a single","thisOver":"1","progress":{"innings":2,"over":14,"ball":2},"speed":22.9681898604681,"subtype":"BBCode","countingProgress":{"innings":2,"over":13,"ball":2},"bowlerId":1748,"nonfacingBatsmanId":1556,"facingBatsmanId":271,"autoText":"S Gopal to S Smith, %SPEED% full length on middle stump. He picks up a single","message":{"text":null},"tags":[],"timestamp":1429032606000,"id":1159586,"time":"17:28","updateTime":1429032518033,"sequence":301.5,"type":"Auto"},{"bbcode":"S Gopal to D Hooda, %SPEED% good length on off stump. He picks up a single","thisOver":"1","progress":{"innings":2,"over":14,"ball":3},"speed":23.7068666825053,"subtype":"BBCode","countingProgress":{"innings":2,"over":13,"ball":3},"bowlerId":1748,"nonfacingBatsmanId":271,"facingBatsmanId":1556,"autoText":"S Gopal to D Hooda, %SPEED% good length on off stump. He picks up a single","message":{"text":null},"tags":[],"timestamp":1429032634000,"id":1159587,"time":"17:29","updateTime":1429032559203,"sequence":302.5,"type":"Auto"},{"bbcode":"[b]Ravi Shastri: [/b][i]\"Hooda has been given the confidence up the order to play his game and he is only 19!\"[/i]","subtype":"BBCode","message":{"text":"<p><strong>Ravi Shastri:&nbsp;</strong><em>\"Hooda has been given the confidence up the order to play his game and he is only 19!\"</em></p>"},"tags":[],"timestamp":1429032858000,"id":1159592,"time":"17:30","updateTime":1429032613963,"sequence":303.0,"type":"Manual"},{"bbcode":"S Gopal to S Smith, %SPEED% short length going down leg. He picks up a single","thisOver":"1","progress":{"innings":2,"over":14,"ball":4},"speed":23.5194396651368,"subtype":"BBCode","countingProgress":{"innings":2,"over":13,"ball":4},"bowlerId":1748,"nonfacingBatsmanId":1556,"facingBatsmanId":271,"autoText":"S Gopal to S Smith, %SPEED% short length going down leg. He picks up a single","message":{"text":null},"tags":[],"timestamp":1429032636000,"id":1159589,"time":"17:29","updateTime":1429032588607,"sequence":303.5,"type":"Auto"},{"bbcode":"S Gopal to D Hooda, %SPEED% good length on off stump. He hits a great shot, that has gone all the way","thisOver":"6","progress":{"innings":2,"over":14,"ball":5},"speed":24.7880083401574,"subtype":"BBCode","countingProgress":{"innings":2,"over":13,"ball":5},"bowlerId":1748,"nonfacingBatsmanId":271,"facingBatsmanId":1556,"autoText":"S Gopal to D Hooda, %SPEED% good length on off stump. He hits a great shot, that has gone all the way","message":{"text":null},"tags":["six"],"timestamp":1429032683000,"id":1159591,"time":"17:30","updateTime":1429032612885,"sequence":304.5,"type":"Auto"},{"bbcode":"[b]Six![/b] Here is Hooda! He runs down the wicket and fires into the crowd at mid on","subtype":"BBCode","message":{"text":"<p><strong>Six!</strong> Here is Hooda! He runs down the wicket and fires into the crowd at mid on</p>"},"tags":[],"timestamp":1429032845000,"id":1159593,"time":"17:30","updateTime":1429032623143,"sequence":305.0,"type":"Manual"},{"bbcode":"S Gopal to D Hooda, %SPEED% good length just outside off stump. He hits a great shot, that has gone all the way","thisOver":"6","progress":{"innings":2,"over":14,"ball":6},"speed":23.4689316048279,"subtype":"BBCode","countingProgress":{"innings":2,"over":13,"ball":6},"bowlerId":1748,"nonfacingBatsmanId":271,"facingBatsmanId":1556,"autoText":"S Gopal to D Hooda, %SPEED% good length just outside off stump. He hits a great shot, that has gone all the way","message":{"text":null},"tags":["six"],"timestamp":1429032698000,"id":1159595,"time":"17:30","updateTime":1429032649302,"sequence":307.5,"type":"Auto"},{"bbcode":"[b]Six![/b] Oh hello! Two from Two! The youngster is shining bright with a another maximum down the ground","subtype":"BBCode","message":{"text":"<p><strong>Six!</strong>&nbsp;Oh hello! Two from Two! The youngster is shining bright with a another maximum down the ground</p>"},"tags":[],"timestamp":1429032700000,"id":1159597,"time":"17:30","updateTime":1429032659881,"sequence":308.0,"type":"Manual"},{"innings":2,"over":14,"overRuns":15,"overWickets":1,"inningsRuns":107,"inningsWickets":2,"inningsAllOut":false,"team":{"id":8,"fullName":"Rajasthan Royals","shortName":"Royals","abbreviation":"RR","primaryColor":"004B8C","secondaryColor":"FFFFFF","type":"m"},"batsmanSummaries":[{"batsman":{"id":1556,"fullName":"Deepak Hooda","shortName":"D Hooda","nationality":"Indian","rightHandedBat":true,"dateOfBirth":798249600000,"names":["Deepak Hooda","D Hooda"]},"runs":13,"balls":3,"fours":0,"sixes":2},{"batsman":{"id":271,"fullName":"Steve Smith","shortName":"S Smith","nationality":"Australian","rightHandedBat":false,"dateOfBirth":612748800000,"names":["Steve Smith","S Smith"]},"runs":30,"balls":27,"fours":2,"sixes":0}],"activeBatsman":271,"bowlerSummary":{"bowler":{"id":1748,"fullName":"Shreyas Gopal","shortName":"S Gopal","nationality":"Indian","rightHandedBat":true,"dateOfBirth":747100800000,"names":["Shreyas Gopal","S Gopal"]},"overs":"2","runs":22,"wickets":1,"maidens":0},"inningsBalls":84,"inningsMaxBalls":120,"inningsTarget":165,"message":{"text":null},"tags":[],"timestamp":1429032649000,"id":1159596,"time":"17:30","updateTime":1429032649425,"sequence":308.5,"type":"Eov"},{"bbcode":"And right on cue... here's Malinga!","subtype":"BBCode","message":{"text":"<p>And right on cue... here's Malinga!</p>"},"tags":[],"timestamp":1429032753000,"id":1159602,"time":"17:32","updateTime":1429032748643,"sequence":309.0,"type":"Manual"},{"subtype":"EmbeddedTweet","tweetjson":{"created_at":"Tue Apr 14 17:34:57 +0000 2015","id":588032707222966272,"id_str":"588032707222966272","text":"Who..?? Who???.... Hooda","source":"<a href=\"http://twitter.com/download/iphone\" rel=\"nofollow\">Twitter for iPhone</a>","truncated":false,"in_reply_to_status_id":null,"in_reply_to_status_id_str":null,"in_reply_to_user_id":null,"in_reply_to_user_id_str":null,"in_reply_to_screen_name":null,"user":{"id":456593827,"id_str":"456593827","name":"Russel Arnold","screen_name":"RusselArnold69","location":"","profile_location":null,"description":"Blessed in abundance !!!! Twitter is where i have fun !!!","url":null,"entities":{"description":{"urls":[]}},"protected":false,"followers_count":140602,"friends_count":119,"listed_count":326,"created_at":"Fri Jan 06 12:35:06 +0000 2012","favourites_count":1,"utc_offset":null,"time_zone":null,"geo_enabled":true,"verified":true,"statuses_count":8308,"lang":"en","contributors_enabled":false,"is_translator":false,"is_translation_enabled":false,"profile_background_color":"C0DEED","profile_background_image_url":"http://abs.twimg.com/images/themes/theme1/bg.png","profile_background_image_url_https":"https://abs.twimg.com/images/themes/theme1/bg.png","profile_background_tile":false,"profile_image_url":"http://pbs.twimg.com/profile_images/578495403101851648/i4MWGLvs_normal.jpeg","profile_image_url_https":"https://pbs.twimg.com/profile_images/578495403101851648/i4MWGLvs_normal.jpeg","profile_banner_url":"https://pbs.twimg.com/profile_banners/456593827/1425871886","profile_link_color":"0084B4","profile_sidebar_border_color":"C0DEED","profile_sidebar_fill_color":"DDEEF6","profile_text_color":"333333","profile_use_background_image":true,"default_profile":true,"default_profile_image":false,"following":false,"follow_request_sent":false,"notifications":false},"geo":null,"coordinates":null,"place":null,"contributors":null,"retweet_count":4,"favorite_count":1,"entities":{"hashtags":[],"symbols":[],"user_mentions":[],"urls":[]},"favorited":false,"retweeted":false,"lang":"en"},"message":{"text":"<blockquote class=\"twitter-tweet\" data-partner=\"tweetdeck\">\n<p>Who..?? Who???.... Hooda</p>\n&mdash; Russel Arnold (@RusselArnold69) <a href=\"https://twitter.com/RusselArnold69/status/588032707222966272\">April 14, 2015</a></blockquote>\n<script charset=\"utf-8\" type=\"text/javascript\" src=\"http://platform.twitter.com/widgets.js\"></script>"},"tags":[],"timestamp":1429032964000,"id":1159619,"time":"17:35","updateTime":1429032957246,"sequence":309.5,"type":"Manual"},{"bbcode":"L Malinga to S Smith, %SPEED% full toss outside off stump. He picks up two","thisOver":"2","progress":{"innings":2,"over":15,"ball":1},"speed":37.7780803529123,"subtype":"BBCode","countingProgress":{"innings":2,"over":14,"ball":1},"bowlerId":211,"nonfacingBatsmanId":1556,"facingBatsmanId":271,"autoText":"L Malinga to S Smith, %SPEED% full toss outside off stump. He picks up two","message":{"text":null},"tags":[],"timestamp":1429032852000,"id":1159606,"time":"17:33","updateTime":1429032794848,"sequence":310.0,"type":"Auto"},{"bbcode":"L Malinga to S Smith, no run, %SPEED% full length just outside off stump. He plays and misses","thisOver":".","progress":{"innings":2,"over":15,"ball":2},"speed":37.846918358789,"subtype":"BBCode","countingProgress":{"innings":2,"over":14,"ball":2},"bowlerId":211,"nonfacingBatsmanId":1556,"facingBatsmanId":271,"autoText":"L Malinga to S Smith, no run, %SPEED% full length just outside off stump. He plays and misses","message":{"text":null},"tags":[],"timestamp":1429032855000,"id":1159610,"time":"17:34","updateTime":1429032854654,"sequence":311.0,"type":"Auto"},{"bbcode":"L Malinga to S Smith, Wide delivery","thisOver":"1Wd","progress":{"innings":2,"over":15,"ball":3},"speed":37.951882102802,"subtype":"BBCode","countingProgress":{"innings":2,"over":14,"ball":3},"bowlerId":211,"nonfacingBatsmanId":1556,"facingBatsmanId":271,"autoText":"L Malinga to S Smith, Wide delivery","message":{"text":null},"tags":[],"timestamp":1429032856000,"id":1159611,"time":"17:34","updateTime":1429032856283,"sequence":312.0,"type":"Auto"},{"bbcode":"L Malinga to S Smith, %SPEED% full length outside off stump. He picks up two","thisOver":"2","progress":{"innings":2,"over":15,"ball":4},"speed":38.113059333688,"subtype":"BBCode","countingProgress":{"innings":2,"over":14,"ball":3},"bowlerId":211,"nonfacingBatsmanId":1556,"facingBatsmanId":271,"autoText":"L Malinga to S Smith, %SPEED% full length outside off stump. He picks up two","message":{"text":null},"tags":[],"timestamp":1429032929000,"id":1159615,"time":"17:35","updateTime":1429032915448,"sequence":313.0,"type":"Auto"},{"bbcode":"L Malinga to S Smith, %SPEED% full length outside off stump. He picks up a single","thisOver":"1","progress":{"innings":2,"over":15,"ball":5},"speed":38.1957763548125,"subtype":"BBCode","countingProgress":{"innings":2,"over":14,"ball":4},"bowlerId":211,"nonfacingBatsmanId":1556,"facingBatsmanId":271,"autoText":"L Malinga to S Smith, %SPEED% full length outside off stump. He picks up a single","message":{"text":null},"tags":[],"timestamp":1429032980000,"id":1159616,"time":"17:35","updateTime":1429032918206,"sequence":314.0,"type":"Auto"},{"bbcode":"L Malinga to D Hooda, [b]WICKET!!! D Hooda is out[/b] b Lasith Malinga","thisOver":"W","progress":{"innings":2,"over":15,"ball":6},"speed":38.2358123298988,"subtype":"BBCode","countingProgress":{"innings":2,"over":14,"ball":5},"bowlerId":211,"nonfacingBatsmanId":271,"facingBatsmanId":1556,"autoText":"L Malinga to D Hooda, <b>WICKET!!! D Hooda is out</b> b Lasith Malinga","message":{"text":null},"tags":["wicket"],"timestamp":1429033060000,"id":1159618,"time":"17:35","updateTime":1429032951455,"sequence":315.0,"type":"Auto"},{"bbcode":"[b]Wicket![/b] Timberrr! Leg stump is uprooted by a classic Malinga yorker. Hooda's cameo comes to an end","subtype":"BBCode","message":{"text":"<p><strong>Wicket!</strong> Timberrr! Leg stump is uprooted by a classic Malinga yorker. Hooda's cameo comes to an end</p>"},"tags":[],"timestamp":1429033099000,"id":1159622,"time":"17:36","updateTime":1429032971511,"sequence":316.0,"type":"Manual"},{"bbcode":"L Malinga to J Faulkner, no run. He doesn't offer a shot","thisOver":".","progress":{"innings":2,"over":15,"ball":7},"speed":-1.0,"subtype":"BBCode","countingProgress":{"innings":2,"over":14,"ball":6},"bowlerId":211,"nonfacingBatsmanId":271,"facingBatsmanId":193,"autoText":"L Malinga to J Faulkner, no run. He doesn't offer a shot","message":{"text":null},"tags":[],"timestamp":1429033232000,"id":1159628,"time":"17:38","updateTime":1429033124217,"sequence":317.0,"type":"Auto"},{"innings":2,"over":15,"overRuns":6,"overWickets":1,"inningsRuns":113,"inningsWickets":3,"inningsAllOut":false,"team":{"id":8,"fullName":"Rajasthan Royals","shortName":"Royals","abbreviation":"RR","primaryColor":"004B8C","secondaryColor":"FFFFFF","type":"m"},"batsmanSummaries":[{"batsman":{"id":193,"fullName":"James Faulkner","shortName":"J Faulkner","nationality":"Australian","rightHandedBat":false,"dateOfBirth":641347200000,"names":["James Faulkner","J Faulkner"]},"runs":0,"balls":1,"fours":0,"sixes":0},{"batsman":{"id":271,"fullName":"Steve Smith","shortName":"S Smith","nationality":"Australian","rightHandedBat":false,"dateOfBirth":612748800000,"names":["Steve Smith","S Smith"]},"runs":35,"balls":31,"fours":2,"sixes":0}],"activeBatsman":271,"bowlerSummary":{"bowler":{"id":211,"fullName":"Lasith Malinga","shortName":"L Malinga","nationality":"Sri Lankan","rightHandedBat":true,"dateOfBirth":430876800000,"names":["Lasith Malinga","L Malinga"]},"overs":"2","runs":15,"wickets":1,"maidens":0},"inningsBalls":90,"inningsMaxBalls":120,"inningsTarget":165,"message":{"text":null},"tags":[],"timestamp":1429033124000,"id":1159629,"time":"17:38","updateTime":1429033124333,"sequence":318.0,"type":"Eov"},{"subtype":"EmbeddedTweet","tweetjson":{"created_at":"Tue Apr 14 17:39:33 +0000 2015","id":588033865723334656,"id_str":"588033865723334656","text":"#RR sending in #Faulkner at the right time #PerfectTiming #RRvMI #PepsiIPL #IPL","source":"<a href=\"http://blackberry.com/twitter\" rel=\"nofollow\">Twitter for BlackBerry®</a>","truncated":false,"in_reply_to_status_id":null,"in_reply_to_status_id_str":null,"in_reply_to_user_id":null,"in_reply_to_user_id_str":null,"in_reply_to_screen_name":null,"user":{"id":280722001,"id_str":"280722001","name":"Aydin™","screen_name":"IAmAydin","location":"Cape Town","profile_location":null,"description":"","url":null,"entities":{"description":{"urls":[]}},"protected":false,"followers_count":57,"friends_count":340,"listed_count":1,"created_at":"Mon Apr 11 22:32:06 +0000 2011","favourites_count":4,"utc_offset":3600,"time_zone":"Casablanca","geo_enabled":false,"verified":false,"statuses_count":913,"lang":"en","contributors_enabled":false,"is_translator":false,"is_translation_enabled":false,"profile_background_color":"C0DEED","profile_background_image_url":"http://abs.twimg.com/images/themes/theme1/bg.png","profile_background_image_url_https":"https://abs.twimg.com/images/themes/theme1/bg.png","profile_background_tile":false,"profile_image_url":"http://pbs.twimg.com/profile_images/378800000706632711/dfaf513928b8f5bf8c9c249ca385ff46_normal.jpeg","profile_image_url_https":"https://pbs.twimg.com/profile_images/378800000706632711/dfaf513928b8f5bf8c9c249ca385ff46_normal.jpeg","profile_banner_url":"https://pbs.twimg.com/profile_banners/280722001/1383254377","profile_link_color":"0084B4","profile_sidebar_border_color":"C0DEED","profile_sidebar_fill_color":"DDEEF6","profile_text_color":"333333","profile_use_background_image":true,"default_profile":true,"default_profile_image":false,"following":false,"follow_request_sent":false,"notifications":false},"geo":null,"coordinates":null,"place":null,"contributors":null,"retweet_count":0,"favorite_count":0,"entities":{"hashtags":[{"text":"RR","indices":[0,3]},{"text":"Faulkner","indices":[15,24]},{"text":"PerfectTiming","indices":[43,57]},{"text":"RRvMI","indices":[58,64]},{"text":"PepsiIPL","indices":[65,74]},{"text":"IPL","indices":[75,79]}],"symbols":[],"user_mentions":[],"urls":[]},"favorited":false,"retweeted":false,"lang":"en"},"message":{"text":"<blockquote class=\"twitter-tweet\" data-partner=\"tweetdeck\">\n<p><a href=\"https://twitter.com/hashtag/RR?src=hash\">#RR</a> sending in <a href=\"https://twitter.com/hashtag/Faulkner?src=hash\">#Faulkner</a> at the right time <a href=\"https://twitter.com/hashtag/PerfectTiming?src=hash\">#PerfectTiming</a> <a href=\"https://twitter.com/hashtag/RRvMI?src=hash\">#RRvMI</a> <a href=\"https://twitter.com/hashtag/PepsiIPL?src=hash\">#PepsiIPL</a> <a href=\"https://twitter.com/hashtag/IPL?src=hash\">#IPL</a></p>\n&mdash; Aydin&trade; (@IAmAydin) <a href=\"https://twitter.com/IAmAydin/status/588033865723334656\">April 14, 2015</a></blockquote>\n<script charset=\"utf-8\" type=\"text/javascript\" src=\"http://platform.twitter.com/widgets.js\"></script>"},"tags":[],"timestamp":1429033195000,"id":1159632,"time":"17:39","updateTime":1429033195654,"sequence":319.0,"type":"Manual"},{"bbcode":"P Suyal to S Smith. He comes through for three","thisOver":"3","progress":{"innings":2,"over":16,"ball":1},"speed":-1.0,"subtype":"BBCode","countingProgress":{"innings":2,"over":15,"ball":1},"bowlerId":105,"nonfacingBatsmanId":193,"facingBatsmanId":271,"autoText":"P Suyal to S Smith. He comes through for three","message":{"text":null},"tags":[],"timestamp":1429033281000,"id":1159634,"time":"17:40","updateTime":1429033232477,"sequence":320.0,"type":"Auto"},{"bbcode":"P Suyal to J Faulkner, %SPEED% short length going down leg. He picks up a single","thisOver":"1","progress":{"innings":2,"over":16,"ball":2},"speed":37.2320844126689,"subtype":"BBCode","countingProgress":{"innings":2,"over":15,"ball":2},"bowlerId":105,"nonfacingBatsmanId":271,"facingBatsmanId":193,"autoText":"P Suyal to J Faulkner, %SPEED% short length going down leg. He picks up a single","message":{"text":null},"tags":[],"timestamp":1429033348000,"id":1159637,"time":"17:41","updateTime":1429033309792,"sequence":321.0,"type":"Auto"},{"bbcode":"P Suyal to S Smith, %SPEED% full length just outside off stump. He plays and misses","thisOver":"4","progress":{"innings":2,"over":16,"ball":3},"speed":39.071778737605,"subtype":"BBCode","countingProgress":{"innings":2,"over":15,"ball":3},"bowlerId":105,"nonfacingBatsmanId":193,"facingBatsmanId":271,"autoText":"P Suyal to S Smith, %SPEED% full length just outside off stump. He plays and misses","message":{"text":null},"tags":["four"],"timestamp":1429033410000,"id":1159638,"time":"17:42","updateTime":1429033344428,"sequence":322.0,"type":"Auto"},{"bbcode":"Four! Smith is lucky to edge fine on the leg side. The bowler looks bemused with that shot and the pressure goes back to the Mumbai Indians","subtype":"BBCode","message":{"text":"<p>Four! Smith is lucky to edge fine on the leg side. The bowler looks bemused with that shot and the pressure goes back to the Mumbai Indians</p>"},"tags":[],"timestamp":1429033406000,"id":1159639,"time":"17:42","updateTime":1429033355203,"sequence":323.0,"type":"Manual"},{"bbcode":"P Suyal to S Smith, no run, %SPEED% full length outside off stump. He plays and misses","thisOver":".","progress":{"innings":2,"over":16,"ball":4},"speed":38.7781486499441,"subtype":"BBCode","countingProgress":{"innings":2,"over":15,"ball":4},"bowlerId":105,"nonfacingBatsmanId":193,"facingBatsmanId":271,"autoText":"P Suyal to S Smith, no run, %SPEED% full length outside off stump. He plays and misses","message":{"text":null},"tags":[],"timestamp":1429033397000,"id":1159640,"time":"17:43","updateTime":1429033380178,"sequence":324.0,"type":"Auto"},{"bbcode":"P Suyal to S Smith, no run, %SPEED% full length outside off stump. He plays and misses","thisOver":".","progress":{"innings":2,"over":16,"ball":5},"speed":39.2705908499293,"subtype":"BBCode","countingProgress":{"innings":2,"over":15,"ball":5},"bowlerId":105,"nonfacingBatsmanId":193,"facingBatsmanId":271,"autoText":"P Suyal to S Smith, no run, %SPEED% full length outside off stump. He plays and misses","message":{"text":null},"tags":[],"timestamp":1429033464000,"id":1159642,"time":"17:43","updateTime":1429033420503,"sequence":325.0,"type":"Auto"},{"bbcode":"P Suyal to S Smith, 3 runs, no-ball. He comes through for three","thisOver":"3Nb","progress":{"innings":2,"over":16,"ball":6},"speed":38.1791177302281,"subtype":"BBCode","countingProgress":{"innings":2,"over":15,"ball":6},"bowlerId":105,"nonfacingBatsmanId":193,"facingBatsmanId":271,"autoText":"P Suyal to S Smith, 3 runs, no-ball. He comes through for three","message":{"text":null},"tags":[],"timestamp":1429033523000,"id":1159643,"time":"17:44","updateTime":1429033473517,"sequence":326.0,"type":"Auto"},{"bbcode":"P Suyal to S Smith, 1 run, no-ball. He picks up a single","thisOver":"1Nb","progress":{"innings":2,"over":16,"ball":7},"speed":38.5784532856504,"subtype":"BBCode","countingProgress":{"innings":2,"over":15,"ball":6},"bowlerId":105,"nonfacingBatsmanId":193,"facingBatsmanId":271,"autoText":"P Suyal to S Smith, 1 run, no-ball. He picks up a single","message":{"text":null},"tags":[],"timestamp":1429033542000,"id":1159646,"time":"17:45","updateTime":1429033516949,"sequence":328.0,"type":"Auto"},{"bbcode":"P Suyal to S Smith. He picks up a single","thisOver":"1","progress":{"innings":2,"over":16,"ball":8},"speed":-1.0,"subtype":"BBCode","countingProgress":{"innings":2,"over":15,"ball":6},"bowlerId":105,"nonfacingBatsmanId":193,"facingBatsmanId":271,"autoText":"P Suyal to S Smith. He picks up a single","message":{"text":null},"tags":[],"timestamp":1429033658000,"id":1159648,"time":"17:45","updateTime":1429033551565,"sequence":329.0,"type":"Auto"},{"innings":2,"over":16,"overRuns":13,"overWickets":0,"inningsRuns":126,"inningsWickets":3,"inningsAllOut":false,"team":{"id":8,"fullName":"Rajasthan Royals","shortName":"Royals","abbreviation":"RR","primaryColor":"004B8C","secondaryColor":"FFFFFF","type":"m"},"batsmanSummaries":[{"batsman":{"id":271,"fullName":"Steve Smith","shortName":"S Smith","nationality":"Australian","rightHandedBat":false,"dateOfBirth":612748800000,"names":["Steve Smith","S Smith"]},"runs":45,"balls":38,"fours":3,"sixes":0},{"batsman":{"id":193,"fullName":"James Faulkner","shortName":"J Faulkner","nationality":"Australian","rightHandedBat":false,"dateOfBirth":641347200000,"names":["James Faulkner","J Faulkner"]},"runs":1,"balls":2,"fours":0,"sixes":0}],"activeBatsman":271,"bowlerSummary":{"bowler":{"id":105,"fullName":"Pawan Suyal","shortName":"P Suyal","nationality":"Indian","rightHandedBat":true,"dateOfBirth":624412800000,"names":["Pawan Suyal","P Suyal"]},"overs":"3","runs":33,"wickets":0,"maidens":0},"inningsBalls":96,"inningsMaxBalls":120,"inningsTarget":165,"message":{"text":null},"tags":[],"timestamp":1429033551000,"id":1159649,"time":"17:45","updateTime":1429033551713,"sequence":330.0,"type":"Eov"},{"bbcode":"L Malinga to S Smith, %SPEED% full length just outside off stump. He hits a nice boundary","thisOver":"4","progress":{"innings":2,"over":17,"ball":1},"speed":37.7768611698749,"subtype":"BBCode","countingProgress":{"innings":2,"over":16,"ball":1},"bowlerId":211,"nonfacingBatsmanId":193,"facingBatsmanId":271,"autoText":"L Malinga to S Smith, %SPEED% full length just outside off stump. He hits a nice boundary","message":{"text":null},"tags":["four"],"timestamp":1429033709000,"id":1159652,"time":"17:47","updateTime":1429033623000,"sequence":331.0,"type":"Auto"},{"bbcode":"Four! Smith picks his spot at cow corner and flicks his wrists to find the gap with perfection. Malinga walks back to his mark with his head down","subtype":"BBCode","message":{"text":"<p>Four! Smith picks his spot at cow corner and flicks his wrists to find the gap with perfection. Malinga walks back to his mark with his head down</p>"},"tags":[],"timestamp":1429033689000,"id":1159653,"time":"17:47","updateTime":1429033633865,"sequence":332.0,"type":"Manual"},{"bbcode":"L Malinga to S Smith, %SPEED% full length outside off stump. He hits a nice boundary","thisOver":"4","progress":{"innings":2,"over":17,"ball":2},"speed":38.5083985452587,"subtype":"BBCode","countingProgress":{"innings":2,"over":16,"ball":2},"bowlerId":211,"nonfacingBatsmanId":193,"facingBatsmanId":271,"autoText":"L Malinga to S Smith, %SPEED% full length outside off stump. He hits a nice boundary","message":{"text":null},"tags":["four"],"timestamp":1429033771000,"id":1159655,"time":"17:48","updateTime":1429033687131,"sequence":333.0,"type":"Auto"},{"bbcode":"[b]50 for Steve Smith[/b]","subtype":"BBCode","message":{"text":"<p><strong>50 for Steve Smith</strong></p>"},"tags":[],"timestamp":1429033705000,"id":1159659,"time":"17:48","updateTime":1429033703836,"sequence":333.5,"type":"Manual"},{"bbcode":"Four! Smith squeezes the yorker past backward point for his first ever IPL fifty! Brilliant batting!","subtype":"BBCode","message":{"text":"<p>Four! Smith squeezes the yorker past backward point for his first ever IPL fifty! Brilliant batting!</p>"},"tags":[],"timestamp":1429033734000,"id":1159656,"time":"17:48","updateTime":1429033696521,"sequence":334.0,"type":"Manual"},{"bbcode":"L Malinga to S Smith, %SPEED% full length outside off stump. He picks up two","thisOver":"2","progress":{"innings":2,"over":17,"ball":3},"speed":38.9457293965632,"subtype":"BBCode","countingProgress":{"innings":2,"over":16,"ball":3},"bowlerId":211,"nonfacingBatsmanId":193,"facingBatsmanId":271,"autoText":"L Malinga to S Smith, %SPEED% full length outside off stump. He picks up two","message":{"text":null},"tags":[],"timestamp":1429033821000,"id":1159662,"time":"17:49","updateTime":1429033742955,"sequence":335.0,"type":"Auto"},{"bbcode":"L Malinga to S Smith, %SPEED% full length outside off stump. He plays and misses","thisOver":"4","progress":{"innings":2,"over":17,"ball":4},"speed":38.7358014277905,"subtype":"BBCode","countingProgress":{"innings":2,"over":16,"ball":4},"bowlerId":211,"nonfacingBatsmanId":193,"facingBatsmanId":271,"autoText":"L Malinga to S Smith, %SPEED% full length outside off stump. He plays and misses","message":{"text":null},"tags":["four"],"timestamp":1429033821000,"id":1159663,"time":"17:49","updateTime":1429033776847,"sequence":336.0,"type":"Auto"},{"bbcode":"Four! This is the over! Smith's lavish cover drive edges fine past third man. The RR dugout loves that one!","subtype":"BBCode","message":{"text":"<p>Four! This is the over! Smith's lavish cover drive edges fine past third man. The RR dugout loves that one!</p>"},"tags":[],"timestamp":1429033832000,"id":1159664,"time":"17:49","updateTime":1429033788999,"sequence":337.0,"type":"Manual"},{"bbcode":"L Malinga to S Smith, no run, %SPEED% good length outside off stump. He plays and misses","thisOver":".","progress":{"innings":2,"over":17,"ball":5},"speed":32.4912303978773,"subtype":"BBCode","countingProgress":{"innings":2,"over":16,"ball":5},"bowlerId":211,"nonfacingBatsmanId":193,"facingBatsmanId":271,"autoText":"L Malinga to S Smith, no run, %SPEED% good length outside off stump. He plays and misses","message":{"text":null},"tags":[],"timestamp":1429033844000,"id":1159666,"time":"17:50","updateTime":1429033815767,"sequence":338.0,"type":"Auto"},{"bbcode":"L Malinga to S Smith, %SPEED% full length on middle stump. He picks up a single","thisOver":"1","progress":{"innings":2,"over":17,"ball":6},"speed":32.3697517710851,"subtype":"BBCode","countingProgress":{"innings":2,"over":16,"ball":6},"bowlerId":211,"nonfacingBatsmanId":193,"facingBatsmanId":271,"autoText":"L Malinga to S Smith, %SPEED% full length on middle stump. He picks up a single","message":{"text":null},"tags":[],"timestamp":1429033954000,"id":1159668,"time":"17:51","updateTime":1429033865225,"sequence":339.0,"type":"Auto"},{"innings":2,"over":17,"overRuns":15,"overWickets":0,"inningsRuns":141,"inningsWickets":3,"inningsAllOut":false,"team":{"id":8,"fullName":"Rajasthan Royals","shortName":"Royals","abbreviation":"RR","primaryColor":"004B8C","secondaryColor":"FFFFFF","type":"m"},"batsmanSummaries":[{"batsman":{"id":271,"fullName":"Steve Smith","shortName":"S Smith","nationality":"Australian","rightHandedBat":false,"dateOfBirth":612748800000,"names":["Steve Smith","S Smith"]},"runs":60,"balls":44,"fours":6,"sixes":0},{"batsman":{"id":193,"fullName":"James Faulkner","shortName":"J Faulkner","nationality":"Australian","rightHandedBat":false,"dateOfBirth":641347200000,"names":["James Faulkner","J Faulkner"]},"runs":1,"balls":2,"fours":0,"sixes":0}],"activeBatsman":271,"bowlerSummary":{"bowler":{"id":211,"fullName":"Lasith Malinga","shortName":"L Malinga","nationality":"Sri Lankan","rightHandedBat":true,"dateOfBirth":430876800000,"names":["Lasith Malinga","L Malinga"]},"overs":"3","runs":30,"wickets":1,"maidens":0},"inningsBalls":102,"inningsMaxBalls":120,"inningsTarget":165,"message":{"text":null},"tags":[],"timestamp":1429033865000,"id":1159669,"time":"17:51","updateTime":1429033865360,"sequence":340.0,"type":"Eov"},{"subtype":"EmbeddedTweet","tweetjson":{"created_at":"Tue Apr 14 17:51:31 +0000 2015","id":588036879603408896,"id_str":"588036879603408896","text":"No idea which Blue is going to win today! #RRvMI #IPL2015","source":"<a href=\"http://twitter.com/download/iphone\" rel=\"nofollow\">Twitter for iPhone</a>","truncated":false,"in_reply_to_status_id":null,"in_reply_to_status_id_str":null,"in_reply_to_user_id":null,"in_reply_to_user_id_str":null,"in_reply_to_screen_name":null,"user":{"id":444336410,"id_str":"444336410","name":"RAHUL VERMA","screen_name":"rhlmufcverma","location":"India","profile_location":null,"description":"Struggling throughout life to make it better so that things go the right way.","url":null,"entities":{"description":{"urls":[]}},"protected":false,"followers_count":16,"friends_count":137,"listed_count":0,"created_at":"Fri Dec 23 04:44:18 +0000 2011","favourites_count":3,"utc_offset":null,"time_zone":null,"geo_enabled":false,"verified":false,"statuses_count":43,"lang":"en","contributors_enabled":false,"is_translator":false,"is_translation_enabled":false,"profile_background_color":"C0DEED","profile_background_image_url":"http://abs.twimg.com/images/themes/theme1/bg.png","profile_background_image_url_https":"https://abs.twimg.com/images/themes/theme1/bg.png","profile_background_tile":false,"profile_image_url":"http://pbs.twimg.com/profile_images/476828510606991360/XLF_Imi8_normal.jpeg","profile_image_url_https":"https://pbs.twimg.com/profile_images/476828510606991360/XLF_Imi8_normal.jpeg","profile_banner_url":"https://pbs.twimg.com/profile_banners/444336410/1425471377","profile_link_color":"0084B4","profile_sidebar_border_color":"C0DEED","profile_sidebar_fill_color":"DDEEF6","profile_text_color":"333333","profile_use_background_image":true,"default_profile":true,"default_profile_image":false,"following":false,"follow_request_sent":false,"notifications":false},"geo":null,"coordinates":null,"place":null,"contributors":null,"retweet_count":0,"favorite_count":0,"entities":{"hashtags":[{"text":"RRvMI","indices":[42,48]},{"text":"IPL2015","indices":[49,57]}],"symbols":[],"user_mentions":[],"urls":[]},"favorited":false,"retweeted":false,"lang":"en"},"message":{"text":"<blockquote class=\"twitter-tweet\" data-partner=\"tweetdeck\">\n<p>No idea which Blue is going to win today! <a href=\"https://twitter.com/hashtag/RRvMI?src=hash\">#RRvMI</a> <a href=\"https://twitter.com/hashtag/IPL2015?src=hash\">#IPL2015</a></p>\n&mdash; RAHUL VERMA (@rhlmufcverma) <a href=\"https://twitter.com/rhlmufcverma/status/588036879603408896\">April 14, 2015</a></blockquote>\n<script charset=\"utf-8\" type=\"text/javascript\" src=\"http://platform.twitter.com/widgets.js\"></script>"},"tags":[],"timestamp":1429033940000,"id":1159670,"time":"17:52","updateTime":1429033940979,"sequence":341.0,"type":"Manual"},{"bbcode":"Suyal comes back with the ball and MI need him to produce a tight one","subtype":"BBCode","message":{"text":"<p>Suyal comes back with the ball and MI need him to produce a tight one</p>"},"tags":[],"timestamp":1429034096000,"id":1159680,"time":"17:54","updateTime":1429034093447,"sequence":341.5,"type":"Manual"},{"bbcode":"P Suyal to S Smith, %SPEED% full length on middle stump. He picks up a single","thisOver":"1","progress":{"innings":2,"over":18,"ball":1},"speed":38.4867038180349,"subtype":"BBCode","countingProgress":{"innings":2,"over":17,"ball":1},"bowlerId":105,"nonfacingBatsmanId":193,"facingBatsmanId":271,"autoText":"P Suyal to S Smith, %SPEED% full length on middle stump. He picks up a single","message":{"text":null},"tags":[],"timestamp":1429034024000,"id":1159671,"time":"17:52","updateTime":1429033957463,"sequence":342.0,"type":"Auto"},{"bbcode":"P Suyal to J Faulkner, %SPEED% full length on middle stump. He picks up two","thisOver":"2","progress":{"innings":2,"over":18,"ball":2},"speed":39.2429996478942,"subtype":"BBCode","countingProgress":{"innings":2,"over":17,"ball":2},"bowlerId":105,"nonfacingBatsmanId":271,"facingBatsmanId":193,"autoText":"P Suyal to J Faulkner, %SPEED% full length on middle stump. He picks up two","message":{"text":null},"tags":[],"timestamp":1429034067000,"id":1159673,"time":"17:53","updateTime":1429033990207,"sequence":343.0,"type":"Auto"},{"bbcode":"P Suyal to J Faulkner, %SPEED% full toss just outside off stump. He picks up a single","thisOver":"1","progress":{"innings":2,"over":18,"ball":3},"speed":35.1810460438087,"subtype":"BBCode","countingProgress":{"innings":2,"over":17,"ball":3},"bowlerId":105,"nonfacingBatsmanId":271,"facingBatsmanId":193,"autoText":"P Suyal to J Faulkner, %SPEED% full toss just outside off stump. He picks up a single","message":{"text":null},"tags":[],"timestamp":1429034068000,"id":1159675,"time":"17:53","updateTime":1429034018238,"sequence":344.0,"type":"Auto"},{"bbcode":"P Suyal to S Smith, no run, %SPEED% full toss outside off stump. He plays and misses","thisOver":".","progress":{"innings":2,"over":18,"ball":4},"speed":38.8783240482947,"subtype":"BBCode","countingProgress":{"innings":2,"over":17,"ball":4},"bowlerId":105,"nonfacingBatsmanId":193,"facingBatsmanId":271,"autoText":"P Suyal to S Smith, no run, %SPEED% full toss outside off stump. He plays and misses","message":{"text":null},"tags":[],"timestamp":1429034073000,"id":1159677,"time":"17:54","updateTime":1429034054295,"sequence":345.0,"type":"Auto"},{"bbcode":"P Suyal to S Smith, %SPEED% full toss just outside off stump. He picks up two","thisOver":"2","progress":{"innings":2,"over":18,"ball":5},"speed":39.1615000111584,"subtype":"BBCode","countingProgress":{"innings":2,"over":17,"ball":5},"bowlerId":105,"nonfacingBatsmanId":193,"facingBatsmanId":271,"autoText":"P Suyal to S Smith, %SPEED% full toss just outside off stump. He picks up two","message":{"text":null},"tags":[],"timestamp":1429034181000,"id":1159682,"time":"17:55","updateTime":1429034108914,"sequence":346.0,"type":"Auto"},{"bbcode":"P Suyal to S Smith, %SPEED% full length on middle stump. He hits a great shot, that has gone all the way","thisOver":"6","progress":{"innings":2,"over":18,"ball":6},"speed":38.699414998618,"subtype":"BBCode","countingProgress":{"innings":2,"over":17,"ball":6},"bowlerId":105,"nonfacingBatsmanId":193,"facingBatsmanId":271,"autoText":"P Suyal to S Smith, %SPEED% full length on middle stump. He hits a great shot, that has gone all the way","message":{"text":null},"tags":["six"],"timestamp":1429034219000,"id":1159683,"time":"17:55","updateTime":1429034149357,"sequence":347.0,"type":"Auto"},{"bbcode":"[b]Six![/b] Smith shuffles to off and slogs off middle stump over mid wicket! What an eye this man has.","subtype":"BBCode","message":{"text":"<p><strong>Six!</strong> Smith shuffles to off and slogs off middle stump over mid wicket! What an eye this man has.</p>"},"tags":[],"timestamp":1429034199000,"id":1159685,"time":"17:55","updateTime":1429034157352,"sequence":347.5,"type":"Manual"},{"innings":2,"over":18,"overRuns":12,"overWickets":0,"inningsRuns":153,"inningsWickets":3,"inningsAllOut":false,"team":{"id":8,"fullName":"Rajasthan Royals","shortName":"Royals","abbreviation":"RR","primaryColor":"004B8C","secondaryColor":"FFFFFF","type":"m"},"batsmanSummaries":[{"batsman":{"id":271,"fullName":"Steve Smith","shortName":"S Smith","nationality":"Australian","rightHandedBat":false,"dateOfBirth":612748800000,"names":["Steve Smith","S Smith"]},"runs":69,"balls":48,"fours":6,"sixes":1},{"batsman":{"id":193,"fullName":"James Faulkner","shortName":"J Faulkner","nationality":"Australian","rightHandedBat":false,"dateOfBirth":641347200000,"names":["James Faulkner","J Faulkner"]},"runs":4,"balls":4,"fours":0,"sixes":0}],"activeBatsman":193,"bowlerSummary":{"bowler":{"id":105,"fullName":"Pawan Suyal","shortName":"P Suyal","nationality":"Indian","rightHandedBat":true,"dateOfBirth":624412800000,"names":["Pawan Suyal","P Suyal"]},"overs":"4","runs":45,"wickets":0,"maidens":0},"inningsBalls":108,"inningsMaxBalls":120,"inningsTarget":165,"message":{"text":null},"tags":[],"timestamp":1429034149000,"id":1159684,"time":"17:55","updateTime":1429034149527,"sequence":348.0,"type":"Eov"},{"bbcode":"L Malinga to J Faulkner, %SPEED% good length on leg stump. He picks up a single","thisOver":"1","progress":{"innings":2,"over":19,"ball":1},"speed":32.3029211727328,"subtype":"BBCode","countingProgress":{"innings":2,"over":18,"ball":1},"bowlerId":211,"nonfacingBatsmanId":271,"facingBatsmanId":193,"autoText":"L Malinga to J Faulkner, %SPEED% good length on leg stump. He picks up a single","message":{"text":null},"tags":[],"timestamp":1429034336000,"id":1159691,"time":"17:57","updateTime":1429034265489,"sequence":349.0,"type":"Auto"}]}