{"squadId":465,"totalVotes":1847,"players":[{"id":193,"voteCount":1754,"fullName":"James Faulkner","shortName":"J Faulkner"},{"id":258,"voteCount":1734,"fullName":"Sanju Samson","shortName":"S Samson"},{"id":135,"voteCount":1719,"fullName":"Ajinkya Rahane","shortName":"A Rahane"},{"id":271,"voteCount":1648,"fullName":"Steve Smith","shortName":"S Smith"},{"id":1556,"voteCount":1601,"fullName":"Deepak Hooda","shortName":"D Hooda"},{"id":1114,"voteCount":1571,"fullName":"Pravin Tambe","shortName":"P Tambe"},{"id":307,"voteCount":1515,"fullName":"Tim Southee","shortName":"T Southee"},{"id":148,"voteCount":1477,"fullName":"Stuart Binny","shortName":"S Binny"},{"id":276,"voteCount":1359,"fullName":"Karun Nair","shortName":"K Nair"},{"id":101,"voteCount":1267,"fullName":"Dhawal Kulkarni","shortName":"D Kulkarni"},{"id":227,"voteCount":998,"fullName":"Shane Watson","shortName":"S Watson"},{"id":836,"voteCount":914,"fullName":"Chris Morris","shortName":"C Morris"},{"id":92,"voteCount":636,"fullName":"Rajat Bhatia","shortName":"R Bhatia"},{"id":66,"voteCount":323,"fullName":"Abhishek Nayar","shortName":"A Nayar"},{"id":32,"voteCount":207,"fullName":"Ankit Sharma","shortName":"A Sharma"},{"id":141,"voteCount":189,"fullName":"Dishant Yagnik","shortName":"D Yagnik"},{"id":2747,"voteCount":148,"fullName":"Sagar Trivedi","shortName":"SV Trivedi"},{"id":798,"voteCount":145,"fullName":"Kane Richardson","shortName":"K Richardson"},{"id":2745,"voteCount":88,"fullName":"Pradeep Sahu","shortName":"P Sahu"},{"id":82,"voteCount":86,"fullName":"Vikramjeet Malik","shortName":"V Malik"},{"id":317,"voteCount":65,"fullName":"Dinesh Salunkhe","shortName":"D Salunkhe"},{"id":913,"voteCount":49,"fullName":"Ben Cutting","shortName":"B Cutting"},{"id":2746,"voteCount":45,"fullName":"Barinder Saran","shortName":"BS Saran"},{"id":183,"voteCount":42,"fullName":"Juan Theron","shortName":"J Theron"},{"id":1749,"voteCount":40,"fullName":"Rahul Tewatia","shortName":"R Tewatia"}]}