{"squadId":463,"totalVotes":1717,"players":[{"id":107,"voteCount":1610,"fullName":"Rohit Sharma","shortName":"RG Sharma"},{"id":103,"voteCount":1551,"fullName":"Harbhajan Singh","shortName":"H Singh"},{"id":968,"voteCount":1504,"fullName":"Corey Anderson","shortName":"C Anderson"},{"id":210,"voteCount":1494,"fullName":"Kieron Pollard","shortName":"K Pollard"},{"id":211,"voteCount":1456,"fullName":"Lasith Malinga","shortName":"L Malinga"},{"id":100,"voteCount":1378,"fullName":"Ambati Rayudu","shortName":"A Rayudu"},{"id":166,"voteCount":1253,"fullName":"Vinay Kumar","shortName":"V Kumar"},{"id":99,"voteCount":1093,"fullName":"Aditya Tare","shortName":"A Tare"},{"id":167,"voteCount":973,"fullName":"Aaron Finch","shortName":"A Finch"},{"id":2741,"voteCount":915,"fullName":"Jagadeesha Suchitch","shortName":"J Suchitch"},{"id":106,"voteCount":755,"fullName":"Pragyan Ojha","shortName":"P Ojha"},{"id":44,"voteCount":619,"fullName":"Parthiv Patel","shortName":"P Patel"},{"id":595,"voteCount":584,"fullName":"Lendl Simmons","shortName":"L Simmons"},{"id":105,"voteCount":546,"fullName":"Pawan Suyal","shortName":"P Suyal"},{"id":1124,"voteCount":540,"fullName":"Jasprit Bumrah","shortName":"J Bumrah"},{"id":60,"voteCount":440,"fullName":"Unmukt Chand","shortName":"U Chand"},{"id":857,"voteCount":225,"fullName":"Josh Hazlewood","shortName":"J Hazlewood"},{"id":151,"voteCount":218,"fullName":"Abhimanyu Mithun","shortName":"A Mithun"},{"id":1748,"voteCount":185,"fullName":"Shreyas Gopal","shortName":"S Gopal"},{"id":205,"voteCount":95,"fullName":"Aiden Blizzard","shortName":"A Blizzard"},{"id":730,"voteCount":81,"fullName":"Mitchell McClenaghan","shortName":"M McClenaghan"},{"id":2739,"voteCount":68,"fullName":"Siddhesh Lad","shortName":"SD Lad"},{"id":2738,"voteCount":62,"fullName":"Nitish Rana","shortName":"N Rana"},{"id":2740,"voteCount":53,"fullName":"Hardik Pandya","shortName":"H Pandya"},{"id":2737,"voteCount":46,"fullName":"Akshay Wakhare","shortName":"A Wakhare"},{"id":204,"voteCount":18,"fullName":"Marchant de Lange","shortName":"M de Lange"}]}