{"matchInfo":{"description":"Match 9","matchType":"IPLT20","teams":[{"id":3663,"players":[{"names":["Ajinkya Rahane","A Rahane"],"dateOfBirth":581472000000,"id":135,"fullName":"Ajinkya Rahane","shortName":"A Rahane","nationality":"Indian"},{"names":["Sanju Samson","S Samson"],"dateOfBirth":784512000000,"id":258,"fullName":"Sanju Samson","shortName":"S Samson","nationality":"Indian"},{"names":["Steve Smith","S Smith"],"dateOfBirth":612748800000,"id":271,"fullName":"Steve Smith","shortName":"S Smith","nationality":"Australian"},{"names":["Karun Nair","K Nair"],"dateOfBirth":691977600000,"id":276,"fullName":"Karun Nair","shortName":"K Nair","nationality":"Indian"},{"names":["Stuart Binny","S Binny"],"dateOfBirth":455068800000,"id":148,"fullName":"Stuart Binny","shortName":"S Binny","nationality":"Indian"},{"names":["Deepak Hooda","D Hooda"],"rightHandedBat":true,"dateOfBirth":798249600000,"id":1556,"fullName":"Deepak Hooda","shortName":"D Hooda","nationality":"Indian"},{"names":["James Faulkner","J Faulkner"],"dateOfBirth":641347200000,"id":193,"fullName":"James Faulkner","shortName":"J Faulkner","nationality":"Australian"},{"names":["Chris Morris","C Morris"],"rightHandedBat":true,"dateOfBirth":546739200000,"id":836,"fullName":"Chris Morris","shortName":"C Morris","nationality":"South African"},{"names":["Tim Southee","T Southee"],"rightHandedBat":true,"dateOfBirth":597801600000,"id":307,"fullName":"Tim Southee","shortName":"T Southee","nationality":"New Zealander"},{"names":["Dhawal Kulkarni","D Kulkarni"],"rightHandedBat":true,"dateOfBirth":597715200000,"id":101,"fullName":"Dhawal Kulkarni","shortName":"D Kulkarni","nationality":"Indian"},{"names":["Pravin Tambe","P Tambe"],"rightHandedBat":true,"dateOfBirth":55728000000,"id":1114,"fullName":"Pravin Tambe","shortName":"P Tambe","nationality":"Indian"}],"team":{"type":"m","fullName":"Rajasthan Royals","shortName":"Royals","abbreviation":"RR","primaryColor":"004B8C","secondaryColor":"FFFFFF","id":8},"wicketKeeper":{"names":["Sanju Samson","S Samson"],"dateOfBirth":784512000000,"id":258,"fullName":"Sanju Samson","shortName":"S Samson","nationality":"Indian"},"captain":{"names":["Steve Smith","S Smith"],"dateOfBirth":612748800000,"id":271,"fullName":"Steve Smith","shortName":"S Smith","nationality":"Australian"}},{"id":3662,"players":[{"names":["Rohit Sharma","RG Sharma"],"rightHandedBat":true,"dateOfBirth":546739200000,"id":107,"fullName":"Rohit Sharma","shortName":"RG Sharma","nationality":"Indian"},{"names":["Aaron Finch","A Finch"],"dateOfBirth":532569600000,"id":167,"fullName":"Aaron Finch","shortName":"A Finch","nationality":"Australian"},{"names":["Parthiv Patel","P Patel"],"dateOfBirth":479174400000,"id":44,"fullName":"Parthiv Patel","shortName":"P Patel","nationality":"Indian"},{"names":["Unmukt Chand","U Chand"],"dateOfBirth":733104000000,"id":60,"fullName":"Unmukt Chand","shortName":"U Chand","nationality":"Indian"},{"names":["Corey Anderson","C Anderson"],"dateOfBirth":661046400000,"id":968,"fullName":"Corey Anderson","shortName":"C Anderson","nationality":"New Zealander"},{"names":["Kieron Pollard","K Pollard"],"rightHandedBat":true,"dateOfBirth":547776000000,"id":210,"fullName":"Kieron Pollard","shortName":"K Pollard","nationality":"West Indian"},{"names":["Jagadeesha Suchitch","J Suchitch"],"dateOfBirth":758678400000,"id":2741,"fullName":"Jagadeesha Suchitch","shortName":"J Suchitch","nationality":"Indian"},{"names":["Vinay Kumar","V Kumar"],"dateOfBirth":445392000000,"id":166,"fullName":"Vinay Kumar","shortName":"V Kumar","nationality":"Indian"},{"names":["Shreyas Gopal","S Gopal"],"rightHandedBat":true,"dateOfBirth":747100800000,"id":1748,"fullName":"Shreyas Gopal","shortName":"S Gopal","nationality":"Indian"},{"names":["Lasith Malinga","L Malinga"],"rightHandedBat":true,"dateOfBirth":430876800000,"id":211,"fullName":"Lasith Malinga","shortName":"L Malinga","nationality":"Sri Lankan"},{"names":["Pawan Suyal","P Suyal"],"rightHandedBat":true,"dateOfBirth":624412800000,"id":105,"fullName":"Pawan Suyal","shortName":"P Suyal","nationality":"Indian"}],"team":{"type":"m","fullName":"Mumbai Indians","shortName":"Mumbai","abbreviation":"MI","primaryColor":"00AEEF","secondaryColor":"FFFFFF","id":6},"wicketKeeper":{"names":["Parthiv Patel","P Patel"],"dateOfBirth":479174400000,"id":44,"fullName":"Parthiv Patel","shortName":"P Patel","nationality":"Indian"},"captain":{"names":["Rohit Sharma","RG Sharma"],"rightHandedBat":true,"dateOfBirth":546739200000,"id":107,"fullName":"Rohit Sharma","shortName":"RG Sharma","nationality":"Indian"}}],"venue":{"id":19,"country":"India","fullName":"Sardar Patel Stadium","shortName":"Sardar Patel Stadium","city":"Ahmedabad"},"matchDate":"2015-04-14T20:00:00+0530","battingOrder":[1,0],"additionalInfo":{"toss.elected":"Mumbai Indians, who chose to bat","match.video.id":"4173065890001","stats.link":"http://www.iplt20.com/news/2015/more-news/5972/quick-stats-m9-rr-vs-mi","match.summary":"","photostream.link":"http://www.iplt20.com/photos/257/ipl-2015-match-9-rr-v-mi","mom.video.id":"4173065905001","home.team.fan.total":"8510","notes.1.1":"Powerplay 1 - 31 runs, 1 wicket","away.team.fan.total":"13004","notes.1.2":"MI: 50 runs in 11.6 overs","umpire.name.3":"Krishnamachari Srinivasan","notes.1.3":"4th Wicket: 50 runs in 36 balls (Corey Anderson 29, Kieron Pollard 23)","umpire.name.4":"A Nanda Kishore","umpire.name.1":"Simon Fry","notes.1.4":"MI: 100 runs in 16.1 overs","umpire.name.2":"Anil Chaudhary","notes.1.5":"Kieron Pollard: 50 off 28 balls (5 x fours, 3 x sixes)","notes.1.6":"4th Wicket: 100 runs in 54 balls (Corey Anderson 32, Kieron Pollard 70)","notes.1.7":"MI: 150 runs in 19.1 overs","notes.1.8":"Corey Anderson: 50 off 37 balls (5 x fours, 3 x sixes)","notes.1.9":"Innings Break: MI - 164/5 in 20 overs","highlights.link":"http://www.iplt20.com/videos/media/id/4173065890001/m9-rr-vs-mi-match-highlights","result.playerofthematch":"Steve Smith","mom.video.thumb":"http://brightcove.vo.llnwd.net/v1/unsecured/media/3588749423001/201504/1990/3588749423001_4173163834001_vs-552d6e35e4b02eeeae8df2d3-1592194028001.jpg?pubId=3588749423001","interview.link":"http://www.iplt20.com/news/2015/features/5966/want-to-improve-my-finishing-skills-anderson","sixes.video.id":"4172742366001","interview.thumb":"http://static2.iplt20.com/cms/media/images/320x213/35831.jpg","referee.name":"Chinmaya Sharma","match.video.thumb":"http://brightcove.vo.llnwd.net/v1/unsecured/media/3588749423001/201504/3662/3588749423001_4173152243001_video-still-for-video-4173065890001.jpg?pubId=3588749423001","stats.thumb":"http://static2.iplt20.com/cms/media/images/320x213/35832.jpg","notes.2.7":"4th Wicket: 50 runs in 27 balls (Steve Smith 44, James Faulkner 5)","toss.winner":"Mumbai Indians","notes.2.5":"Steve Smith: 50 off 40 balls (5 x fours)","sixes.video.thumb":"http://brightcove.vo.llnwd.net/v1/unsecured/media/3588749423001/201504/1150/3588749423001_4173020657001_video-still-for-video-4172742366001.jpg?pubId=3588749423001","notes.2.6":"RR: 150 runs in 17.6 overs","notes.2.3":"2nd Wicket: 50 runs in 39 balls (Ajinkya Rahane 28, Steve Smith 22)","notes.2.4":"RR: 100 runs in 13.5 overs","report.thumb":"http://static2.iplt20.com/cms/media/images/320x213/35792.jpg","notes.2.1":"Powerplay 1: 42 runs, 1 wicket","notes.2.2":"RR: 50 runs in 7.3 overs","report.link":"http://www.iplt20.com/news/2015/match-reports/5956/report-m9-rr-vs-mi"},"oversLimit":20,"matchState":"C","isLimitedOvers":true,"matchStatus":{"text":"Rajasthan Royals won by 7 wickets","outcome":"A"},"matchSummary":"","tournamentLabel":"IPL 2015"},"matchId":{"tournamentId":{"name":"ipl2015","id":2785},"name":"ipl2015-09","id":3234,"parentId":{"name":"ipl2015","id":2785}},"innings":[{"inningsNumber":1,"scorecard":{"runs":164,"extras":{"noBallRuns":1,"byeRuns":2,"legByeRuns":2},"battingStats":[{"mod":{"text":"retired hurt","out":false,"dismissedBp":{"over":4,"innings":1,"ball":3},"countingBp":{"over":4,"innings":1,"ball":3},"bowlerId":148,"dismissedMethod":"ret"},"playerId":167,"r":10,"b":14,"sr":"71.42","4s":2,"6s":0},{"mod":{"text":"c Chris Morris b Dhawal Kulkarni","dismissedBp":{"over":5,"innings":1,"ball":4},"countingBp":{"over":5,"innings":1,"ball":4},"bowlerId":101,"additionalPlayerIds":[836],"dismissedMethod":"ct"},"playerId":44,"r":16,"b":11,"sr":"145.45","4s":2,"6s":0},{"mod":{"text":"b Pravin Tambe","dismissedBp":{"over":10,"innings":1,"ball":5},"countingBp":{"over":10,"innings":1,"ball":5},"bowlerId":1114,"dismissedMethod":"b"},"playerId":60,"r":12,"b":17,"sr":"70.58","4s":1,"6s":0},{"mod":{"text":"c Steve Smith b Stuart Binny","dismissedBp":{"over":7,"innings":1,"ball":3},"countingBp":{"over":7,"innings":1,"ball":3},"bowlerId":148,"additionalPlayerIds":[271],"dismissedMethod":"ct"},"playerId":107,"r":0,"b":5,"sr":"0.00","4s":0,"6s":0},{"mod":{"text":"b Chris Morris","dismissedBp":{"over":20,"innings":1,"ball":4},"countingBp":{"over":20,"innings":1,"ball":4},"bowlerId":836,"dismissedMethod":"b"},"playerId":968,"r":50,"b":38,"sr":"131.57","4s":5,"6s":3},{"mod":{"text":"c Karun Nair b Tim Southee","dismissedBp":{"over":19,"innings":1,"ball":6},"countingBp":{"over":19,"innings":1,"ball":6},"bowlerId":307,"additionalPlayerIds":[276],"dismissedMethod":"ct"},"playerId":210,"r":70,"b":34,"sr":"205.88","4s":7,"6s":5},{"playerId":2741,"r":0,"b":1,"sr":"0.00","4s":0,"6s":0},{"playerId":1748,"r":1,"b":1,"sr":"100.00","4s":0,"6s":0}],"bowlingStats":[{"playerId":307,"r":46,"w":1,"ov":"4","e":"11.50","nb":0,"d":11,"maid":0,"wd":0},{"playerId":836,"r":34,"w":1,"ov":"4","e":"8.50","nb":0,"d":13,"maid":0,"wd":0},{"playerId":101,"r":15,"w":1,"ov":"3","e":"5.00","nb":1,"d":10,"maid":0,"wd":0},{"playerId":148,"r":8,"w":1,"ov":"2","e":"4.00","nb":0,"d":8,"maid":0,"wd":0},{"playerId":1556,"r":3,"w":0,"ov":"1","e":"3.00","nb":0,"d":3,"maid":0,"wd":0},{"playerId":193,"r":29,"w":0,"ov":"3","e":"9.66","nb":0,"d":11,"maid":1,"wd":0},{"playerId":1114,"r":25,"w":1,"ov":"3","e":"8.33","nb":0,"d":5,"maid":0,"wd":0}],"wkts":5,"fow":[{"bp":{"over":4,"innings":1,"ball":3},"playerId":167,"r":24,"w":0,"ret":true},{"bp":{"over":5,"innings":1,"ball":4},"playerId":44,"r":27,"w":1},{"bp":{"over":7,"innings":1,"ball":3},"playerId":107,"r":31,"w":2},{"bp":{"over":10,"innings":1,"ball":5},"playerId":60,"r":45,"w":3},{"bp":{"over":19,"innings":1,"ball":6},"playerId":210,"r":149,"w":4},{"bp":{"over":20,"innings":1,"ball":4},"playerId":968,"r":161,"w":5}]},"overProgress":"20","runRate":"8.20","overHistory":[{"ovNo":1,"ovBalls":[".","1","1","4",".","."]},{"ovNo":2,"ovBalls":["4",".","3",".",".","4"]},{"ovNo":3,"ovBalls":["4","1",".",".",".","."]},{"ovNo":4,"ovBalls":["1",".","1W",".","2","."]},{"ovNo":5,"ovBalls":[".",".","1","W",".","."]},{"ovNo":6,"ovBalls":[".",".",".",".","4","."]},{"ovNo":7,"ovBalls":[".",".","W",".","4","."]},{"ovNo":8,"ovBalls":[".","1",".","1","1","."]},{"ovNo":9,"ovBalls":["1Lb",".",".",".",".","."]},{"ovNo":10,"ovBalls":["2","1","1","2","W","."]},{"ovNo":11,"ovBalls":[".",".",".",".","1","."]},{"ovNo":12,"ovBalls":["1",".",".","1",".","4"]},{"ovNo":13,"ovBalls":[".","4","1","4",".","."]},{"ovNo":14,"ovBalls":["6",".",".","1",".","6"]},{"ovNo":15,"ovBalls":["1","1",".","4","1","1Nb","1"]},{"ovNo":16,"ovBalls":["6","4","1","4","1","."]},{"ovNo":17,"ovBalls":["4","6",".","4","1Lb","2"]},{"ovNo":18,"ovBalls":["6","2","1","1","2","1"]},{"ovNo":19,"ovBalls":["6","4","4","6",".","W"]},{"ovNo":20,"ovBalls":["2","4","6","W","1","2B"]}]},{"inningsNumber":2,"scorecard":{"runs":165,"extras":{"noBallRuns":3,"wideRuns":1},"battingStats":[{"mod":{"text":"c Corey Anderson b Shreyas Gopal","dismissedBp":{"over":14,"innings":2,"ball":1},"countingBp":{"over":14,"innings":2,"ball":1},"bowlerId":1748,"additionalPlayerIds":[968],"dismissedMethod":"ct"},"playerId":135,"r":46,"b":39,"sr":"117.94","4s":4,"6s":0},{"mod":{"text":"c Rohit Sharma b Vinay Kumar","dismissedBp":{"over":5,"innings":2,"ball":3},"countingBp":{"over":5,"innings":2,"ball":3},"bowlerId":166,"additionalPlayerIds":[107],"dismissedMethod":"ct"},"playerId":258,"r":17,"b":16,"sr":"106.25","4s":3,"6s":0},{"playerId":271,"r":79,"b":53,"sr":"149.05","4s":8,"6s":1},{"mod":{"text":"b Lasith Malinga","dismissedBp":{"over":15,"innings":2,"ball":6},"countingBp":{"over":15,"innings":2,"ball":5},"bowlerId":211,"dismissedMethod":"b"},"playerId":1556,"r":13,"b":4,"sr":"325.00","4s":0,"6s":2},{"playerId":193,"r":6,"b":6,"sr":"100.00","4s":0,"6s":0}],"bowlingStats":[{"playerId":166,"r":13,"w":1,"ov":"3","e":"4.33","nb":0,"d":11,"maid":0,"wd":0},{"playerId":105,"r":45,"w":0,"ov":"4","e":"11.25","nb":3,"d":6,"maid":0,"wd":0},{"playerId":211,"r":41,"w":1,"ov":"4","e":"10.25","nb":0,"d":7,"maid":0,"wd":1},{"playerId":2741,"r":31,"w":0,"ov":"4","e":"7.75","nb":0,"d":4,"maid":0,"wd":0},{"playerId":968,"r":12,"w":0,"ov":"2","e":"6.00","nb":0,"d":5,"maid":0,"wd":0},{"playerId":1748,"r":23,"w":1,"ov":"2.1","e":"10.61","nb":0,"d":2,"maid":0,"wd":0}],"wkts":3,"fow":[{"bp":{"over":5,"innings":2,"ball":3},"playerId":258,"r":28,"w":1},{"bp":{"over":14,"innings":2,"ball":1},"playerId":135,"r":92,"w":2},{"bp":{"over":15,"innings":2,"ball":5},"playerId":1556,"r":113,"w":3}]},"overProgress":"19.1","runRate":"8.60","overHistory":[{"ovNo":1,"ovBalls":[".",".",".","1",".","."]},{"ovNo":2,"ovBalls":["1","4","1Nb","4",".","1","."]},{"ovNo":3,"ovBalls":[".",".","1","1","1","."]},{"ovNo":4,"ovBalls":["1",".","1","1","4","2"]},{"ovNo":5,"ovBalls":[".","4","W","1","4","."]},{"ovNo":6,"ovBalls":["1","1",".","4","1","2"]},{"ovNo":7,"ovBalls":["1","1","1","1","2","1"]},{"ovNo":8,"ovBalls":[".",".","2","1","4","1"]},{"ovNo":9,"ovBalls":[".","2",".","4","1","1"]},{"ovNo":10,"ovBalls":["1","1","2",".",".","."]},{"ovNo":11,"ovBalls":["1","1","2","2","1","2"]},{"ovNo":12,"ovBalls":[".","2","2","1","1","1"]},{"ovNo":13,"ovBalls":[".","1",".","1","1","4"]},{"ovNo":14,"ovBalls":["W","1","1","1","6","6"]},{"ovNo":15,"ovBalls":["2",".","1Wd","2","1","W","."]},{"ovNo":16,"ovBalls":["3","1","4",".",".","3Nb","1Nb","1"]},{"ovNo":17,"ovBalls":["4","4","2","4",".","1"]},{"ovNo":18,"ovBalls":["1","2","1",".","2","6"]},{"ovNo":19,"ovBalls":["1","4","2",".",".","4"]},{"ovNo":20,"ovBalls":["1"]}]}],"currentState":{"phase":"C","facingBatsman":271,"nonFacingBatsman":193,"currentInningsIndex":1,"currentPartnership":52,"currentBowler":1748,"currentBatsmen":[271,193],"recentOvers":[{"ovNo":15,"ovBalls":["2",".","1Wd","2","1","W","."]},{"ovNo":16,"ovBalls":["3","1","4",".",".","3Nb","1Nb","1"]},{"ovNo":17,"ovBalls":["4","4","2","4",".","1"]},{"ovNo":18,"ovBalls":["1","2","1",".","2","6"]},{"ovNo":19,"ovBalls":["1","4","2",".",".","4"]},{"ovNo":20,"ovBalls":["1"]}]}}