{"matchInfo":{"description":"Match 6","matchType":"IPLT20","teams":[{"id":3655,"players":[{"names":["Mayank Agarwal","M Agarwal"],"dateOfBirth":666835200000,"id":158,"fullName":"Mayank Agarwal","shortName":"M Agarwal","nationality":"Indian"},{"names":["Manoj Tiwary","M Tiwary"],"dateOfBirth":500774400000,"id":89,"fullName":"Manoj Tiwary","shortName":"M Tiwary","nationality":"Indian"},{"names":["Shreyas Iyer","S Iyer"],"rightHandedBat":true,"dateOfBirth":786672000000,"id":1563,"fullName":"Shreyas Iyer","shortName":"S Iyer","nationality":"Indian"},{"names":["JP Duminy","JP Duminy"],"dateOfBirth":450748800000,"id":182,"fullName":"JP Duminy","shortName":"JP Duminy","nationality":"South African"},{"names":["Yuvraj Singh","Y Singh"],"rightHandedBat":true,"dateOfBirth":376963200000,"id":113,"fullName":"Yuvraj Singh","shortName":"Y Singh","nationality":"Indian"},{"names":["Angelo Mathews","A Mathews"],"dateOfBirth":549590400000,"id":217,"fullName":"Angelo Mathews","shortName":"A Mathews","nationality":"Sri Lankan"},{"names":["Kedar Jadhav","K Jadhav"],"rightHandedBat":true,"dateOfBirth":480643200000,"id":297,"fullName":"Kedar Jadhav","shortName":"K Jadhav","nationality":"Indian"},{"names":["Nathan Coulter-Nile","N Coulter-Nile"],"rightHandedBat":true,"dateOfBirth":560908800000,"id":840,"fullName":"Nathan Coulter-Nile","shortName":"N Coulter-Nile","nationality":"Australian"},{"names":["Amit Mishra","A Mishra"],"dateOfBirth":406944000000,"id":30,"fullName":"Amit Mishra","shortName":"A Mishra","nationality":"Indian"},{"names":["Imran Tahir","I Tahir"],"rightHandedBat":true,"dateOfBirth":291340800000,"id":898,"fullName":"Imran Tahir","shortName":"I Tahir","nationality":"South African"},{"names":["Jaidev Unadkat","J Unadkat"],"dateOfBirth":687744000000,"id":86,"fullName":"Jaidev Unadkat","shortName":"J Unadkat","nationality":"Indian"}],"team":{"type":"m","fullName":"Delhi Daredevils","shortName":"Daredevils","abbreviation":"DD","primaryColor":"B22E2A","secondaryColor":"FFFFFF","id":3},"wicketKeeper":{"names":["Kedar Jadhav","K Jadhav"],"rightHandedBat":true,"dateOfBirth":480643200000,"id":297,"fullName":"Kedar Jadhav","shortName":"K Jadhav","nationality":"Indian"},"captain":{"names":["JP Duminy","JP Duminy"],"dateOfBirth":450748800000,"id":182,"fullName":"JP Duminy","shortName":"JP Duminy","nationality":"South African"}},{"id":3654,"players":[{"names":["Ajinkya Rahane","A Rahane"],"dateOfBirth":581472000000,"id":135,"fullName":"Ajinkya Rahane","shortName":"A Rahane","nationality":"Indian"},{"names":["Sanju Samson","S Samson"],"dateOfBirth":784512000000,"id":258,"fullName":"Sanju Samson","shortName":"S Samson","nationality":"Indian"},{"names":["Karun Nair","K Nair"],"dateOfBirth":691977600000,"id":276,"fullName":"Karun Nair","shortName":"K Nair","nationality":"Indian"},{"names":["Steve Smith","S Smith"],"dateOfBirth":612748800000,"id":271,"fullName":"Steve Smith","shortName":"S Smith","nationality":"Australian"},{"names":["Deepak Hooda","D Hooda"],"rightHandedBat":true,"dateOfBirth":798249600000,"id":1556,"fullName":"Deepak Hooda","shortName":"D Hooda","nationality":"Indian"},{"names":["Stuart Binny","S Binny"],"dateOfBirth":455068800000,"id":148,"fullName":"Stuart Binny","shortName":"S Binny","nationality":"Indian"},{"names":["James Faulkner","J Faulkner"],"dateOfBirth":641347200000,"id":193,"fullName":"James Faulkner","shortName":"J Faulkner","nationality":"Australian"},{"names":["Chris Morris","C Morris"],"rightHandedBat":true,"dateOfBirth":546739200000,"id":836,"fullName":"Chris Morris","shortName":"C Morris","nationality":"South African"},{"names":["Tim Southee","T Southee"],"rightHandedBat":true,"dateOfBirth":597801600000,"id":307,"fullName":"Tim Southee","shortName":"T Southee","nationality":"New Zealander"},{"names":["Pravin Tambe","P Tambe"],"rightHandedBat":true,"dateOfBirth":55728000000,"id":1114,"fullName":"Pravin Tambe","shortName":"P Tambe","nationality":"Indian"},{"names":["Dhawal Kulkarni","D Kulkarni"],"rightHandedBat":true,"dateOfBirth":597715200000,"id":101,"fullName":"Dhawal Kulkarni","shortName":"D Kulkarni","nationality":"Indian"}],"team":{"type":"m","fullName":"Rajasthan Royals","shortName":"Royals","abbreviation":"RR","primaryColor":"004B8C","secondaryColor":"FFFFFF","id":8},"wicketKeeper":{"names":["Sanju Samson","S Samson"],"dateOfBirth":784512000000,"id":258,"fullName":"Sanju Samson","shortName":"S Samson","nationality":"Indian"},"captain":{"names":["Steve Smith","S Smith"],"dateOfBirth":612748800000,"id":271,"fullName":"Steve Smith","shortName":"S Smith","nationality":"Australian"}}],"venue":{"id":8,"country":"India","fullName":"Ferozeshah Kotla","shortName":"Kotla","city":"Delhi"},"matchDate":"2015-04-12T16:00:00+0530","battingOrder":[0,1],"additionalInfo":{"toss.elected":"Rajasthan Royals, who chose to field","match.video.id":"4168407142001","stats.link":"http://www.iplt20.com/news/2015/more-news/5913/quick-stats-m6-dd-vs-rr","match.summary":"","photostream.link":"http://www.iplt20.com/photos/254/ipl-2015-match-6-dd-v-rr","mom.video.id":"4168613806001","home.team.fan.total":"8189","notes.1.1":"Powerplay 1 - 51 runs, 1 wicket","away.team.fan.total":"7986","notes.1.2":"DD: 50 runs in 5.5 overs","umpire.name.3":"O Nandan","notes.1.3":"DD: 100 runs in 12.3 overs","umpire.name.4":"Nitin Menon","umpire.name.1":"Simon Fry","notes.1.4":"DD: 150 runs in 17.4 overs","umpire.name.2":"Chris Gaffaney","notes.1.5":"Innings Break: DD - 184/3 in 20 overs","highlights.link":"http://www.iplt20.com/videos/media/id/4168407142001/m6-dd-vs-rr-match-highlights","result.playerofthematch":"Deepak Hooda","mom.video.thumb":"http://brightcove.vo.llnwd.net/v1/unsecured/media/3588749423001/201504/3905/3588749423001_4168640169001_video-still-for-video-4168613806001.jpg?pubId=3588749423001","interview.link":"http://www.iplt20.com/news/2015/features/5911/not-panicking-is-key-to-winning-rahane","sixes.video.id":"4168613807001","interview.thumb":"http://static2.iplt20.com/cms/media/images/320x213/35383.jpg","referee.name":"Graeme La Brooy","match.video.thumb":"http://brightcove.vo.llnwd.net/v1/unsecured/media/3588749423001/201504/3679/3588749423001_4168472581001_video-still-for-video-4168407142001.jpg?pubId=3588749423001","stats.thumb":"http://static2.iplt20.com/cms/media/images/320x213/35385.jpg","toss.winner":"Rajasthan Royals","notes.2.5":"RR: 150 runs in 17.1 overs","sixes.video.thumb":"http://brightcove.vo.llnwd.net/v1/unsecured/media/3588749423001/201504/3327/3588749423001_4168640165001_video-still-for-video-4168613807001.jpg?pubId=3588749423001","notes.2.6":"Deepak Hooda: 50 off 22 balls (3 x fours, 4 x sixes)","notes.2.3":"RR: 100 runs in 12.5 overs","report.thumb":"http://static2.iplt20.com/cms/media/images/320x213/35196.jpg","notes.2.4":"5th Wicket: 50 runs in 26 balls (Ajinkya Rahane 13, Deepak Hooda 37)","notes.2.1":"Powerplay 1 - 42 runs, 1 wicket","report.link":"http://www.iplt20.com/news/2015/match-reports/5899/report-m6-dd-vs-rr","notes.2.2":"RR: 50 runs in 6.6 overs"},"oversLimit":20,"matchState":"C","isLimitedOvers":true,"matchStatus":{"text":"Rajasthan Royals won by 3 wickets","outcome":"B"},"matchSummary":"","tournamentLabel":"IPL 2015"},"matchId":{"tournamentId":{"name":"ipl2015","id":2785},"name":"ipl2015-06","id":3231,"parentId":{"name":"ipl2015","id":2785}},"innings":[{"inningsNumber":1,"scorecard":{"runs":184,"extras":{"wideRuns":7,"legByeRuns":2},"battingStats":[{"mod":{"text":"c & b Pravin Tambe","dismissedBp":{"over":5,"innings":1,"ball":4},"countingBp":{"over":5,"innings":1,"ball":4},"bowlerId":1114,"additionalPlayerIds":[1114],"dismissedMethod":"ct"},"playerId":158,"r":37,"b":21,"sr":"176.19","4s":6,"6s":1},{"mod":{"text":"c Tim Southee b Chris Morris","dismissedBp":{"over":11,"innings":1,"ball":7},"countingBp":{"over":11,"innings":1,"ball":6},"bowlerId":836,"additionalPlayerIds":[307],"dismissedMethod":"ct"},"playerId":1563,"r":40,"b":30,"sr":"133.33","4s":3,"6s":3},{"playerId":182,"r":44,"b":38,"sr":"115.78","4s":0,"6s":3},{"mod":{"text":"c Karun Nair b Chris Morris","dismissedBp":{"over":17,"innings":1,"ball":3},"countingBp":{"over":17,"innings":1,"ball":3},"bowlerId":836,"additionalPlayerIds":[276],"dismissedMethod":"ct"},"playerId":113,"r":27,"b":17,"sr":"158.82","4s":0,"6s":2},{"playerId":217,"r":27,"b":14,"sr":"192.85","4s":3,"6s":1}],"bowlingStats":[{"playerId":307,"r":36,"w":0,"ov":"4","e":"9.00","nb":0,"d":4,"maid":0,"wd":1},{"playerId":836,"r":35,"w":2,"ov":"4","e":"8.75","nb":0,"d":9,"maid":0,"wd":2},{"playerId":101,"r":18,"w":0,"ov":"1","e":"18.00","nb":0,"d":1,"maid":0,"wd":0},{"playerId":1114,"r":18,"w":1,"ov":"3","e":"6.00","nb":0,"d":8,"maid":0,"wd":0},{"playerId":1556,"r":20,"w":0,"ov":"4","e":"5.00","nb":0,"d":8,"maid":0,"wd":3},{"playerId":193,"r":55,"w":0,"ov":"4","e":"13.75","nb":0,"d":7,"maid":0,"wd":1}],"wkts":3,"fow":[{"bp":{"over":5,"innings":1,"ball":4},"playerId":158,"r":45,"w":1},{"bp":{"over":11,"innings":1,"ball":6},"playerId":1563,"r":93,"w":2},{"bp":{"over":17,"innings":1,"ball":3},"playerId":113,"r":138,"w":3}]},"overProgress":"20","runRate":"9.20","overHistory":[{"ovNo":1,"ovBalls":["1","1Wd","1",".",".","4","1"]},{"ovNo":2,"ovBalls":[".","4",".","1",".","."]},{"ovNo":3,"ovBalls":["6",".","1","4","1","1"]},{"ovNo":4,"ovBalls":[".","4","4","4","2","4"]},{"ovNo":5,"ovBalls":[".","1",".","W",".","1"]},{"ovNo":6,"ovBalls":["1","1","1",".","1","1"]},{"ovNo":7,"ovBalls":["1",".","1","1",".","."]},{"ovNo":8,"ovBalls":[".","2","1",".",".","1Wd","."]},{"ovNo":9,"ovBalls":[".","1","4",".","6","1Wd","1"]},{"ovNo":10,"ovBalls":["6","4","1",".","1","1"]},{"ovNo":11,"ovBalls":["6",".",".","1","1","1Wd","W"]},{"ovNo":12,"ovBalls":["1","1Lb","1","1Wd",".","1","."]},{"ovNo":13,"ovBalls":[".",".","2","6",".","."]},{"ovNo":14,"ovBalls":["1","1","2","1","1Wd","1","."]},{"ovNo":15,"ovBalls":["1","2","1",".","1","1"]},{"ovNo":16,"ovBalls":["6","2","1","1","6","1"]},{"ovNo":17,"ovBalls":["1","1","W","1",".","1Wd","1"]},{"ovNo":18,"ovBalls":["4",".","2","4","6","1"]},{"ovNo":19,"ovBalls":["1","1","4","1","1","1"]},{"ovNo":20,"ovBalls":["1","2","6","1Lb","1","6"]}]},{"inningsNumber":2,"scorecard":{"runs":186,"extras":{"wideRuns":5,"legByeRuns":1},"battingStats":[{"mod":{"text":"b Imran Tahir","dismissedBp":{"over":16,"innings":2,"ball":1},"countingBp":{"over":16,"innings":2,"ball":1},"bowlerId":898,"dismissedMethod":"b"},"playerId":135,"r":47,"b":39,"sr":"120.51","4s":2,"6s":3},{"mod":{"text":"c Yuvraj Singh b Angelo Mathews","dismissedBp":{"over":5,"innings":2,"ball":6},"countingBp":{"over":5,"innings":2,"ball":6},"bowlerId":217,"additionalPlayerIds":[113],"dismissedMethod":"ct"},"playerId":258,"r":11,"b":12,"sr":"91.66","4s":1,"6s":0},{"mod":{"text":"c Mayank Agarwal b Amit Mishra","dismissedBp":{"over":8,"innings":2,"ball":2},"countingBp":{"over":8,"innings":2,"ball":2},"bowlerId":30,"additionalPlayerIds":[158],"dismissedMethod":"ct"},"playerId":271,"r":10,"b":9,"sr":"111.11","4s":2,"6s":0},{"mod":{"text":"st Kedar Jadhav b Amit Mishra","dismissedBp":{"over":10,"innings":2,"ball":6},"countingBp":{"over":10,"innings":2,"ball":6},"bowlerId":30,"additionalPlayerIds":[297],"dismissedMethod":"st"},"playerId":276,"r":20,"b":12,"sr":"166.66","4s":3,"6s":0},{"mod":{"text":"lbw Imran Tahir","dismissedBp":{"over":11,"innings":2,"ball":5},"countingBp":{"over":11,"innings":2,"ball":4},"bowlerId":898,"dismissedMethod":"lbw"},"playerId":148,"r":1,"b":2,"sr":"50.00","4s":0,"6s":0},{"mod":{"text":"c Angelo Mathews b Imran Tahir","dismissedBp":{"over":19,"innings":2,"ball":1},"countingBp":{"over":19,"innings":2,"ball":1},"bowlerId":898,"additionalPlayerIds":[217],"dismissedMethod":"ct"},"playerId":1556,"r":54,"b":25,"sr":"216.00","4s":3,"6s":4},{"mod":{"text":"b Imran Tahir","dismissedBp":{"over":19,"innings":2,"ball":5},"countingBp":{"over":19,"innings":2,"ball":5},"bowlerId":898,"dismissedMethod":"b"},"playerId":193,"r":17,"b":11,"sr":"154.54","4s":2,"6s":0},{"playerId":836,"r":13,"b":6,"sr":"216.66","4s":1,"6s":1},{"playerId":307,"r":7,"b":4,"sr":"175.00","4s":1,"6s":0}],"bowlingStats":[{"playerId":86,"r":30,"w":0,"ov":"3","e":"10.00","nb":0,"d":7,"maid":0,"wd":0},{"playerId":840,"r":42,"w":0,"ov":"4","e":"10.50","nb":0,"d":9,"maid":0,"wd":1},{"playerId":217,"r":42,"w":1,"ov":"4","e":"10.50","nb":0,"d":5,"maid":0,"wd":1},{"playerId":30,"r":32,"w":2,"ov":"4","e":"8.00","nb":0,"d":8,"maid":0,"wd":2},{"playerId":898,"r":28,"w":4,"ov":"4","e":"7.00","nb":0,"d":9,"maid":0,"wd":1},{"playerId":113,"r":11,"w":0,"ov":"1","e":"11.00","nb":0,"d":0,"maid":0,"wd":0}],"wkts":7,"fow":[{"bp":{"over":5,"innings":2,"ball":6},"playerId":258,"r":37,"w":1},{"bp":{"over":8,"innings":2,"ball":2},"playerId":271,"r":50,"w":2},{"bp":{"over":10,"innings":2,"ball":6},"playerId":276,"r":74,"w":3},{"bp":{"over":11,"innings":2,"ball":4},"playerId":148,"r":78,"w":4},{"bp":{"over":16,"innings":2,"ball":1},"playerId":135,"r":130,"w":5},{"bp":{"over":19,"innings":2,"ball":1},"playerId":1556,"r":166,"w":6},{"bp":{"over":19,"innings":2,"ball":5},"playerId":193,"r":173,"w":7}]},"overProgress":"20","runRate":"9.30","overHistory":[{"ovNo":1,"ovBalls":[".",".",".",".",".","2"]},{"ovNo":2,"ovBalls":["4",".","2",".","2","."]},{"ovNo":3,"ovBalls":["6","4",".","1","1","1"]},{"ovNo":4,"ovBalls":[".","6",".","4","1","1"]},{"ovNo":5,"ovBalls":[".",".","1",".","1","W"]},{"ovNo":6,"ovBalls":[".","1",".",".",".","4"]},{"ovNo":7,"ovBalls":[".","1","1","1","4","1"]},{"ovNo":8,"ovBalls":[".","W",".","4","1","2"]},{"ovNo":9,"ovBalls":["2","2",".","1",".","1Lb"]},{"ovNo":10,"ovBalls":["1","4",".","2","4","W"]},{"ovNo":11,"ovBalls":["1","1","1Wd","1","W","1","."]},{"ovNo":12,"ovBalls":["1Wd",".","1","1","2",".","1"]},{"ovNo":13,"ovBalls":["2","1","1Wd","1","6","4","4"]},{"ovNo":14,"ovBalls":["1","1","1","1","6","1"]},{"ovNo":15,"ovBalls":["1",".","1","1","6","6"]},{"ovNo":16,"ovBalls":["W","1","6","1","2","1"]},{"ovNo":17,"ovBalls":[".","2","1","2","1Wd","1","1"]},{"ovNo":18,"ovBalls":["4","1","4","1Wd","2","1","4"]},{"ovNo":19,"ovBalls":["W","6",".","1","W","."]},{"ovNo":20,"ovBalls":["1","2","1","4","1","4"]}]}],"currentState":{"phase":"C","facingBatsman":836,"nonFacingBatsman":307,"currentInningsIndex":1,"currentPartnership":13,"currentBowler":-1,"currentBatsmen":[836,307],"recentOvers":[{"ovNo":15,"ovBalls":["1",".","1","1","6","6"]},{"ovNo":16,"ovBalls":["W","1","6","1","2","1"]},{"ovNo":17,"ovBalls":[".","2","1","2","1Wd","1","1"]},{"ovNo":18,"ovBalls":["4","1","4","1Wd","2","1","4"]},{"ovNo":19,"ovBalls":["W","6",".","1","W","."]},{"ovNo":20,"ovBalls":["1","2","1","4","1","4"]}]}}