{"squadId":467,"totalVotes":1886,"players":[{"id":170,"voteCount":1809,"fullName":"David Warner","shortName":"D Warner"},{"id":41,"voteCount":1774,"fullName":"Shikhar Dhawan","shortName":"S Dhawan"},{"id":116,"voteCount":1672,"fullName":"Bhuvneshwar Kumar","shortName":"B Kumar"},{"id":52,"voteCount":1626,"fullName":"Naman Ojha","shortName":"N Ojha"},{"id":969,"voteCount":1558,"fullName":"Trent Boult","shortName":"T Boult"},{"id":1118,"voteCount":1524,"fullName":"Karn Sharma","shortName":"K Sharma"},{"id":1125,"voteCount":1493,"fullName":"Lokesh Rahul","shortName":"L Rahul"},{"id":77,"voteCount":1342,"fullName":"Praveen Kumar","shortName":"P Kumar"},{"id":374,"voteCount":1138,"fullName":"Ravi Bopara","shortName":"R Bopara"},{"id":440,"voteCount":1011,"fullName":"Kane Williamson","shortName":"K Williamson"},{"id":180,"voteCount":889,"fullName":"Dale Steyn","shortName":"D Steyn"},{"id":34,"voteCount":866,"fullName":"Ashish Reddy","shortName":"AA Reddy"},{"id":38,"voteCount":602,"fullName":"Ishant Sharma","shortName":"I Sharma"},{"id":1093,"voteCount":541,"fullName":"Parveez Rasool","shortName":"P Rasool"},{"id":197,"voteCount":406,"fullName":"Eoin Morgan","shortName":"E Morgan"},{"id":1117,"voteCount":320,"fullName":"Hanuma Vihari","shortName":"H Vihari"},{"id":172,"voteCount":223,"fullName":"Kevin Pietersen","shortName":"K Pietersen"},{"id":88,"voteCount":210,"fullName":"Laxmi Ratan Shukla","shortName":"L Ratan Shukla"},{"id":1086,"voteCount":156,"fullName":"Siddarth Kaul","shortName":"S Kaul"},{"id":1555,"voteCount":111,"fullName":"Ricky Bhui","shortName":"R Bhui"},{"id":388,"voteCount":96,"fullName":"Moises Henriques","shortName":"M Henriques"},{"id":1751,"voteCount":67,"fullName":"Chama Milind","shortName":"C Milind"},{"id":1122,"voteCount":40,"fullName":"Prasanth Padmanabhan","shortName":"P Padmanabhan"}]}