{"squadId":465,"totalVotes":1580,"players":[{"id":193,"voteCount":1466,"fullName":"James Faulkner","shortName":"J Faulkner"},{"id":135,"voteCount":1437,"fullName":"Ajinkya Rahane","shortName":"A Rahane"},{"id":258,"voteCount":1436,"fullName":"Sanju Samson","shortName":"S Samson"},{"id":271,"voteCount":1434,"fullName":"Steve Smith","shortName":"S Smith"},{"id":1556,"voteCount":1345,"fullName":"Deepak Hooda","shortName":"D Hooda"},{"id":1114,"voteCount":1301,"fullName":"Pravin Tambe","shortName":"P Tambe"},{"id":148,"voteCount":1268,"fullName":"Stuart Binny","shortName":"S Binny"},{"id":307,"voteCount":1253,"fullName":"Tim Southee","shortName":"T Southee"},{"id":101,"voteCount":1167,"fullName":"Dhawal Kulkarni","shortName":"D Kulkarni"},{"id":276,"voteCount":1081,"fullName":"Karun Nair","shortName":"K Nair"},{"id":836,"voteCount":823,"fullName":"Chris Morris","shortName":"C Morris"},{"id":227,"voteCount":722,"fullName":"Shane Watson","shortName":"S Watson"},{"id":92,"voteCount":417,"fullName":"Rajat Bhatia","shortName":"R Bhatia"},{"id":66,"voteCount":266,"fullName":"Abhishek Nayar","shortName":"A Nayar"},{"id":32,"voteCount":202,"fullName":"Ankit Sharma","shortName":"A Sharma"},{"id":141,"voteCount":123,"fullName":"Dishant Yagnik","shortName":"D Yagnik"},{"id":2747,"voteCount":105,"fullName":"Sagar Trivedi","shortName":"SV Trivedi"},{"id":798,"voteCount":87,"fullName":"Kane Richardson","shortName":"K Richardson"},{"id":82,"voteCount":67,"fullName":"Vikramjeet Malik","shortName":"V Malik"},{"id":2745,"voteCount":65,"fullName":"Pradeep Sahu","shortName":"P Sahu"},{"id":317,"voteCount":53,"fullName":"Dinesh Salunkhe","shortName":"D Salunkhe"},{"id":1749,"voteCount":44,"fullName":"Rahul Tewatia","shortName":"R Tewatia"},{"id":913,"voteCount":38,"fullName":"Ben Cutting","shortName":"B Cutting"},{"id":183,"voteCount":31,"fullName":"Juan Theron","shortName":"J Theron"},{"id":2746,"voteCount":27,"fullName":"Barinder Saran","shortName":"BS Saran"}]}