{"matchInfo":{"description":"Match 11","matchType":"IPLT20","teams":[{"id":3667,"players":[{"names":["David Warner","D Warner"],"dateOfBirth":530755200000,"id":170,"fullName":"David Warner","shortName":"D Warner","nationality":"Australian"},{"names":["Shikhar Dhawan","S Dhawan"],"dateOfBirth":502588800000,"id":41,"fullName":"Shikhar Dhawan","shortName":"S Dhawan","nationality":"Indian"},{"names":["Lokesh Rahul","L Rahul"],"rightHandedBat":true,"dateOfBirth":703555200000,"id":1125,"fullName":"Lokesh Rahul","shortName":"L Rahul","nationality":"Indian"},{"names":["Naman Ojha","N Ojha"],"dateOfBirth":427507200000,"id":52,"fullName":"Naman Ojha","shortName":"N Ojha","nationality":"Indian"},{"names":["Eoin Morgan","E Morgan"],"dateOfBirth":526694400000,"id":197,"fullName":"Eoin Morgan","shortName":"E Morgan","nationality":"English"},{"names":["Ravi Bopara","R Bopara"],"rightHandedBat":true,"dateOfBirth":484012800000,"id":374,"fullName":"Ravi Bopara","shortName":"R Bopara","nationality":"English"},{"names":["Ashish Reddy","AA Reddy"],"dateOfBirth":351820800000,"id":34,"fullName":"Ashish Reddy","shortName":"AA Reddy","nationality":"Indian"},{"names":["Karn Sharma","K Sharma"],"dateOfBirth":561945600000,"id":1118,"fullName":"Karn Sharma","shortName":"K Sharma","nationality":"Indian"},{"names":["Praveen Kumar","P Kumar"],"dateOfBirth":528595200000,"id":77,"fullName":"Praveen Kumar","shortName":"P Kumar","nationality":"Indian"},{"names":["Bhuvneshwar Kumar","B Kumar"],"dateOfBirth":660355200000,"id":116,"fullName":"Bhuvneshwar Kumar","shortName":"B Kumar","nationality":"Indian"},{"names":["Trent Boult","T Boult"],"rightHandedBat":true,"dateOfBirth":617068800000,"id":969,"fullName":"Trent Boult","shortName":"T Boult","nationality":"New Zealander"}],"team":{"type":"m","fullName":"Sunrisers Hyderabad","shortName":"Sunrisers","abbreviation":"SRH","primaryColor":"FF9C00","secondaryColor":"FFFFFF","id":62},"wicketKeeper":{"names":["Naman Ojha","N Ojha"],"dateOfBirth":427507200000,"id":52,"fullName":"Naman Ojha","shortName":"N Ojha","nationality":"Indian"},"captain":{"names":["David Warner","D Warner"],"dateOfBirth":530755200000,"id":170,"fullName":"David Warner","shortName":"D Warner","nationality":"Australian"}},{"id":3666,"players":[{"names":["Ajinkya Rahane","A Rahane"],"dateOfBirth":581472000000,"id":135,"fullName":"Ajinkya Rahane","shortName":"A Rahane","nationality":"Indian"},{"names":["Sanju Samson","S Samson"],"dateOfBirth":784512000000,"id":258,"fullName":"Sanju Samson","shortName":"S Samson","nationality":"Indian"},{"names":["Steve Smith","S Smith"],"dateOfBirth":612748800000,"id":271,"fullName":"Steve Smith","shortName":"S Smith","nationality":"Australian"},{"names":["Karun Nair","K Nair"],"dateOfBirth":691977600000,"id":276,"fullName":"Karun Nair","shortName":"K Nair","nationality":"Indian"},{"names":["Stuart Binny","S Binny"],"dateOfBirth":455068800000,"id":148,"fullName":"Stuart Binny","shortName":"S Binny","nationality":"Indian"},{"names":["Deepak Hooda","D Hooda"],"rightHandedBat":true,"dateOfBirth":798249600000,"id":1556,"fullName":"Deepak Hooda","shortName":"D Hooda","nationality":"Indian"},{"names":["James Faulkner","J Faulkner"],"dateOfBirth":641347200000,"id":193,"fullName":"James Faulkner","shortName":"J Faulkner","nationality":"Australian"},{"names":["Chris Morris","C Morris"],"rightHandedBat":true,"dateOfBirth":546739200000,"id":836,"fullName":"Chris Morris","shortName":"C Morris","nationality":"South African"},{"names":["Tim Southee","T Southee"],"rightHandedBat":true,"dateOfBirth":597801600000,"id":307,"fullName":"Tim Southee","shortName":"T Southee","nationality":"New Zealander"},{"names":["Dhawal Kulkarni","D Kulkarni"],"rightHandedBat":true,"dateOfBirth":597715200000,"id":101,"fullName":"Dhawal Kulkarni","shortName":"D Kulkarni","nationality":"Indian"},{"names":["Pravin Tambe","P Tambe"],"rightHandedBat":true,"dateOfBirth":55728000000,"id":1114,"fullName":"Pravin Tambe","shortName":"P Tambe","nationality":"Indian"}],"team":{"type":"m","fullName":"Rajasthan Royals","shortName":"Royals","abbreviation":"RR","primaryColor":"004B8C","secondaryColor":"FFFFFF","id":8},"wicketKeeper":{"names":["Sanju Samson","S Samson"],"dateOfBirth":784512000000,"id":258,"fullName":"Sanju Samson","shortName":"S Samson","nationality":"Indian"},"captain":{"names":["Steve Smith","S Smith"],"dateOfBirth":612748800000,"id":271,"fullName":"Steve Smith","shortName":"S Smith","nationality":"Australian"}}],"venue":{"id":6,"country":"India","fullName":"ACA-VDCA Stadium","shortName":"ACA-VDCA Stadium","city":"Visakhapatnam"},"matchDate":"2015-04-16T20:00:00+0530","battingOrder":[0,1],"additionalInfo":{"toss.elected":"Rajasthan Royals, who chose to field","match.video.id":"4177438285001","stats.link":"http://www.iplt20.com/news/2015/more-news/6032/quick-stats-m11-srh-vs-rr","match.summary":"","photostream.link":"http://www.iplt20.com/photos/259/ipl-2015-match-11-srh-v-rr","mom.video.id":"4177438310001","home.team.fan.total":"7061","notes.1.1":"Powerplay 1 - 35 runs, 3 wickets","away.team.fan.total":"7892","notes.1.2":"SRH: 50 runs in 8.4 overs","umpire.name.3":"Chettithody Shamshuddin","notes.1.3":"4th Wicket: 50 runs in 54 balls (Naman Ojha 25, Eoin Morgan 24)","umpire.name.4":"Virender Sharma","umpire.name.1":"S Ravi","notes.1.4":"SRH: 100 runs in 17.4 overs","umpire.name.2":"Pashchim Pathak","notes.1.5":"Innings Break: SRH - 127/5 in 20 overs","highlights.link":"http://www.iplt20.com/videos/media/id/4177438285001/m11-srh-vs-rr-match-highlights","result.playerofthematch":"Ajinkya Rahane","mom.video.thumb":"http://brightcove.vo.llnwd.net/v1/unsecured/media/3588749423001/201504/1027/3588749423001_4177523261001_video-still-for-video-4177438310001.jpg?pubId=3588749423001","interview.link":"http://www.iplt20.com/news/2015/features/6026/miserly-kulkarni-shines-in-vizag","sixes.video.id":"4177235160001","interview.thumb":"http://static2.iplt20.com/cms/media/images/320x213/36156.jpg","referee.name":"Manu Nayar","match.video.thumb":"http://brightcove.vo.llnwd.net/v1/unsecured/media/3588749423001/201504/2419/3588749423001_4177347767001_video-still-for-video-4177438285001.jpg?pubId=3588749423001","stats.thumb":"http://static2.iplt20.com/cms/media/images/320x213/36165.jpg","toss.winner":"Rajasthan Royals","notes.2.5":"Ajinkya Rahane: 50 off 46 balls (7 x fours)","sixes.video.thumb":"http://brightcove.vo.llnwd.net/v1/unsecured/media/3588749423001/201504/1419/3588749423001_4177347748001_video-still-for-video-4177235160001.jpg?pubId=3588749423001","notes.2.3":"1st Wicket: 50 runs in 45 balls (Ajinkya Rahane 25, Sanju Samson 20)","report.thumb":"http://static2.iplt20.com/cms/media/images/320x213/36144.jpg","notes.2.4":"RR: 100 runs in 15.5 overs","notes.2.1":"Powerplay 1 - 36 runs, 0 wickets","report.link":"http://www.iplt20.com/news/2015/match-reports/6020/report-m11-srh-vs-rr","notes.2.2":"RR: 50 runs in 7.3 overs"},"oversLimit":20,"matchState":"C","isLimitedOvers":true,"matchStatus":{"text":"Rajasthan Royals won by 6 wickets","outcome":"B"},"matchSummary":"","tournamentLabel":"IPL 2015"},"matchId":{"tournamentId":{"name":"ipl2015","id":2785},"name":"ipl2015-11","id":3236,"parentId":{"name":"ipl2015","id":2785}},"innings":[{"inningsNumber":1,"scorecard":{"runs":127,"extras":{"noBallRuns":1,"wideRuns":4,"byeRuns":1},"battingStats":[{"mod":{"text":"run out (Ajinkya Rahane)","dismissedBp":{"over":5,"innings":1,"ball":7},"countingBp":{"over":5,"innings":1,"ball":6},"bowlerId":307,"additionalPlayerIds":[135],"dismissedMethod":"ro"},"playerId":170,"r":21,"b":14,"sr":"150.00","4s":3,"6s":1},{"mod":{"text":"c Sanju Samson b Dhawal Kulkarni","dismissedBp":{"over":4,"innings":1,"ball":6},"countingBp":{"over":4,"innings":1,"ball":6},"bowlerId":101,"additionalPlayerIds":[258],"dismissedMethod":"ct"},"playerId":41,"r":10,"b":12,"sr":"83.33","4s":2,"6s":0},{"mod":{"text":"lbw Dhawal Kulkarni","dismissedBp":{"over":6,"innings":1,"ball":1},"countingBp":{"over":6,"innings":1,"ball":1},"bowlerId":101,"dismissedMethod":"lbw"},"playerId":1125,"r":2,"b":5,"sr":"40.00","4s":0,"6s":0},{"mod":{"text":"b Pravin Tambe","dismissedBp":{"over":15,"innings":1,"ball":1},"countingBp":{"over":15,"innings":1,"ball":1},"bowlerId":1114,"dismissedMethod":"b"},"playerId":52,"r":25,"b":32,"sr":"78.12","4s":3,"6s":0},{"mod":{"text":"lbw Pravin Tambe","dismissedBp":{"over":17,"innings":1,"ball":3},"countingBp":{"over":17,"innings":1,"ball":3},"bowlerId":1114,"dismissedMethod":"lbw"},"playerId":197,"r":27,"b":30,"sr":"90.00","4s":2,"6s":1},{"playerId":374,"r":23,"b":19,"sr":"121.05","4s":1,"6s":1},{"playerId":34,"r":13,"b":9,"sr":"144.44","4s":0,"6s":1}],"bowlingStats":[{"playerId":307,"r":30,"w":0,"ov":"4","e":"7.50","nb":0,"d":11,"maid":0,"wd":1},{"playerId":836,"r":23,"w":0,"ov":"3","e":"7.66","nb":0,"d":10,"maid":0,"wd":0},{"playerId":1556,"r":11,"w":0,"ov":"2","e":"5.50","nb":0,"d":6,"maid":0,"wd":1},{"playerId":101,"r":9,"w":2,"ov":"3","e":"3.00","nb":0,"d":13,"maid":1,"wd":1},{"playerId":193,"r":20,"w":0,"ov":"2","e":"10.00","nb":1,"d":5,"maid":0,"wd":1},{"playerId":148,"r":12,"w":0,"ov":"2","e":"6.00","nb":0,"d":4,"maid":0,"wd":0},{"playerId":1114,"r":21,"w":2,"ov":"4","e":"5.25","nb":0,"d":12,"maid":0,"wd":0}],"wkts":5,"fow":[{"bp":{"over":4,"innings":1,"ball":6},"playerId":41,"r":25,"w":1},{"bp":{"over":5,"innings":1,"ball":6},"playerId":170,"r":35,"w":2},{"bp":{"over":6,"innings":1,"ball":1},"playerId":1125,"r":35,"w":3},{"bp":{"over":15,"innings":1,"ball":1},"playerId":52,"r":87,"w":4},{"bp":{"over":17,"innings":1,"ball":3},"playerId":197,"r":96,"w":5}]},"overProgress":"20","runRate":"6.35","overHistory":[{"ovNo":1,"ovBalls":[".","1",".",".",".","."]},{"ovNo":2,"ovBalls":["4","4",".","4",".","."]},{"ovNo":3,"ovBalls":[".",".","4",".","1Wd","1","."]},{"ovNo":4,"ovBalls":["1",".",".","1","4","W"]},{"ovNo":5,"ovBalls":["6","1Wd","1",".",".","2","W"]},{"ovNo":6,"ovBalls":["W",".",".",".",".","."]},{"ovNo":7,"ovBalls":[".",".",".","4",".","1"]},{"ovNo":8,"ovBalls":[".","1","1",".","1Wd",".","."]},{"ovNo":9,"ovBalls":[".","1","4","1Wd","1","1","."]},{"ovNo":10,"ovBalls":[".","1",".","1",".","2"]},{"ovNo":11,"ovBalls":[".","1Nb","6",".",".","1","4"]},{"ovNo":12,"ovBalls":["1","1",".","1","1","4"]},{"ovNo":13,"ovBalls":[".",".","2",".","2","."]},{"ovNo":14,"ovBalls":["1",".",".","2","1","4"]},{"ovNo":15,"ovBalls":["W",".",".","1","2","."]},{"ovNo":16,"ovBalls":["2","1",".",".","1","1"]},{"ovNo":17,"ovBalls":["1",".","W",".","1","1"]},{"ovNo":18,"ovBalls":[".",".","1","1","4","."]},{"ovNo":19,"ovBalls":["1",".","6","2","1","1"]},{"ovNo":20,"ovBalls":["6","1B","1","1","1","2"]}]},{"inningsNumber":2,"scorecard":{"runs":131,"extras":{"wideRuns":4,"byeRuns":1,"legByeRuns":2},"battingStats":[{"mod":{"text":"b Trent Boult","dismissedBp":{"over":19,"innings":2,"ball":4},"countingBp":{"over":19,"innings":2,"ball":4},"bowlerId":969,"dismissedMethod":"b"},"playerId":135,"r":62,"b":56,"sr":"110.71","4s":9,"6s":0},{"mod":{"text":"c Naman Ojha b Ravi Bopara","dismissedBp":{"over":11,"innings":2,"ball":2},"countingBp":{"over":11,"innings":2,"ball":2},"bowlerId":374,"additionalPlayerIds":[52],"dismissedMethod":"ct"},"playerId":258,"r":26,"b":30,"sr":"86.66","4s":2,"6s":0},{"mod":{"text":"c David Warner b Karn Sharma","dismissedBp":{"over":14,"innings":2,"ball":2},"countingBp":{"over":14,"innings":2,"ball":2},"bowlerId":1118,"additionalPlayerIds":[170],"dismissedMethod":"ct"},"playerId":271,"r":13,"b":10,"sr":"130.00","4s":2,"6s":0},{"mod":{"text":"c & b Ravi Bopara","dismissedBp":{"over":15,"innings":2,"ball":4},"countingBp":{"over":15,"innings":2,"ball":4},"bowlerId":374,"additionalPlayerIds":[374],"dismissedMethod":"ct"},"playerId":276,"r":1,"b":5,"sr":"20.00","4s":0,"6s":0},{"playerId":148,"r":16,"b":14,"sr":"114.28","4s":1,"6s":0},{"playerId":193,"r":6,"b":5,"sr":"120.00","4s":1,"6s":0}],"bowlingStats":[{"playerId":116,"r":25,"w":0,"ov":"4","e":"6.25","nb":0,"d":10,"maid":0,"wd":0},{"playerId":969,"r":31,"w":1,"ov":"4","e":"7.75","nb":0,"d":11,"maid":0,"wd":2},{"playerId":77,"r":30,"w":0,"ov":"4","e":"7.50","nb":0,"d":9,"maid":0,"wd":2},{"playerId":1118,"r":19,"w":1,"ov":"3","e":"6.33","nb":0,"d":7,"maid":0,"wd":0},{"playerId":374,"r":18,"w":2,"ov":"4","e":"4.50","nb":0,"d":12,"maid":0,"wd":0},{"playerId":34,"r":5,"w":0,"ov":"1","e":"5.00","nb":0,"d":2,"maid":0,"wd":0}],"wkts":4,"fow":[{"bp":{"over":11,"innings":2,"ball":2},"playerId":258,"r":64,"w":1},{"bp":{"over":14,"innings":2,"ball":2},"playerId":271,"r":84,"w":2},{"bp":{"over":15,"innings":2,"ball":4},"playerId":276,"r":91,"w":3},{"bp":{"over":19,"innings":2,"ball":4},"playerId":135,"r":118,"w":4}]},"overProgress":"20","runRate":"6.55","overHistory":[{"ovNo":1,"ovBalls":["1",".",".","1","4","."]},{"ovNo":2,"ovBalls":["1Lb","4",".",".",".","."]},{"ovNo":3,"ovBalls":[".","2",".",".","1","."]},{"ovNo":4,"ovBalls":[".","1","1Wd",".","2",".","4"]},{"ovNo":5,"ovBalls":["1Wd","2","1",".","1",".","."]},{"ovNo":6,"ovBalls":[".","2","4","1B","1","1"]},{"ovNo":7,"ovBalls":["1Wd","1",".","4","2","4","."]},{"ovNo":8,"ovBalls":[".","1","1",".","1","."]},{"ovNo":9,"ovBalls":["1","2",".","2",".","1"]},{"ovNo":10,"ovBalls":["1","2",".",".","2","1"]},{"ovNo":11,"ovBalls":["1","W","1",".",".","."]},{"ovNo":12,"ovBalls":["1Wd","1","4","1",".","4","1"]},{"ovNo":13,"ovBalls":[".","1",".",".","1","1"]},{"ovNo":14,"ovBalls":["4","W","1","4","1","."]},{"ovNo":15,"ovBalls":["1",".",".","W","1","4"]},{"ovNo":16,"ovBalls":["2",".","1",".","1","1"]},{"ovNo":17,"ovBalls":["1","4",".",".","1","1"]},{"ovNo":18,"ovBalls":["1",".","4","1","1","1"]},{"ovNo":19,"ovBalls":["1",".","1","W","1","4"]},{"ovNo":20,"ovBalls":["1","1",".","1Lb","1","4"]}]}],"currentState":{"phase":"C","facingBatsman":148,"nonFacingBatsman":193,"currentInningsIndex":1,"currentPartnership":13,"currentBowler":-1,"currentBatsmen":[148,193],"recentOvers":[{"ovNo":15,"ovBalls":["1",".",".","W","1","4"]},{"ovNo":16,"ovBalls":["2",".","1",".","1","1"]},{"ovNo":17,"ovBalls":["1","4",".",".","1","1"]},{"ovNo":18,"ovBalls":["1",".","4","1","1","1"]},{"ovNo":19,"ovBalls":["1",".","1","W","1","4"]},{"ovNo":20,"ovBalls":["1","1",".","1Lb","1","4"]}]}}