{"fragment":7,"updateTime":1429983742000,"matchId":{"id":3249,"name":"ipl2015-24 - CSK vs. KXIP","matchIdName":"ipl2015-24"},"commentaries":[{"bbcode":"R Jadeja to A Patel, %SPEED% full length going down leg. He picks up a single","thisOver":"1","progress":{"innings":2,"over":11,"ball":6},"speed":27.5199468587883,"subtype":"BBCode","countingProgress":{"innings":2,"over":10,"ball":6},"bowlerId":9,"nonfacingBatsmanId":16,"facingBatsmanId":1113,"autoText":"R Jadeja to A Patel, %SPEED% full length going down leg. He picks up a single","message":{"text":null},"tags":[],"timestamp":1429982122000,"id":1174955,"time":"17:14","updateTime":1429982091659,"sequence":300.0,"type":"Auto"},{"innings":2,"over":11,"overRuns":9,"overWickets":0,"inningsRuns":66,"inningsWickets":5,"inningsAllOut":false,"team":{"id":4,"fullName":"Kings XI Punjab","shortName":"Kings XI","abbreviation":"KXIP","primaryColor":"DA1F3D","secondaryColor":"FFFFFF","type":"m"},"batsmanSummaries":[{"batsman":{"id":1113,"fullName":"Axar Patel","shortName":"A Patel","nationality":"Indian","rightHandedBat":false,"dateOfBirth":759024000000,"names":["Axar Patel","A Patel"]},"runs":9,"balls":6,"fours":0,"sixes":1},{"batsman":{"id":16,"fullName":"Wriddhiman Saha","shortName":"W Saha","nationality":"Indian","rightHandedBat":false,"dateOfBirth":467424000000,"names":["Wriddhiman Saha","W Saha"]},"runs":2,"balls":4,"fours":0,"sixes":0}],"activeBatsman":1113,"bowlerSummary":{"bowler":{"id":9,"fullName":"Ravindra Jadeja","shortName":"R Jadeja","nationality":"Indian","rightHandedBat":false,"dateOfBirth":597369600000,"names":["Ravindra Jadeja","R Jadeja"]},"overs":"3","runs":18,"wickets":2,"maidens":0},"inningsBalls":66,"inningsMaxBalls":120,"inningsTarget":193,"message":{"text":null},"tags":[],"timestamp":1429982091000,"id":1174956,"time":"17:14","updateTime":1429982091828,"sequence":301.0,"type":"Eov"},{"bbcode":"R Ashwin to A Patel, no run, %SPEED% good length on off stump. He plays and misses","thisOver":".","progress":{"innings":2,"over":12,"ball":1},"speed":22.8958815696199,"subtype":"BBCode","countingProgress":{"innings":2,"over":11,"ball":1},"bowlerId":8,"nonfacingBatsmanId":16,"facingBatsmanId":1113,"autoText":"R Ashwin to A Patel, no run, %SPEED% good length on off stump. He plays and misses","message":{"text":null},"tags":[],"timestamp":1429982234000,"id":1174959,"time":"17:15","updateTime":1429982151229,"sequence":302.0,"type":"Auto"},{"bbcode":"R Ashwin to A Patel, no run, %SPEED% good length on off stump. He doesn't offer a shot","thisOver":".","progress":{"innings":2,"over":12,"ball":2},"speed":22.418090290549,"subtype":"BBCode","countingProgress":{"innings":2,"over":11,"ball":2},"bowlerId":8,"nonfacingBatsmanId":16,"facingBatsmanId":1113,"autoText":"R Ashwin to A Patel, no run, %SPEED% good length on off stump. He doesn't offer a shot","message":{"text":null},"tags":[],"timestamp":1429982234000,"id":1174960,"time":"17:16","updateTime":1429982168596,"sequence":303.0,"type":"Auto"},{"bbcode":"R Ashwin to A Patel, no run, %SPEED% good length on middle stump. He plays and misses","thisOver":".","progress":{"innings":2,"over":12,"ball":3},"speed":26.2313850075163,"subtype":"BBCode","countingProgress":{"innings":2,"over":11,"ball":3},"bowlerId":8,"nonfacingBatsmanId":16,"facingBatsmanId":1113,"autoText":"R Ashwin to A Patel, no run, %SPEED% good length on middle stump. He plays and misses","message":{"text":null},"tags":[],"timestamp":1429982234000,"id":1174961,"time":"17:16","updateTime":1429982191186,"sequence":304.0,"type":"Auto"},{"bbcode":"Close! Ashwin's turning it square, and this one may just be a fraction high","subtype":"BBCode","message":{"text":"<p>Close! Ashwin's turning it square, and this one may just be a fraction high</p>"},"tags":[],"timestamp":1429982224000,"id":1174963,"time":"17:17","updateTime":1429982222698,"sequence":304.5,"type":"Manual"},{"bbcode":"R Ashwin to A Patel, [b]WICKET!!! A Patel is out[/b] st MS Dhoni b Ravichandran Ashwin","thisOver":"W","progress":{"innings":2,"over":12,"ball":4},"speed":20.9979559389192,"subtype":"BBCode","countingProgress":{"innings":2,"over":11,"ball":4},"bowlerId":8,"nonfacingBatsmanId":16,"facingBatsmanId":1113,"autoText":"R Ashwin to A Patel, <b>WICKET!!! A Patel is out</b> st MS Dhoni b Ravichandran Ashwin","message":{"text":null},"tags":["wicket"],"timestamp":1429982252000,"id":1174962,"time":"17:16","updateTime":1429982215539,"sequence":305.0,"type":"Auto"},{"bbcode":"[b]Wicket![/b] That is just reward for a brilliant over! Axar gets completely frustrated, charges like a bull in Barcelona, misses it by more than the differences in run rates, and Dhoni has the simplest stumping","subtype":"BBCode","message":{"text":"<p><strong>Wicket!</strong> That is just reward for a brilliant over! Axar gets completely frustrated, charges like a bull in Barcelona, misses it by more than the differences in run rates, and Dhoni has the simplest stumping</p>"},"tags":[],"timestamp":1429982293000,"id":1174965,"time":"17:17","updateTime":1429982238059,"sequence":306.0,"type":"Manual"},{"bbcode":"R Ashwin to M Johnson, %SPEED% good length just outside off stump. He picks up a single","thisOver":"1","progress":{"innings":2,"over":12,"ball":5},"speed":24.0668842721351,"subtype":"BBCode","countingProgress":{"innings":2,"over":11,"ball":5},"bowlerId":8,"nonfacingBatsmanId":16,"facingBatsmanId":213,"autoText":"R Ashwin to M Johnson, %SPEED% good length just outside off stump. He picks up a single","message":{"text":null},"tags":[],"timestamp":1429982366000,"id":1174970,"time":"17:18","updateTime":1429982312756,"sequence":307.0,"type":"Auto"},{"bbcode":"R Ashwin to W Saha, %SPEED% good length on leg stump. He picks up a single","thisOver":"1","progress":{"innings":2,"over":12,"ball":6},"speed":21.7332516506133,"subtype":"BBCode","countingProgress":{"innings":2,"over":11,"ball":6},"bowlerId":8,"nonfacingBatsmanId":213,"facingBatsmanId":16,"autoText":"R Ashwin to W Saha, %SPEED% good length on leg stump. He picks up a single","message":{"text":null},"tags":[],"timestamp":1429982426000,"id":1174977,"time":"17:19","updateTime":1429982390547,"sequence":308.0,"type":"Auto"},{"innings":2,"over":12,"overRuns":2,"overWickets":1,"inningsRuns":68,"inningsWickets":6,"inningsAllOut":false,"team":{"id":4,"fullName":"Kings XI Punjab","shortName":"Kings XI","abbreviation":"KXIP","primaryColor":"DA1F3D","secondaryColor":"FFFFFF","type":"m"},"batsmanSummaries":[{"batsman":{"id":16,"fullName":"Wriddhiman Saha","shortName":"W Saha","nationality":"Indian","rightHandedBat":false,"dateOfBirth":467424000000,"names":["Wriddhiman Saha","W Saha"]},"runs":3,"balls":5,"fours":0,"sixes":0},{"batsman":{"id":213,"fullName":"Mitchell Johnson","shortName":"M Johnson","nationality":"Australian","rightHandedBat":true,"dateOfBirth":373507200000,"names":["Mitchell Johnson","M Johnson"]},"runs":1,"balls":1,"fours":0,"sixes":0}],"activeBatsman":16,"bowlerSummary":{"bowler":{"id":8,"fullName":"Ravichandran Ashwin","shortName":"R Ashwin","nationality":"Indian","rightHandedBat":false,"dateOfBirth":527299200000,"names":["Ravichandran Ashwin","R Ashwin"]},"overs":"3","runs":10,"wickets":2,"maidens":0},"inningsBalls":72,"inningsMaxBalls":120,"inningsTarget":193,"message":{"text":null},"tags":[],"timestamp":1429982390000,"id":1174979,"time":"17:19","updateTime":1429982390692,"sequence":309.0,"type":"Eov"},{"bbcode":"R Jadeja to W Saha, %SPEED% full length outside off stump. He picks up a single","thisOver":"1","progress":{"innings":2,"over":13,"ball":1},"speed":24.7382216512787,"subtype":"BBCode","countingProgress":{"innings":2,"over":12,"ball":1},"bowlerId":9,"nonfacingBatsmanId":213,"facingBatsmanId":16,"autoText":"R Jadeja to W Saha, %SPEED% full length outside off stump. He picks up a single","message":{"text":null},"tags":[],"timestamp":1429982477000,"id":1174980,"time":"17:20","updateTime":1429982410713,"sequence":310.0,"type":"Auto"},{"bbcode":"R Jadeja to M Johnson, [b]WICKET!!! M Johnson is out[/b] c Ashish Nehra b Ravindra Jadeja","thisOver":"W","progress":{"innings":2,"over":13,"ball":2},"speed":25.2742412617284,"subtype":"BBCode","countingProgress":{"innings":2,"over":12,"ball":2},"bowlerId":9,"nonfacingBatsmanId":16,"facingBatsmanId":213,"autoText":"R Jadeja to M Johnson, <b>WICKET!!! M Johnson is out</b> c Ashish Nehra b Ravindra Jadeja","message":{"text":null},"tags":["wicket"],"timestamp":1429982487000,"id":1174981,"time":"17:20","updateTime":1429982450515,"sequence":311.0,"type":"Auto"},{"bbcode":"[b]Wicket![/b] This is one way traffic! Johnson sweeps, but picks out Nehra at fine leg, and KXIP have only 3 wickets left","subtype":"BBCode","message":{"text":"<p><strong>Wicket!</strong> This is one way traffic! Johnson sweeps, but picks out Nehra at fine leg, and KXIP have only 3 wickets left</p>"},"tags":[],"timestamp":1429982522000,"id":1174982,"time":"17:22","updateTime":1429982522082,"sequence":312.0,"type":"Manual"},{"bbcode":"R Jadeja to W Saha, no run, %SPEED% good length on off stump. He doesn't offer a shot","thisOver":".","progress":{"innings":2,"over":13,"ball":3},"speed":26.0713055393366,"subtype":"BBCode","countingProgress":{"innings":2,"over":12,"ball":3},"bowlerId":9,"nonfacingBatsmanId":412,"facingBatsmanId":16,"autoText":"R Jadeja to W Saha, no run, %SPEED% good length on off stump. He doesn't offer a shot","message":{"text":null},"tags":[],"timestamp":1429982609000,"id":1174983,"time":"17:22","updateTime":1429982525700,"sequence":313.0,"type":"Auto"},{"bbcode":"R Jadeja to W Saha, %SPEED% good length on leg stump. He picks up a single","thisOver":"1","progress":{"innings":2,"over":13,"ball":4},"speed":25.4689759253837,"subtype":"BBCode","countingProgress":{"innings":2,"over":12,"ball":4},"bowlerId":9,"nonfacingBatsmanId":412,"facingBatsmanId":16,"autoText":"R Jadeja to W Saha, %SPEED% good length on leg stump. He picks up a single","message":{"text":null},"tags":[],"timestamp":1429982609000,"id":1174984,"time":"17:22","updateTime":1429982540895,"sequence":314.0,"type":"Auto"},{"bbcode":"R Jadeja to Anureet Singh, %SPEED% good length just outside off stump. He picks up a single","thisOver":"1","progress":{"innings":2,"over":13,"ball":5},"speed":24.5661362770518,"subtype":"BBCode","countingProgress":{"innings":2,"over":12,"ball":5},"bowlerId":9,"nonfacingBatsmanId":16,"facingBatsmanId":412,"autoText":"R Jadeja to Anureet Singh, %SPEED% good length just outside off stump. He picks up a single","message":{"text":null},"tags":[],"timestamp":1429982609000,"id":1174985,"time":"17:22","updateTime":1429982563951,"sequence":315.0,"type":"Auto"},{"bbcode":"R Jadeja to W Saha, %SPEED% good length just outside off stump. He picks up a single","thisOver":"1","progress":{"innings":2,"over":13,"ball":6},"speed":25.947521448546,"subtype":"BBCode","countingProgress":{"innings":2,"over":12,"ball":6},"bowlerId":9,"nonfacingBatsmanId":412,"facingBatsmanId":16,"autoText":"R Jadeja to W Saha, %SPEED% good length just outside off stump. He picks up a single","message":{"text":null},"tags":[],"timestamp":1429982659000,"id":1174986,"time":"17:23","updateTime":1429982583743,"sequence":316.0,"type":"Auto"},{"innings":2,"over":13,"overRuns":4,"overWickets":1,"inningsRuns":72,"inningsWickets":7,"inningsAllOut":false,"team":{"id":4,"fullName":"Kings XI Punjab","shortName":"Kings XI","abbreviation":"KXIP","primaryColor":"DA1F3D","secondaryColor":"FFFFFF","type":"m"},"batsmanSummaries":[{"batsman":{"id":16,"fullName":"Wriddhiman Saha","shortName":"W Saha","nationality":"Indian","rightHandedBat":false,"dateOfBirth":467424000000,"names":["Wriddhiman Saha","W Saha"]},"runs":6,"balls":9,"fours":0,"sixes":0},{"batsman":{"id":412,"fullName":"Anureet Singh","shortName":"Anureet Singh","nationality":"Indian","rightHandedBat":true,"dateOfBirth":383529600000,"names":["Anureet Singh","Anureet Singh"]},"runs":1,"balls":1,"fours":0,"sixes":0}],"activeBatsman":16,"bowlerSummary":{"bowler":{"id":9,"fullName":"Ravindra Jadeja","shortName":"R Jadeja","nationality":"Indian","rightHandedBat":false,"dateOfBirth":597369600000,"names":["Ravindra Jadeja","R Jadeja"]},"overs":"4","runs":22,"wickets":3,"maidens":0},"inningsBalls":78,"inningsMaxBalls":120,"inningsTarget":193,"message":{"text":null},"tags":[],"timestamp":1429982583000,"id":1174987,"time":"17:23","updateTime":1429982583925,"sequence":317.0,"type":"Eov"},{"mediaId":"4196247160001","endpointUrlHq1":"http://brightcove.vo.llnwd.net/v1/uds/pd/3588749423001/201504/1048/3588749423001_4196252219001_MATCH-24-KXIP-4th-WKT.mp4","endpointUrlHq2":"http://brightcove.vo.llnwd.net/v1/uds/pd/3588749423001/201504/1048/3588749423001_4196252215001_MATCH-24-KXIP-4th-WKT.mp4","endpointUrlAlt":"http://c.brightcove.com/services/mobile/streaming/index/rendition.m3u8?assetId=4196269794001","title":"M24: CSK vs KXIP – David Miller Wicket","largeThumbnail":"http://brightcove.vo.llnwd.net/v1/unsecured/media/3588749423001/201504/2864/3588749423001_4196216540001_video-still-for-video-4196247160001.jpg?pubId=3588749423001","duration":20600,"endpointUrl":"http://brightcove.vo.llnwd.net/v1/uds/pd/3588749423001/201504/48/3588749423001_4196252216001_MATCH-24-KXIP-4th-WKT.mp4","smallThumbnail":"http://brightcove.vo.llnwd.net/v1/unsecured/media/3588749423001/201504/3864/3588749423001_4196216539001_thumbnail-for-video-4196247160001.jpg?pubId=3588749423001","description":null,"endpointUrlMq":"http://brightcove.vo.llnwd.net/v1/uds/pd/3588749423001/201504/2048/3588749423001_4196252214001_MATCH-24-KXIP-4th-WKT.mp4","endpointUrlHq3":"http://brightcove.vo.llnwd.net/v1/uds/pd/3588749423001/201504/3048/3588749423001_4196252217001_MATCH-24-KXIP-4th-WKT.mp4","publishDate":1429981713056,"message":{"text":null},"tags":["account:iplt20","2015","over 9","ipl2015","ipl2015-24","match:ipl2015-24","IPL 2015","innings 2","kxip","playerid 187","wicket","ball 6","channel:ipl-match-centre","csk"],"timestamp":1429982704000,"id":1174989,"time":"17:24","updateTime":1429982691545,"sequence":317.5,"type":"Video"},{"mediaId":"4196247161001","endpointUrlHq1":"http://brightcove.vo.llnwd.net/v1/uds/pd/3588749423001/201504/3088/3588749423001_4196280752001_MATCH-24-KXIP-5th-WKT.mp4","endpointUrlHq2":"http://brightcove.vo.llnwd.net/v1/uds/pd/3588749423001/201504/3152/3588749423001_4196256240001_MATCH-24-KXIP-5th-WKT.mp4","endpointUrlAlt":"http://c.brightcove.com/services/mobile/streaming/index/rendition.m3u8?assetId=4196256238001","title":"M24: CSK vs KXIP – Murali Vijay Wicket","largeThumbnail":"http://brightcove.vo.llnwd.net/v1/unsecured/media/3588749423001/201504/2864/3588749423001_4196216544001_video-still-for-video-4196247161001.jpg?pubId=3588749423001","duration":27640,"endpointUrl":"http://brightcove.vo.llnwd.net/v1/uds/pd/3588749423001/201504/2088/3588749423001_4196280747001_MATCH-24-KXIP-5th-WKT.mp4","smallThumbnail":"http://brightcove.vo.llnwd.net/v1/unsecured/media/3588749423001/201504/3864/3588749423001_4196216543001_thumbnail-for-video-4196247161001.jpg?pubId=3588749423001","description":null,"endpointUrlMq":"http://brightcove.vo.llnwd.net/v1/uds/pd/3588749423001/201504/152/3588749423001_4196256237001_MATCH-24-KXIP-5th-WKT.mp4","endpointUrlHq3":"http://brightcove.vo.llnwd.net/v1/uds/pd/3588749423001/201504/152/3588749423001_4196256241001_MATCH-24-KXIP-5th-WKT.mp4","publishDate":1429982044398,"message":{"text":null},"tags":["account:iplt20","2015","ipl2015","playerid 7","ipl2015-24","match:ipl2015-24","IPL 2015","innings 2","kxip","ball 2","wicket","over 10","channel:ipl-match-centre","csk"],"timestamp":1429982711000,"id":1174990,"time":"17:24","updateTime":1429982691610,"sequence":317.75,"type":"Video"},{"bbcode":"M Sharma to W Saha, %SPEED% short length just outside off stump. He picks up a single","thisOver":"1","progress":{"innings":2,"over":14,"ball":1},"speed":35.6263764028821,"subtype":"BBCode","countingProgress":{"innings":2,"over":13,"ball":1},"bowlerId":1107,"nonfacingBatsmanId":412,"facingBatsmanId":16,"autoText":"M Sharma to W Saha, %SPEED% short length just outside off stump. He picks up a single","message":{"text":null},"tags":[],"timestamp":1429982719000,"id":1174988,"time":"17:24","updateTime":1429982658290,"sequence":318.0,"type":"Auto"},{"bbcode":"M Sharma to Anureet Singh, no run, %SPEED% good length just outside off stump. He plays and misses","thisOver":".","progress":{"innings":2,"over":14,"ball":2},"speed":36.8475647038963,"subtype":"BBCode","countingProgress":{"innings":2,"over":13,"ball":2},"bowlerId":1107,"nonfacingBatsmanId":16,"facingBatsmanId":412,"autoText":"M Sharma to Anureet Singh, no run, %SPEED% good length just outside off stump. He plays and misses","message":{"text":null},"tags":[],"timestamp":1429982706000,"id":1174992,"time":"17:25","updateTime":1429982706317,"sequence":321.0,"type":"Auto"},{"bbcode":"M Sharma to Anureet Singh, no run, %SPEED% short length outside off stump. He plays and misses","thisOver":".","progress":{"innings":2,"over":14,"ball":3},"speed":36.0012918010258,"subtype":"BBCode","countingProgress":{"innings":2,"over":13,"ball":3},"bowlerId":1107,"nonfacingBatsmanId":16,"facingBatsmanId":412,"autoText":"M Sharma to Anureet Singh, no run, %SPEED% short length outside off stump. He plays and misses","message":{"text":null},"tags":[],"timestamp":1429982746000,"id":1174994,"time":"17:25","updateTime":1429982743970,"sequence":322.0,"type":"Auto"},{"bbcode":"M Sharma to Anureet Singh, %SPEED% good length outside off stump. He picks up a single","thisOver":"1","progress":{"innings":2,"over":14,"ball":4},"speed":37.0512807001352,"subtype":"BBCode","countingProgress":{"innings":2,"over":13,"ball":4},"bowlerId":1107,"nonfacingBatsmanId":16,"facingBatsmanId":412,"autoText":"M Sharma to Anureet Singh, %SPEED% good length outside off stump. He picks up a single","message":{"text":null},"tags":[],"timestamp":1429982851000,"id":1174995,"time":"17:26","updateTime":1429982785957,"sequence":323.0,"type":"Auto"},{"bbcode":"M Sharma to W Saha, no run, %SPEED% short length on middle stump. He plays and misses","thisOver":".","progress":{"innings":2,"over":14,"ball":5},"speed":33.327606823366,"subtype":"BBCode","countingProgress":{"innings":2,"over":13,"ball":5},"bowlerId":1107,"nonfacingBatsmanId":412,"facingBatsmanId":16,"autoText":"M Sharma to W Saha, no run, %SPEED% short length on middle stump. He plays and misses","message":{"text":null},"tags":[],"timestamp":1429982901000,"id":1174996,"time":"17:27","updateTime":1429982826861,"sequence":324.0,"type":"Auto"},{"bbcode":"M Sharma to W Saha, no run, %SPEED% full length just outside off stump. He doesn't offer a shot","thisOver":".","progress":{"innings":2,"over":14,"ball":6},"speed":37.7471274773534,"subtype":"BBCode","countingProgress":{"innings":2,"over":13,"ball":6},"bowlerId":1107,"nonfacingBatsmanId":412,"facingBatsmanId":16,"autoText":"M Sharma to W Saha, no run, %SPEED% full length just outside off stump. He doesn't offer a shot","message":{"text":null},"tags":[],"timestamp":1429982901000,"id":1174997,"time":"17:27","updateTime":1429982870358,"sequence":325.0,"type":"Auto"},{"innings":2,"over":14,"overRuns":2,"overWickets":0,"inningsRuns":74,"inningsWickets":7,"inningsAllOut":false,"team":{"id":4,"fullName":"Kings XI Punjab","shortName":"Kings XI","abbreviation":"KXIP","primaryColor":"DA1F3D","secondaryColor":"FFFFFF","type":"m"},"batsmanSummaries":[{"batsman":{"id":16,"fullName":"Wriddhiman Saha","shortName":"W Saha","nationality":"Indian","rightHandedBat":false,"dateOfBirth":467424000000,"names":["Wriddhiman Saha","W Saha"]},"runs":7,"balls":12,"fours":0,"sixes":0},{"batsman":{"id":412,"fullName":"Anureet Singh","shortName":"Anureet Singh","nationality":"Indian","rightHandedBat":true,"dateOfBirth":383529600000,"names":["Anureet Singh","Anureet Singh"]},"runs":2,"balls":4,"fours":0,"sixes":0}],"activeBatsman":412,"bowlerSummary":{"bowler":{"id":1107,"fullName":"Mohit Sharma","shortName":"M Sharma","nationality":"Indian","rightHandedBat":false,"dateOfBirth":693100800000,"names":["Mohit Sharma","M Sharma"]},"overs":"2","runs":9,"wickets":0,"maidens":0},"inningsBalls":84,"inningsMaxBalls":120,"inningsTarget":193,"message":{"text":null},"tags":[],"timestamp":1429982870000,"id":1174998,"time":"17:27","updateTime":1429982870482,"sequence":326.0,"type":"Eov"},{"bbcode":"Here's the dancing King - it's Dwayne Bravo to bowl.","subtype":"BBCode","message":{"text":"<p>Here's the dancing King - it's Dwayne Bravo to bowl.</p>"},"tags":[],"timestamp":1429982955000,"id":1175000,"time":"17:29","updateTime":1429982954153,"sequence":326.5,"type":"Manual"},{"bbcode":"DJ Bravo to Anureet Singh, no run, %SPEED% short length outside off stump. He doesn't offer a shot","thisOver":".","progress":{"innings":2,"over":15,"ball":1},"speed":33.0594475871718,"subtype":"BBCode","countingProgress":{"innings":2,"over":14,"ball":1},"bowlerId":25,"nonfacingBatsmanId":16,"facingBatsmanId":412,"autoText":"DJ Bravo to Anureet Singh, no run, %SPEED% short length outside off stump. He doesn't offer a shot","message":{"text":null},"tags":[],"timestamp":1429982945000,"id":1174999,"time":"17:29","updateTime":1429982942594,"sequence":327.0,"type":"Auto"},{"bbcode":"DJ Bravo to Anureet Singh, %SPEED% good length just outside off stump. He plays and misses","thisOver":"1","progress":{"innings":2,"over":15,"ball":2},"speed":34.8221921406494,"subtype":"BBCode","countingProgress":{"innings":2,"over":14,"ball":2},"bowlerId":25,"nonfacingBatsmanId":16,"facingBatsmanId":412,"autoText":"DJ Bravo to Anureet Singh, %SPEED% good length just outside off stump. He plays and misses","message":{"text":null},"tags":[],"timestamp":1429983033000,"id":1175002,"time":"17:29","updateTime":1429982976131,"sequence":328.0,"type":"Auto"},{"bbcode":"Close! Outside edge just evades the diving Raina at slip","subtype":"BBCode","message":{"text":"<p>Close! Outside edge just evades the diving Raina at slip</p>"},"tags":[],"timestamp":1429982998000,"id":1175003,"time":"17:29","updateTime":1429982998407,"sequence":329.0,"type":"Manual"},{"bbcode":"DJ Bravo to W Saha, %SPEED% short length outside off stump. He picks up two","thisOver":"2","progress":{"innings":2,"over":15,"ball":3},"speed":29.7710984255149,"subtype":"BBCode","countingProgress":{"innings":2,"over":14,"ball":3},"bowlerId":25,"nonfacingBatsmanId":412,"facingBatsmanId":16,"autoText":"DJ Bravo to W Saha, %SPEED% short length outside off stump. He picks up two","message":{"text":null},"tags":[],"timestamp":1429983083000,"id":1175004,"time":"17:30","updateTime":1429983015987,"sequence":330.0,"type":"Auto"},{"bbcode":"DJ Bravo to W Saha, no run, %SPEED% short length outside off stump. He plays and misses","thisOver":".","progress":{"innings":2,"over":15,"ball":4},"speed":29.6525438139443,"subtype":"BBCode","countingProgress":{"innings":2,"over":14,"ball":4},"bowlerId":25,"nonfacingBatsmanId":412,"facingBatsmanId":16,"autoText":"DJ Bravo to W Saha, no run, %SPEED% short length outside off stump. He plays and misses","message":{"text":null},"tags":[],"timestamp":1429983135000,"id":1175005,"time":"17:30","updateTime":1429983046105,"sequence":331.0,"type":"Auto"},{"bbcode":"DJ Bravo to W Saha, %SPEED% short length just outside off stump. He plays and misses","thisOver":"1","progress":{"innings":2,"over":15,"ball":5},"speed":34.8265204269352,"subtype":"BBCode","countingProgress":{"innings":2,"over":14,"ball":5},"bowlerId":25,"nonfacingBatsmanId":412,"facingBatsmanId":16,"autoText":"DJ Bravo to W Saha, %SPEED% short length just outside off stump. He plays and misses","message":{"text":null},"tags":[],"timestamp":1429983135000,"id":1175006,"time":"17:31","updateTime":1429983085243,"sequence":332.0,"type":"Auto"},{"bbcode":"DJ Bravo to Anureet Singh, %SPEED% full length on leg stump. He picks up a single","thisOver":"1","progress":{"innings":2,"over":15,"ball":6},"speed":35.7717855618581,"subtype":"BBCode","countingProgress":{"innings":2,"over":14,"ball":6},"bowlerId":25,"nonfacingBatsmanId":16,"facingBatsmanId":412,"autoText":"DJ Bravo to Anureet Singh, %SPEED% full length on leg stump. He picks up a single","message":{"text":null},"tags":[],"timestamp":1429983195000,"id":1175008,"time":"17:32","updateTime":1429983121995,"sequence":333.0,"type":"Auto"},{"innings":2,"over":15,"overRuns":5,"overWickets":0,"inningsRuns":79,"inningsWickets":7,"inningsAllOut":false,"team":{"id":4,"fullName":"Kings XI Punjab","shortName":"Kings XI","abbreviation":"KXIP","primaryColor":"DA1F3D","secondaryColor":"FFFFFF","type":"m"},"batsmanSummaries":[{"batsman":{"id":412,"fullName":"Anureet Singh","shortName":"Anureet Singh","nationality":"Indian","rightHandedBat":true,"dateOfBirth":383529600000,"names":["Anureet Singh","Anureet Singh"]},"runs":4,"balls":7,"fours":0,"sixes":0},{"batsman":{"id":16,"fullName":"Wriddhiman Saha","shortName":"W Saha","nationality":"Indian","rightHandedBat":false,"dateOfBirth":467424000000,"names":["Wriddhiman Saha","W Saha"]},"runs":10,"balls":15,"fours":0,"sixes":0}],"activeBatsman":412,"bowlerSummary":{"bowler":{"id":25,"fullName":"Dwayne Bravo","shortName":"DJ Bravo","nationality":"West Indian","rightHandedBat":false,"dateOfBirth":434332800000,"names":["Dwayne Bravo","DJ Bravo"]},"overs":"1","runs":5,"wickets":0,"maidens":0},"inningsBalls":90,"inningsMaxBalls":120,"inningsTarget":193,"message":{"text":null},"tags":[],"timestamp":1429983122000,"id":1175009,"time":"17:32","updateTime":1429983122145,"sequence":334.0,"type":"Eov"},{"bbcode":"R Ashwin to Anureet Singh, %SPEED% good length outside off stump. He plays and misses","thisOver":"1","progress":{"innings":2,"over":16,"ball":1},"speed":21.6234646376698,"subtype":"BBCode","countingProgress":{"innings":2,"over":15,"ball":1},"bowlerId":8,"nonfacingBatsmanId":16,"facingBatsmanId":412,"autoText":"R Ashwin to Anureet Singh, %SPEED% good length outside off stump. He plays and misses","message":{"text":null},"tags":[],"timestamp":1429983316000,"id":1175011,"time":"17:33","updateTime":1429983233379,"sequence":335.0,"type":"Auto"},{"bbcode":"[b]Dropped! [/b]Nearly a stunner! Jadeja has flown forward at long off, but just can't hold on. Would have been the cherry on top of the CSK cake they've made tonight","subtype":"BBCode","message":{"text":"<p><strong>Dropped!&nbsp;</strong>Nearly a stunner! Jadeja has flown forward at long off, but just can't hold on. Would have been the cherry on top of the CSK cake they've made tonight</p>"},"tags":[],"timestamp":1429983289000,"id":1175013,"time":"17:34","updateTime":1429983251310,"sequence":336.0,"type":"Manual"},{"bbcode":"R Ashwin to W Saha, no run, %SPEED% good length just outside off stump. He doesn't offer a shot","thisOver":".","progress":{"innings":2,"over":16,"ball":2},"speed":22.9091599454832,"subtype":"BBCode","countingProgress":{"innings":2,"over":15,"ball":2},"bowlerId":8,"nonfacingBatsmanId":412,"facingBatsmanId":16,"autoText":"R Ashwin to W Saha, no run, %SPEED% good length just outside off stump. He doesn't offer a shot","message":{"text":null},"tags":[],"timestamp":1429983316000,"id":1175014,"time":"17:34","updateTime":1429983255701,"sequence":337.0,"type":"Auto"},{"bbcode":"R Ashwin to W Saha, %SPEED% good length outside off stump. He picks up a single","thisOver":"1","progress":{"innings":2,"over":16,"ball":3},"speed":23.1396476822977,"subtype":"BBCode","countingProgress":{"innings":2,"over":15,"ball":3},"bowlerId":8,"nonfacingBatsmanId":412,"facingBatsmanId":16,"autoText":"R Ashwin to W Saha, %SPEED% good length outside off stump. He picks up a single","message":{"text":null},"tags":[],"timestamp":1429983316000,"id":1175015,"time":"17:34","updateTime":1429983273459,"sequence":338.0,"type":"Auto"},{"bbcode":"R Ashwin to Anureet Singh, %SPEED% good length outside off stump. He picks up a single","thisOver":"1","progress":{"innings":2,"over":16,"ball":4},"speed":22.1698999110554,"subtype":"BBCode","countingProgress":{"innings":2,"over":15,"ball":4},"bowlerId":8,"nonfacingBatsmanId":16,"facingBatsmanId":412,"autoText":"R Ashwin to Anureet Singh, %SPEED% good length outside off stump. He picks up a single","message":{"text":null},"tags":[],"timestamp":1429983377000,"id":1175017,"time":"17:34","updateTime":1429983297553,"sequence":339.0,"type":"Auto"},{"bbcode":"R Ashwin to W Saha, no run, %SPEED% good length on off stump. He doesn't offer a shot","thisOver":".","progress":{"innings":2,"over":16,"ball":5},"speed":26.3632000649926,"subtype":"BBCode","countingProgress":{"innings":2,"over":15,"ball":5},"bowlerId":8,"nonfacingBatsmanId":412,"facingBatsmanId":16,"autoText":"R Ashwin to W Saha, no run, %SPEED% good length on off stump. He doesn't offer a shot","message":{"text":null},"tags":[],"timestamp":1429983377000,"id":1175019,"time":"17:35","updateTime":1429983323393,"sequence":340.0,"type":"Auto"},{"bbcode":"R Ashwin to W Saha, %SPEED% good length outside off stump. He plays and misses","thisOver":"1","progress":{"innings":2,"over":16,"ball":6},"speed":22.7536879749665,"subtype":"BBCode","countingProgress":{"innings":2,"over":15,"ball":6},"bowlerId":8,"nonfacingBatsmanId":412,"facingBatsmanId":16,"autoText":"R Ashwin to W Saha, %SPEED% good length outside off stump. He plays and misses","message":{"text":null},"tags":[],"timestamp":1429983377000,"id":1175020,"time":"17:35","updateTime":1429983339550,"sequence":341.0,"type":"Auto"},{"innings":2,"over":16,"overRuns":4,"overWickets":0,"inningsRuns":83,"inningsWickets":7,"inningsAllOut":false,"team":{"id":4,"fullName":"Kings XI Punjab","shortName":"Kings XI","abbreviation":"KXIP","primaryColor":"DA1F3D","secondaryColor":"FFFFFF","type":"m"},"batsmanSummaries":[{"batsman":{"id":16,"fullName":"Wriddhiman Saha","shortName":"W Saha","nationality":"Indian","rightHandedBat":false,"dateOfBirth":467424000000,"names":["Wriddhiman Saha","W Saha"]},"runs":12,"balls":19,"fours":0,"sixes":0},{"batsman":{"id":412,"fullName":"Anureet Singh","shortName":"Anureet Singh","nationality":"Indian","rightHandedBat":true,"dateOfBirth":383529600000,"names":["Anureet Singh","Anureet Singh"]},"runs":6,"balls":9,"fours":0,"sixes":0}],"activeBatsman":16,"bowlerSummary":{"bowler":{"id":8,"fullName":"Ravichandran Ashwin","shortName":"R Ashwin","nationality":"Indian","rightHandedBat":false,"dateOfBirth":527299200000,"names":["Ravichandran Ashwin","R Ashwin"]},"overs":"4","runs":14,"wickets":2,"maidens":0},"inningsBalls":96,"inningsMaxBalls":120,"inningsTarget":193,"message":{"text":null},"tags":[],"timestamp":1429983339000,"id":1175021,"time":"17:35","updateTime":1429983339700,"sequence":342.0,"type":"Eov"},{"bbcode":"It's time for a Strategic Timeout. The required rate's a mere 27.50, and it's been very much a case of the players going through the motions for the last few overs. The crowd are still cheering every ball though.","subtype":"BBCode","message":{"text":"<p>It's time for a Strategic Timeout. The required rate's a mere 27.50, and it's been very much a case of the players going through the motions for the last few overs. The crowd are still cheering every ball though.</p>"},"tags":[],"timestamp":1429983422000,"id":1175026,"time":"17:37","updateTime":1429983422612,"sequence":343.0,"type":"Manual"},{"bbcode":"DJ Bravo to W Saha, 1 leg bye","thisOver":"1Lb","progress":{"innings":2,"over":17,"ball":1},"speed":35.4948374349976,"subtype":"BBCode","countingProgress":{"innings":2,"over":16,"ball":1},"bowlerId":25,"nonfacingBatsmanId":412,"facingBatsmanId":16,"autoText":"DJ Bravo to W Saha, 1 leg bye","message":{"text":null},"tags":[],"timestamp":1429983546000,"id":1175027,"time":"17:38","updateTime":1429983527723,"sequence":344.0,"type":"Auto"},{"bbcode":"Close! What a terrific yorker by Bravo, but it's sliding down leg! Had completely wiped out Saha!","subtype":"BBCode","message":{"text":"<p>Close! What a terrific yorker by Bravo, but it's sliding down leg! Had completely wiped out Saha!</p>"},"tags":[],"timestamp":1429983556000,"id":1175028,"time":"17:39","updateTime":1429983556713,"sequence":345.0,"type":"Manual"},{"bbcode":"DJ Bravo to Anureet Singh, 1 leg bye","thisOver":"1Lb","progress":{"innings":2,"over":17,"ball":2},"speed":37.5950522051143,"subtype":"BBCode","countingProgress":{"innings":2,"over":16,"ball":2},"bowlerId":25,"nonfacingBatsmanId":16,"facingBatsmanId":412,"autoText":"DJ Bravo to Anureet Singh, 1 leg bye","message":{"text":null},"tags":[],"timestamp":1429983577000,"id":1175030,"time":"17:39","updateTime":1429983563350,"sequence":346.0,"type":"Auto"},{"bbcode":"DJ Bravo to W Saha, %SPEED% short length outside off stump. He picks up a single","thisOver":"1","progress":{"innings":2,"over":17,"ball":3},"speed":25.8588783774231,"subtype":"BBCode","countingProgress":{"innings":2,"over":16,"ball":3},"bowlerId":25,"nonfacingBatsmanId":412,"facingBatsmanId":16,"autoText":"DJ Bravo to W Saha, %SPEED% short length outside off stump. He picks up a single","message":{"text":null},"tags":[],"timestamp":1429983684000,"id":1175031,"time":"17:39","updateTime":1429983598625,"sequence":347.0,"type":"Auto"},{"bbcode":"DJ Bravo to Anureet Singh, no run, %SPEED% short length on middle stump. He doesn't offer a shot","thisOver":".","progress":{"innings":2,"over":17,"ball":4},"speed":34.6056771963944,"subtype":"BBCode","countingProgress":{"innings":2,"over":16,"ball":4},"bowlerId":25,"nonfacingBatsmanId":16,"facingBatsmanId":412,"autoText":"DJ Bravo to Anureet Singh, no run, %SPEED% short length on middle stump. He doesn't offer a shot","message":{"text":null},"tags":[],"timestamp":1429983684000,"id":1175033,"time":"17:40","updateTime":1429983637796,"sequence":348.0,"type":"Auto"},{"bbcode":"DJ Bravo to Anureet Singh, %SPEED% good length on off stump. He picks up a single","thisOver":"1","progress":{"innings":2,"over":17,"ball":5},"speed":35.8152045987725,"subtype":"BBCode","countingProgress":{"innings":2,"over":16,"ball":5},"bowlerId":25,"nonfacingBatsmanId":16,"facingBatsmanId":412,"autoText":"DJ Bravo to Anureet Singh, %SPEED% good length on off stump. He picks up a single","message":{"text":null},"tags":[],"timestamp":1429983742000,"id":1175034,"time":"17:41","updateTime":1429983678368,"sequence":349.0,"type":"Auto"}]}