{"squadId":461,"totalVotes":827,"players":[{"id":45,"voteCount":737,"fullName":"Virender Sehwag","shortName":"V Sehwag"},{"id":1113,"voteCount":723,"fullName":"Axar Patel","shortName":"A Patel"},{"id":187,"voteCount":721,"fullName":"David Miller","shortName":"D Miller"},{"id":16,"voteCount":701,"fullName":"Wriddhiman Saha","shortName":"W Saha"},{"id":213,"voteCount":701,"fullName":"Mitchell Johnson","shortName":"M Johnson"},{"id":1112,"voteCount":697,"fullName":"Sandeep Sharma","shortName":"Sandeep Sharma"},{"id":412,"voteCount":631,"fullName":"Anureet Singh","shortName":"Anureet Singh"},{"id":7,"voteCount":601,"fullName":"Murali Vijay","shortName":"M Vijay"},{"id":191,"voteCount":599,"fullName":"Shaun Marsh","shortName":"S Marsh"},{"id":282,"voteCount":536,"fullName":"Glenn Maxwell","shortName":"G Maxwell"},{"id":19,"voteCount":510,"fullName":"George Bailey","shortName":"G Bailey"},{"id":1085,"voteCount":415,"fullName":"Manan Vohra","shortName":"M Vohra"},{"id":1088,"voteCount":288,"fullName":"Rishi Dhawan","shortName":"R Dhawan"},{"id":1743,"voteCount":175,"fullName":"Karanveer Singh","shortName":"K Singh"},{"id":254,"voteCount":149,"fullName":"Parvinder Awana","shortName":"P Awana"},{"id":1744,"voteCount":121,"fullName":"Shivam Sharma","shortName":"Shivam Sharma"},{"id":253,"voteCount":73,"fullName":"Gurkeerat Mann Singh","shortName":"GM Singh"},{"id":1745,"voteCount":43,"fullName":"Shardul Thakur","shortName":"S Thakur"},{"id":215,"voteCount":41,"fullName":"Thisara Perera","shortName":"T Perera"},{"id":2732,"voteCount":25,"fullName":"Nikhil Naik","shortName":"N Naik"},{"id":2733,"voteCount":24,"fullName":"Yogesh Golwalkar","shortName":"Y Golwalkar"},{"id":1752,"voteCount":23,"fullName":"Beuran Hendricks","shortName":"B Hendricks"}]}