{"squadId":460,"totalVotes":1047,"players":[{"id":1,"voteCount":976,"fullName":"MS Dhoni","shortName":"MS Dhoni"},{"id":14,"voteCount":963,"fullName":"Suresh Raina","shortName":"S Raina"},{"id":202,"voteCount":952,"fullName":"Brendon McCullum","shortName":"B McCullum"},{"id":25,"voteCount":930,"fullName":"Dwayne Bravo","shortName":"DJ Bravo"},{"id":115,"voteCount":910,"fullName":"Ashish Nehra","shortName":"A Nehra"},{"id":413,"voteCount":898,"fullName":"Dwayne Smith","shortName":"DR Smith"},{"id":8,"voteCount":897,"fullName":"Ravichandran Ashwin","shortName":"R Ashwin"},{"id":24,"voteCount":897,"fullName":"Francois du Plessis","shortName":"F du Plessis"},{"id":1107,"voteCount":853,"fullName":"Mohit Sharma","shortName":"M Sharma"},{"id":9,"voteCount":808,"fullName":"Ravindra Jadeja","shortName":"R Jadeja"},{"id":1090,"voteCount":714,"fullName":"Ishwar Pandey","shortName":"I Pandey"},{"id":49,"voteCount":317,"fullName":"Irfan Pathan","shortName":"I Pathan"},{"id":20,"voteCount":104,"fullName":"Michael Hussey","shortName":"M Hussey"},{"id":126,"voteCount":96,"fullName":"Rahul Sharma","shortName":"R Sharma"},{"id":53,"voteCount":80,"fullName":"Pawan Negi","shortName":"P Negi"},{"id":124,"voteCount":55,"fullName":"Mithun Manhas","shortName":"M Manhas"},{"id":1084,"voteCount":46,"fullName":"Baba Aparajith","shortName":"B Aparajith"},{"id":2731,"voteCount":34,"fullName":"Pratyush Singh","shortName":"P Singh"},{"id":1105,"voteCount":29,"fullName":"Kyle Abbott","shortName":"K Abbott"},{"id":277,"voteCount":27,"fullName":"Ronit More","shortName":"R More"},{"id":1505,"voteCount":25,"fullName":"Matt Henry","shortName":"M Henry"},{"id":1558,"voteCount":25,"fullName":"Ankush Bains","shortName":"A Bains"},{"id":590,"voteCount":23,"fullName":"Samuel Badree","shortName":"S Badree"},{"id":118,"voteCount":16,"fullName":"Eklavya Dwivedi ","shortName":"E Dwivedi "},{"id":1480,"voteCount":14,"fullName":"Andrew Tye","shortName":"A Tye"}]}