{"fragment":7,"updateTime":1429823813000,"matchId":{"id":3246,"name":"ipl2015-21 - DD vs. MI","matchIdName":"ipl2015-21"},"commentaries":[{"bbcode":"[b]Six![/b] Mishra took pace off the ball and Rohit picked it early. He gave the straight drive everything he had and it showed, boom!","subtype":"BBCode","message":{"text":"<p><strong>Six!</strong> Mishra took pace off the ball and Rohit picked it early. He gave the straight drive everything he had and it showed, boom!</p>"},"tags":[],"timestamp":1429809821000,"id":1171673,"time":"17:22","updateTime":1429809777935,"sequence":300.0,"type":"Manual"},{"bbcode":"A Mishra to RG Sharma, no run, %SPEED% good length outside off stump. He doesn't offer a shot","thisOver":".","progress":{"innings":2,"over":13,"ball":6},"speed":21.5355863050958,"subtype":"BBCode","countingProgress":{"innings":2,"over":12,"ball":6},"bowlerId":30,"nonfacingBatsmanId":100,"facingBatsmanId":107,"autoText":"A Mishra to RG Sharma, no run, %SPEED% good length outside off stump. He doesn't offer a shot","message":{"text":null},"tags":[],"timestamp":1429809849000,"id":1171674,"time":"17:23","updateTime":1429809796219,"sequence":301.0,"type":"Auto"},{"mediaId":"4192076209001","endpointUrlHq1":"http://brightcove.vo.llnwd.net/v1/uds/pd/3588749423001/201504/1935/3588749423001_4192084652001_MATCH-21-MI-3RD-WKT.mp4","endpointUrlHq2":"http://brightcove.vo.llnwd.net/v1/uds/pd/3588749423001/201504/1887/3588749423001_4192086726001_MATCH-21-MI-3RD-WKT.mp4","endpointUrlAlt":"http://c.brightcove.com/services/mobile/streaming/index/rendition.m3u8?assetId=4192084628001","title":"M21: DD vs MI – Unmukt Chand Wicket","largeThumbnail":"http://brightcove.vo.llnwd.net/v1/unsecured/media/3588749423001/201504/935/3588749423001_4192084653001_vs-553928fce4b048fe00b16919-1592194021001.jpg?pubId=3588749423001","duration":22760,"endpointUrl":"http://brightcove.vo.llnwd.net/v1/uds/pd/3588749423001/201504/3361/3588749423001_4192084658001_MATCH-21-MI-3RD-WKT.mp4","smallThumbnail":"http://brightcove.vo.llnwd.net/v1/unsecured/media/3588749423001/201504/3935/3588749423001_4192084654001_th-553928fce4b048fe00b16919-1592194021001.jpg?pubId=3588749423001","description":null,"endpointUrlMq":"http://brightcove.vo.llnwd.net/v1/uds/pd/3588749423001/201504/73/3588749423001_4192088459001_MATCH-21-MI-3RD-WKT.mp4","endpointUrlHq3":"http://brightcove.vo.llnwd.net/v1/uds/pd/3588749423001/201504/935/3588749423001_4192084629001_MATCH-21-MI-3RD-WKT.mp4","publishDate":1429809396946,"message":{"text":null},"tags":["account:iplt20","2015","over 9","ipl2015","playerid 60","dd","match:ipl2015-21","IPL 2015","innings 2","ball 2","ipl2015-21","wicket","channel:ipl-match-centre","mi"],"timestamp":1429810024000,"id":1171692,"time":"17:26","updateTime":1429809982938,"sequence":301.5,"type":"Video"},{"innings":2,"over":13,"overRuns":11,"overWickets":0,"inningsRuns":100,"inningsWickets":4,"inningsAllOut":false,"team":{"id":6,"fullName":"Mumbai Indians","shortName":"Mumbai","abbreviation":"MI","primaryColor":"00AEEF","secondaryColor":"FFFFFF","type":"m"},"batsmanSummaries":[{"batsman":{"id":107,"fullName":"Rohit Sharma","shortName":"RG Sharma","nationality":"Indian","rightHandedBat":true,"dateOfBirth":546739200000,"names":["Rohit Sharma","RG Sharma"]},"runs":20,"balls":18,"fours":0,"sixes":1},{"batsman":{"id":100,"fullName":"Ambati Rayudu","shortName":"A Rayudu","nationality":"Indian","rightHandedBat":true,"dateOfBirth":496281600000,"names":["Ambati Rayudu","A Rayudu"]},"runs":5,"balls":8,"fours":0,"sixes":0}],"activeBatsman":100,"bowlerSummary":{"bowler":{"id":30,"fullName":"Amit Mishra","shortName":"A Mishra","nationality":"Indian","rightHandedBat":false,"dateOfBirth":406944000000,"names":["Amit Mishra","A Mishra"]},"overs":"4","runs":32,"wickets":2,"maidens":0},"inningsBalls":78,"inningsMaxBalls":120,"inningsTarget":191,"message":{"text":null},"tags":[],"timestamp":1429809796000,"id":1171675,"time":"17:23","updateTime":1429809796389,"sequence":302.0,"type":"Eov"},{"bbcode":"S Nadeem to A Rayudu, %SPEED% good length just outside off stump. He picks up a single","thisOver":"1","progress":{"innings":2,"over":14,"ball":1},"speed":26.396841037221,"subtype":"BBCode","countingProgress":{"innings":2,"over":13,"ball":1},"bowlerId":57,"nonfacingBatsmanId":107,"facingBatsmanId":100,"autoText":"S Nadeem to A Rayudu, %SPEED% good length just outside off stump. He picks up a single","message":{"text":null},"tags":[],"timestamp":1429809922000,"id":1171680,"time":"17:24","updateTime":1429809864375,"sequence":303.0,"type":"Auto"},{"bbcode":"S Nadeem to RG Sharma, %SPEED% short length on off stump. He hits a great shot, that has gone all the way","thisOver":"6","progress":{"innings":2,"over":14,"ball":2},"speed":25.8326554764783,"subtype":"BBCode","countingProgress":{"innings":2,"over":13,"ball":2},"bowlerId":57,"nonfacingBatsmanId":100,"facingBatsmanId":107,"autoText":"S Nadeem to RG Sharma, %SPEED% short length on off stump. He hits a great shot, that has gone all the way","message":{"text":null},"tags":["six"],"timestamp":1429809985000,"id":1171682,"time":"17:24","updateTime":1429809886263,"sequence":304.0,"type":"Auto"},{"bbcode":"[b]Six![/b] Lovely use off the feet and a strong straight drive sails into the sights screen. Pure power and grace!","subtype":"BBCode","message":{"text":"<p><strong>Six!</strong> Lovely use off the feet and a strong straight drive sails into the sights screen. Pure power and grace!</p>"},"tags":[],"timestamp":1429809933000,"id":1171683,"time":"17:24","updateTime":1429809893272,"sequence":305.0,"type":"Manual"},{"bbcode":"S Nadeem to RG Sharma, no run, %SPEED% short length just outside off stump. He doesn't offer a shot","thisOver":".","progress":{"innings":2,"over":14,"ball":3},"speed":26.5233477800871,"subtype":"BBCode","countingProgress":{"innings":2,"over":13,"ball":3},"bowlerId":57,"nonfacingBatsmanId":100,"facingBatsmanId":107,"autoText":"S Nadeem to RG Sharma, no run, %SPEED% short length just outside off stump. He doesn't offer a shot","message":{"text":null},"tags":[],"timestamp":1429809985000,"id":1171686,"time":"17:25","updateTime":1429809916754,"sequence":306.0,"type":"Auto"},{"bbcode":"S Nadeem to RG Sharma, %SPEED% good length on middle stump. He picks up a single","thisOver":"1","progress":{"innings":2,"over":14,"ball":4},"speed":28.0721724750881,"subtype":"BBCode","countingProgress":{"innings":2,"over":13,"ball":4},"bowlerId":57,"nonfacingBatsmanId":100,"facingBatsmanId":107,"autoText":"S Nadeem to RG Sharma, %SPEED% good length on middle stump. He picks up a single","message":{"text":null},"tags":[],"timestamp":1429809985000,"id":1171688,"time":"17:25","updateTime":1429809935460,"sequence":307.0,"type":"Auto"},{"bbcode":"S Nadeem to A Rayudu, %SPEED% good length on off stump. He hits a great shot, that has gone all the way","thisOver":"6","progress":{"innings":2,"over":14,"ball":5},"speed":24.9541369034761,"subtype":"BBCode","countingProgress":{"innings":2,"over":13,"ball":5},"bowlerId":57,"nonfacingBatsmanId":107,"facingBatsmanId":100,"autoText":"S Nadeem to A Rayudu, %SPEED% good length on off stump. He hits a great shot, that has gone all the way","message":{"text":null},"tags":["six"],"timestamp":1429810037000,"id":1171689,"time":"17:25","updateTime":1429809953971,"sequence":308.0,"type":"Auto"},{"bbcode":"[b]Six![/b] Rayudu fancies a slice now! He wonders down the pitch and bludgeons a slog off the front foot. MI believe in this run chase!","subtype":"BBCode","message":{"text":"<p><strong>Six!</strong> Rayudu fancies a slice now! He wonders down the pitch and bludgeons a slog off the front foot. MI believe in this run chase!</p>"},"tags":[],"timestamp":1429810015000,"id":1171690,"time":"17:26","updateTime":1429809963324,"sequence":309.0,"type":"Manual"},{"bbcode":"S Nadeem to A Rayudu, %SPEED% full length on leg stump. He picks up a single","thisOver":"1","progress":{"innings":2,"over":14,"ball":6},"speed":28.7262870252598,"subtype":"BBCode","countingProgress":{"innings":2,"over":13,"ball":6},"bowlerId":57,"nonfacingBatsmanId":107,"facingBatsmanId":100,"autoText":"S Nadeem to A Rayudu, %SPEED% full length on leg stump. He picks up a single","message":{"text":null},"tags":[],"timestamp":1429810037000,"id":1171695,"time":"17:26","updateTime":1429809989172,"sequence":313.0,"type":"Auto"},{"innings":2,"over":14,"overRuns":15,"overWickets":0,"inningsRuns":115,"inningsWickets":4,"inningsAllOut":false,"team":{"id":6,"fullName":"Mumbai Indians","shortName":"Mumbai","abbreviation":"MI","primaryColor":"00AEEF","secondaryColor":"FFFFFF","type":"m"},"batsmanSummaries":[{"batsman":{"id":100,"fullName":"Ambati Rayudu","shortName":"A Rayudu","nationality":"Indian","rightHandedBat":true,"dateOfBirth":496281600000,"names":["Ambati Rayudu","A Rayudu"]},"runs":13,"balls":11,"fours":0,"sixes":1},{"batsman":{"id":107,"fullName":"Rohit Sharma","shortName":"RG Sharma","nationality":"Indian","rightHandedBat":true,"dateOfBirth":546739200000,"names":["Rohit Sharma","RG Sharma"]},"runs":27,"balls":21,"fours":0,"sixes":2}],"activeBatsman":100,"bowlerSummary":{"bowler":{"id":57,"fullName":"Shahbaz Nadeem","shortName":"S Nadeem","nationality":"Indian","rightHandedBat":false,"dateOfBirth":618883200000,"names":["Shahbaz Nadeem","S Nadeem"]},"overs":"3","runs":25,"wickets":0,"maidens":0},"inningsBalls":84,"inningsMaxBalls":120,"inningsTarget":191,"message":{"text":null},"tags":[],"timestamp":1429809989000,"id":1171696,"time":"17:26","updateTime":1429809989308,"sequence":314.0,"type":"Eov"},{"mediaId":"4192076210001","endpointUrlHq1":"http://brightcove.vo.llnwd.net/v1/uds/pd/3588749423001/201504/2609/3588749423001_4192090044001_MATCH-21-MI-2ND-SIX.mp4","endpointUrlHq2":"http://brightcove.vo.llnwd.net/v1/uds/pd/3588749423001/201504/3383/3588749423001_4192092367001_MATCH-21-MI-2ND-SIX.mp4","endpointUrlAlt":"http://c.brightcove.com/services/mobile/streaming/index/rendition.m3u8?assetId=4192086796001","title":"M21: DD vs MI – Kieron Pollard Six","largeThumbnail":"http://brightcove.vo.llnwd.net/v1/unsecured/media/3588749423001/201504/3609/3588749423001_4192090045001_vs-55392931e4b048fe00b16923-1592194022001.jpg?pubId=3588749423001","duration":29165,"endpointUrl":"http://brightcove.vo.llnwd.net/v1/uds/pd/3588749423001/201504/3823/3588749423001_4192086804001_MATCH-21-MI-2ND-SIX.mp4","smallThumbnail":"http://brightcove.vo.llnwd.net/v1/unsecured/media/3588749423001/201504/609/3588749423001_4192090046001_th-55392931e4b048fe00b16923-1592194022001.jpg?pubId=3588749423001","description":null,"endpointUrlMq":"http://brightcove.vo.llnwd.net/v1/uds/pd/3588749423001/201504/3287/3588749423001_4192088383001_MATCH-21-MI-2ND-SIX.mp4","endpointUrlHq3":"http://brightcove.vo.llnwd.net/v1/uds/pd/3588749423001/201504/1151/3588749423001_4192091586001_MATCH-21-MI-2ND-SIX.mp4","publishDate":1429809449930,"message":{"text":null},"tags":["playerid 210","account:iplt20","2015","ipl2015","six","dd","match:ipl2015-21","IPL 2015","innings 2","ipl2015-21","ball 5","over 10","channel:ipl-match-centre","mi"],"timestamp":1429810122000,"id":1171693,"time":"17:26","updateTime":1429809983000,"sequence":314.25,"type":"Video"},{"mediaId":"4192076214001","endpointUrlHq1":"http://brightcove.vo.llnwd.net/v1/uds/pd/3588749423001/201504/1673/3588749423001_4192090111001_MATCH-21-MI-4TH-WKT.mp4","endpointUrlHq2":"http://brightcove.vo.llnwd.net/v1/uds/pd/3588749423001/201504/151/3588749423001_4192091591001_MATCH-21-MI-4TH-WKT.mp4","endpointUrlAlt":"http://c.brightcove.com/services/mobile/streaming/index/rendition.m3u8?assetId=4192090078001","title":"M21: DD vs MI – Kieron Pollard Wicket","largeThumbnail":"http://brightcove.vo.llnwd.net/v1/unsecured/media/3588749423001/201504/2673/3588749423001_4192090112001_vs-5539299de4b048fe00b1693a-767904722001.jpg?pubId=3588749423001","duration":26320,"endpointUrl":"http://brightcove.vo.llnwd.net/v1/uds/pd/3588749423001/201504/383/3588749423001_4192092374001_MATCH-21-MI-4TH-WKT.mp4","smallThumbnail":"http://brightcove.vo.llnwd.net/v1/unsecured/media/3588749423001/201504/3673/3588749423001_4192090113001_th-5539299de4b048fe00b1693a-767904722001.jpg?pubId=3588749423001","description":null,"endpointUrlMq":"http://brightcove.vo.llnwd.net/v1/uds/pd/3588749423001/201504/145/3588749423001_4192091616001_MATCH-21-MI-4TH-WKT.mp4","endpointUrlHq3":"http://brightcove.vo.llnwd.net/v1/uds/pd/3588749423001/201504/3313/3588749423001_4192090764001_MATCH-21-MI-4TH-WKT.mp4","publishDate":1429809554878,"message":{"text":null},"tags":["playerid 210","account:iplt20","2015","ipl2015","dd","match:ipl2015-21","IPL 2015","innings 2","ball 2","ipl2015-21","over 11","wicket","channel:ipl-match-centre","mi"],"timestamp":1429810112000,"id":1171694,"time":"17:26","updateTime":1429809983055,"sequence":314.5,"type":"Video"},{"bbcode":"I Tahir to A Rayudu, %SPEED% full length going down leg. He picks up a single","thisOver":"1","progress":{"innings":2,"over":15,"ball":1},"speed":26.4596941889449,"subtype":"BBCode","countingProgress":{"innings":2,"over":14,"ball":1},"bowlerId":898,"nonfacingBatsmanId":107,"facingBatsmanId":100,"autoText":"I Tahir to A Rayudu, %SPEED% full length going down leg. He picks up a single","message":{"text":null},"tags":[],"timestamp":1429810089000,"id":1171704,"time":"17:27","updateTime":1429810071111,"sequence":315.0,"type":"Auto"},{"bbcode":"I Tahir to RG Sharma, %SPEED% good length on leg stump. He picks up a single","thisOver":"1","progress":{"innings":2,"over":15,"ball":2},"speed":27.3414757209122,"subtype":"BBCode","countingProgress":{"innings":2,"over":14,"ball":2},"bowlerId":898,"nonfacingBatsmanId":100,"facingBatsmanId":107,"autoText":"I Tahir to RG Sharma, %SPEED% good length on leg stump. He picks up a single","message":{"text":null},"tags":[],"timestamp":1429810162000,"id":1171705,"time":"17:28","updateTime":1429810087452,"sequence":316.0,"type":"Auto"},{"bbcode":"I Tahir to A Rayudu, no run, %SPEED% good length going down leg. He plays and misses","thisOver":".","progress":{"innings":2,"over":15,"ball":3},"speed":23.9531883340357,"subtype":"BBCode","countingProgress":{"innings":2,"over":14,"ball":3},"bowlerId":898,"nonfacingBatsmanId":107,"facingBatsmanId":100,"autoText":"I Tahir to A Rayudu, no run, %SPEED% good length going down leg. He plays and misses","message":{"text":null},"tags":[],"timestamp":1429810162000,"id":1171707,"time":"17:28","updateTime":1429810104646,"sequence":317.0,"type":"Auto"},{"bbcode":"I Tahir to A Rayudu, no run, %SPEED% good length just outside off stump. He doesn't offer a shot","thisOver":".","progress":{"innings":2,"over":15,"ball":4},"speed":27.0576564378328,"subtype":"BBCode","countingProgress":{"innings":2,"over":14,"ball":4},"bowlerId":898,"nonfacingBatsmanId":107,"facingBatsmanId":100,"autoText":"I Tahir to A Rayudu, no run, %SPEED% good length just outside off stump. He doesn't offer a shot","message":{"text":null},"tags":[],"timestamp":1429810162000,"id":1171712,"time":"17:28","updateTime":1429810120380,"sequence":318.0,"type":"Auto"},{"bbcode":"I Tahir to A Rayudu, %SPEED% good length on leg stump. He picks up two","thisOver":"2","progress":{"innings":2,"over":15,"ball":5},"speed":26.5394998757721,"subtype":"BBCode","countingProgress":{"innings":2,"over":14,"ball":5},"bowlerId":898,"nonfacingBatsmanId":107,"facingBatsmanId":100,"autoText":"I Tahir to A Rayudu, %SPEED% good length on leg stump. He picks up two","message":{"text":null},"tags":[],"timestamp":1429810215000,"id":1171717,"time":"17:29","updateTime":1429810143775,"sequence":319.0,"type":"Auto"},{"bbcode":"I Tahir to A Rayudu. He picks up a single","thisOver":"1","progress":{"innings":2,"over":15,"ball":6},"subtype":"BBCode","countingProgress":{"innings":2,"over":14,"ball":6},"bowlerId":898,"nonfacingBatsmanId":107,"facingBatsmanId":100,"autoText":"I Tahir to A Rayudu. He picks up a single","message":{"text":null},"tags":[],"timestamp":1429810215000,"id":1171719,"time":"17:29","updateTime":1429810167608,"sequence":320.0,"type":"Auto"},{"innings":2,"over":15,"overRuns":5,"overWickets":0,"inningsRuns":120,"inningsWickets":4,"inningsAllOut":false,"team":{"id":6,"fullName":"Mumbai Indians","shortName":"Mumbai","abbreviation":"MI","primaryColor":"00AEEF","secondaryColor":"FFFFFF","type":"m"},"batsmanSummaries":[{"batsman":{"id":100,"fullName":"Ambati Rayudu","shortName":"A Rayudu","nationality":"Indian","rightHandedBat":true,"dateOfBirth":496281600000,"names":["Ambati Rayudu","A Rayudu"]},"runs":17,"balls":16,"fours":0,"sixes":1},{"batsman":{"id":107,"fullName":"Rohit Sharma","shortName":"RG Sharma","nationality":"Indian","rightHandedBat":true,"dateOfBirth":546739200000,"names":["Rohit Sharma","RG Sharma"]},"runs":28,"balls":22,"fours":0,"sixes":2}],"activeBatsman":100,"bowlerSummary":{"bowler":{"id":898,"fullName":"Imran Tahir","shortName":"I Tahir","nationality":"South African","rightHandedBat":true,"dateOfBirth":291340800000,"names":["Imran Tahir","I Tahir"]},"overs":"2","runs":14,"wickets":0,"maidens":0},"inningsBalls":90,"inningsMaxBalls":120,"inningsTarget":191,"message":{"text":null},"tags":[],"timestamp":1429810167000,"id":1171720,"time":"17:29","updateTime":1429810167736,"sequence":321.0,"type":"Eov"},{"bbcode":"Nathan Coulter-Nile is reintroduced to try and take hold of this match once more","subtype":"BBCode","message":{"text":"<p>Nathan Coulter-Nile is reintroduced to try and take hold of this match once more</p>"},"tags":[],"timestamp":1429810269000,"id":1171729,"time":"17:31","updateTime":1429810267528,"sequence":321.5,"type":"Manual"},{"bbcode":"N Coulter-Nile to A Rayudu, %SPEED% short length just outside off stump. He hits a nice boundary","thisOver":"4","progress":{"innings":2,"over":16,"ball":1},"speed":37.6368186360197,"subtype":"BBCode","countingProgress":{"innings":2,"over":15,"ball":1},"bowlerId":840,"nonfacingBatsmanId":107,"facingBatsmanId":100,"autoText":"N Coulter-Nile to A Rayudu, %SPEED% short length just outside off stump. He hits a nice boundary","message":{"text":null},"tags":["four"],"timestamp":1429810339000,"id":1171727,"time":"17:30","updateTime":1429810251122,"sequence":322.0,"type":"Auto"},{"bbcode":"Four! Rayudu moves to leg and eases into a drive through point","subtype":"BBCode","message":{"text":"<p>Four! Rayudu moves to leg and eases into a drive through point</p>"},"tags":[],"timestamp":1429810303000,"id":1171732,"time":"17:31","updateTime":1429810300982,"sequence":322.5,"type":"Manual"},{"bbcode":"N Coulter-Nile to A Rayudu, %SPEED% short length going down leg. He hits a nice boundary","thisOver":"4","progress":{"innings":2,"over":16,"ball":2},"speed":34.3921714295915,"subtype":"BBCode","countingProgress":{"innings":2,"over":15,"ball":2},"bowlerId":840,"nonfacingBatsmanId":107,"facingBatsmanId":100,"autoText":"N Coulter-Nile to A Rayudu, %SPEED% short length going down leg. He hits a nice boundary","message":{"text":null},"tags":["four"],"timestamp":1429810339000,"id":1171731,"time":"17:31","updateTime":1429810289625,"sequence":323.0,"type":"Auto"},{"bbcode":"Four! Shorter this time and Rayudu stays on middle stump to flat bat through mid wicket","subtype":"BBCode","message":{"text":"<p>Four! Shorter this time and Rayudu stays on middle stump to flat bat through mid wicket</p>"},"tags":[],"timestamp":1429810345000,"id":1171736,"time":"17:31","updateTime":1429810306367,"sequence":324.0,"type":"Manual"},{"bbcode":"N Coulter-Nile to A Rayudu, no run, %SPEED% full length just outside off stump. He plays and misses","thisOver":".","progress":{"innings":2,"over":16,"ball":3},"speed":40.6563475617582,"subtype":"BBCode","countingProgress":{"innings":2,"over":15,"ball":3},"bowlerId":840,"nonfacingBatsmanId":107,"facingBatsmanId":100,"autoText":"N Coulter-Nile to A Rayudu, no run, %SPEED% full length just outside off stump. He plays and misses","message":{"text":null},"tags":[],"timestamp":1429810326000,"id":1171738,"time":"17:32","updateTime":1429810324808,"sequence":325.0,"type":"Auto"},{"bbcode":"N Coulter-Nile to A Rayudu, %SPEED% short length just outside off stump. He plays and misses","thisOver":"1","progress":{"innings":2,"over":16,"ball":4},"speed":36.3233202159913,"subtype":"BBCode","countingProgress":{"innings":2,"over":15,"ball":4},"bowlerId":840,"nonfacingBatsmanId":107,"facingBatsmanId":100,"autoText":"N Coulter-Nile to A Rayudu, %SPEED% short length just outside off stump. He plays and misses","message":{"text":null},"tags":[],"timestamp":1429810402000,"id":1171739,"time":"17:32","updateTime":1429810360949,"sequence":326.0,"type":"Auto"},{"bbcode":"N Coulter-Nile to RG Sharma, %SPEED% good length going down leg. He plays and misses","thisOver":"2","progress":{"innings":2,"over":16,"ball":5},"speed":39.9052709931428,"subtype":"BBCode","countingProgress":{"innings":2,"over":15,"ball":5},"bowlerId":840,"nonfacingBatsmanId":100,"facingBatsmanId":107,"autoText":"N Coulter-Nile to RG Sharma, %SPEED% good length going down leg. He plays and misses","message":{"text":null},"tags":[],"timestamp":1429810454000,"id":1171742,"time":"17:33","updateTime":1429810410565,"sequence":327.0,"type":"Auto"},{"bbcode":"[b]Dropped![/b] Rayudu holds his pose on a lofted drive over extra cover, JP makes a determined dive in the deep but he can't hold onto another stunner","subtype":"BBCode","message":{"text":"<p><strong>Dropped!</strong> Rayudu holds his pose on a lofted drive over extra cover, JP makes a determined dive in the deep but he can't hold onto another stunner</p>"},"tags":[],"timestamp":1429810458000,"id":1171746,"time":"17:34","updateTime":1429810455775,"sequence":327.5,"type":"Manual"},{"bbcode":"N Coulter-Nile to RG Sharma, [b]WICKET!!! RG Sharma is out[/b] c Shahbaz Nadeem b Nathan Coulter-Nile","thisOver":"W","progress":{"innings":2,"over":16,"ball":6},"speed":38.0289669724725,"subtype":"BBCode","countingProgress":{"innings":2,"over":15,"ball":6},"bowlerId":840,"nonfacingBatsmanId":100,"facingBatsmanId":107,"autoText":"N Coulter-Nile to RG Sharma, <b>WICKET!!! RG Sharma is out</b> c Shahbaz Nadeem b Nathan Coulter-Nile","message":{"text":null},"tags":["wicket"],"timestamp":1429810499000,"id":1171744,"time":"17:34","updateTime":1429810446278,"sequence":328.0,"type":"Auto"},{"bbcode":"[b]Wicket![/b] Scoreboard pressure is telling and it is the key man Rohit who picks out deep mid wicket. DD get their man and we take a Timeout!","subtype":"BBCode","message":{"text":"<p><strong>Wicket!</strong> Scoreboard pressure is telling and it is the key man Rohit who picks out deep mid wicket. DD get their man and we take a Timeout!</p>"},"tags":[],"timestamp":1429810604000,"id":1171748,"time":"17:34","updateTime":1429810465179,"sequence":328.5,"type":"Manual"},{"innings":2,"over":16,"overRuns":11,"overWickets":1,"inningsRuns":131,"inningsWickets":5,"inningsAllOut":false,"team":{"id":6,"fullName":"Mumbai Indians","shortName":"Mumbai","abbreviation":"MI","primaryColor":"00AEEF","secondaryColor":"FFFFFF","type":"m"},"batsmanSummaries":[{"batsman":{"id":100,"fullName":"Ambati Rayudu","shortName":"A Rayudu","nationality":"Indian","rightHandedBat":true,"dateOfBirth":496281600000,"names":["Ambati Rayudu","A Rayudu"]},"runs":26,"balls":20,"fours":2,"sixes":1}],"activeBatsman":100,"bowlerSummary":{"bowler":{"id":840,"fullName":"Nathan Coulter-Nile","shortName":"N Coulter-Nile","nationality":"Australian","rightHandedBat":true,"dateOfBirth":560908800000,"names":["Nathan Coulter-Nile","N Coulter-Nile"]},"overs":"3","runs":28,"wickets":1,"maidens":0},"inningsBalls":96,"inningsMaxBalls":120,"inningsTarget":191,"message":{"text":null},"tags":[],"timestamp":1429810500000,"id":1171745,"time":"17:34","updateTime":1429810446469,"sequence":329.0,"type":"Eov"},{"mediaId":"4192076220001","endpointUrlHq1":"http://brightcove.vo.llnwd.net/v1/uds/pd/3588749423001/201504/481/3588749423001_4192122674001_MATCH-21-MI-4TH-SIX.mp4","endpointUrlHq2":"http://brightcove.vo.llnwd.net/v1/uds/pd/3588749423001/201504/2481/3588749423001_4192122684001_MATCH-21-MI-4TH-SIX.mp4","endpointUrlAlt":"http://c.brightcove.com/services/mobile/streaming/index/rendition.m3u8?assetId=4192119429001","title":"M21: DD vs MI – Rohit Sharma Six","largeThumbnail":"http://brightcove.vo.llnwd.net/v1/unsecured/media/3588749423001/201504/1481/3588749423001_4192122675001_vs-55392ca0e4b048fe00b16958-767904725001.jpg?pubId=3588749423001","duration":29443,"endpointUrl":"http://brightcove.vo.llnwd.net/v1/uds/pd/3588749423001/201504/511/3588749423001_4192116822001_MATCH-21-MI-4TH-SIX.mp4","smallThumbnail":"http://brightcove.vo.llnwd.net/v1/unsecured/media/3588749423001/201504/481/3588749423001_4192122678001_th-55392ca0e4b048fe00b16958-767904725001.jpg?pubId=3588749423001","description":null,"endpointUrlMq":"http://brightcove.vo.llnwd.net/v1/uds/pd/3588749423001/201504/2751/3588749423001_4192122722001_MATCH-21-MI-4TH-SIX.mp4","endpointUrlHq3":"http://brightcove.vo.llnwd.net/v1/uds/pd/3588749423001/201504/3481/3588749423001_4192122693001_MATCH-21-MI-4TH-SIX.mp4","publishDate":1429810326129,"message":{"text":null},"tags":["playerid 107","account:iplt20","2015","ipl2015","six","dd","match:ipl2015-21","IPL 2015","innings 2","ball 2","ipl2015-21","over 14","channel:ipl-match-centre","mi"],"timestamp":1429810594000,"id":1171755,"time":"17:36","updateTime":1429810594401,"sequence":331.0,"type":"Video"},{"mediaId":"4192076221001","endpointUrlHq1":"http://brightcove.vo.llnwd.net/v1/uds/pd/3588749423001/201504/3785/3588749423001_4192116839001_MATCH-21-MI-5TH-SIX.mp4","endpointUrlHq2":"http://brightcove.vo.llnwd.net/v1/uds/pd/3588749423001/201504/2415/3588749423001_4192137392001_MATCH-21-MI-5TH-SIX.mp4","endpointUrlAlt":"http://c.brightcove.com/services/mobile/streaming/index/rendition.m3u8?assetId=4192129489001","title":"M21: DD vs MI – Ambati Rayudu Six","largeThumbnail":"http://brightcove.vo.llnwd.net/v1/unsecured/media/3588749423001/201504/785/3588749423001_4192116840001_vs-55392cebe4b048fe00b16962-1592194024001.jpg?pubId=3588749423001","duration":26360,"endpointUrl":"http://brightcove.vo.llnwd.net/v1/uds/pd/3588749423001/201504/1159/3588749423001_4192129465001_MATCH-21-MI-5TH-SIX.mp4","smallThumbnail":"http://brightcove.vo.llnwd.net/v1/unsecured/media/3588749423001/201504/1785/3588749423001_4192116841001_th-55392cebe4b048fe00b16962-1592194024001.jpg?pubId=3588749423001","description":null,"endpointUrlMq":"http://brightcove.vo.llnwd.net/v1/uds/pd/3588749423001/201504/3639/3588749423001_4192133079001_MATCH-21-MI-5TH-SIX.mp4","endpointUrlHq3":"http://brightcove.vo.llnwd.net/v1/uds/pd/3588749423001/201504/2657/3588749423001_4192133094001_MATCH-21-MI-5TH-SIX.mp4","publishDate":1429810399761,"message":{"text":null},"tags":["account:iplt20","2015","ipl2015","six","dd","match:ipl2015-21","IPL 2015","innings 2","playerid 100","ipl2015-21","over 14","ball 5","channel:ipl-match-centre","mi"],"timestamp":1429811207000,"id":1171756,"time":"17:36","updateTime":1429810594464,"sequence":332.0,"type":"Video"},{"bbcode":"I Tahir to H Pandya, [b]WICKET!!! H Pandya is out[/b] c Nathan Coulter-Nile b Imran Tahir","thisOver":"W","progress":{"innings":2,"over":17,"ball":1},"speed":26.9186363085052,"subtype":"BBCode","countingProgress":{"innings":2,"over":16,"ball":1},"bowlerId":898,"nonfacingBatsmanId":100,"facingBatsmanId":2740,"autoText":"I Tahir to H Pandya, <b>WICKET!!! H Pandya is out</b> c Nathan Coulter-Nile b Imran Tahir","message":{"text":null},"tags":["wicket"],"timestamp":1429810678000,"id":1171761,"time":"17:37","updateTime":1429810658409,"sequence":333.0,"type":"Auto"},{"bbcode":"[b]Wicket![/b] Pandya last just one ball! He skies down the ground and it is the man with the mustache, Coulter-Nile, who shows a safe pair of hands","subtype":"BBCode","message":{"text":"<p><strong>Wicket!</strong> Pandya last just one ball! He skies down the ground and it is the man with the mustache, Coulter-Nile, who shows a safe pair of hands</p>"},"tags":[],"timestamp":1429810731000,"id":1171763,"time":"17:38","updateTime":1429810688582,"sequence":334.0,"type":"Manual"},{"bbcode":"I Tahir to A Rayudu, %SPEED% good length outside off stump. He hits a nice boundary","thisOver":"4","progress":{"innings":2,"over":17,"ball":2},"speed":23.9975439204068,"subtype":"BBCode","countingProgress":{"innings":2,"over":16,"ball":2},"bowlerId":898,"nonfacingBatsmanId":103,"facingBatsmanId":100,"autoText":"I Tahir to A Rayudu, %SPEED% good length outside off stump. He hits a nice boundary","message":{"text":null},"tags":["four"],"timestamp":1429810821000,"id":1171767,"time":"17:38","updateTime":1429810732587,"sequence":335.0,"type":"Auto"},{"bbcode":"Four! Perfect placement! Rayudu dabs away past point and the sweeper cannot cut it out","subtype":"BBCode","message":{"text":"<p>Four! Perfect placement! Rayudu dabs away past point and the sweeper cannot cut it out</p>"},"tags":[],"timestamp":1429810789000,"id":1171769,"time":"17:39","updateTime":1429810764736,"sequence":336.0,"type":"Manual"},{"bbcode":"I Tahir to A Rayudu, [b]WICKET!!! A Rayudu is out[/b] c Nathan Coulter-Nile b Imran Tahir","thisOver":"W","progress":{"innings":2,"over":17,"ball":3},"speed":23.860234269478,"subtype":"BBCode","countingProgress":{"innings":2,"over":16,"ball":3},"bowlerId":898,"nonfacingBatsmanId":103,"facingBatsmanId":100,"autoText":"I Tahir to A Rayudu, <b>WICKET!!! A Rayudu is out</b> c Nathan Coulter-Nile b Imran Tahir","message":{"text":null},"tags":["wicket"],"timestamp":1429810816000,"id":1171770,"time":"17:39","updateTime":1429810777903,"sequence":337.0,"type":"Auto"},{"bbcode":"[b]Wicket![/b] Wickets falling too regularly now for MI as Rayudu falls to a false shot down the ground. DD well on top now...","subtype":"BBCode","message":{"text":"<p><strong>Wicket!</strong> Wickets falling too regularly now for MI as Rayudu falls to a false shot down the ground. DD well on top now...</p>"},"tags":[],"timestamp":1429810881000,"id":1171771,"time":"17:39","updateTime":1429810792666,"sequence":338.0,"type":"Manual"},{"bbcode":"I Tahir to M McClenaghan, [b]WICKET!!! M McClenaghan is out[/b] c Kedar Jadhav b Imran Tahir","thisOver":"W","progress":{"innings":2,"over":17,"ball":4},"speed":23.6921803645902,"subtype":"BBCode","countingProgress":{"innings":2,"over":16,"ball":4},"bowlerId":898,"nonfacingBatsmanId":103,"facingBatsmanId":730,"autoText":"I Tahir to M McClenaghan, <b>WICKET!!! M McClenaghan is out</b> c Kedar Jadhav b Imran Tahir","message":{"text":null},"tags":["wicket"],"timestamp":1429823813000,"id":1171777,"time":"17:41","updateTime":1429810904627,"sequence":341.0,"type":"Auto"},{"bbcode":"[b]Wicket![/b] Tahir wheels off! He is on a hattrick! McClenaghan gets in a pickle on the sweep and the ball bounces off his pad onto his bat and loops to the keeper. What a burst from the Daredevils","subtype":"BBCode","message":{"text":"<p><strong>Wicket!</strong> Tahir wheels off! He is on a hattrick! McClenaghan gets in a pickle on the sweep and the ball bounces off his pad onto his bat and loops to the keeper. What a burst from the Daredevils</p>"},"tags":[],"timestamp":1429811125000,"id":1171776,"time":"17:41","updateTime":1429810885217,"sequence":341.5,"type":"Manual"},{"bbcode":"I Tahir to L Malinga, no run, %SPEED% good length just outside off stump. He doesn't offer a shot","thisOver":".","progress":{"innings":2,"over":17,"ball":5},"speed":27.2938986610612,"subtype":"BBCode","countingProgress":{"innings":2,"over":16,"ball":5},"bowlerId":898,"nonfacingBatsmanId":103,"facingBatsmanId":211,"autoText":"I Tahir to L Malinga, no run, %SPEED% good length just outside off stump. He doesn't offer a shot","message":{"text":null},"tags":[],"timestamp":1429811051000,"id":1171784,"time":"17:43","updateTime":1429811028027,"sequence":342.5,"type":"Auto"},{"bbcode":"I Tahir to L Malinga, no run, %SPEED% full length just outside off stump. He plays and misses","thisOver":".","progress":{"innings":2,"over":17,"ball":6},"speed":24.0429645671381,"subtype":"BBCode","countingProgress":{"innings":2,"over":16,"ball":6},"bowlerId":898,"nonfacingBatsmanId":103,"facingBatsmanId":211,"autoText":"I Tahir to L Malinga, no run, %SPEED% full length just outside off stump. He plays and misses","message":{"text":null},"tags":[],"timestamp":1429811060000,"id":1171785,"time":"17:44","updateTime":1429811055983,"sequence":343.5,"type":"Auto"},{"innings":2,"over":17,"overRuns":4,"overWickets":3,"inningsRuns":135,"inningsWickets":8,"inningsAllOut":false,"team":{"id":6,"fullName":"Mumbai Indians","shortName":"Mumbai","abbreviation":"MI","primaryColor":"00AEEF","secondaryColor":"FFFFFF","type":"m"},"batsmanSummaries":[{"batsman":{"id":211,"fullName":"Lasith Malinga","shortName":"L Malinga","nationality":"Sri Lankan","rightHandedBat":true,"dateOfBirth":430876800000,"names":["Lasith Malinga","L Malinga"]},"runs":0,"balls":2,"fours":0,"sixes":0},{"batsman":{"id":103,"fullName":"Harbhajan Singh","shortName":"H Singh","nationality":"Indian","rightHandedBat":true,"dateOfBirth":331430400000,"names":["Harbhajan Singh","H Singh"]},"runs":0,"balls":0,"fours":0,"sixes":0}],"activeBatsman":103,"bowlerSummary":{"bowler":{"id":898,"fullName":"Imran Tahir","shortName":"I Tahir","nationality":"South African","rightHandedBat":true,"dateOfBirth":291340800000,"names":["Imran Tahir","I Tahir"]},"overs":"3","runs":18,"wickets":3,"maidens":0},"inningsBalls":102,"inningsMaxBalls":120,"inningsTarget":191,"message":{"text":null},"tags":[],"timestamp":1429811056000,"id":1171786,"time":"17:44","updateTime":1429811056174,"sequence":344.5,"type":"Eov"},{"bbcode":"N Coulter-Nile to H Singh, no run, %SPEED% short length just outside off stump. He plays and misses","thisOver":".","progress":{"innings":2,"over":18,"ball":1},"speed":38.5784532856504,"subtype":"BBCode","countingProgress":{"innings":2,"over":17,"ball":1},"bowlerId":840,"nonfacingBatsmanId":211,"facingBatsmanId":103,"autoText":"N Coulter-Nile to H Singh, no run, %SPEED% short length just outside off stump. He plays and misses","message":{"text":null},"tags":[],"timestamp":1429811167000,"id":1171790,"time":"17:45","updateTime":1429811153135,"sequence":345.5,"type":"Auto"},{"bbcode":"N Coulter-Nile to H Singh, %SPEED% short length outside off stump. He picks up a single","thisOver":"1","progress":{"innings":2,"over":18,"ball":2},"speed":30.7886478671605,"subtype":"BBCode","countingProgress":{"innings":2,"over":17,"ball":2},"bowlerId":840,"nonfacingBatsmanId":211,"facingBatsmanId":103,"autoText":"N Coulter-Nile to H Singh, %SPEED% short length outside off stump. He picks up a single","message":{"text":null},"tags":[],"timestamp":1429811239000,"id":1171793,"time":"17:46","updateTime":1429811185779,"sequence":346.5,"type":"Auto"},{"bbcode":"N Coulter-Nile to L Malinga, 1 leg bye","thisOver":"1Lb","progress":{"innings":2,"over":18,"ball":3},"speed":38.4853051721434,"subtype":"BBCode","countingProgress":{"innings":2,"over":17,"ball":3},"bowlerId":840,"nonfacingBatsmanId":103,"facingBatsmanId":211,"autoText":"N Coulter-Nile to L Malinga, 1 leg bye","message":{"text":null},"tags":[],"timestamp":1429811232000,"id":1171798,"time":"17:47","updateTime":1429811228967,"sequence":349.5,"type":"Auto"}]}