[{"dataType":"tweet-history","scope":"ipl-mi-battle","metadata":null,"writtenAt":1487548616999,"data":[{"resolution":{"value":1,"unit":"MINUTE","msValue":60000,"maxBuckets":10},"maximum":3,"buckets":[{"label":"23:48","msValue":1487548080000,"count":1},{"label":"23:50","msValue":1487548200000,"count":3},{"label":"23:53","msValue":1487548380000,"count":2},{"label":"23:55","msValue":1487548500000,"count":1},{"label":"23:56","msValue":1487548560000,"count":2}]},{"resolution":{"value":1,"unit":"DAY","msValue":86400000,"maxBuckets":1},"maximum":1380,"buckets":[{"label":"Sun 19 Feb","msValue":1487462400000,"count":1380}]}]}]