{"squadId":462,"totalVotes":2341,"players":[{"id":182,"voteCount":2252,"fullName":"JP Duminy","shortName":"JP Duminy"},{"id":113,"voteCount":2176,"fullName":"Yuvraj Singh","shortName":"Y Singh"},{"id":898,"voteCount":2034,"fullName":"Imran Tahir","shortName":"I Tahir"},{"id":158,"voteCount":1898,"fullName":"Mayank Agarwal","shortName":"M Agarwal"},{"id":1563,"voteCount":1856,"fullName":"Shreyas Iyer","shortName":"S Iyer"},{"id":30,"voteCount":1814,"fullName":"Amit Mishra","shortName":"A Mishra"},{"id":297,"voteCount":1695,"fullName":"Kedar Jadhav","shortName":"K Jadhav"},{"id":840,"voteCount":1693,"fullName":"Nathan Coulter-Nile","shortName":"N Coulter-Nile"},{"id":89,"voteCount":1626,"fullName":"Manoj Tiwary","shortName":"M Tiwary"},{"id":217,"voteCount":1559,"fullName":"Angelo Mathews","shortName":"A Mathews"},{"id":2736,"voteCount":1026,"fullName":"Domnic Joseph","shortName":"D Joseph"},{"id":26,"voteCount":863,"fullName":"Albie Morkel","shortName":"A Morkel"},{"id":165,"voteCount":787,"fullName":"Zaheer Khan","shortName":"Z Khan"},{"id":94,"voteCount":730,"fullName":"Mohammed Shami","shortName":"M Shami"},{"id":86,"voteCount":602,"fullName":"Jaidev Unadkat","shortName":"J Unadkat"},{"id":834,"voteCount":434,"fullName":"Quinton de Kock","shortName":"Q de Kock"},{"id":57,"voteCount":387,"fullName":"Shahbaz Nadeem","shortName":"S Nadeem"},{"id":163,"voteCount":357,"fullName":"Saurabh Tiwary","shortName":"S Tiwary"},{"id":155,"voteCount":307,"fullName":"CM Gautam","shortName":"CM Gautam"},{"id":1740,"voteCount":298,"fullName":"Jayant Yadav","shortName":"J Yadav"},{"id":951,"voteCount":59,"fullName":"Gurinder Sandhu","shortName":"G Sandhu"},{"id":2734,"voteCount":51,"fullName":"Srikar Bharat","shortName":"S Bharat"},{"id":1020,"voteCount":45,"fullName":"Travis Head","shortName":"TM Head"},{"id":2735,"voteCount":37,"fullName":"KK Jiyas","shortName":"KK Jiyas"},{"id":964,"voteCount":22,"fullName":"Markus Stoinis","shortName":"MP Stoinis"}]}