{"squadId":465,"totalVotes":1430,"players":[{"id":193,"voteCount":1352,"fullName":"James Faulkner","shortName":"J Faulkner"},{"id":135,"voteCount":1349,"fullName":"Ajinkya Rahane","shortName":"A Rahane"},{"id":271,"voteCount":1346,"fullName":"Steve Smith","shortName":"S Smith"},{"id":258,"voteCount":1333,"fullName":"Sanju Samson","shortName":"S Samson"},{"id":1114,"voteCount":1284,"fullName":"Pravin Tambe","shortName":"P Tambe"},{"id":1556,"voteCount":1251,"fullName":"Deepak Hooda","shortName":"D Hooda"},{"id":148,"voteCount":1232,"fullName":"Stuart Binny","shortName":"S Binny"},{"id":101,"voteCount":1209,"fullName":"Dhawal Kulkarni","shortName":"D Kulkarni"},{"id":307,"voteCount":1131,"fullName":"Tim Southee","shortName":"T Southee"},{"id":276,"voteCount":1002,"fullName":"Karun Nair","shortName":"K Nair"},{"id":227,"voteCount":889,"fullName":"Shane Watson","shortName":"S Watson"},{"id":836,"voteCount":622,"fullName":"Chris Morris","shortName":"C Morris"},{"id":92,"voteCount":336,"fullName":"Rajat Bhatia","shortName":"R Bhatia"},{"id":66,"voteCount":202,"fullName":"Abhishek Nayar","shortName":"A Nayar"},{"id":32,"voteCount":141,"fullName":"Ankit Sharma","shortName":"A Sharma"},{"id":141,"voteCount":96,"fullName":"Dishant Yagnik","shortName":"D Yagnik"},{"id":798,"voteCount":87,"fullName":"Kane Richardson","shortName":"K Richardson"},{"id":2747,"voteCount":78,"fullName":"Sagar Trivedi","shortName":"SV Trivedi"},{"id":82,"voteCount":60,"fullName":"Vikramjeet Malik","shortName":"V Malik"},{"id":2745,"voteCount":47,"fullName":"Pradeep Sahu","shortName":"P Sahu"},{"id":913,"voteCount":46,"fullName":"Ben Cutting","shortName":"B Cutting"},{"id":317,"voteCount":43,"fullName":"Dinesh Salunkhe","shortName":"D Salunkhe"},{"id":1749,"voteCount":30,"fullName":"Rahul Tewatia","shortName":"R Tewatia"},{"id":183,"voteCount":28,"fullName":"Juan Theron","shortName":"J Theron"},{"id":2746,"voteCount":24,"fullName":"Barinder Saran","shortName":"BS Saran"}]}