[{"dataType":"tweet-history","scope":"ipl-mi-battle","metadata":null,"writtenAt":1487548932152,"data":[{"resolution":{"value":1,"unit":"MINUTE","msValue":60000,"maxBuckets":10},"maximum":2,"buckets":[{"label":"23:53","msValue":1487548380000,"count":2},{"label":"23:55","msValue":1487548500000,"count":1},{"label":"23:56","msValue":1487548560000,"count":2},{"label":"23:59","msValue":1487548740000,"count":1},{"label":"00:00","msValue":1487548800000,"count":2},{"label":"00:01","msValue":1487548860000,"count":1}]},{"resolution":{"value":1,"unit":"DAY","msValue":86400000,"maxBuckets":1},"maximum":3,"buckets":[{"label":"Mon 20 Feb","msValue":1487548800000,"count":3}]}]}]