{"matchInfo":{"description":"Qualifier 1","matchType":"IPLT20","teams":[{"id":3775,"players":[{"names":["Michael Hussey","M Hussey"],"dateOfBirth":170380800000,"id":20,"fullName":"Michael Hussey","shortName":"M Hussey","nationality":"Australian"},{"names":["Dwayne Smith","DR Smith"],"dateOfBirth":418953600000,"id":413,"fullName":"Dwayne Smith","shortName":"DR Smith","nationality":"West Indian"},{"names":["Suresh Raina","S Raina"],"dateOfBirth":533433600000,"id":14,"fullName":"Suresh Raina","shortName":"S Raina","nationality":"Indian"},{"names":["Francois du Plessis","F du Plessis"],"dateOfBirth":458524800000,"id":24,"fullName":"Francois du Plessis","shortName":"F du Plessis","nationality":"South African"},{"names":["MS Dhoni","MS Dhoni"],"dateOfBirth":363312000000,"id":1,"fullName":"MS Dhoni","shortName":"MS Dhoni","nationality":"Indian"},{"names":["Dwayne Bravo","DJ Bravo"],"dateOfBirth":434332800000,"id":25,"fullName":"Dwayne Bravo","shortName":"DJ Bravo","nationality":"West Indian"},{"names":["Pawan Negi","P Negi"],"dateOfBirth":410659200000,"id":53,"fullName":"Pawan Negi","shortName":"P Negi","nationality":"Indian"},{"names":["Ravindra Jadeja","R Jadeja"],"dateOfBirth":597369600000,"id":9,"fullName":"Ravindra Jadeja","shortName":"R Jadeja","nationality":"Indian"},{"names":["Ravichandran Ashwin","R Ashwin"],"dateOfBirth":527299200000,"id":8,"fullName":"Ravichandran Ashwin","shortName":"R Ashwin","nationality":"Indian"},{"names":["Ashish Nehra","A Nehra"],"dateOfBirth":294192000000,"id":115,"fullName":"Ashish Nehra","shortName":"A Nehra","nationality":"Indian"},{"names":["Mohit Sharma","M Sharma"],"dateOfBirth":693100800000,"id":1107,"fullName":"Mohit Sharma","shortName":"M Sharma","nationality":"Indian"}],"team":{"type":"m","fullName":"Chennai Super Kings","shortName":"Super Kings","abbreviation":"CSK","primaryColor":"FDB913","secondaryColor":"FFFFFF","id":1},"wicketKeeper":{"names":["MS Dhoni","MS Dhoni"],"dateOfBirth":363312000000,"id":1,"fullName":"MS Dhoni","shortName":"MS Dhoni","nationality":"Indian"},"captain":{"names":["MS Dhoni","MS Dhoni"],"dateOfBirth":363312000000,"id":1,"fullName":"MS Dhoni","shortName":"MS Dhoni","nationality":"Indian"}},{"id":3774,"players":[{"names":["Lendl Simmons","L Simmons"],"rightHandedBat":true,"dateOfBirth":475459200000,"id":595,"fullName":"Lendl Simmons","shortName":"L Simmons","nationality":"West Indian"},{"names":["Parthiv Patel","P Patel"],"dateOfBirth":479174400000,"id":44,"fullName":"Parthiv Patel","shortName":"P Patel","nationality":"Indian"},{"names":["Rohit Sharma","RG Sharma"],"rightHandedBat":true,"dateOfBirth":546739200000,"id":107,"fullName":"Rohit Sharma","shortName":"RG Sharma","nationality":"Indian"},{"names":["Ambati Rayudu","A Rayudu"],"rightHandedBat":true,"dateOfBirth":496281600000,"id":100,"fullName":"Ambati Rayudu","shortName":"A Rayudu","nationality":"Indian"},{"names":["Kieron Pollard","K Pollard"],"rightHandedBat":true,"dateOfBirth":547776000000,"id":210,"fullName":"Kieron Pollard","shortName":"K Pollard","nationality":"West Indian"},{"names":["Hardik Pandya","H Pandya"],"rightHandedBat":true,"dateOfBirth":750297600000,"id":2740,"fullName":"Hardik Pandya","shortName":"H Pandya","nationality":"Indian"},{"names":["Harbhajan Singh","H Singh"],"rightHandedBat":true,"dateOfBirth":331430400000,"id":103,"fullName":"Harbhajan Singh","shortName":"H Singh","nationality":"Indian"},{"names":["Jagadeesha Suchith","J Suchith"],"dateOfBirth":758678400000,"id":2741,"fullName":"Jagadeesha Suchith","shortName":"J Suchith","nationality":"Indian"},{"names":["Mitchell McClenaghan","M McClenaghan"],"dateOfBirth":518832000000,"id":730,"fullName":"Mitchell McClenaghan","shortName":"M McClenaghan","nationality":"New Zealander"},{"names":["Vinay Kumar","V Kumar"],"dateOfBirth":445392000000,"id":166,"fullName":"Vinay Kumar","shortName":"V Kumar","nationality":"Indian"},{"names":["Lasith Malinga","L Malinga"],"rightHandedBat":true,"dateOfBirth":430876800000,"id":211,"fullName":"Lasith Malinga","shortName":"L Malinga","nationality":"Sri Lankan"}],"team":{"type":"m","fullName":"Mumbai Indians","shortName":"Mumbai","abbreviation":"MI","primaryColor":"00AEEF","secondaryColor":"FFFFFF","id":6},"wicketKeeper":{"names":["Parthiv Patel","P Patel"],"dateOfBirth":479174400000,"id":44,"fullName":"Parthiv Patel","shortName":"P Patel","nationality":"Indian"},"captain":{"names":["Rohit Sharma","RG Sharma"],"rightHandedBat":true,"dateOfBirth":546739200000,"id":107,"fullName":"Rohit Sharma","shortName":"RG Sharma","nationality":"Indian"}}],"venue":{"id":4,"country":"India","fullName":"Wankhede Stadium","shortName":"Wankhede Stadium","city":"Mumbai"},"matchDate":"2015-05-19T20:00:00+0530","battingOrder":[1,0],"additionalInfo":{"toss.elected":"Mumbai Indians, who chose to bat","match.video.id":"4245319580001","stats.link":"http://www.iplt20.com/news/2015/more-news/6880/quick-stats-q1-csk-vs-mi","match.summary":"","photostream.link":"http://www.iplt20.com/photos/305/ipl-2015-match-57-qualifier-1","mom.video.id":"4245319589001","home.team.fan.total":"20178","notes.1.1":"Powerplay 1 - 48 runs, 0 wickets","away.team.fan.total":"18274","notes.1.2":"MI: 50 runs in 6.2 overs","umpire.name.3":"Vineet Kulkarni","notes.1.3":"1st Wicket: 50 runs in 39 balls (Lendl Simmons 34, Parthiv Patel 13)","umpire.name.4":"O Nandan","umpire.name.1":"Kumar Dharmasena","notes.1.4":"Lendl Simmons: 50 off 38 balls (3 x fours, 4 x sixes)","umpire.name.2":"Richard Illingworth","notes.1.5":"MI: 100 runs in 11.5 overs","notes.1.6":"MI: 150 runs in 17.3 overs","notes.1.7":"Innings Break: MI - 187/6 in 20 overs","highlights.link":"http://www.iplt20.com/videos/media/id/4245319580001/m57-csk-vs-mi-match-highlights","result.playerofthematch":"Kieron Pollard","mom.video.thumb":"http://brightcove.vo.llnwd.net/v1/unsecured/media/3588749423001/201505/2765/3588749423001_4245386353001_video-still-for-video-4245319589001.jpg?pubId=3588749423001","interview.link":"http://www.iplt20.com/news/2015/more-news/6882/team-has-planned-well-and-executed-brilliantly-parthiv","sixes.video.id":"4245319581001","interview.thumb":"http://static2.iplt20.com/cms/media/images/320x213/44354.jpg","referee.name":"Ranjan Madugalle","match.video.thumb":"http://brightcove.vo.llnwd.net/v1/unsecured/media/3588749423001/201505/3765/3588749423001_4245386334001_video-still-for-video-4245319580001.jpg?pubId=3588749423001","stats.thumb":"http://static2.iplt20.com/cms/media/images/320x213/44353.jpg","toss.winner":"Mumbai Indians","sixes.video.thumb":"http://brightcove.vo.llnwd.net/v1/unsecured/media/3588749423001/201505/2475/3588749423001_4245383294001_vs-555b89f0e4b060e0ff691600-1083021587001.jpg?pubId=3588749423001","notes.2.3":"CSK: 100 runs in 13.2 overs","report.thumb":"http://static2.iplt20.com/cms/media/images/320x213/44326.jpg","notes.2.4":"CSK: 150 runs in 17.4 overs","notes.2.1":"Powerplay - 54 runs, 2 wickets","report.link":"http://www.iplt20.com/news/2015/match-reports/6872/report-q1-csk-vs-mi","notes.2.2":"CSK: 50 runs in 5.5 overs"},"oversLimit":20,"matchState":"C","isLimitedOvers":true,"matchStatus":{"text":"Mumbai Indians won by 25 runs","outcome":"B"},"matchSummary":"","tournamentLabel":"IPL 2015"},"matchId":{"tournamentId":{"name":"ipl2015","id":2785},"name":"ipl2015-57","id":3282,"parentId":{"name":"ipl2015","id":2785}},"innings":[{"inningsNumber":1,"scorecard":{"runs":187,"extras":{"noBallRuns":1,"wideRuns":8},"battingStats":[{"mod":{"text":"c Pawan Negi b Ravindra Jadeja","dismissedBp":{"over":14,"innings":1,"ball":4},"countingBp":{"over":14,"innings":1,"ball":4},"bowlerId":9,"additionalPlayerIds":[53],"dismissedMethod":"ct"},"playerId":595,"r":65,"b":51,"sr":"127.45","4s":3,"6s":5},{"mod":{"text":"c Ravindra Jadeja b Dwayne Bravo","dismissedBp":{"over":11,"innings":1,"ball":4},"countingBp":{"over":11,"innings":1,"ball":4},"bowlerId":25,"additionalPlayerIds":[9],"dismissedMethod":"ct"},"playerId":44,"r":35,"b":25,"sr":"140.00","4s":4,"6s":1},{"mod":{"text":"c Ravindra Jadeja b Dwayne Bravo","dismissedBp":{"over":16,"innings":1,"ball":4},"countingBp":{"over":16,"innings":1,"ball":4},"bowlerId":25,"additionalPlayerIds":[9],"dismissedMethod":"ct"},"playerId":107,"r":19,"b":14,"sr":"135.71","4s":1,"6s":1},{"mod":{"text":"c Suresh Raina b Dwayne Bravo","dismissedBp":{"over":20,"innings":1,"ball":7},"countingBp":{"over":20,"innings":1,"ball":4},"bowlerId":25,"additionalPlayerIds":[14],"dismissedMethod":"ct"},"playerId":210,"r":41,"b":17,"sr":"241.17","4s":1,"6s":5},{"mod":{"text":"c Ravindra Jadeja b Ashish Nehra","dismissedBp":{"over":17,"innings":1,"ball":1},"countingBp":{"over":17,"innings":1,"ball":1},"bowlerId":115,"additionalPlayerIds":[9],"dismissedMethod":"ct"},"playerId":2740,"r":1,"b":2,"sr":"50.00","4s":0,"6s":0},{"mod":{"text":"c Suresh Raina b Mohit Sharma","dismissedBp":{"over":19,"innings":1,"ball":7},"countingBp":{"over":19,"innings":1,"ball":5},"bowlerId":1107,"additionalPlayerIds":[14],"dismissedMethod":"ct"},"playerId":100,"r":10,"b":8,"sr":"125.00","4s":1,"6s":0},{"playerId":103,"r":6,"b":3,"sr":"200.00","4s":1,"6s":0},{"playerId":2741,"r":1,"b":1,"sr":"100.00","4s":0,"6s":0}],"bowlingStats":[{"playerId":8,"r":22,"w":0,"ov":"3","d":9,"maid":0,"e":"7.33","wd":0,"nb":0},{"playerId":115,"r":28,"w":1,"ov":"4","d":15,"maid":0,"e":"7.00","wd":2,"nb":1},{"playerId":53,"r":46,"w":0,"ov":"4","d":3,"maid":0,"e":"11.50","wd":0,"nb":0},{"playerId":9,"r":18,"w":1,"ov":"2","d":5,"maid":0,"e":"9.00","wd":0,"nb":0},{"playerId":1107,"r":33,"w":1,"ov":"3","d":5,"maid":0,"e":"11.00","wd":3,"nb":0},{"playerId":25,"r":40,"w":3,"ov":"4","d":5,"maid":0,"e":"10.00","wd":3,"nb":0}],"wkts":6,"fow":[{"bp":{"over":11,"innings":1,"ball":4},"playerId":44,"r":90,"w":1},{"bp":{"over":14,"innings":1,"ball":4},"playerId":595,"r":113,"w":2},{"bp":{"over":16,"innings":1,"ball":4},"playerId":107,"r":137,"w":3},{"bp":{"over":17,"innings":1,"ball":1},"playerId":2740,"r":139,"w":4},{"bp":{"over":19,"innings":1,"ball":5},"playerId":100,"r":164,"w":5},{"bp":{"over":20,"innings":1,"ball":4},"playerId":210,"r":185,"w":6}]},"overProgress":"20","runRate":"9.35","overHistory":[{"ovNo":1,"ovBalls":["1",".",".","4",".","."]},{"ovNo":2,"ovBalls":[".",".",".",".","1Wd","1Wd",".","4"]},{"ovNo":3,"ovBalls":["1",".","1","1","1","."]},{"ovNo":4,"ovBalls":["4",".",".","2",".","1Nb","."]},{"ovNo":5,"ovBalls":["1",".","6",".","6","."]},{"ovNo":6,"ovBalls":[".","4","1",".","6","2"]},{"ovNo":7,"ovBalls":["1","1","1",".","1","1"]},{"ovNo":8,"ovBalls":["1",".","6","2",".","."]},{"ovNo":9,"ovBalls":["6","4","4",".","1","1"]},{"ovNo":10,"ovBalls":["4","1","1",".","2","."]},{"ovNo":11,"ovBalls":["2","1","1","W",".","1"]},{"ovNo":12,"ovBalls":["1","1",".","6","1","1"]},{"ovNo":13,"ovBalls":["1",".","1","4","1","2"]},{"ovNo":14,"ovBalls":["1","1","1","W",".","6"]},{"ovNo":15,"ovBalls":["1","1","6","1","1","6"]},{"ovNo":16,"ovBalls":[".","1","1","W","1","1"]},{"ovNo":17,"ovBalls":["W",".","1",".","1","."]},{"ovNo":18,"ovBalls":["2","1","6","1","4","1"]},{"ovNo":19,"ovBalls":["1Wd","1",".","4","1Wd","1","W","1Wd","6"]},{"ovNo":20,"ovBalls":["1Wd","1Wd","4","1Wd","1","6","W","1","1"]}]},{"inningsNumber":2,"scorecard":{"runs":162,"extras":{"wideRuns":7,"legByeRuns":1},"battingStats":[{"mod":{"text":"lbw Lasith Malinga","dismissedBp":{"over":1,"innings":2,"ball":4},"countingBp":{"over":1,"innings":2,"ball":4},"bowlerId":211,"dismissedMethod":"lbw"},"playerId":413,"r":0,"b":4,"sr":"0.00","4s":0,"6s":0},{"mod":{"text":"c Parthiv Patel b Vinay Kumar","dismissedBp":{"over":6,"innings":2,"ball":1},"countingBp":{"over":6,"innings":2,"ball":1},"bowlerId":166,"additionalPlayerIds":[44],"dismissedMethod":"ct"},"playerId":20,"r":16,"b":11,"sr":"145.45","4s":1,"6s":1},{"mod":{"text":"c Vinay Kumar b Jagadeesha Suchith","dismissedBp":{"over":14,"innings":2,"ball":5},"countingBp":{"over":14,"innings":2,"ball":5},"bowlerId":2741,"additionalPlayerIds":[166],"dismissedMethod":"ct"},"playerId":24,"r":45,"b":34,"sr":"132.35","4s":5,"6s":1},{"mod":{"text":"c & b Harbhajan Singh","dismissedBp":{"over":11,"innings":2,"ball":2},"countingBp":{"over":11,"innings":2,"ball":2},"bowlerId":103,"additionalPlayerIds":[103],"dismissedMethod":"ct"},"playerId":14,"r":25,"b":20,"sr":"125.00","4s":0,"6s":2},{"mod":{"text":"lbw Harbhajan Singh","dismissedBp":{"over":11,"innings":2,"ball":3},"countingBp":{"over":11,"innings":2,"ball":3},"bowlerId":103,"dismissedMethod":"lbw"},"playerId":1,"r":0,"b":1,"sr":"0.00","4s":0,"6s":0},{"mod":{"text":"run out (Parthiv Patel)","dismissedBp":{"over":15,"innings":2,"ball":5},"countingBp":{"over":15,"innings":2,"ball":5},"bowlerId":210,"additionalPlayerIds":[44],"dismissedMethod":"ro"},"playerId":25,"r":20,"b":15,"sr":"133.33","4s":2,"6s":1},{"mod":{"text":"c Jagadeesha Suchith b Mitchell McClenaghan","dismissedBp":{"over":18,"innings":2,"ball":2},"countingBp":{"over":18,"innings":2,"ball":2},"bowlerId":730,"additionalPlayerIds":[2741],"dismissedMethod":"ct"},"playerId":9,"r":19,"b":10,"sr":"190.00","4s":1,"6s":1},{"mod":{"text":"c sub (Unmukt Chand) b Vinay Kumar","dismissedBp":{"over":16,"innings":2,"ball":4},"countingBp":{"over":16,"innings":2,"ball":3},"bowlerId":166,"dismissedMethod":"ct"},"playerId":53,"r":3,"b":3,"sr":"100.00","4s":0,"6s":0},{"mod":{"text":"c Ambati Rayudu b Lasith Malinga","dismissedBp":{"over":19,"innings":2,"ball":4},"countingBp":{"over":19,"innings":2,"ball":4},"bowlerId":211,"additionalPlayerIds":[100],"dismissedMethod":"ct"},"playerId":8,"r":23,"b":12,"sr":"191.66","4s":2,"6s":1},{"playerId":1107,"r":3,"b":3,"sr":"100.00","4s":0,"6s":0},{"mod":{"text":"c Lendl Simmons b Lasith Malinga","dismissedBp":{"over":19,"innings":2,"ball":6},"countingBp":{"over":19,"innings":2,"ball":6},"bowlerId":211,"additionalPlayerIds":[595],"dismissedMethod":"ct"},"playerId":115,"r":0,"b":1,"sr":"0.00","4s":0,"6s":0}],"bowlingStats":[{"playerId":211,"r":23,"w":3,"ov":"4","d":8,"maid":0,"e":"5.75","wd":0,"nb":0},{"playerId":730,"r":46,"w":1,"ov":"3","d":5,"maid":0,"e":"15.33","wd":3,"nb":0},{"playerId":166,"r":26,"w":2,"ov":"3","d":6,"maid":0,"e":"8.66","wd":1,"nb":0},{"playerId":103,"r":26,"w":2,"ov":"4","d":8,"maid":0,"e":"6.50","wd":1,"nb":0},{"playerId":210,"r":22,"w":0,"ov":"3","d":2,"maid":0,"e":"7.33","wd":0,"nb":0},{"playerId":2741,"r":18,"w":1,"ov":"2","d":5,"maid":0,"e":"9.00","wd":0,"nb":0}],"allOut":true,"wkts":10,"fow":[{"bp":{"over":1,"innings":2,"ball":4},"playerId":413,"r":0,"w":1},{"bp":{"over":6,"innings":2,"ball":1},"playerId":20,"r":46,"w":2},{"bp":{"over":11,"innings":2,"ball":2},"playerId":14,"r":86,"w":3},{"bp":{"over":11,"innings":2,"ball":3},"playerId":1,"r":86,"w":4},{"bp":{"over":14,"innings":2,"ball":5},"playerId":24,"r":110,"w":5},{"bp":{"over":15,"innings":2,"ball":5},"playerId":25,"r":119,"w":6},{"bp":{"over":16,"innings":2,"ball":3},"playerId":53,"r":126,"w":7},{"bp":{"over":18,"innings":2,"ball":2},"playerId":9,"r":147,"w":8},{"bp":{"over":19,"innings":2,"ball":4},"playerId":8,"r":161,"w":9},{"bp":{"over":19,"innings":2,"ball":6},"playerId":115,"r":162,"w":10}]},"overProgress":"19","runRate":"8.52","overHistory":[{"ovNo":1,"ovBalls":[".",".",".","W","1","1"]},{"ovNo":2,"ovBalls":["1Wd","1Wd","4","1",".","6","4","."]},{"ovNo":3,"ovBalls":[".","1","1","1","1","."]},{"ovNo":4,"ovBalls":["1","6","1","2",".","."]},{"ovNo":5,"ovBalls":["1","4","4",".",".","4"]},{"ovNo":6,"ovBalls":["W",".","1","1","6","."]},{"ovNo":7,"ovBalls":["1","2Wd","1",".","1","1","1"]},{"ovNo":8,"ovBalls":["1","1","1","1",".","1"]},{"ovNo":9,"ovBalls":["1","1","6","1",".","4"]},{"ovNo":10,"ovBalls":["1","1Lb","2","1","1","1"]},{"ovNo":11,"ovBalls":[".","W","W","1","1","."]},{"ovNo":12,"ovBalls":["1","1","1",".","4","."]},{"ovNo":13,"ovBalls":[".","1","1","1",".","1"]},{"ovNo":14,"ovBalls":[".","6","4","1","W","."]},{"ovNo":15,"ovBalls":["1","1","4","2","1W","2"]},{"ovNo":16,"ovBalls":["2","1","2Wd","W","1","1","1"]},{"ovNo":17,"ovBalls":["1","1","4","1","1","4"]},{"ovNo":18,"ovBalls":["6","W","1Wd","1","1","6","1"]},{"ovNo":19,"ovBalls":["1","1","2","W","1","W"]}]}],"currentState":{"phase":"C","facingBatsman":1107,"nonFacingBatsman":-1,"currentInningsIndex":1,"currentPartnership":1,"currentBowler":-1,"currentBatsmen":[-1,1107],"recentOvers":[{"ovNo":14,"ovBalls":[".","6","4","1","W","."]},{"ovNo":15,"ovBalls":["1","1","4","2","1W","2"]},{"ovNo":16,"ovBalls":["2","1","2Wd","W","1","1","1"]},{"ovNo":17,"ovBalls":["1","1","4","1","1","4"]},{"ovNo":18,"ovBalls":["6","W","1Wd","1","1","6","1"]},{"ovNo":19,"ovBalls":["1","1","2","W","1","W"]}]}}