{"fragment":7,"updateTime":1431366213000,"matchId":{"id":3273,"name":"ipl2015-48 - SRH vs. KXIP","matchIdName":"ipl2015-48"},"commentaries":[{"bbcode":"Close! Karn shoots a slider through the pull of Miller and missed leg stump by a whisker","subtype":"BBCode","message":{"text":"<p>Close! Karn shoots a slider through the pull of Miller and missed leg stump by a whisker</p>"},"tags":[],"timestamp":1431364662000,"id":1193349,"time":"17:17","updateTime":1431364629223,"sequence":300.0,"type":"Manual"},{"innings":2,"over":12,"overRuns":5,"overWickets":0,"inningsRuns":79,"inningsWickets":4,"inningsAllOut":false,"team":{"id":4,"fullName":"Kings XI Punjab","shortName":"Kings XI","abbreviation":"KXIP","primaryColor":"DA1F3D","secondaryColor":"FFFFFF","type":"m"},"batsmanSummaries":[{"batsman":{"id":187,"fullName":"David Miller","shortName":"D Miller","nationality":"South African","rightHandedBat":false,"dateOfBirth":613440000000,"names":["David Miller","D Miller"]},"runs":11,"balls":14,"fours":0,"sixes":0},{"batsman":{"id":19,"fullName":"George Bailey","shortName":"G Bailey","nationality":"Australian","rightHandedBat":false,"dateOfBirth":400204800000,"names":["George Bailey","G Bailey"]},"runs":5,"balls":9,"fours":0,"sixes":0}],"activeBatsman":19,"bowlerSummary":{"bowler":{"id":1118,"fullName":"Karn Sharma","shortName":"K Sharma","nationality":"Indian","rightHandedBat":false,"dateOfBirth":561945600000,"names":["Karn Sharma","K Sharma"]},"overs":"1","runs":4,"wickets":0,"maidens":0},"inningsBalls":72,"inningsMaxBalls":120,"inningsTarget":186,"message":{"text":null},"tags":[],"timestamp":1431364618000,"id":1193348,"time":"17:16","updateTime":1431364618368,"sequence":300.5,"type":"Eov"},{"mediaId":"4229853201001","endpointUrlHq1":"http://brightcove.vo.llnwd.net/v1/uds/pd/3588749423001/201505/1383/3588749423001_4229991634001_M48-KXIP-2ND-WKT.mp4","endpointUrlHq2":"http://brightcove.vo.llnwd.net/v1/uds/pd/3588749423001/201505/2289/3588749423001_4229997169001_M48-KXIP-2ND-WKT.mp4","endpointUrlAlt":"http://c.brightcove.com/services/mobile/streaming/index/rendition.m3u8?assetId=4229994036001","title":"M48: SRH vs KXIP – Manan Vohra Wicket","largeThumbnail":"http://brightcove.vo.llnwd.net/v1/unsecured/media/3588749423001/201505/1913/3588749423001_4229991690001_vs-5550ded0e4b0a5e5844920cf-672293879001.jpg?pubId=3588749423001","duration":28770,"endpointUrl":"http://brightcove.vo.llnwd.net/v1/uds/pd/3588749423001/201505/1319/3588749423001_4229991702001_M48-KXIP-2ND-WKT.mp4","smallThumbnail":"http://brightcove.vo.llnwd.net/v1/unsecured/media/3588749423001/201505/2913/3588749423001_4229991691001_th-5550ded0e4b0a5e5844920cf-672293879001.jpg?pubId=3588749423001","description":null,"endpointUrlMq":"http://brightcove.vo.llnwd.net/v1/uds/pd/3588749423001/201505/3401/3588749423001_4229991156001_M48-KXIP-2ND-WKT.mp4","endpointUrlHq3":"http://brightcove.vo.llnwd.net/v1/uds/pd/3588749423001/201505/961/3588749423001_4229993759001_M48-KXIP-2ND-WKT.mp4","publishDate":1431363271249,"message":{"text":null},"tags":["account:iplt20","over 7","2015","ipl2015","match:ipl2015-48","IPL 2015","srh","innings 2","kxip","ball 1","ipl2015-48","wicket","playerid 1085","channel:ipl-match-centre"],"timestamp":1431364817000,"id":1193357,"time":"17:19","updateTime":1431364797942,"sequence":301.0,"type":"Video"},{"mediaId":"4229853209001","endpointUrlHq1":"http://brightcove.vo.llnwd.net/v1/uds/pd/3588749423001/201505/2281/3588749423001_4229994116001_M48-KXIP-3RD-SIX.mp4","endpointUrlHq2":"http://brightcove.vo.llnwd.net/v1/uds/pd/3588749423001/201505/1937/3588749423001_4230000909001_M48-KXIP-3RD-SIX.mp4","endpointUrlAlt":"http://c.brightcove.com/services/mobile/streaming/index/rendition.m3u8?assetId=4229994129001","title":"M48: SRH vs KXIP – Glenn Maxwell Six","largeThumbnail":"http://brightcove.vo.llnwd.net/v1/unsecured/media/3588749423001/201505/281/3588749423001_4229994118001_vs-5550dfb6e4b0a5e5844920d9-672293876001.jpg?pubId=3588749423001","duration":12284,"endpointUrl":"http://brightcove.vo.llnwd.net/v1/uds/pd/3588749423001/201505/1383/3588749423001_4229999834001_M48-KXIP-3RD-SIX.mp4","smallThumbnail":"http://brightcove.vo.llnwd.net/v1/unsecured/media/3588749423001/201505/1281/3588749423001_4229994119001_th-5550dfb6e4b0a5e5844920d9-672293876001.jpg?pubId=3588749423001","description":null,"endpointUrlMq":"http://brightcove.vo.llnwd.net/v1/uds/pd/3588749423001/201505/2937/3588749423001_4230000914001_M48-KXIP-3RD-SIX.mp4","endpointUrlHq3":"http://brightcove.vo.llnwd.net/v1/uds/pd/3588749423001/201505/3383/3588749423001_4229999824001_M48-KXIP-3RD-SIX.mp4","publishDate":1431363502359,"message":{"text":null},"tags":["account:iplt20","over 7","2015","ipl2015","six","match:ipl2015-48","IPL 2015","srh","innings 2","kxip","playerid 282","ipl2015-48","ball 6","channel:ipl-match-centre"],"timestamp":1431364822000,"id":1193358,"time":"17:19","updateTime":1431364797988,"sequence":301.25,"type":"Video"},{"bbcode":"M Henriques to G Bailey, %SPEED% short length on middle stump. He picks up a single","thisOver":"1","progress":{"innings":2,"over":13,"ball":1},"speed":34.6135160572203,"subtype":"BBCode","countingProgress":{"innings":2,"over":12,"ball":1},"bowlerId":388,"nonfacingBatsmanId":187,"facingBatsmanId":19,"autoText":"M Henriques to G Bailey, %SPEED% short length on middle stump. He picks up a single","message":{"text":null},"tags":[],"timestamp":1431364770000,"id":1193351,"time":"17:18","updateTime":1431364681982,"sequence":301.5,"type":"Auto"},{"bbcode":"[b]Damien Fleming: [/b][i]\"No boundaries for 29 balls!\"[/i]","subtype":"BBCode","message":{"text":"<p><strong>Damien Fleming:&nbsp;</strong><em>\"No boundaries for 29 balls!\"</em></p>"},"tags":[],"timestamp":1431364759000,"id":1193353,"time":"17:19","updateTime":1431364756549,"sequence":302.0,"type":"Manual"},{"bbcode":"M Henriques to D Miller, %SPEED% short length outside off stump. He picks up a single","thisOver":"1","progress":{"innings":2,"over":13,"ball":2},"speed":37.040320252325,"subtype":"BBCode","countingProgress":{"innings":2,"over":12,"ball":2},"bowlerId":388,"nonfacingBatsmanId":19,"facingBatsmanId":187,"autoText":"M Henriques to D Miller, %SPEED% short length outside off stump. He picks up a single","message":{"text":null},"tags":[],"timestamp":1431364823000,"id":1193352,"time":"17:19","updateTime":1431364740565,"sequence":302.5,"type":"Auto"},{"bbcode":"M Henriques to G Bailey, [b]WICKET!!! G Bailey is out[/b] c David Warner b Moises Henriques","thisOver":"W","progress":{"innings":2,"over":13,"ball":3},"speed":28.9385091271099,"subtype":"BBCode","countingProgress":{"innings":2,"over":12,"ball":3},"bowlerId":388,"nonfacingBatsmanId":187,"facingBatsmanId":19,"autoText":"M Henriques to G Bailey, <b>WICKET!!! G Bailey is out</b> c David Warner b Moises Henriques","message":{"text":null},"tags":["wicket"],"timestamp":1431364807000,"id":1193355,"time":"17:19","updateTime":1431364778252,"sequence":303.5,"type":"Auto"},{"bbcode":"[b]Wicket![/b] SRH makes pressure count as Bailey looks to force a hard cut shot over the covers. He miscues straight to Warner for one of the easiest catches you will see","subtype":"BBCode","message":{"text":"<p><strong>Wicket!</strong> SRH makes pressure count as Bailey looks to force a hard cut shot over the covers. He miscues straight to Warner for one of the easiest catches you will see</p>"},"tags":[],"timestamp":1431364879000,"id":1193356,"time":"17:19","updateTime":1431364784738,"sequence":304.5,"type":"Manual"},{"bbcode":"M Henriques to GM Singh, no run, %SPEED% full length outside off stump. He plays and misses","thisOver":".","progress":{"innings":2,"over":13,"ball":4},"speed":36.914312125549,"subtype":"BBCode","countingProgress":{"innings":2,"over":12,"ball":4},"bowlerId":388,"nonfacingBatsmanId":187,"facingBatsmanId":253,"autoText":"M Henriques to GM Singh, no run, %SPEED% full length outside off stump. He plays and misses","message":{"text":null},"tags":[],"timestamp":1431364949000,"id":1193363,"time":"17:21","updateTime":1431364882607,"sequence":305.5,"type":"Auto"},{"bbcode":"M Henriques to GM Singh, %SPEED% short length on leg stump. He plays and misses","thisOver":"1","progress":{"innings":2,"over":13,"ball":5},"speed":37.2373714796603,"subtype":"BBCode","countingProgress":{"innings":2,"over":12,"ball":5},"bowlerId":388,"nonfacingBatsmanId":187,"facingBatsmanId":253,"autoText":"M Henriques to GM Singh, %SPEED% short length on leg stump. He plays and misses","message":{"text":null},"tags":[],"timestamp":1431365012000,"id":1193364,"time":"17:21","updateTime":1431364919345,"sequence":306.5,"type":"Auto"},{"bbcode":"M Henriques to D Miller, %SPEED% short length outside off stump. He picks up a single","thisOver":"1","progress":{"innings":2,"over":13,"ball":6},"speed":30.4934565122438,"subtype":"BBCode","countingProgress":{"innings":2,"over":12,"ball":6},"bowlerId":388,"nonfacingBatsmanId":253,"facingBatsmanId":187,"autoText":"M Henriques to D Miller, %SPEED% short length outside off stump. He picks up a single","message":{"text":null},"tags":[],"timestamp":1431365012000,"id":1193365,"time":"17:22","updateTime":1431364956838,"sequence":307.5,"type":"Auto"},{"innings":2,"over":13,"overRuns":4,"overWickets":1,"inningsRuns":83,"inningsWickets":5,"inningsAllOut":false,"team":{"id":4,"fullName":"Kings XI Punjab","shortName":"Kings XI","abbreviation":"KXIP","primaryColor":"DA1F3D","secondaryColor":"FFFFFF","type":"m"},"batsmanSummaries":[{"batsman":{"id":187,"fullName":"David Miller","shortName":"D Miller","nationality":"South African","rightHandedBat":false,"dateOfBirth":613440000000,"names":["David Miller","D Miller"]},"runs":13,"balls":16,"fours":0,"sixes":0},{"batsman":{"id":253,"fullName":"Gurkeerat Mann Singh","shortName":"GM Singh","nationality":"Indian","rightHandedBat":false,"dateOfBirth":646617600000,"names":["Gurkeerat Mann Singh","GM Singh"]},"runs":1,"balls":2,"fours":0,"sixes":0}],"activeBatsman":187,"bowlerSummary":{"bowler":{"id":388,"fullName":"Moises Henriques","shortName":"M Henriques","nationality":"Australian","rightHandedBat":true,"dateOfBirth":539136000000,"names":["Moises Henriques","M Henriques"]},"overs":"3","runs":11,"wickets":2,"maidens":0},"inningsBalls":78,"inningsMaxBalls":120,"inningsTarget":186,"message":{"text":null},"tags":[],"timestamp":1431364956000,"id":1193366,"time":"17:22","updateTime":1431364956969,"sequence":308.5,"type":"Eov"},{"bbcode":"K Sharma to D Miller, %SPEED% good length on leg stump. He hits a great shot, that has gone all the way","thisOver":"6","progress":{"innings":2,"over":14,"ball":1},"speed":23.9967299860864,"subtype":"BBCode","countingProgress":{"innings":2,"over":13,"ball":1},"bowlerId":1118,"nonfacingBatsmanId":253,"facingBatsmanId":187,"autoText":"K Sharma to D Miller, %SPEED% good length on leg stump. He hits a great shot, that has gone all the way","message":{"text":null},"tags":["six"],"timestamp":1431365075000,"id":1193367,"time":"17:23","updateTime":1431365015135,"sequence":309.5,"type":"Auto"},{"bbcode":"[b]Six![/b] A monster from Milller! He knows his side need boundaries and he strikes a sweet one over mid on","subtype":"BBCode","message":{"text":"<p><strong>Six!</strong> A monster from Milller! He knows his side need boundaries and he strikes a sweet one over mid on</p>"},"tags":[],"timestamp":1431365054000,"id":1193368,"time":"17:23","updateTime":1431365027352,"sequence":310.5,"type":"Manual"},{"bbcode":"K Sharma to D Miller, %SPEED% good length going down leg. He picks up a single","thisOver":"1","progress":{"innings":2,"over":14,"ball":2},"speed":24.4030208376759,"subtype":"BBCode","countingProgress":{"innings":2,"over":13,"ball":2},"bowlerId":1118,"nonfacingBatsmanId":253,"facingBatsmanId":187,"autoText":"K Sharma to D Miller, %SPEED% good length going down leg. He picks up a single","message":{"text":null},"tags":[],"timestamp":1431365118000,"id":1193369,"time":"17:24","updateTime":1431365061195,"sequence":311.5,"type":"Auto"},{"bbcode":"K Sharma to GM Singh, %SPEED% good length outside off stump. He picks up a single","thisOver":"1","progress":{"innings":2,"over":14,"ball":3},"speed":22.2619579794367,"subtype":"BBCode","countingProgress":{"innings":2,"over":13,"ball":3},"bowlerId":1118,"nonfacingBatsmanId":187,"facingBatsmanId":253,"autoText":"K Sharma to GM Singh, %SPEED% good length outside off stump. He picks up a single","message":{"text":null},"tags":[],"timestamp":1431365118000,"id":1193370,"time":"17:24","updateTime":1431365093115,"sequence":312.5,"type":"Auto"},{"bbcode":"K Sharma to D Miller, %SPEED% good length just outside off stump. He hits a great shot, that has gone all the way","thisOver":"6","progress":{"innings":2,"over":14,"ball":4},"speed":24.862727388357,"subtype":"BBCode","countingProgress":{"innings":2,"over":13,"ball":4},"bowlerId":1118,"nonfacingBatsmanId":253,"facingBatsmanId":187,"autoText":"K Sharma to D Miller, %SPEED% good length just outside off stump. He hits a great shot, that has gone all the way","message":{"text":null},"tags":["six"],"timestamp":1431365180000,"id":1193371,"time":"17:25","updateTime":1431365117357,"sequence":313.5,"type":"Auto"},{"bbcode":"[b]Six![/b] Mighty Miller! He gets down on one knee and deposits the sweep shot 20 rows back over mid wicket","subtype":"BBCode","message":{"text":"<p><strong>Six!</strong> Mighty Miller! He gets down on one knee and deposits the sweep shot 20 rows back over mid wicket</p>"},"tags":[],"timestamp":1431365184000,"id":1193372,"time":"17:25","updateTime":1431365146323,"sequence":314.5,"type":"Manual"},{"bbcode":"K Sharma to D Miller, %SPEED% good length going down leg. He picks up a single","thisOver":"1","progress":{"innings":2,"over":14,"ball":5},"speed":24.8945887126842,"subtype":"BBCode","countingProgress":{"innings":2,"over":13,"ball":5},"bowlerId":1118,"nonfacingBatsmanId":253,"facingBatsmanId":187,"autoText":"K Sharma to D Miller, %SPEED% good length going down leg. He picks up a single","message":{"text":null},"tags":[],"timestamp":1431365243000,"id":1193373,"time":"17:25","updateTime":1431365156355,"sequence":315.5,"type":"Auto"},{"bbcode":"K Sharma to GM Singh, %SPEED% good length just outside off stump. He plays and misses","thisOver":"1","progress":{"innings":2,"over":14,"ball":6},"speed":24.3639692427467,"subtype":"BBCode","countingProgress":{"innings":2,"over":13,"ball":6},"bowlerId":1118,"nonfacingBatsmanId":187,"facingBatsmanId":253,"autoText":"K Sharma to GM Singh, %SPEED% good length just outside off stump. He plays and misses","message":{"text":null},"tags":[],"timestamp":1431365243000,"id":1193374,"time":"17:26","updateTime":1431365183591,"sequence":316.5,"type":"Auto"},{"innings":2,"over":14,"overRuns":16,"overWickets":0,"inningsRuns":99,"inningsWickets":5,"inningsAllOut":false,"team":{"id":4,"fullName":"Kings XI Punjab","shortName":"Kings XI","abbreviation":"KXIP","primaryColor":"DA1F3D","secondaryColor":"FFFFFF","type":"m"},"batsmanSummaries":[{"batsman":{"id":253,"fullName":"Gurkeerat Mann Singh","shortName":"GM Singh","nationality":"Indian","rightHandedBat":false,"dateOfBirth":646617600000,"names":["Gurkeerat Mann Singh","GM Singh"]},"runs":3,"balls":4,"fours":0,"sixes":0},{"batsman":{"id":187,"fullName":"David Miller","shortName":"D Miller","nationality":"South African","rightHandedBat":false,"dateOfBirth":613440000000,"names":["David Miller","D Miller"]},"runs":27,"balls":20,"fours":0,"sixes":2}],"activeBatsman":253,"bowlerSummary":{"bowler":{"id":1118,"fullName":"Karn Sharma","shortName":"K Sharma","nationality":"Indian","rightHandedBat":false,"dateOfBirth":561945600000,"names":["Karn Sharma","K Sharma"]},"overs":"2","runs":20,"wickets":0,"maidens":0},"inningsBalls":84,"inningsMaxBalls":120,"inningsTarget":186,"message":{"text":null},"tags":[],"timestamp":1431365183000,"id":1193375,"time":"17:26","updateTime":1431365183756,"sequence":317.5,"type":"Eov"},{"mediaId":"4229853220001","endpointUrlHq1":"http://brightcove.vo.llnwd.net/v1/uds/pd/3588749423001/201505/3847/3588749423001_4230017778001_M48-KXIP-3RD-WKT.mp4","endpointUrlHq2":"http://brightcove.vo.llnwd.net/v1/uds/pd/3588749423001/201505/2847/3588749423001_4230017787001_M48-KXIP-3RD-WKT.mp4","endpointUrlAlt":"http://c.brightcove.com/services/mobile/streaming/index/rendition.m3u8?assetId=4230018740001","title":"M48: SRH vs KXIP – Glenn Maxwell Wicket","largeThumbnail":"http://brightcove.vo.llnwd.net/v1/unsecured/media/3588749423001/201505/1847/3588749423001_4230017780001_vs-5550e249e4b0a5e5844920ea-672293877001.jpg?pubId=3588749423001","duration":25937,"endpointUrl":"http://brightcove.vo.llnwd.net/v1/uds/pd/3588749423001/201505/3847/3588749423001_4230017806001_M48-KXIP-3RD-WKT.mp4","smallThumbnail":"http://brightcove.vo.llnwd.net/v1/unsecured/media/3588749423001/201505/847/3588749423001_4230017781001_th-5550e249e4b0a5e5844920ea-672293877001.jpg?pubId=3588749423001","description":null,"endpointUrlMq":"http://brightcove.vo.llnwd.net/v1/uds/pd/3588749423001/201505/2385/3588749423001_4230017753001_M48-KXIP-3RD-WKT.mp4","endpointUrlHq3":"http://brightcove.vo.llnwd.net/v1/uds/pd/3588749423001/201505/1847/3588749423001_4230017796001_M48-KXIP-3RD-WKT.mp4","publishDate":1431364161144,"message":{"text":null},"tags":["account:iplt20","2015","over 8","ipl2015","match:ipl2015-48","IPL 2015","srh","innings 2","kxip","playerid 282","ball 3","ipl2015-48","wicket","channel:ipl-match-centre"],"timestamp":1431365225000,"id":1193376,"time":"17:27","updateTime":1431365225109,"sequence":318.5,"type":"Video"},{"mediaId":"4229853221001","endpointUrlHq1":"http://brightcove.vo.llnwd.net/v1/uds/pd/3588749423001/201505/1345/3588749423001_4230018731001_BEST-CATCH-DHAWAN.mp4","endpointUrlHq2":"http://brightcove.vo.llnwd.net/v1/uds/pd/3588749423001/201505/3847/3588749423001_4230017802001_BEST-CATCH-DHAWAN.mp4","endpointUrlAlt":"http://c.brightcove.com/services/mobile/streaming/index/rendition.m3u8?assetId=4230017808001","title":"M48: SRH vs KXIP – Now that's what you call a Dabanng catch and celebration","largeThumbnail":"http://brightcove.vo.llnwd.net/v1/unsecured/media/3588749423001/201505/983/3588749423001_4229908076001_video-still-for-video-4229853221001.jpg?pubId=3588749423001","duration":64087,"endpointUrl":"http://brightcove.vo.llnwd.net/v1/uds/pd/3588749423001/201505/3951/3588749423001_4230018709001_BEST-CATCH-DHAWAN.mp4","smallThumbnail":"http://brightcove.vo.llnwd.net/v1/unsecured/media/3588749423001/201505/1983/3588749423001_4229908075001_thumbnail-for-video-4229853221001.jpg?pubId=3588749423001","description":null,"endpointUrlMq":"http://brightcove.vo.llnwd.net/v1/uds/pd/3588749423001/201505/2887/3588749423001_4230018770001_BEST-CATCH-DHAWAN.mp4","endpointUrlHq3":"http://brightcove.vo.llnwd.net/v1/uds/pd/3588749423001/201505/2345/3588749423001_4230018732001_BEST-CATCH-DHAWAN.mp4","publishDate":1431364161684,"message":{"text":null},"tags":["account:iplt20","home","2015","ipl2015","match:ipl2015-48","channel:ipl-magic","IPL 2015","srh","kxip","feature","ipl2015-48","channel:ipl-2015","playerid 41"],"timestamp":1431365225000,"id":1193377,"time":"17:27","updateTime":1431365225164,"sequence":319.5,"type":"Video"},{"mediaId":"4229853225001","endpointUrlHq1":"http://brightcove.vo.llnwd.net/v1/uds/pd/3588749423001/201505/3481/3588749423001_4230030142001_M48-KXIP-4TH-WKT.mp4","endpointUrlHq2":"http://brightcove.vo.llnwd.net/v1/uds/pd/3588749423001/201505/2801/3588749423001_4230030485001_M48-KXIP-4TH-WKT.mp4","endpointUrlAlt":"http://c.brightcove.com/services/mobile/streaming/index/rendition.m3u8?assetId=4230034445001","title":"M48: SRH vs KXIP – Wriddhiman Saha Wicket","largeThumbnail":"http://brightcove.vo.llnwd.net/v1/unsecured/media/3588749423001/201505/3193/3588749423001_4230033934001_video-still-for-video-4229853225001.jpg?pubId=3588749423001","duration":24010,"endpointUrl":"http://brightcove.vo.llnwd.net/v1/uds/pd/3588749423001/201505/1481/3588749423001_4230030140001_M48-KXIP-4TH-WKT.mp4","smallThumbnail":"http://brightcove.vo.llnwd.net/v1/unsecured/media/3588749423001/201505/2193/3588749423001_4230033933001_thumbnail-for-video-4229853225001.jpg?pubId=3588749423001","description":null,"endpointUrlMq":"http://brightcove.vo.llnwd.net/v1/uds/pd/3588749423001/201505/2391/3588749423001_4230029512001_M48-KXIP-4TH-WKT.mp4","endpointUrlHq3":"http://brightcove.vo.llnwd.net/v1/uds/pd/3588749423001/201505/2495/3588749423001_4230030443001_M48-KXIP-4TH-WKT.mp4","publishDate":1431364652515,"message":{"text":null},"tags":["account:iplt20","2015","over 9","ipl2015","playerid 16","match:ipl2015-48","IPL 2015","srh","innings 2","kxip","ipl2015-48","wicket","ball 6","channel:ipl-match-centre"],"timestamp":1431365225000,"id":1193378,"time":"17:27","updateTime":1431365225220,"sequence":320.5,"type":"Video"},{"bbcode":"M Henriques to GM Singh, [b]WICKET!!! GM Singh is out[/b] c Eoin Morgan b Moises Henriques","thisOver":"W","progress":{"innings":2,"over":15,"ball":1},"speed":35.443215882438,"subtype":"BBCode","countingProgress":{"innings":2,"over":14,"ball":1},"bowlerId":388,"nonfacingBatsmanId":187,"facingBatsmanId":253,"autoText":"M Henriques to GM Singh, <b>WICKET!!! GM Singh is out</b> c Eoin Morgan b Moises Henriques","message":{"text":null},"tags":["wicket"],"timestamp":1431365271000,"id":1193379,"time":"17:27","updateTime":1431365247049,"sequence":321.5,"type":"Auto"},{"bbcode":"[b]Wicket![/b] Gurkeerat turns to leg but he gets a leading edge that flies to Morgan at point. KXIP in real trouble now","subtype":"BBCode","message":{"text":"<p><strong>Wicket!</strong> Gurkeerat turns to leg but he gets a leading edge that flies to Morgan at point. KXIP in real trouble now</p>"},"tags":[],"timestamp":1431365330000,"id":1193380,"time":"17:28","updateTime":1431365283244,"sequence":322.5,"type":"Manual"},{"bbcode":"M Henriques to A Patel, no run, %SPEED% short length just outside off stump. He plays and misses","thisOver":".","progress":{"innings":2,"over":15,"ball":2},"speed":36.7240534348061,"subtype":"BBCode","countingProgress":{"innings":2,"over":14,"ball":2},"bowlerId":388,"nonfacingBatsmanId":187,"facingBatsmanId":1113,"autoText":"M Henriques to A Patel, no run, %SPEED% short length just outside off stump. He plays and misses","message":{"text":null},"tags":[],"timestamp":1431365347000,"id":1193381,"time":"17:29","updateTime":1431365344776,"sequence":323.5,"type":"Auto"},{"bbcode":"M Henriques to A Patel, Wide delivery","thisOver":"1Wd","progress":{"innings":2,"over":15,"ball":3},"speed":37.5502905677246,"subtype":"BBCode","countingProgress":{"innings":2,"over":14,"ball":3},"bowlerId":388,"nonfacingBatsmanId":187,"facingBatsmanId":1113,"autoText":"M Henriques to A Patel, Wide delivery","message":{"text":null},"tags":[],"timestamp":1431365499000,"id":1193382,"time":"17:29","updateTime":1431365379102,"sequence":324.5,"type":"Auto"},{"bbcode":"M Henriques to A Patel, %SPEED% full length just outside off stump. He picks up a single","thisOver":"1","progress":{"innings":2,"over":15,"ball":4},"speed":37.863209655789,"subtype":"BBCode","countingProgress":{"innings":2,"over":14,"ball":3},"bowlerId":388,"nonfacingBatsmanId":187,"facingBatsmanId":1113,"autoText":"M Henriques to A Patel, %SPEED% full length just outside off stump. He picks up a single","message":{"text":null},"tags":[],"timestamp":1431365499000,"id":1193383,"time":"17:30","updateTime":1431365408966,"sequence":325.5,"type":"Auto"},{"bbcode":"M Henriques to D Miller, Wide delivery","thisOver":"1Wd","progress":{"innings":2,"over":15,"ball":5},"speed":37.3150654239636,"subtype":"BBCode","countingProgress":{"innings":2,"over":14,"ball":4},"bowlerId":388,"nonfacingBatsmanId":1113,"facingBatsmanId":187,"autoText":"M Henriques to D Miller, Wide delivery","message":{"text":null},"tags":[],"timestamp":1431365499000,"id":1193384,"time":"17:30","updateTime":1431365452506,"sequence":326.5,"type":"Auto"},{"bbcode":"M Henriques to D Miller, no run, %SPEED% short length just outside off stump. He plays and misses","thisOver":".","progress":{"innings":2,"over":15,"ball":6},"speed":33.7931398562593,"subtype":"BBCode","countingProgress":{"innings":2,"over":14,"ball":4},"bowlerId":388,"nonfacingBatsmanId":1113,"facingBatsmanId":187,"autoText":"M Henriques to D Miller, no run, %SPEED% short length just outside off stump. He plays and misses","message":{"text":null},"tags":[],"timestamp":1431365499000,"id":1193385,"time":"17:31","updateTime":1431365481500,"sequence":327.5,"type":"Auto"},{"bbcode":"M Henriques to D Miller, %SPEED% short length outside off stump. He picks up a single","thisOver":"1","progress":{"innings":2,"over":15,"ball":7},"speed":36.2434655769942,"subtype":"BBCode","countingProgress":{"innings":2,"over":14,"ball":5},"bowlerId":388,"nonfacingBatsmanId":1113,"facingBatsmanId":187,"autoText":"M Henriques to D Miller, %SPEED% short length outside off stump. He picks up a single","message":{"text":null},"tags":[],"timestamp":1431365614000,"id":1193386,"time":"17:32","updateTime":1431365521627,"sequence":328.5,"type":"Auto"},{"bbcode":"M Henriques to A Patel, %SPEED% short length just outside off stump. He picks up a single","thisOver":"1","progress":{"innings":2,"over":15,"ball":8},"speed":30.7061349364563,"subtype":"BBCode","countingProgress":{"innings":2,"over":14,"ball":6},"bowlerId":388,"nonfacingBatsmanId":187,"facingBatsmanId":1113,"autoText":"M Henriques to A Patel, %SPEED% short length just outside off stump. He picks up a single","message":{"text":null},"tags":[],"timestamp":1431365614000,"id":1193387,"time":"17:32","updateTime":1431365555998,"sequence":329.5,"type":"Auto"},{"innings":2,"over":15,"overRuns":5,"overWickets":1,"inningsRuns":104,"inningsWickets":6,"inningsAllOut":false,"team":{"id":4,"fullName":"Kings XI Punjab","shortName":"Kings XI","abbreviation":"KXIP","primaryColor":"DA1F3D","secondaryColor":"FFFFFF","type":"m"},"batsmanSummaries":[{"batsman":{"id":1113,"fullName":"Axar Patel","shortName":"A Patel","nationality":"Indian","rightHandedBat":false,"dateOfBirth":759024000000,"names":["Axar Patel","A Patel"]},"runs":2,"balls":3,"fours":0,"sixes":0},{"batsman":{"id":187,"fullName":"David Miller","shortName":"D Miller","nationality":"South African","rightHandedBat":false,"dateOfBirth":613440000000,"names":["David Miller","D Miller"]},"runs":28,"balls":22,"fours":0,"sixes":2}],"activeBatsman":1113,"bowlerSummary":{"bowler":{"id":388,"fullName":"Moises Henriques","shortName":"M Henriques","nationality":"Australian","rightHandedBat":true,"dateOfBirth":539136000000,"names":["Moises Henriques","M Henriques"]},"overs":"4","runs":16,"wickets":3,"maidens":0},"inningsBalls":90,"inningsMaxBalls":120,"inningsTarget":186,"message":{"text":null},"tags":[],"timestamp":1431365556000,"id":1193388,"time":"17:32","updateTime":1431365556120,"sequence":330.5,"type":"Eov"},{"bbcode":"We have the final Timeout of the evening and KXIP require a miracle to turn this around. SRH have bowled well and will look to try and finish this off before the 20 overs is up","subtype":"BBCode","message":{"text":"<p>We have the final Timeout of the evening and KXIP require a miracle to turn this around. SRH have bowled well and will look to try and finish this off before the 20 overs is up</p>"},"tags":[],"timestamp":1431365708000,"id":1193389,"time":"17:34","updateTime":1431365693157,"sequence":331.5,"type":"Manual"},{"bbcode":"I Sharma to A Patel, %SPEED% good length on middle stump. He picks up a single through mid-wicket","thisOver":"1","progress":{"innings":2,"over":16,"ball":1},"speed":38.6486709796462,"subtype":"BBCode","countingProgress":{"innings":2,"over":15,"ball":1},"bowlerId":38,"nonfacingBatsmanId":187,"facingBatsmanId":1113,"autoText":"I Sharma to A Patel, %SPEED% good length on middle stump. He picks up a single through mid-wicket","message":{"text":null},"tags":[],"timestamp":1431365845000,"id":1193390,"time":"17:36","updateTime":1431365771058,"sequence":332.5,"type":"Auto"},{"bbcode":"I Sharma to D Miller, %SPEED% short length going down leg. He hits a nice boundary","thisOver":"4","progress":{"innings":2,"over":16,"ball":2},"speed":37.5705665044245,"subtype":"BBCode","countingProgress":{"innings":2,"over":15,"ball":2},"bowlerId":38,"nonfacingBatsmanId":1113,"facingBatsmanId":187,"autoText":"I Sharma to D Miller, %SPEED% short length going down leg. He hits a nice boundary","message":{"text":null},"tags":["four"],"timestamp":1431365908000,"id":1193391,"time":"17:37","updateTime":1431365834709,"sequence":333.5,"type":"Auto"},{"bbcode":"Four! Miller swivels on the backfoot and helps the bouncer on its way past fine leg","subtype":"BBCode","message":{"text":"<p>Four! Miller swivels on the backfoot and helps the bouncer on its way past fine leg</p>"},"tags":[],"timestamp":1431365879000,"id":1193392,"time":"17:37","updateTime":1431365858927,"sequence":334.5,"type":"Manual"},{"bbcode":"I Sharma to D Miller, no run, %SPEED% short length on leg stump. He plays and misses","thisOver":".","progress":{"innings":2,"over":16,"ball":3},"speed":37.6744272753214,"subtype":"BBCode","countingProgress":{"innings":2,"over":15,"ball":3},"bowlerId":38,"nonfacingBatsmanId":1113,"facingBatsmanId":187,"autoText":"I Sharma to D Miller, no run, %SPEED% short length on leg stump. He plays and misses","message":{"text":null},"tags":[],"timestamp":1431365882000,"id":1193393,"time":"17:37","updateTime":1431365876225,"sequence":335.5,"type":"Auto"},{"bbcode":"I Sharma to D Miller, 1 leg bye","thisOver":"1Lb","progress":{"innings":2,"over":16,"ball":4},"speed":37.4608990664904,"subtype":"BBCode","countingProgress":{"innings":2,"over":15,"ball":4},"bowlerId":38,"nonfacingBatsmanId":1113,"facingBatsmanId":187,"autoText":"I Sharma to D Miller, 1 leg bye","message":{"text":null},"tags":[],"timestamp":1431365921000,"id":1193394,"time":"17:38","updateTime":1431365921304,"sequence":336.5,"type":"Auto"},{"bbcode":"I Sharma to A Patel, Wide delivery","thisOver":"1Wd","progress":{"innings":2,"over":16,"ball":5},"speed":36.5594158566441,"subtype":"BBCode","countingProgress":{"innings":2,"over":15,"ball":5},"bowlerId":38,"nonfacingBatsmanId":187,"facingBatsmanId":1113,"autoText":"I Sharma to A Patel, Wide delivery","message":{"text":null},"tags":[],"timestamp":1431365960000,"id":1193400,"time":"17:39","updateTime":1431365960530,"sequence":342.5,"type":"Auto"},{"bbcode":"I Sharma to A Patel, %SPEED% full length on off stump. He hits a nice boundary","thisOver":"4","progress":{"innings":2,"over":16,"ball":6},"speed":37.2307638932636,"subtype":"BBCode","countingProgress":{"innings":2,"over":15,"ball":5},"bowlerId":38,"nonfacingBatsmanId":187,"facingBatsmanId":1113,"autoText":"I Sharma to A Patel, %SPEED% full length on off stump. He hits a nice boundary","message":{"text":null},"tags":["four"],"timestamp":1431366088000,"id":1193401,"time":"17:40","updateTime":1431366004667,"sequence":343.5,"type":"Auto"},{"bbcode":"Four! Axar checks his lofted drive as Ishant rolls his wrists on a cutter, the KXIP batsmen gets good contact and the ball shoots up over the umpire","subtype":"BBCode","message":{"text":"<p>Four! Axar checks his lofted drive as Ishant rolls his wrists on a cutter, the KXIP batsmen gets good contact and the ball shoots up over the umpire</p>"},"tags":[],"timestamp":1431366092000,"id":1193402,"time":"17:40","updateTime":1431366029018,"sequence":344.5,"type":"Manual"},{"bbcode":"I Sharma to A Patel, %SPEED% short length going down leg. He picks up a single","thisOver":"1","progress":{"innings":2,"over":16,"ball":7},"speed":38.7035971334167,"subtype":"BBCode","countingProgress":{"innings":2,"over":15,"ball":6},"bowlerId":38,"nonfacingBatsmanId":187,"facingBatsmanId":1113,"autoText":"I Sharma to A Patel, %SPEED% short length going down leg. He picks up a single","message":{"text":null},"tags":[],"timestamp":1431366088000,"id":1193403,"time":"17:40","updateTime":1431366053607,"sequence":345.5,"type":"Auto"},{"innings":2,"over":16,"overRuns":12,"overWickets":0,"inningsRuns":116,"inningsWickets":6,"inningsAllOut":false,"team":{"id":4,"fullName":"Kings XI Punjab","shortName":"Kings XI","abbreviation":"KXIP","primaryColor":"DA1F3D","secondaryColor":"FFFFFF","type":"m"},"batsmanSummaries":[{"batsman":{"id":1113,"fullName":"Axar Patel","shortName":"A Patel","nationality":"Indian","rightHandedBat":false,"dateOfBirth":759024000000,"names":["Axar Patel","A Patel"]},"runs":8,"balls":6,"fours":1,"sixes":0},{"batsman":{"id":187,"fullName":"David Miller","shortName":"D Miller","nationality":"South African","rightHandedBat":false,"dateOfBirth":613440000000,"names":["David Miller","D Miller"]},"runs":32,"balls":25,"fours":1,"sixes":2}],"activeBatsman":1113,"bowlerSummary":{"bowler":{"id":38,"fullName":"Ishant Sharma","shortName":"I Sharma","nationality":"Indian","rightHandedBat":true,"dateOfBirth":589161600000,"names":["Ishant Sharma","I Sharma"]},"overs":"3","runs":27,"wickets":0,"maidens":0},"inningsBalls":96,"inningsMaxBalls":120,"inningsTarget":186,"message":{"text":null},"tags":[],"timestamp":1431366053000,"id":1193404,"time":"17:40","updateTime":1431366053725,"sequence":346.5,"type":"Eov"},{"bbcode":"Warner looks to his star wicket taker, Bhuvi Kumar!","subtype":"BBCode","message":{"text":"<p>Warner looks to his star wicket taker, Bhuvi Kumar!</p>"},"tags":[],"timestamp":1431366121000,"id":1193405,"time":"17:42","updateTime":1431366121779,"sequence":347.5,"type":"Manual"},{"bbcode":"B Kumar to A Patel, %SPEED% full toss outside off stump. He picks up a single","thisOver":"1","progress":{"innings":2,"over":17,"ball":1},"speed":36.7318233568697,"subtype":"BBCode","countingProgress":{"innings":2,"over":16,"ball":1},"bowlerId":116,"nonfacingBatsmanId":187,"facingBatsmanId":1113,"autoText":"B Kumar to A Patel, %SPEED% full toss outside off stump. He picks up a single","message":{"text":null},"tags":[],"timestamp":1431366213000,"id":1193406,"time":"17:42","updateTime":1431366129848,"sequence":348.5,"type":"Auto"},{"bbcode":"B Kumar to D Miller, %SPEED% full toss just outside off stump. He plays and misses","thisOver":"2","progress":{"innings":2,"over":17,"ball":2},"speed":37.4923042655582,"subtype":"BBCode","countingProgress":{"innings":2,"over":16,"ball":2},"bowlerId":116,"nonfacingBatsmanId":1113,"facingBatsmanId":187,"autoText":"B Kumar to D Miller, %SPEED% full toss just outside off stump. He plays and misses","message":{"text":null},"tags":[],"timestamp":1431366213000,"id":1193407,"time":"17:42","updateTime":1431366173569,"sequence":349.5,"type":"Auto"}]}