{"matchInfo":{"description":"Match 48","matchType":"IPLT20","teams":[{"id":3757,"players":[{"names":["Shikhar Dhawan","S Dhawan"],"dateOfBirth":502588800000,"id":41,"fullName":"Shikhar Dhawan","shortName":"S Dhawan","nationality":"Indian"},{"names":["David Warner","D Warner"],"dateOfBirth":530755200000,"id":170,"fullName":"David Warner","shortName":"D Warner","nationality":"Australian"},{"names":["Lokesh Rahul","L Rahul"],"rightHandedBat":true,"dateOfBirth":703555200000,"id":1125,"fullName":"Lokesh Rahul","shortName":"L Rahul","nationality":"Indian"},{"names":["Naman Ojha","N Ojha"],"dateOfBirth":427507200000,"id":52,"fullName":"Naman Ojha","shortName":"N Ojha","nationality":"Indian"},{"names":["Moises Henriques","M Henriques"],"rightHandedBat":true,"dateOfBirth":539136000000,"id":388,"fullName":"Moises Henriques","shortName":"M Henriques","nationality":"Australian"},{"names":["Eoin Morgan","E Morgan"],"dateOfBirth":526694400000,"id":197,"fullName":"Eoin Morgan","shortName":"E Morgan","nationality":"English"},{"names":["Karn Sharma","K Sharma"],"dateOfBirth":561945600000,"id":1118,"fullName":"Karn Sharma","shortName":"K Sharma","nationality":"Indian"},{"names":["Bipul Sharma","B Sharma"],"dateOfBirth":433555200000,"id":69,"fullName":"Bipul Sharma","shortName":"B Sharma","nationality":"Indian"},{"names":["Bhuvneshwar Kumar","B Kumar"],"dateOfBirth":660355200000,"id":116,"fullName":"Bhuvneshwar Kumar","shortName":"B Kumar","nationality":"Indian"},{"names":["Trent Boult","T Boult"],"rightHandedBat":true,"dateOfBirth":617068800000,"id":969,"fullName":"Trent Boult","shortName":"T Boult","nationality":"New Zealander"},{"names":["Ishant Sharma","I Sharma"],"rightHandedBat":true,"dateOfBirth":589161600000,"id":38,"fullName":"Ishant Sharma","shortName":"I Sharma","nationality":"Indian"}],"team":{"type":"m","fullName":"Sunrisers Hyderabad","shortName":"Sunrisers","abbreviation":"SRH","primaryColor":"FF9C00","secondaryColor":"FFFFFF","id":62},"wicketKeeper":{"names":["Naman Ojha","N Ojha"],"dateOfBirth":427507200000,"id":52,"fullName":"Naman Ojha","shortName":"N Ojha","nationality":"Indian"},"captain":{"names":["David Warner","D Warner"],"dateOfBirth":530755200000,"id":170,"fullName":"David Warner","shortName":"D Warner","nationality":"Australian"}},{"id":3756,"players":[{"names":["Murali Vijay","M Vijay"],"dateOfBirth":449625600000,"id":7,"fullName":"Murali Vijay","shortName":"M Vijay","nationality":"Indian"},{"names":["Manan Vohra","M Vohra"],"rightHandedBat":true,"dateOfBirth":742953600000,"id":1085,"fullName":"Manan Vohra","shortName":"M Vohra","nationality":"Indian"},{"names":["Wriddhiman Saha","W Saha"],"dateOfBirth":467424000000,"id":16,"fullName":"Wriddhiman Saha","shortName":"W Saha","nationality":"Indian"},{"names":["Glenn Maxwell","G Maxwell"],"dateOfBirth":592790400000,"id":282,"fullName":"Glenn Maxwell","shortName":"G Maxwell","nationality":"Australian"},{"names":["David Miller","D Miller"],"dateOfBirth":613440000000,"id":187,"fullName":"David Miller","shortName":"D Miller","nationality":"South African"},{"names":["George Bailey","G Bailey"],"dateOfBirth":400204800000,"id":19,"fullName":"George Bailey","shortName":"G Bailey","nationality":"Australian"},{"names":["Gurkeerat Mann Singh","GM Singh"],"dateOfBirth":646617600000,"id":253,"fullName":"Gurkeerat Mann Singh","shortName":"GM Singh","nationality":"Indian"},{"names":["Axar Patel","A Patel"],"dateOfBirth":759024000000,"id":1113,"fullName":"Axar Patel","shortName":"A Patel","nationality":"Indian"},{"names":["Beuran Hendricks","B Hendricks"],"rightHandedBat":true,"dateOfBirth":644803200000,"id":1752,"fullName":"Beuran Hendricks","shortName":"B Hendricks","nationality":"South African"},{"names":["Anureet Singh","Anureet Singh"],"rightHandedBat":true,"dateOfBirth":383529600000,"id":412,"fullName":"Anureet Singh","shortName":"Anureet Singh","nationality":"Indian"},{"names":["Sandeep Sharma","Sandeep Sharma"],"rightHandedBat":true,"dateOfBirth":737683200000,"id":1112,"fullName":"Sandeep Sharma","shortName":"Sandeep Sharma","nationality":"Indian"}],"team":{"type":"m","fullName":"Kings XI Punjab","shortName":"Kings XI","abbreviation":"KXIP","primaryColor":"DA1F3D","secondaryColor":"FFFFFF","id":4},"wicketKeeper":{"names":["Wriddhiman Saha","W Saha"],"dateOfBirth":467424000000,"id":16,"fullName":"Wriddhiman Saha","shortName":"W Saha","nationality":"Indian"},"captain":{"names":["George Bailey","G Bailey"],"dateOfBirth":400204800000,"id":19,"fullName":"George Bailey","shortName":"G Bailey","nationality":"Australian"}}],"venue":{"id":10,"country":"India","fullName":"Rajiv Gandhi International Cricket Stadium","shortName":"RGI Stadium","city":"Hyderabad"},"matchDate":"2015-05-11T20:00:00+0530","battingOrder":[0,1],"additionalInfo":{"toss.elected":"Sunrisers Hyderabad, who chose to bat","match.video.id":"4230051751001","stats.link":"http://www.iplt20.com/news/2015/more-news/6725/quick-stats-m48-srh-vs-kxip","match.summary":"","photostream.link":"http://www.iplt20.com/photos/296/ipl-2015-match-48-srh-v-kxip","mom.video.id":"4230051768001","home.team.fan.total":"6903","notes.1.1":"Powerplay - 56 runs, 0 wickets","away.team.fan.total":"4269","notes.1.2":"SRH: 50 runs in 4.2 overs","umpire.name.3":"Krishnamachari Srinivasan","notes.1.3":"1st Wicket: 50 runs in 26 balls (David Warner 28, Shikhar Dhawan 22)","umpire.name.4":"A Nanda Kishore","umpire.name.1":"Kumar Dharmasena","notes.1.4":"SRH: 100 runs in 12.2 overs","umpire.name.2":"Anil Chaudhary","notes.1.5":"David Warner: 50 off 36 balls (4 x fours, 3 x sixes)","notes.1.6":"2nd Wicket: 50 runs in 39 balls (David Warner 21, Moises Henriques 27)","notes.1.7":"SRH: 150 runs in 16.3 overs","notes.1.8":"Innings Break: SRH - 185/5 in 20 overs","highlights.link":"http://www.iplt20.com/videos/media/id/4230051751001/m48-srh-vs-kxip-match-highlights","result.playerofthematch":"David Warner","mom.video.thumb":"http://brightcove.vo.llnwd.net/v1/unsecured/media/3588749423001/201505/2231/3588749423001_4230156660001_video-still-for-video-4230051768001.jpg?pubId=3588749423001","interview.link":"http://www.iplt20.com/news/2015/features/6718/batsman-captain-fan-warner","sixes.video.id":"4230051794001","interview.thumb":"http://static2.iplt20.com/cms/media/images/320x213/42819.jpg","referee.name":"Roshan Mahanama","match.video.thumb":"http://brightcove.vo.llnwd.net/v1/unsecured/media/3588749423001/201505/231/3588749423001_4230156654001_video-still-for-video-4230051751001.jpg?pubId=3588749423001","stats.thumb":"http://static2.iplt20.com/cms/media/images/320x213/42820.jpg","toss.winner":"Sunrisers Hyderabad","notes.2.5":"7th Wicket: 50 runs in 25 balls (David Miller 31, Axar Patel 15)","sixes.video.thumb":"http://brightcove.vo.llnwd.net/v1/unsecured/media/3588749423001/201505/1065/3588749423001_4230156704001_video-still-for-video-4230051794001.jpg?pubId=3588749423001","notes.2.6":"KXIP: 150 runs in 18.3 overs","notes.2.3":"KXIP: 100 runs in 14.4 overs","notes.2.4":"David Miller: 50 off 31 balls (1 x four, 4 x sixes)","report.thumb":"http://static2.iplt20.com/cms/media/images/320x213/42790.jpg","notes.2.1":"Powerplay - 47 runs, 1 wicket","notes.2.2":"KXIP: 50 runs in 6.6 overs","report.link":"http://www.iplt20.com/news/2015/match-reports/6708/report-m48-srh-vs-kxip"},"oversLimit":20,"matchState":"C","isLimitedOvers":true,"matchStatus":{"text":"Sunrisers Hyderabad won by 5 runs","outcome":"A"},"matchSummary":"","tournamentLabel":"IPL 2015"},"matchId":{"tournamentId":{"name":"ipl2015","id":2785},"name":"ipl2015-48","id":3273,"parentId":{"name":"ipl2015","id":2785}},"innings":[{"inningsNumber":1,"scorecard":{"runs":185,"extras":{"noBallRuns":1,"wideRuns":3,"byeRuns":1},"battingStats":[{"mod":{"text":"c Gurkeerat Mann Singh b Beuran Hendricks","dismissedBp":{"over":18,"innings":1,"ball":1},"countingBp":{"over":18,"innings":1,"ball":1},"bowlerId":1752,"additionalPlayerIds":[253],"dismissedMethod":"ct"},"playerId":170,"r":81,"b":52,"sr":"155.76","4s":6,"6s":5},{"mod":{"text":"st Wriddhiman Saha b Glenn Maxwell","dismissedBp":{"over":7,"innings":1,"ball":1},"countingBp":{"over":7,"innings":1,"ball":1},"bowlerId":282,"additionalPlayerIds":[16],"dismissedMethod":"st"},"playerId":41,"r":24,"b":18,"sr":"133.33","4s":4,"6s":0},{"mod":{"text":"c Anureet Singh b Gurkeerat Mann Singh","dismissedBp":{"over":14,"innings":1,"ball":4},"countingBp":{"over":14,"innings":1,"ball":4},"bowlerId":253,"additionalPlayerIds":[412],"dismissedMethod":"ct"},"playerId":388,"r":28,"b":24,"sr":"116.66","4s":4,"6s":0},{"mod":{"text":"c Manan Vohra b Beuran Hendricks","dismissedBp":{"over":16,"innings":1,"ball":2},"countingBp":{"over":16,"innings":1,"ball":2},"bowlerId":1752,"additionalPlayerIds":[1085],"dismissedMethod":"ct"},"playerId":197,"r":17,"b":7,"sr":"242.85","4s":1,"6s":2},{"mod":{"text":"run out (George Bailey)","dismissedBp":{"over":18,"innings":1,"ball":2},"countingBp":{"over":18,"innings":1,"ball":2},"bowlerId":1752,"additionalPlayerIds":[19],"dismissedMethod":"ro"},"playerId":52,"r":2,"b":3,"sr":"66.66","4s":0,"6s":0},{"playerId":1125,"r":17,"b":10,"sr":"170.00","4s":1,"6s":1},{"playerId":1118,"r":11,"b":7,"sr":"157.14","4s":0,"6s":1}],"bowlingStats":[{"playerId":1112,"r":33,"w":0,"ov":"4","e":"8.25","nb":0,"d":9,"maid":0,"wd":0},{"playerId":412,"r":37,"w":0,"ov":"4","e":"9.25","nb":0,"d":10,"maid":0,"wd":0},{"playerId":1752,"r":40,"w":2,"ov":"4","e":"10.00","nb":1,"d":7,"maid":0,"wd":2},{"playerId":253,"r":27,"w":1,"ov":"3","e":"9.00","nb":0,"d":6,"maid":0,"wd":0},{"playerId":282,"r":28,"w":1,"ov":"3","e":"9.33","nb":0,"d":7,"maid":0,"wd":1},{"playerId":1113,"r":19,"w":0,"ov":"2","e":"9.50","nb":0,"d":3,"maid":0,"wd":0}],"wkts":5,"fow":[{"bp":{"over":7,"innings":1,"ball":1},"playerId":41,"r":56,"w":1},{"bp":{"over":14,"innings":1,"ball":4},"playerId":388,"r":121,"w":2},{"bp":{"over":16,"innings":1,"ball":2},"playerId":197,"r":140,"w":3},{"bp":{"over":18,"innings":1,"ball":1},"playerId":170,"r":157,"w":4},{"bp":{"over":18,"innings":1,"ball":2},"playerId":52,"r":157,"w":5}]},"overProgress":"20","runRate":"9.25","overHistory":[{"ovNo":1,"ovBalls":[".",".",".","3","2","."]},{"ovNo":2,"ovBalls":[".","4",".",".","6","4"]},{"ovNo":3,"ovBalls":[".",".","4","4",".","1"]},{"ovNo":4,"ovBalls":["4","4","1","6","1","1Wd","1"]},{"ovNo":5,"ovBalls":["1","4","1","1",".","."]},{"ovNo":6,"ovBalls":[".","1",".",".","1","1B"]},{"ovNo":7,"ovBalls":["W",".",".","1","1Wd",".","."]},{"ovNo":8,"ovBalls":["4","1","1",".","1","4"]},{"ovNo":9,"ovBalls":["1",".","1",".","1","1"]},{"ovNo":10,"ovBalls":["2Nb","4","1","1","4","1","."]},{"ovNo":11,"ovBalls":["1","1",".",".","1","1"]},{"ovNo":12,"ovBalls":["1","1","1","1","1","4"]},{"ovNo":13,"ovBalls":[".","6","1","1","6","1"]},{"ovNo":14,"ovBalls":["6","1",".","W","2","."]},{"ovNo":15,"ovBalls":[".","6","6","4","1","."]},{"ovNo":16,"ovBalls":[".","W","2","1Wd","2","1","1"]},{"ovNo":17,"ovBalls":["1",".","4","4","1","."]},{"ovNo":18,"ovBalls":["W","W","1",".","1","."]},{"ovNo":19,"ovBalls":["1","1","1","2",".","6"]},{"ovNo":20,"ovBalls":["6","1","1","1","4","2"]}]},{"inningsNumber":2,"scorecard":{"runs":180,"extras":{"wideRuns":4,"legByeRuns":3},"battingStats":[{"mod":{"text":"c Shikhar Dhawan b Bipul Sharma","dismissedBp":{"over":5,"innings":2,"ball":5},"countingBp":{"over":5,"innings":2,"ball":5},"bowlerId":69,"additionalPlayerIds":[41],"dismissedMethod":"ct"},"playerId":7,"r":24,"b":18,"sr":"133.33","4s":4,"6s":1},{"mod":{"text":"c Bhuvneshwar Kumar b Bipul Sharma","dismissedBp":{"over":7,"innings":2,"ball":1},"countingBp":{"over":7,"innings":2,"ball":1},"bowlerId":69,"additionalPlayerIds":[116],"dismissedMethod":"ct"},"playerId":1085,"r":20,"b":15,"sr":"133.33","4s":2,"6s":1},{"mod":{"text":"c Lokesh Rahul b Moises Henriques","dismissedBp":{"over":9,"innings":2,"ball":6},"countingBp":{"over":9,"innings":2,"ball":6},"bowlerId":388,"additionalPlayerIds":[1125],"dismissedMethod":"ct"},"playerId":16,"r":5,"b":10,"sr":"50.00","4s":0,"6s":0},{"mod":{"text":"c Naman Ojha b Trent Boult","dismissedBp":{"over":8,"innings":2,"ball":3},"countingBp":{"over":8,"innings":2,"ball":3},"bowlerId":969,"additionalPlayerIds":[52],"dismissedMethod":"ct"},"playerId":282,"r":11,"b":6,"sr":"183.33","4s":1,"6s":1},{"playerId":187,"r":89,"b":44,"sr":"202.27","4s":2,"6s":9},{"mod":{"text":"c David Warner b Moises Henriques","dismissedBp":{"over":13,"innings":2,"ball":3},"countingBp":{"over":13,"innings":2,"ball":3},"bowlerId":388,"additionalPlayerIds":[170],"dismissedMethod":"ct"},"playerId":19,"r":6,"b":11,"sr":"54.54","4s":0,"6s":0},{"mod":{"text":"c Eoin Morgan b Moises Henriques","dismissedBp":{"over":15,"innings":2,"ball":1},"countingBp":{"over":15,"innings":2,"ball":1},"bowlerId":388,"additionalPlayerIds":[197],"dismissedMethod":"ct"},"playerId":253,"r":3,"b":5,"sr":"60.00","4s":0,"6s":0},{"mod":{"text":"c Naman Ojha b Bhuvneshwar Kumar","dismissedBp":{"over":19,"innings":2,"ball":6},"countingBp":{"over":19,"innings":2,"ball":6},"bowlerId":116,"additionalPlayerIds":[52],"dismissedMethod":"ct"},"playerId":1113,"r":15,"b":11,"sr":"136.36","4s":2,"6s":0},{"playerId":1752,"r":0,"b":0,"4s":0,"6s":0}],"bowlingStats":[{"playerId":116,"r":34,"w":1,"ov":"4","e":"8.50","nb":0,"d":10,"maid":0,"wd":0},{"playerId":969,"r":45,"w":1,"ov":"4","e":"11.25","nb":0,"d":8,"maid":0,"wd":1},{"playerId":38,"r":49,"w":0,"ov":"4","e":"12.25","nb":0,"d":8,"maid":0,"wd":1},{"playerId":69,"r":13,"w":2,"ov":"2","e":"6.50","nb":0,"d":7,"maid":0,"wd":0},{"playerId":388,"r":16,"w":3,"ov":"4","e":"4.00","nb":0,"d":10,"maid":0,"wd":2},{"playerId":1118,"r":20,"w":0,"ov":"2","e":"10.00","nb":0,"d":3,"maid":0,"wd":0}],"wkts":7,"fow":[{"bp":{"over":5,"innings":2,"ball":5},"playerId":7,"r":42,"w":1},{"bp":{"over":7,"innings":2,"ball":1},"playerId":1085,"r":47,"w":2},{"bp":{"over":8,"innings":2,"ball":3},"playerId":282,"r":60,"w":3},{"bp":{"over":9,"innings":2,"ball":6},"playerId":16,"r":65,"w":4},{"bp":{"over":13,"innings":2,"ball":3},"playerId":19,"r":81,"w":5},{"bp":{"over":15,"innings":2,"ball":1},"playerId":253,"r":99,"w":6},{"bp":{"over":19,"innings":2,"ball":6},"playerId":1113,"r":158,"w":7}]},"overProgress":"20","runRate":"9.00","overHistory":[{"ovNo":1,"ovBalls":[".",".",".",".",".","1"]},{"ovNo":2,"ovBalls":["6","4",".","1","1Lb","4"]},{"ovNo":3,"ovBalls":["4","1",".",".",".","4"]},{"ovNo":4,"ovBalls":[".",".","6","1","4","."]},{"ovNo":5,"ovBalls":[".","4",".","1","W","."]},{"ovNo":6,"ovBalls":["1","1","1",".","1","1"]},{"ovNo":7,"ovBalls":["W","1","1",".",".","6"]},{"ovNo":8,"ovBalls":["1","4","W",".","1","1Wd","."]},{"ovNo":9,"ovBalls":["1","1",".","1",".","W"]},{"ovNo":10,"ovBalls":["2",".","1",".","1","1"]},{"ovNo":11,"ovBalls":["1",".","1","1",".","1"]},{"ovNo":12,"ovBalls":[".","1","2","1Lb","1","."]},{"ovNo":13,"ovBalls":["1","1","W",".","1","1"]},{"ovNo":14,"ovBalls":["6","1","1","6","1","1"]},{"ovNo":15,"ovBalls":["W",".","1Wd","1","1Wd",".","1","1"]},{"ovNo":16,"ovBalls":["1","4",".","1Lb","1Wd","4","1"]},{"ovNo":17,"ovBalls":["1","2","2","2","6","."]},{"ovNo":18,"ovBalls":["4","1","6",".","6","1"]},{"ovNo":19,"ovBalls":["1","1","6","2","1","W"]},{"ovNo":20,"ovBalls":["6","6",".","4",".","6"]}]}],"currentState":{"phase":"C","facingBatsman":1752,"nonFacingBatsman":187,"currentInningsIndex":1,"currentPartnership":22,"currentBowler":-1,"currentBatsmen":[187,1752],"recentOvers":[{"ovNo":15,"ovBalls":["W",".","1Wd","1","1Wd",".","1","1"]},{"ovNo":16,"ovBalls":["1","4",".","1Lb","1Wd","4","1"]},{"ovNo":17,"ovBalls":["1","2","2","2","6","."]},{"ovNo":18,"ovBalls":["4","1","6",".","6","1"]},{"ovNo":19,"ovBalls":["1","1","6","2","1","W"]},{"ovNo":20,"ovBalls":["6","6",".","4",".","6"]}]}}