{"fragment":7,"updateTime":1429725962000,"matchId":{"id":3245,"name":"ipl2015-20 - RCB vs. CSK","matchIdName":"ipl2015-20"},"commentaries":[{"bbcode":"I Pandey to V Kohli, %SPEED% full length on middle stump. He picks up a single","thisOver":"1","progress":{"innings":2,"over":11,"ball":5},"speed":32.9208153326797,"subtype":"BBCode","countingProgress":{"innings":2,"over":10,"ball":5},"bowlerId":1090,"nonfacingBatsmanId":233,"facingBatsmanId":164,"autoText":"I Pandey to V Kohli, %SPEED% full length on middle stump. He picks up a single","message":{"text":null},"tags":[],"timestamp":1429724544000,"id":1170303,"time":"17:41","updateTime":1429724485129,"sequence":300.0,"type":"Auto"},{"bbcode":"I Pandey to AB de Villiers, %SPEED% full length outside off stump. He hits a great shot, that has gone all the way","thisOver":"6","progress":{"innings":2,"over":11,"ball":6},"speed":33.647380551011,"subtype":"BBCode","countingProgress":{"innings":2,"over":10,"ball":6},"bowlerId":1090,"nonfacingBatsmanId":164,"facingBatsmanId":233,"autoText":"I Pandey to AB de Villiers, %SPEED% full length outside off stump. He hits a great shot, that has gone all the way","message":{"text":null},"tags":["six"],"timestamp":1429724595000,"id":1170304,"time":"17:41","updateTime":1429724515350,"sequence":301.0,"type":"Auto"},{"bbcode":"[b]Six![/b] An AB special! NASA would have that on their radar as it rockets into the stands over mid off","subtype":"BBCode","message":{"text":"<p><strong>Six!</strong> An AB special! NASA would have that on their radar as it rockets into the stands over mid off</p>"},"tags":[],"timestamp":1429724575000,"id":1170310,"time":"17:42","updateTime":1429724566807,"sequence":301.5,"type":"Manual"},{"innings":2,"over":11,"overRuns":9,"overWickets":0,"inningsRuns":84,"inningsWickets":3,"inningsAllOut":false,"team":{"id":9,"fullName":"Royal Challengers Bangalore","shortName":"Challengers","abbreviation":"RCB","primaryColor":"F1901D","secondaryColor":"FFFFFF","type":"m"},"batsmanSummaries":[{"batsman":{"id":233,"fullName":"AB de Villiers","shortName":"AB de Villiers","nationality":"South African","rightHandedBat":false,"dateOfBirth":445824000000,"names":["AB de Villiers","AB de Villiers"]},"runs":14,"balls":10,"fours":0,"sixes":2},{"batsman":{"id":164,"fullName":"Virat Kohli","shortName":"V Kohli","nationality":"Indian","rightHandedBat":false,"dateOfBirth":594691200000,"names":["Virat Kohli","V Kohli"]},"runs":27,"balls":22,"fours":2,"sixes":1}],"activeBatsman":164,"bowlerSummary":{"bowler":{"id":1090,"fullName":"Ishwar Pandey","shortName":"I Pandey","nationality":"Indian","rightHandedBat":true,"dateOfBirth":619142400000,"names":["Ishwar Pandey","I Pandey"]},"overs":"3","runs":18,"wickets":1,"maidens":0},"inningsBalls":66,"inningsMaxBalls":120,"inningsTarget":182,"message":{"text":null},"tags":[],"timestamp":1429724515000,"id":1170305,"time":"17:41","updateTime":1429724515495,"sequence":302.0,"type":"Eov"},{"mediaId":"4189371010001","endpointUrlHq1":"http://brightcove.vo.llnwd.net/v1/uds/pd/3588749423001/201504/3906/3588749423001_4189533414001_MATCH-20-RCB-2ND-SIX.mp4","endpointUrlHq2":"http://brightcove.vo.llnwd.net/v1/uds/pd/3588749423001/201504/1590/3588749423001_4189521911001_MATCH-20-RCB-2ND-SIX.mp4","endpointUrlAlt":"http://c.brightcove.com/services/mobile/streaming/index/rendition.m3u8?assetId=4189530666001","title":"M20: RCB vs CSK – Virat Kohli Six","largeThumbnail":"http://brightcove.vo.llnwd.net/v1/unsecured/media/3588749423001/201504/3906/3588749423001_4189533418001_vs-5537db4be4b04b2709092a75-767904719001.jpg?pubId=3588749423001","duration":28561,"endpointUrl":"http://brightcove.vo.llnwd.net/v1/uds/pd/3588749423001/201504/990/3588749423001_4189531758001_MATCH-20-RCB-2ND-SIX.mp4","smallThumbnail":"http://brightcove.vo.llnwd.net/v1/unsecured/media/3588749423001/201504/2906/3588749423001_4189533421001_th-5537db4be4b04b2709092a75-767904719001.jpg?pubId=3588749423001","description":null,"endpointUrlMq":"http://brightcove.vo.llnwd.net/v1/uds/pd/3588749423001/201504/990/3588749423001_4189531746001_MATCH-20-RCB-2ND-SIX.mp4","endpointUrlHq3":"http://brightcove.vo.llnwd.net/v1/uds/pd/3588749423001/201504/1242/3588749423001_4189531713001_MATCH-20-RCB-2ND-SIX.mp4","publishDate":1429723969879,"message":{"text":null},"tags":["account:iplt20","2015","over 8","ipl2015","six","match:ipl2015-20","playerid 164","IPL 2015","innings 2","ipl2015-20","ball 4","channel:ipl-match-centre","csk","rcb"],"timestamp":1429724539000,"id":1170308,"time":"17:42","updateTime":1429724539553,"sequence":303.0,"type":"Video"},{"mediaId":"4189371015001","endpointUrlHq1":"http://brightcove.vo.llnwd.net/v1/uds/pd/3588749423001/201504/3294/3588749423001_4189537590001_MATCH-20-RCB-3RD-WKT.mp4","endpointUrlHq2":"http://brightcove.vo.llnwd.net/v1/uds/pd/3588749423001/201504/134/3588749423001_4189541845001_MATCH-20-RCB-3RD-WKT.mp4","endpointUrlAlt":"http://c.brightcove.com/services/mobile/streaming/index/rendition.m3u8?assetId=4189542826001","title":"M20: RCB vs CSK – Dinesh Karthik Wicket","largeThumbnail":"http://brightcove.vo.llnwd.net/v1/unsecured/media/3588749423001/201504/1294/3588749423001_4189537592001_vs-5537dc11e4b04b2709092a87-1592194021001.jpg?pubId=3588749423001","duration":27563,"endpointUrl":"http://brightcove.vo.llnwd.net/v1/uds/pd/3588749423001/201504/174/3588749423001_4189542828001_MATCH-20-RCB-3RD-WKT.mp4","smallThumbnail":"http://brightcove.vo.llnwd.net/v1/unsecured/media/3588749423001/201504/3294/3588749423001_4189537594001_th-5537dc11e4b04b2709092a87-1592194021001.jpg?pubId=3588749423001","description":null,"endpointUrlMq":"http://brightcove.vo.llnwd.net/v1/uds/pd/3588749423001/201504/3278/3588749423001_4189535544001_MATCH-20-RCB-3RD-WKT.mp4","endpointUrlHq3":"http://brightcove.vo.llnwd.net/v1/uds/pd/3588749423001/201504/1162/3588749423001_4189541867001_MATCH-20-RCB-3RD-WKT.mp4","publishDate":1429724072167,"message":{"text":null},"tags":["account:iplt20","2015","over 9","ipl2015","match:ipl2015-20","IPL 2015","innings 2","ipl2015-20","ball 2","playerid 102","wicket","channel:ipl-match-centre","csk","rcb"],"timestamp":1429724539000,"id":1170309,"time":"17:42","updateTime":1429724539618,"sequence":304.0,"type":"Video"},{"bbcode":"R Jadeja to V Kohli, no run, %SPEED% good length just outside off stump. He doesn't offer a shot","thisOver":".","progress":{"innings":2,"over":12,"ball":1},"speed":26.5810841377643,"subtype":"BBCode","countingProgress":{"innings":2,"over":11,"ball":1},"bowlerId":9,"nonfacingBatsmanId":233,"facingBatsmanId":164,"autoText":"R Jadeja to V Kohli, no run, %SPEED% good length just outside off stump. He doesn't offer a shot","message":{"text":null},"tags":[],"timestamp":1429724677000,"id":1170314,"time":"17:43","updateTime":1429724582704,"sequence":305.0,"type":"Auto"},{"bbcode":"R Jadeja to V Kohli, no run, %SPEED% short length outside off stump. He plays and misses","thisOver":".","progress":{"innings":2,"over":12,"ball":2},"speed":26.4505817155559,"subtype":"BBCode","countingProgress":{"innings":2,"over":11,"ball":2},"bowlerId":9,"nonfacingBatsmanId":233,"facingBatsmanId":164,"autoText":"R Jadeja to V Kohli, no run, %SPEED% short length outside off stump. He plays and misses","message":{"text":null},"tags":[],"timestamp":1429724812000,"id":1170315,"time":"17:43","updateTime":1429724602103,"sequence":306.0,"type":"Auto"},{"bbcode":"R Jadeja to V Kohli, [b]WICKET!!! AB de Villiers is out[/b] run out (Dwayne Smith)","thisOver":"1W","progress":{"innings":2,"over":12,"ball":3},"speed":27.0952983520152,"subtype":"BBCode","countingProgress":{"innings":2,"over":11,"ball":3},"bowlerId":9,"nonfacingBatsmanId":233,"facingBatsmanId":164,"autoText":"R Jadeja to V Kohli, <b>WICKET!!! AB de Villiers is out</b> run out (Dwayne Smith)","message":{"text":null},"tags":["wicket"],"timestamp":1429724830000,"id":1170317,"time":"17:44","updateTime":1429724683480,"sequence":307.0,"type":"Auto"},{"bbcode":"[b]Wicket![/b] Smith has a cannon of an arm at deep cover! The batsmen looked for two but Kohli sends AB back. Dhoni gathers the ball and underarms the ball onto the stumps. WHat teamwork!","subtype":"BBCode","message":{"text":"<p><strong>Wicket!</strong> Smith has a cannon of an arm at deep cover! The batsmen looked for two but Kohli sends AB back. Dhoni gathers the ball and underarms the ball onto the stumps. WHat teamwork!</p>"},"tags":[],"timestamp":1429724928000,"id":1170324,"time":"17:48","updateTime":1429724924706,"sequence":307.5,"type":"Manual"},{"bbcode":"R Jadeja to S Khan, no run, %SPEED% good length just outside off stump. He plays and misses","thisOver":".","progress":{"innings":2,"over":12,"ball":4},"speed":26.8152202467779,"subtype":"BBCode","countingProgress":{"innings":2,"over":11,"ball":4},"bowlerId":9,"nonfacingBatsmanId":164,"facingBatsmanId":1564,"autoText":"R Jadeja to S Khan, no run, %SPEED% good length just outside off stump. He plays and misses","message":{"text":null},"tags":[],"timestamp":1429724750000,"id":1170318,"time":"17:45","updateTime":1429724745766,"sequence":308.0,"type":"Auto"},{"bbcode":"R Jadeja to S Khan, %SPEED% good length outside off stump. He picks up a single","thisOver":"1","progress":{"innings":2,"over":12,"ball":5},"speed":26.3544769995236,"subtype":"BBCode","countingProgress":{"innings":2,"over":11,"ball":5},"bowlerId":9,"nonfacingBatsmanId":164,"facingBatsmanId":1564,"autoText":"R Jadeja to S Khan, %SPEED% good length outside off stump. He picks up a single","message":{"text":null},"tags":[],"timestamp":1429724845000,"id":1170319,"time":"17:46","updateTime":1429724767714,"sequence":309.0,"type":"Auto"},{"bbcode":"R Jadeja to V Kohli, no run, %SPEED% good length outside off stump. He plays and misses","thisOver":".","progress":{"innings":2,"over":12,"ball":6},"speed":26.7153110107862,"subtype":"BBCode","countingProgress":{"innings":2,"over":11,"ball":6},"bowlerId":9,"nonfacingBatsmanId":1564,"facingBatsmanId":164,"autoText":"R Jadeja to V Kohli, no run, %SPEED% good length outside off stump. He plays and misses","message":{"text":null},"tags":[],"timestamp":1429724797000,"id":1170320,"time":"17:46","updateTime":1429724790340,"sequence":310.0,"type":"Auto"},{"innings":2,"over":12,"overRuns":2,"overWickets":1,"inningsRuns":86,"inningsWickets":4,"inningsAllOut":false,"team":{"id":9,"fullName":"Royal Challengers Bangalore","shortName":"Challengers","abbreviation":"RCB","primaryColor":"F1901D","secondaryColor":"FFFFFF","type":"m"},"batsmanSummaries":[{"batsman":{"id":164,"fullName":"Virat Kohli","shortName":"V Kohli","nationality":"Indian","rightHandedBat":false,"dateOfBirth":594691200000,"names":["Virat Kohli","V Kohli"]},"runs":28,"balls":26,"fours":2,"sixes":1},{"batsman":{"id":1564,"fullName":"Sarfaraz Khan","shortName":"S Khan","nationality":"Indian","rightHandedBat":true,"dateOfBirth":877478400000,"names":["Sarfaraz Khan","S Khan"]},"runs":1,"balls":2,"fours":0,"sixes":0}],"activeBatsman":1564,"bowlerSummary":{"bowler":{"id":9,"fullName":"Ravindra Jadeja","shortName":"R Jadeja","nationality":"Indian","rightHandedBat":false,"dateOfBirth":597369600000,"names":["Ravindra Jadeja","R Jadeja"]},"overs":"2","runs":15,"wickets":0,"maidens":0},"inningsBalls":72,"inningsMaxBalls":120,"inningsTarget":182,"message":{"text":null},"tags":[],"timestamp":1429724830000,"id":1170321,"time":"17:46","updateTime":1429724790503,"sequence":311.0,"type":"Eov"},{"subtype":"EmbeddedTweet","tweetjson":{"created_at":"Wed Apr 22 17:46:52 +0000 2015","id":590934810765438976,"id_str":"590934810765438976","text":"Nice work @msdhoni","source":"<a href=\"http://twitter.com/#!/download/ipad\" rel=\"nofollow\">Twitter for iPad</a>","truncated":false,"in_reply_to_status_id":null,"in_reply_to_status_id_str":null,"in_reply_to_user_id":null,"in_reply_to_user_id_str":null,"in_reply_to_screen_name":null,"user":{"id":181933750,"id_str":"181933750","name":"Niall John O Brien","screen_name":"niallnobiobrien","location":"Dublin","profile_location":null,"description":"Ireland & Leicestershire Cricketer. Sponsored by Clifton Packaging. JRWalker accountancy ,@buckstownhouse @graynics  ambassador to @weddingsonline @BreatheSport","url":"http://t.co/2jKyZy6VDi","entities":{"url":{"urls":[{"url":"http://t.co/2jKyZy6VDi","expanded_url":"http://www.niallobriencricket.co.uk","display_url":"niallobriencricket.co.uk","indices":[0,22]}]},"description":{"urls":[]}},"protected":false,"followers_count":23193,"friends_count":1404,"listed_count":223,"created_at":"Mon Aug 23 12:10:04 +0000 2010","favourites_count":74,"utc_offset":null,"time_zone":null,"geo_enabled":false,"verified":true,"statuses_count":25723,"lang":"en","contributors_enabled":false,"is_translator":false,"is_translation_enabled":false,"profile_background_color":"C0DEED","profile_background_image_url":"http://abs.twimg.com/images/themes/theme1/bg.png","profile_background_image_url_https":"https://abs.twimg.com/images/themes/theme1/bg.png","profile_background_tile":false,"profile_image_url":"http://pbs.twimg.com/profile_images/2754724368/0fb5fde67abb4d6321ed215c582ac436_normal.jpeg","profile_image_url_https":"https://pbs.twimg.com/profile_images/2754724368/0fb5fde67abb4d6321ed215c582ac436_normal.jpeg","profile_link_color":"0084B4","profile_sidebar_border_color":"C0DEED","profile_sidebar_fill_color":"DDEEF6","profile_text_color":"333333","profile_use_background_image":true,"default_profile":true,"default_profile_image":false,"following":false,"follow_request_sent":false,"notifications":false},"geo":null,"coordinates":null,"place":null,"contributors":null,"retweet_count":4,"favorite_count":2,"entities":{"hashtags":[],"symbols":[],"user_mentions":[{"screen_name":"msdhoni","name":"Mahendra Singh Dhoni","id":92708272,"id_str":"92708272","indices":[10,18]}],"urls":[]},"favorited":false,"retweeted":false,"lang":"en"},"message":{"text":"<blockquote class=\"twitter-tweet\" data-partner=\"tweetdeck\">\n<p>Nice work <a href=\"https://twitter.com/msdhoni\">@msdhoni</a></p>\n&mdash; Niall John O Brien (@niallnobiobrien) <a href=\"https://twitter.com/niallnobiobrien/status/590934810765438976\">April 22, 2015</a></blockquote>\n<script charset=\"utf-8\" type=\"text/javascript\" src=\"http://platform.twitter.com/widgets.js\"></script>"},"tags":[],"timestamp":1429725039000,"id":1170329,"time":"17:50","updateTime":1429725035494,"sequence":311.5,"type":"Manual"},{"bbcode":"I Pandey to S Khan, %SPEED% good length just outside off stump. He picks up a single","thisOver":"1","progress":{"innings":2,"over":13,"ball":1},"speed":33.9572682001909,"subtype":"BBCode","countingProgress":{"innings":2,"over":12,"ball":1},"bowlerId":1090,"nonfacingBatsmanId":164,"facingBatsmanId":1564,"autoText":"I Pandey to S Khan, %SPEED% good length just outside off stump. He picks up a single","message":{"text":null},"tags":[],"timestamp":1429724919000,"id":1170322,"time":"17:47","updateTime":1429724861794,"sequence":312.0,"type":"Auto"},{"bbcode":"I Pandey to V Kohli, no run, %SPEED% full length on off stump. He plays and misses","thisOver":".","progress":{"innings":2,"over":13,"ball":2},"speed":36.4227063039993,"subtype":"BBCode","countingProgress":{"innings":2,"over":12,"ball":2},"bowlerId":1090,"nonfacingBatsmanId":1564,"facingBatsmanId":164,"autoText":"I Pandey to V Kohli, no run, %SPEED% full length on off stump. He plays and misses","message":{"text":null},"tags":[],"timestamp":1429724971000,"id":1170323,"time":"17:48","updateTime":1429724888251,"sequence":313.0,"type":"Auto"},{"bbcode":"I Pandey to V Kohli, %SPEED% short length just outside off stump. He picks up a single","thisOver":"1","progress":{"innings":2,"over":13,"ball":3},"speed":35.8067754650108,"subtype":"BBCode","countingProgress":{"innings":2,"over":12,"ball":3},"bowlerId":1090,"nonfacingBatsmanId":1564,"facingBatsmanId":164,"autoText":"I Pandey to V Kohli, %SPEED% short length just outside off stump. He picks up a single","message":{"text":null},"tags":[],"timestamp":1429724971000,"id":1170326,"time":"17:48","updateTime":1429724937868,"sequence":314.0,"type":"Auto"},{"bbcode":"I Pandey to S Khan, %SPEED% good length on leg stump. He picks up a single","thisOver":"1","progress":{"innings":2,"over":13,"ball":4},"speed":33.1323221739109,"subtype":"BBCode","countingProgress":{"innings":2,"over":12,"ball":4},"bowlerId":1090,"nonfacingBatsmanId":164,"facingBatsmanId":1564,"autoText":"I Pandey to S Khan, %SPEED% good length on leg stump. He picks up a single","message":{"text":null},"tags":[],"timestamp":1429725022000,"id":1170327,"time":"17:49","updateTime":1429724977473,"sequence":315.0,"type":"Auto"},{"bbcode":"I Pandey to V Kohli, no run, %SPEED% full length on leg stump. He doesn't offer a shot","thisOver":".","progress":{"innings":2,"over":13,"ball":5},"speed":32.628957317004,"subtype":"BBCode","countingProgress":{"innings":2,"over":12,"ball":5},"bowlerId":1090,"nonfacingBatsmanId":1564,"facingBatsmanId":164,"autoText":"I Pandey to V Kohli, no run, %SPEED% full length on leg stump. He doesn't offer a shot","message":{"text":null},"tags":[],"timestamp":1429725084000,"id":1170328,"time":"17:50","updateTime":1429725006351,"sequence":316.0,"type":"Auto"},{"bbcode":"I Pandey to V Kohli, no run, %SPEED% good length outside off stump. He plays and misses","thisOver":".","progress":{"innings":2,"over":13,"ball":6},"speed":32.680168309975,"subtype":"BBCode","countingProgress":{"innings":2,"over":12,"ball":6},"bowlerId":1090,"nonfacingBatsmanId":1564,"facingBatsmanId":164,"autoText":"I Pandey to V Kohli, no run, %SPEED% good length outside off stump. He plays and misses","message":{"text":null},"tags":[],"timestamp":1429725084000,"id":1170331,"time":"17:50","updateTime":1429725039369,"sequence":317.0,"type":"Auto"},{"innings":2,"over":13,"overRuns":3,"overWickets":0,"inningsRuns":89,"inningsWickets":4,"inningsAllOut":false,"team":{"id":9,"fullName":"Royal Challengers Bangalore","shortName":"Challengers","abbreviation":"RCB","primaryColor":"F1901D","secondaryColor":"FFFFFF","type":"m"},"batsmanSummaries":[{"batsman":{"id":164,"fullName":"Virat Kohli","shortName":"V Kohli","nationality":"Indian","rightHandedBat":false,"dateOfBirth":594691200000,"names":["Virat Kohli","V Kohli"]},"runs":29,"balls":30,"fours":2,"sixes":1},{"batsman":{"id":1564,"fullName":"Sarfaraz Khan","shortName":"S Khan","nationality":"Indian","rightHandedBat":true,"dateOfBirth":877478400000,"names":["Sarfaraz Khan","S Khan"]},"runs":3,"balls":4,"fours":0,"sixes":0}],"activeBatsman":1564,"bowlerSummary":{"bowler":{"id":1090,"fullName":"Ishwar Pandey","shortName":"I Pandey","nationality":"Indian","rightHandedBat":true,"dateOfBirth":619142400000,"names":["Ishwar Pandey","I Pandey"]},"overs":"4","runs":21,"wickets":1,"maidens":0},"inningsBalls":78,"inningsMaxBalls":120,"inningsTarget":182,"message":{"text":null},"tags":[],"timestamp":1429725039000,"id":1170332,"time":"17:50","updateTime":1429725039515,"sequence":318.0,"type":"Eov"},{"mediaId":"4189371018001","endpointUrlHq1":"http://brightcove.vo.llnwd.net/v1/uds/pd/3588749423001/201504/710/3588749423001_4189549453001_BEST-CATCH-BRAVO.mp4","endpointUrlHq2":"http://brightcove.vo.llnwd.net/v1/uds/pd/3588749423001/201504/342/3588749423001_4189543687001_BEST-CATCH-BRAVO.mp4","endpointUrlAlt":"http://c.brightcove.com/services/mobile/streaming/index/rendition.m3u8?assetId=4189543726001","title":"M20: RCB vs CSK – Bravo catches another stunner","largeThumbnail":"http://brightcove.vo.llnwd.net/v1/unsecured/media/3588749423001/201504/2710/3588749423001_4189549455001_vs-5537dcf6e4b04b2709092a91-1592194023001.jpg?pubId=3588749423001","duration":61000,"endpointUrl":"http://brightcove.vo.llnwd.net/v1/uds/pd/3588749423001/201504/2462/3588749423001_4189546618001_BEST-CATCH-BRAVO.mp4","smallThumbnail":"http://brightcove.vo.llnwd.net/v1/unsecured/media/3588749423001/201504/1710/3588749423001_4189549456001_th-5537dcf6e4b04b2709092a91-1592194023001.jpg?pubId=3588749423001","description":null,"endpointUrlMq":"http://brightcove.vo.llnwd.net/v1/uds/pd/3588749423001/201504/1110/3588749423001_4189542891001_BEST-CATCH-BRAVO.mp4","endpointUrlHq3":"http://brightcove.vo.llnwd.net/v1/uds/pd/3588749423001/201504/954/3588749423001_4189543697001_BEST-CATCH-BRAVO.mp4","publishDate":1429724389025,"message":{"text":null},"tags":["account:iplt20","home","2015","ipl2015","match:ipl2015-20","channel:ipl-magic","IPL 2015","ipl2015-20","feature","playerid 25","csk","rcb","channel:ipl-2015"],"timestamp":1429725091000,"id":1170334,"time":"17:51","updateTime":1429725091098,"sequence":319.0,"type":"Video"},{"mediaId":"4189371019001","endpointUrlHq1":"http://brightcove.vo.llnwd.net/v1/uds/pd/3588749423001/201504/1954/3588749423001_4189551918001_MATCH-20-RCB-3RD-SIX.mp4","endpointUrlHq2":"http://brightcove.vo.llnwd.net/v1/uds/pd/3588749423001/201504/214/3588749423001_4189551999001_MATCH-20-RCB-3RD-SIX.mp4","endpointUrlAlt":"http://c.brightcove.com/services/mobile/streaming/index/rendition.m3u8?assetId=4189554476001","title":"M20: RCB vs CSK – AB de Villiers Six","largeThumbnail":"http://brightcove.vo.llnwd.net/v1/unsecured/media/3588749423001/201504/2954/3588749423001_4189551919001_vs-5537dd99e4b04b2709092a9b-782203300001.jpg?pubId=3588749423001","duration":14420,"endpointUrl":"http://brightcove.vo.llnwd.net/v1/uds/pd/3588749423001/201504/422/3588749423001_4189553845001_MATCH-20-RCB-3RD-SIX.mp4","smallThumbnail":"http://brightcove.vo.llnwd.net/v1/unsecured/media/3588749423001/201504/3278/3588749423001_4189551920001_th-5537dd99e4b04b2709092a9b-782203300001.jpg?pubId=3588749423001","description":null,"endpointUrlMq":"http://brightcove.vo.llnwd.net/v1/uds/pd/3588749423001/201504/3278/3588749423001_4189551944001_MATCH-20-RCB-3RD-SIX.mp4","endpointUrlHq3":"http://brightcove.vo.llnwd.net/v1/uds/pd/3588749423001/201504/2070/3588749423001_4189558291001_MATCH-20-RCB-3RD-SIX.mp4","publishDate":1429724559301,"message":{"text":null},"tags":["account:iplt20","2015","ipl2015","playerid 233","six","match:ipl2015-20","IPL 2015","innings 2","ipl2015-20","ball 6","over 10","channel:ipl-match-centre","csk","rcb"],"timestamp":1429725091000,"id":1170335,"time":"17:51","updateTime":1429725091150,"sequence":320.0,"type":"Video"},{"mediaId":"4189371020001","endpointUrlHq1":"http://brightcove.vo.llnwd.net/v1/uds/pd/3588749423001/201504/3586/3588749423001_4189557674001_MATCH-20-RCB-4TH-SIX.mp4","endpointUrlHq2":"http://brightcove.vo.llnwd.net/v1/uds/pd/3588749423001/201504/1646/3588749423001_4189557708001_MATCH-20-RCB-4TH-SIX.mp4","endpointUrlAlt":"http://c.brightcove.com/services/mobile/streaming/index/rendition.m3u8?assetId=4189559776001","title":"M20: RCB vs CSK – AB de Villiers Six","largeThumbnail":"http://brightcove.vo.llnwd.net/v1/unsecured/media/3588749423001/201504/586/3588749423001_4189557675001_vs-5537de8be4b04b2709092ab5-767904719001.jpg?pubId=3588749423001","duration":13561,"endpointUrl":"http://brightcove.vo.llnwd.net/v1/uds/pd/3588749423001/201504/662/3588749423001_4189559731001_MATCH-20-RCB-4TH-SIX.mp4","smallThumbnail":"http://brightcove.vo.llnwd.net/v1/unsecured/media/3588749423001/201504/2586/3588749423001_4189557677001_th-5537de8be4b04b2709092ab5-767904719001.jpg?pubId=3588749423001","description":null,"endpointUrlMq":"http://brightcove.vo.llnwd.net/v1/uds/pd/3588749423001/201504/1646/3588749423001_4189557688001_MATCH-20-RCB-4TH-SIX.mp4","endpointUrlHq3":"http://brightcove.vo.llnwd.net/v1/uds/pd/3588749423001/201504/662/3588749423001_4189559727001_MATCH-20-RCB-4TH-SIX.mp4","publishDate":1429724802026,"message":{"text":null},"tags":["account:iplt20","2015","ipl2015","playerid 233","six","match:ipl2015-20","IPL 2015","innings 2","ipl2015-20","over 11","ball 6","channel:ipl-match-centre","csk","rcb"],"timestamp":1429725091000,"id":1170336,"time":"17:51","updateTime":1429725091220,"sequence":321.0,"type":"Video"},{"mediaId":"4189563830001","endpointUrlHq1":"http://brightcove.vo.llnwd.net/v1/uds/pd/3588749423001/201504/714/3588749423001_4189565983001_MATCH-20-RCB-4TH-WKT.mp4","endpointUrlHq2":"http://brightcove.vo.llnwd.net/v1/uds/pd/3588749423001/201504/1650/3588749423001_4189557748001_MATCH-20-RCB-4TH-WKT.mp4","endpointUrlAlt":"http://c.brightcove.com/services/mobile/streaming/index/rendition.m3u8?assetId=4189553930001","title":"M20: RCB vs CSK – AB de Villiers Wicket","largeThumbnail":"http://brightcove.vo.llnwd.net/v1/unsecured/media/3588749423001/201504/1002/3588749423001_4189472091001_video-still-for-video-4189563830001.jpg?pubId=3588749423001","duration":29652,"endpointUrl":"http://brightcove.vo.llnwd.net/v1/uds/pd/3588749423001/201504/3294/3588749423001_4189562174001_MATCH-20-RCB-4TH-WKT.mp4","smallThumbnail":"http://brightcove.vo.llnwd.net/v1/unsecured/media/3588749423001/201504/2/3588749423001_4189472090001_thumbnail-for-video-4189563830001.jpg?pubId=3588749423001","description":null,"endpointUrlMq":"http://brightcove.vo.llnwd.net/v1/uds/pd/3588749423001/201504/650/3588749423001_4189557747001_MATCH-20-RCB-4TH-WKT.mp4","endpointUrlHq3":"http://brightcove.vo.llnwd.net/v1/uds/pd/3588749423001/201504/3650/3588749423001_4189557738001_MATCH-20-RCB-4TH-WKT.mp4","publishDate":1429724915122,"message":{"text":null},"tags":["account:iplt20","2015","ipl2015","playerid 233","match:ipl2015-20","IPL 2015","innings 2","ipl2015-20","ball 3","over 12","wicket","channel:ipl-match-centre","csk","rcb"],"timestamp":1429725948000,"id":1170337,"time":"17:51","updateTime":1429725091276,"sequence":322.0,"type":"Video"},{"bbcode":"Time to take a few minutes break as RCB look to gather their thoughts in this run chase. They have it all to do but with Kohli at the crease anything is possible","subtype":"BBCode","message":{"text":"<p>Time to take a few minutes break as RCB look to gather their thoughts in this run chase. They have it all to do but with Kohli at the crease anything is possible</p>"},"tags":[],"timestamp":1429725131000,"id":1170338,"time":"17:51","updateTime":1429725119102,"sequence":323.0,"type":"Manual"},{"bbcode":"R Jadeja to S Khan, %SPEED% good length on off stump. He hits a great shot, that has gone all the way","thisOver":"6","progress":{"innings":2,"over":14,"ball":1},"speed":26.8601571998901,"subtype":"BBCode","countingProgress":{"innings":2,"over":13,"ball":1},"bowlerId":9,"nonfacingBatsmanId":164,"facingBatsmanId":1564,"autoText":"R Jadeja to S Khan, %SPEED% good length on off stump. He hits a great shot, that has gone all the way","message":{"text":null},"tags":["six"],"timestamp":1429725269000,"id":1170340,"time":"17:53","updateTime":1429725219784,"sequence":324.0,"type":"Auto"},{"bbcode":"[b]Six![/b] What a way to start after the break! The 17 year old steps out of his crease with the Indian captain behind the stumps and cracks a beauty over mid off","subtype":"BBCode","message":{"text":"<p><strong>Six!</strong> What a way to start after the break! The 17 year old steps out of his crease with the Indian captain behind the stumps and cracks a beauty over mid off</p>"},"tags":[],"timestamp":1429725273000,"id":1170341,"time":"17:53","updateTime":1429725232680,"sequence":325.0,"type":"Manual"},{"bbcode":"R Jadeja to S Khan, %SPEED% good length on off stump. He picks up two","thisOver":"2","progress":{"innings":2,"over":14,"ball":2},"speed":26.7154825507912,"subtype":"BBCode","countingProgress":{"innings":2,"over":13,"ball":2},"bowlerId":9,"nonfacingBatsmanId":164,"facingBatsmanId":1564,"autoText":"R Jadeja to S Khan, %SPEED% good length on off stump. He picks up two","message":{"text":null},"tags":[],"timestamp":1429725320000,"id":1170342,"time":"17:54","updateTime":1429725250045,"sequence":326.0,"type":"Auto"},{"bbcode":"R Jadeja to S Khan, [b]WICKET!!! S Khan is out[/b] c Mohit Sharma b Ravindra Jadeja","thisOver":"W","progress":{"innings":2,"over":14,"ball":3},"speed":26.7084665571797,"subtype":"BBCode","countingProgress":{"innings":2,"over":13,"ball":3},"bowlerId":9,"nonfacingBatsmanId":164,"facingBatsmanId":1564,"autoText":"R Jadeja to S Khan, <b>WICKET!!! S Khan is out</b> c Mohit Sharma b Ravindra Jadeja","message":{"text":null},"tags":["wicket"],"timestamp":1429725310000,"id":1170343,"time":"17:54","updateTime":1429725281647,"sequence":327.0,"type":"Auto"},{"bbcode":"[b]Wicket![/b] He can't believe it! You will not see a sweep shot hit any better than that but it scorches into the mitts of Mohit at deep mid wicket","subtype":"BBCode","message":{"text":"<p><strong>Wicket!</strong> He can't believe it! You will not see a sweep shot hit any better than that but it scorches into the mitts of Mohit at deep mid wicket</p>"},"tags":[],"timestamp":1429725382000,"id":1170344,"time":"17:55","updateTime":1429725319736,"sequence":328.0,"type":"Manual"},{"bbcode":"R Jadeja to D Wiese, %SPEED% good length on off stump. He picks up a single","thisOver":"1","progress":{"innings":2,"over":14,"ball":4},"speed":26.9793472783157,"subtype":"BBCode","countingProgress":{"innings":2,"over":13,"ball":4},"bowlerId":9,"nonfacingBatsmanId":164,"facingBatsmanId":869,"autoText":"R Jadeja to D Wiese, %SPEED% good length on off stump. He picks up a single","message":{"text":null},"tags":[],"timestamp":1429725455000,"id":1170345,"time":"17:56","updateTime":1429725360360,"sequence":329.0,"type":"Auto"},{"bbcode":"R Jadeja to V Kohli, no run, %SPEED% good length just outside off stump. He doesn't offer a shot","thisOver":".","progress":{"innings":2,"over":14,"ball":5},"speed":28.9328773861252,"subtype":"BBCode","countingProgress":{"innings":2,"over":13,"ball":5},"bowlerId":9,"nonfacingBatsmanId":869,"facingBatsmanId":164,"autoText":"R Jadeja to V Kohli, no run, %SPEED% good length just outside off stump. He doesn't offer a shot","message":{"text":null},"tags":[],"timestamp":1429725455000,"id":1170346,"time":"17:56","updateTime":1429725383598,"sequence":330.0,"type":"Auto"},{"bbcode":"R Jadeja to V Kohli, %SPEED% good length just outside off stump. He picks up a single","thisOver":"1","progress":{"innings":2,"over":14,"ball":6},"speed":25.7265932180027,"subtype":"BBCode","countingProgress":{"innings":2,"over":13,"ball":6},"bowlerId":9,"nonfacingBatsmanId":869,"facingBatsmanId":164,"autoText":"R Jadeja to V Kohli, %SPEED% good length just outside off stump. He picks up a single","message":{"text":null},"tags":[],"timestamp":1429725455000,"id":1170347,"time":"17:56","updateTime":1429725394320,"sequence":331.0,"type":"Auto"},{"innings":2,"over":14,"overRuns":10,"overWickets":1,"inningsRuns":99,"inningsWickets":5,"inningsAllOut":false,"team":{"id":9,"fullName":"Royal Challengers Bangalore","shortName":"Challengers","abbreviation":"RCB","primaryColor":"F1901D","secondaryColor":"FFFFFF","type":"m"},"batsmanSummaries":[{"batsman":{"id":164,"fullName":"Virat Kohli","shortName":"V Kohli","nationality":"Indian","rightHandedBat":false,"dateOfBirth":594691200000,"names":["Virat Kohli","V Kohli"]},"runs":30,"balls":32,"fours":2,"sixes":1},{"batsman":{"id":869,"fullName":"David Wiese","shortName":"D Wiese","nationality":"South African","rightHandedBat":true,"dateOfBirth":485222400000,"names":["David Wiese","D Wiese"]},"runs":1,"balls":1,"fours":0,"sixes":0}],"activeBatsman":164,"bowlerSummary":{"bowler":{"id":9,"fullName":"Ravindra Jadeja","shortName":"R Jadeja","nationality":"Indian","rightHandedBat":false,"dateOfBirth":597369600000,"names":["Ravindra Jadeja","R Jadeja"]},"overs":"3","runs":25,"wickets":1,"maidens":0},"inningsBalls":84,"inningsMaxBalls":120,"inningsTarget":182,"message":{"text":null},"tags":[],"timestamp":1429725394000,"id":1170348,"time":"17:56","updateTime":1429725394485,"sequence":332.0,"type":"Eov"},{"bbcode":"DJ Bravo to V Kohli, %SPEED% full length on middle stump. He picks up two","thisOver":"2","progress":{"innings":2,"over":15,"ball":1},"speed":34.9129598866283,"subtype":"BBCode","countingProgress":{"innings":2,"over":14,"ball":1},"bowlerId":25,"nonfacingBatsmanId":869,"facingBatsmanId":164,"autoText":"DJ Bravo to V Kohli, %SPEED% full length on middle stump. He picks up two","message":{"text":null},"tags":[],"timestamp":1429725557000,"id":1170349,"time":"17:58","updateTime":1429725483508,"sequence":333.0,"type":"Auto"},{"bbcode":"DJ Bravo to V Kohli, no run, %SPEED% good length just outside off stump. He plays and misses","thisOver":".","progress":{"innings":2,"over":15,"ball":2},"speed":28.7276904725034,"subtype":"BBCode","countingProgress":{"innings":2,"over":14,"ball":2},"bowlerId":25,"nonfacingBatsmanId":869,"facingBatsmanId":164,"autoText":"DJ Bravo to V Kohli, no run, %SPEED% good length just outside off stump. He plays and misses","message":{"text":null},"tags":[],"timestamp":1429725557000,"id":1170350,"time":"17:58","updateTime":1429725514767,"sequence":334.0,"type":"Auto"},{"bbcode":"DJ Bravo to V Kohli, %SPEED% good length just outside off stump. He hits a nice boundary","thisOver":"4","progress":{"innings":2,"over":15,"ball":3},"speed":34.3760100846116,"subtype":"BBCode","countingProgress":{"innings":2,"over":14,"ball":3},"bowlerId":25,"nonfacingBatsmanId":869,"facingBatsmanId":164,"autoText":"DJ Bravo to V Kohli, %SPEED% good length just outside off stump. He hits a nice boundary","message":{"text":null},"tags":["four"],"timestamp":1429725620000,"id":1170351,"time":"17:59","updateTime":1429725568936,"sequence":335.0,"type":"Auto"},{"bbcode":"Four! Kohli drives on the up and slaps it to the cover rope with disdain, he will still think he can produce the unexpected here ","subtype":"BBCode","message":{"text":"<p>Four! Kohli drives on the up and slaps it to the cover rope with disdain, he will still think he can produce the unexpected here&nbsp;</p>"},"tags":[],"timestamp":1429725634000,"id":1170353,"time":"17:59","updateTime":1429725576747,"sequence":336.0,"type":"Manual"},{"bbcode":"DJ Bravo to V Kohli, %SPEED% full toss on middle stump. He picks up a single","thisOver":"1","progress":{"innings":2,"over":15,"ball":4},"speed":34.9622808972265,"subtype":"BBCode","countingProgress":{"innings":2,"over":14,"ball":4},"bowlerId":25,"nonfacingBatsmanId":869,"facingBatsmanId":164,"autoText":"DJ Bravo to V Kohli, %SPEED% full toss on middle stump. He picks up a single","message":{"text":null},"tags":[],"timestamp":1429725693000,"id":1170354,"time":"18:00","updateTime":1429725610271,"sequence":337.0,"type":"Auto"},{"bbcode":"DJ Bravo to D Wiese, %SPEED% good length outside off stump. He picks up a single","thisOver":"1","progress":{"innings":2,"over":15,"ball":5},"speed":29.515624852776,"subtype":"BBCode","countingProgress":{"innings":2,"over":14,"ball":5},"bowlerId":25,"nonfacingBatsmanId":164,"facingBatsmanId":869,"autoText":"DJ Bravo to D Wiese, %SPEED% good length outside off stump. He picks up a single","message":{"text":null},"tags":[],"timestamp":1429725693000,"id":1170356,"time":"18:00","updateTime":1429725650144,"sequence":338.0,"type":"Auto"},{"bbcode":"DJ Bravo to V Kohli, %SPEED% good length just outside off stump. He hits a nice boundary","thisOver":"4","progress":{"innings":2,"over":15,"ball":6},"speed":35.719120728989,"subtype":"BBCode","countingProgress":{"innings":2,"over":14,"ball":6},"bowlerId":25,"nonfacingBatsmanId":869,"facingBatsmanId":164,"autoText":"DJ Bravo to V Kohli, %SPEED% good length just outside off stump. He hits a nice boundary","message":{"text":null},"tags":["four"],"timestamp":1429725747000,"id":1170358,"time":"18:01","updateTime":1429725688633,"sequence":339.0,"type":"Auto"},{"bbcode":"Four! Wristy from Kohli and he picks the gap past cover again with precision. Dhoni knows he has to stop his international teammate ","subtype":"BBCode","message":{"text":"<p>Four! Wristy from Kohli and he picks the gap past cover again with precision. Dhoni knows he has to stop his international teammate&nbsp;</p>"},"tags":[],"timestamp":1429725740000,"id":1170363,"time":"18:02","updateTime":1429725734993,"sequence":339.5,"type":"Manual"},{"innings":2,"over":15,"overRuns":12,"overWickets":0,"inningsRuns":111,"inningsWickets":5,"inningsAllOut":false,"team":{"id":9,"fullName":"Royal Challengers Bangalore","shortName":"Challengers","abbreviation":"RCB","primaryColor":"F1901D","secondaryColor":"FFFFFF","type":"m"},"batsmanSummaries":[{"batsman":{"id":164,"fullName":"Virat Kohli","shortName":"V Kohli","nationality":"Indian","rightHandedBat":false,"dateOfBirth":594691200000,"names":["Virat Kohli","V Kohli"]},"runs":41,"balls":37,"fours":4,"sixes":1},{"batsman":{"id":869,"fullName":"David Wiese","shortName":"D Wiese","nationality":"South African","rightHandedBat":true,"dateOfBirth":485222400000,"names":["David Wiese","D Wiese"]},"runs":2,"balls":2,"fours":0,"sixes":0}],"activeBatsman":869,"bowlerSummary":{"bowler":{"id":25,"fullName":"Dwayne Bravo","shortName":"DJ Bravo","nationality":"West Indian","rightHandedBat":false,"dateOfBirth":434332800000,"names":["Dwayne Bravo","DJ Bravo"]},"overs":"1","runs":12,"wickets":0,"maidens":0},"inningsBalls":90,"inningsMaxBalls":120,"inningsTarget":182,"message":{"text":null},"tags":[],"timestamp":1429725688000,"id":1170359,"time":"18:01","updateTime":1429725688855,"sequence":340.0,"type":"Eov"},{"mediaId":"4189563831001","endpointUrlHq1":"http://brightcove.vo.llnwd.net/v1/uds/pd/3588749423001/201504/3406/3588749423001_4189584576001_MATCH-20-RCB-5TH-SIX.mp4","endpointUrlHq2":"http://brightcove.vo.llnwd.net/v1/uds/pd/3588749423001/201504/826/3588749423001_4189584545001_MATCH-20-RCB-5TH-SIX.mp4","endpointUrlAlt":"http://c.brightcove.com/services/mobile/streaming/index/rendition.m3u8?assetId=4189592235001","title":"M20: RCB vs CSK – Sarfaraz Khan Six","largeThumbnail":"http://brightcove.vo.llnwd.net/v1/unsecured/media/3588749423001/201504/1406/3588749423001_4189584578001_vs-5537e0e1e4b00fbddeec5de6-672293882001.jpg?pubId=3588749423001","duration":23560,"endpointUrl":"http://brightcove.vo.llnwd.net/v1/uds/pd/3588749423001/201504/2826/3588749423001_4189584539001_MATCH-20-RCB-5TH-SIX.mp4","smallThumbnail":"http://brightcove.vo.llnwd.net/v1/unsecured/media/3588749423001/201504/3406/3588749423001_4189584580001_th-5537e0e1e4b00fbddeec5de6-672293882001.jpg?pubId=3588749423001","description":null,"endpointUrlMq":"http://brightcove.vo.llnwd.net/v1/uds/pd/3588749423001/201504/3006/3588749423001_4189591126001_MATCH-20-RCB-5TH-SIX.mp4","endpointUrlHq3":"http://brightcove.vo.llnwd.net/v1/uds/pd/3588749423001/201504/3226/3588749423001_4189591101001_MATCH-20-RCB-5TH-SIX.mp4","publishDate":1429725395926,"message":{"text":null},"tags":["account:iplt20","2015","ipl2015","six","match:ipl2015-20","playerid 1564","IPL 2015","innings 2","ball 1","ipl2015-20","over 14","channel:ipl-match-centre","csk","rcb"],"timestamp":1429725703000,"id":1170360,"time":"18:01","updateTime":1429725703918,"sequence":341.0,"type":"Video"},{"mediaId":"4189563832001","endpointUrlHq1":"http://brightcove.vo.llnwd.net/v1/uds/pd/3588749423001/201504/2890/3588749423001_4189584607001_MATCH-20-RCB-5TH-WKT.mp4","endpointUrlHq2":"http://brightcove.vo.llnwd.net/v1/uds/pd/3588749423001/201504/2890/3588749423001_4189584615001_MATCH-20-RCB-5TH-WKT.mp4","endpointUrlAlt":"http://c.brightcove.com/services/mobile/streaming/index/rendition.m3u8?assetId=4189589047001","title":"M20: RCB vs CSK – Sarfaraz Khan Wicket","largeThumbnail":"http://brightcove.vo.llnwd.net/v1/unsecured/media/3588749423001/201504/3890/3588749423001_4189584608001_vs-5537e11ce4b00fbddeec5df0-1592194023001.jpg?pubId=3588749423001","duration":28360,"endpointUrl":"http://brightcove.vo.llnwd.net/v1/uds/pd/3588749423001/201504/3314/3588749423001_4189592212001_MATCH-20-RCB-5TH-WKT.mp4","smallThumbnail":"http://brightcove.vo.llnwd.net/v1/unsecured/media/3588749423001/201504/890/3588749423001_4189584609001_th-5537e11ce4b00fbddeec5df0-1592194023001.jpg?pubId=3588749423001","description":null,"endpointUrlMq":"http://brightcove.vo.llnwd.net/v1/uds/pd/3588749423001/201504/1314/3588749423001_4189592222001_MATCH-20-RCB-5TH-WKT.mp4","endpointUrlHq3":"http://brightcove.vo.llnwd.net/v1/uds/pd/3588749423001/201504/3178/3588749423001_4189589007001_MATCH-20-RCB-5TH-WKT.mp4","publishDate":1429725460976,"message":{"text":null},"tags":["account:iplt20","2015","ipl2015","match:ipl2015-20","playerid 1564","IPL 2015","innings 2","ipl2015-20","over 14","ball 3","wicket","channel:ipl-match-centre","csk","rcb"],"timestamp":1429725703000,"id":1170361,"time":"18:01","updateTime":1429725703971,"sequence":342.0,"type":"Video"},{"bbcode":"R Jadeja to D Wiese, %SPEED% full length on middle stump. He picks up a single","thisOver":"1","progress":{"innings":2,"over":16,"ball":1},"speed":28.2644134407355,"subtype":"BBCode","countingProgress":{"innings":2,"over":15,"ball":1},"bowlerId":9,"nonfacingBatsmanId":164,"facingBatsmanId":869,"autoText":"R Jadeja to D Wiese, %SPEED% full length on middle stump. He picks up a single","message":{"text":null},"tags":[],"timestamp":1429725799000,"id":1170366,"time":"18:02","updateTime":1429725753859,"sequence":343.0,"type":"Auto"},{"bbcode":"R Jadeja to V Kohli, %SPEED% good length going down leg. He picks up two","thisOver":"2","progress":{"innings":2,"over":16,"ball":2},"speed":26.7279036373388,"subtype":"BBCode","countingProgress":{"innings":2,"over":15,"ball":2},"bowlerId":9,"nonfacingBatsmanId":869,"facingBatsmanId":164,"autoText":"R Jadeja to V Kohli, %SPEED% good length going down leg. He picks up two","message":{"text":null},"tags":[],"timestamp":1429725799000,"id":1170369,"time":"18:03","updateTime":1429725782860,"sequence":344.0,"type":"Auto"},{"bbcode":"R Jadeja to V Kohli, %SPEED% full toss on off stump. He picks up a single","thisOver":"1","progress":{"innings":2,"over":16,"ball":3},"speed":28.5974967421571,"subtype":"BBCode","countingProgress":{"innings":2,"over":15,"ball":3},"bowlerId":9,"nonfacingBatsmanId":869,"facingBatsmanId":164,"autoText":"R Jadeja to V Kohli, %SPEED% full toss on off stump. He picks up a single","message":{"text":null},"tags":[],"timestamp":1429725872000,"id":1170371,"time":"18:03","updateTime":1429725805081,"sequence":345.0,"type":"Auto"},{"bbcode":"R Jadeja to D Wiese, %SPEED% short length outside off stump. He picks up a single","thisOver":"1","progress":{"innings":2,"over":16,"ball":4},"speed":27.0763096210832,"subtype":"BBCode","countingProgress":{"innings":2,"over":15,"ball":4},"bowlerId":9,"nonfacingBatsmanId":164,"facingBatsmanId":869,"autoText":"R Jadeja to D Wiese, %SPEED% short length outside off stump. He picks up a single","message":{"text":null},"tags":[],"timestamp":1429725872000,"id":1170372,"time":"18:03","updateTime":1429725827802,"sequence":346.0,"type":"Auto"},{"bbcode":"R Jadeja to V Kohli, %SPEED% good length on middle stump. He hits a great shot, that has gone all the way","thisOver":"6","progress":{"innings":2,"over":16,"ball":5},"speed":28.1884580369389,"subtype":"BBCode","countingProgress":{"innings":2,"over":15,"ball":5},"bowlerId":9,"nonfacingBatsmanId":869,"facingBatsmanId":164,"autoText":"R Jadeja to V Kohli, %SPEED% good length on middle stump. He hits a great shot, that has gone all the way","message":{"text":null},"tags":["six"],"timestamp":1429725924000,"id":1170374,"time":"18:04","updateTime":1429725852254,"sequence":347.0,"type":"Auto"},{"bbcode":"[b]50 for Virat Kohli[/b]","subtype":"BBCode","message":{"text":"<p><strong>50 for Virat Kohli</strong></p>"},"tags":[],"timestamp":1429725870000,"id":1170377,"time":"18:04","updateTime":1429725868744,"sequence":347.5,"type":"Manual"},{"bbcode":"[b]Six![/b] Kohli leverages a firmly struck straight drive and he clatters the ball into the sights screen. He has played a splendid knock so far but he needs to produce the remarkable if his side are to win from here","subtype":"BBCode","message":{"text":"<p><strong>Six!</strong> Kohli leverages a firmly struck straight drive and he clatters the ball into the sights screen. He has played a splendid knock so far but he needs to produce the remarkable if his side are to win from here</p>"},"tags":[],"timestamp":1429725951000,"id":1170375,"time":"18:04","updateTime":1429725859514,"sequence":348.0,"type":"Manual"},{"bbcode":"R Jadeja to V Kohli, %SPEED% full toss on off stump. He picks up a single","thisOver":"1","progress":{"innings":2,"over":16,"ball":6},"speed":29.4967487466528,"subtype":"BBCode","countingProgress":{"innings":2,"over":15,"ball":6},"bowlerId":9,"nonfacingBatsmanId":869,"facingBatsmanId":164,"autoText":"R Jadeja to V Kohli, %SPEED% full toss on off stump. He picks up a single","message":{"text":null},"tags":[],"timestamp":1429725962000,"id":1170379,"time":"18:04","updateTime":1429725874244,"sequence":349.0,"type":"Auto"}]}