{"squadId":466,"totalVotes":1940,"players":[{"id":233,"voteCount":1852,"fullName":"AB de Villiers","shortName":"AB de Villiers"},{"id":164,"voteCount":1816,"fullName":"Virat Kohli","shortName":"V Kohli"},{"id":236,"voteCount":1815,"fullName":"Chris Gayle","shortName":"C Gayle"},{"id":490,"voteCount":1593,"fullName":"Mitchell Starc","shortName":"M Starc"},{"id":111,"voteCount":1584,"fullName":"Yuzvendra Chahal","shortName":"Y Chahal"},{"id":102,"voteCount":1582,"fullName":"Dinesh Karthik","shortName":"D Karthik"},{"id":61,"voteCount":1357,"fullName":"Varun Aaron","shortName":"V Aaron"},{"id":90,"voteCount":1275,"fullName":"Manvinder Bisla","shortName":"M Bisla"},{"id":869,"voteCount":1212,"fullName":"David Wiese","shortName":"D Wiese"},{"id":85,"voteCount":967,"fullName":"Iqbal Abdulla","shortName":"I Abdulla"},{"id":98,"voteCount":951,"fullName":"Abu Nechim","shortName":"A Nechim"},{"id":157,"voteCount":692,"fullName":"Harshal Patel","shortName":"H Patel"},{"id":48,"voteCount":610,"fullName":"Ashok Dinda","shortName":"A Dinda"},{"id":72,"voteCount":461,"fullName":"Mandeep Singh","shortName":"M Singh"},{"id":12,"voteCount":452,"fullName":"Subramaniam Badrinath","shortName":"S Badrinath"},{"id":589,"voteCount":423,"fullName":"Darren Sammy","shortName":"D Sammy"},{"id":239,"voteCount":277,"fullName":"Rilee Rossouw","shortName":"R Rossouw"},{"id":162,"voteCount":215,"fullName":"Sreenath Arvind","shortName":"S Arvind"},{"id":278,"voteCount":211,"fullName":"Vijay Zol","shortName":"V Zol"},{"id":1750,"voteCount":143,"fullName":"Yogesh Takawale","shortName":"Y Takawale"},{"id":1092,"voteCount":126,"fullName":"Sandeep Warrier","shortName":"S Warrier"},{"id":942,"voteCount":122,"fullName":"Sean Abbott","shortName":"S Abbott"},{"id":1564,"voteCount":106,"fullName":"Sarfaraz Khan","shortName":"S Khan"},{"id":1087,"voteCount":59,"fullName":"Jalaj Saxena","shortName":"J Saxena"},{"id":2748,"voteCount":57,"fullName":"Shishir Bhavane","shortName":"S Bhavane"},{"id":858,"voteCount":52,"fullName":"Nic Maddinson","shortName":"N Maddinson"}]}