{"matchInfo":{"description":"Match 20","matchType":"IPLT20","teams":[{"id":3693,"players":[{"names":["Manvinder Bisla","M Bisla"],"dateOfBirth":472953600000,"id":90,"fullName":"Manvinder Bisla","shortName":"M Bisla","nationality":"Indian"},{"names":["Rilee Rossouw","R Rossouw"],"dateOfBirth":623894400000,"id":239,"fullName":"Rilee Rossouw","shortName":"R Rossouw","nationality":"South African"},{"names":["Virat Kohli","V Kohli"],"dateOfBirth":594691200000,"id":164,"fullName":"Virat Kohli","shortName":"V Kohli","nationality":"Indian"},{"names":["Dinesh Karthik","D Karthik"],"rightHandedBat":true,"dateOfBirth":486432000000,"id":102,"fullName":"Dinesh Karthik","shortName":"D Karthik","nationality":"Indian"},{"names":["AB de Villiers","AB de Villiers"],"dateOfBirth":445824000000,"id":233,"fullName":"AB de Villiers","shortName":"AB de Villiers","nationality":"South African"},{"names":["Sarfaraz Khan","S Khan"],"rightHandedBat":true,"dateOfBirth":877478400000,"id":1564,"fullName":"Sarfaraz Khan","shortName":"S Khan","nationality":"Indian"},{"names":["David Wiese","D Wiese"],"rightHandedBat":true,"dateOfBirth":485222400000,"id":869,"fullName":"David Wiese","shortName":"D Wiese","nationality":"South African"},{"names":["Mitchell Starc","M Starc"],"rightHandedBat":true,"dateOfBirth":633657600000,"id":490,"fullName":"Mitchell Starc","shortName":"M Starc","nationality":"Australian"},{"names":["Harshal Patel","H Patel"],"dateOfBirth":659318400000,"id":157,"fullName":"Harshal Patel","shortName":"H Patel","nationality":"Indian"},{"names":["Iqbal Abdulla","I Abdulla"],"dateOfBirth":628560000000,"id":85,"fullName":"Iqbal Abdulla","shortName":"I Abdulla","nationality":"Indian"},{"names":["Yuzvendra Chahal","Y Chahal"],"rightHandedBat":true,"dateOfBirth":1330300800000,"id":111,"fullName":"Yuzvendra Chahal","shortName":"Y Chahal","nationality":"Indian"}],"team":{"type":"m","fullName":"Royal Challengers Bangalore","shortName":"Challengers","abbreviation":"RCB","primaryColor":"F1901D","secondaryColor":"FFFFFF","id":9},"wicketKeeper":{"names":["Dinesh Karthik","D Karthik"],"rightHandedBat":true,"dateOfBirth":486432000000,"id":102,"fullName":"Dinesh Karthik","shortName":"D Karthik","nationality":"Indian"},"captain":{"names":["Virat Kohli","V Kohli"],"dateOfBirth":594691200000,"id":164,"fullName":"Virat Kohli","shortName":"V Kohli","nationality":"Indian"}},{"id":3692,"players":[{"names":["Brendon McCullum","B McCullum"],"dateOfBirth":370396800000,"id":202,"fullName":"Brendon McCullum","shortName":"B McCullum","nationality":"New Zealander"},{"names":["Dwayne Smith","DR Smith"],"dateOfBirth":418953600000,"id":413,"fullName":"Dwayne Smith","shortName":"DR Smith","nationality":"West Indian"},{"names":["Suresh Raina","S Raina"],"dateOfBirth":533433600000,"id":14,"fullName":"Suresh Raina","shortName":"S Raina","nationality":"Indian"},{"names":["Francois du Plessis","F du Plessis"],"dateOfBirth":458524800000,"id":24,"fullName":"Francois du Plessis","shortName":"F du Plessis","nationality":"South African"},{"names":["Ravindra Jadeja","R Jadeja"],"dateOfBirth":597369600000,"id":9,"fullName":"Ravindra Jadeja","shortName":"R Jadeja","nationality":"Indian"},{"names":["MS Dhoni","MS Dhoni"],"dateOfBirth":363312000000,"id":1,"fullName":"MS Dhoni","shortName":"MS Dhoni","nationality":"Indian"},{"names":["Dwayne Bravo","DJ Bravo"],"dateOfBirth":434332800000,"id":25,"fullName":"Dwayne Bravo","shortName":"DJ Bravo","nationality":"West Indian"},{"names":["Ravichandran Ashwin","R Ashwin"],"dateOfBirth":527299200000,"id":8,"fullName":"Ravichandran Ashwin","shortName":"R Ashwin","nationality":"Indian"},{"names":["Mohit Sharma","M Sharma"],"dateOfBirth":693100800000,"id":1107,"fullName":"Mohit Sharma","shortName":"M Sharma","nationality":"Indian"},{"names":["Ishwar Pandey","I Pandey"],"rightHandedBat":true,"dateOfBirth":619142400000,"id":1090,"fullName":"Ishwar Pandey","shortName":"I Pandey","nationality":"Indian"},{"names":["Ashish Nehra","A Nehra"],"dateOfBirth":294192000000,"id":115,"fullName":"Ashish Nehra","shortName":"A Nehra","nationality":"Indian"}],"team":{"type":"m","fullName":"Chennai Super Kings","shortName":"Super Kings","abbreviation":"CSK","primaryColor":"FDB913","secondaryColor":"FFFFFF","id":1},"wicketKeeper":{"names":["MS Dhoni","MS Dhoni"],"dateOfBirth":363312000000,"id":1,"fullName":"MS Dhoni","shortName":"MS Dhoni","nationality":"Indian"},"captain":{"names":["MS Dhoni","MS Dhoni"],"dateOfBirth":363312000000,"id":1,"fullName":"MS Dhoni","shortName":"MS Dhoni","nationality":"Indian"}}],"venue":{"id":5,"country":"India","fullName":"M. Chinnaswamy Stadium","shortName":"Chinnaswamy","city":"Bengaluru"},"matchDate":"2015-04-22T20:00:00+0530","battingOrder":[1,0],"additionalInfo":{"toss.elected":"Royal Challengers Bangalore, who chose to field","match.video.id":"4189563890001","stats.link":"http://www.iplt20.com/news/2015/more-news/6221/quick-stats-m20-rcb-vs-csk","match.summary":"","photostream.link":"http://www.iplt20.com/photos/268/ipl-2015-match-20-rcb-v-csk","mom.video.id":"4189563898001","home.team.fan.total":"8413","notes.1.1":"Powerplay - 45 runs, 1 wicket","away.team.fan.total":"16375","notes.1.2":"CSK: 50 runs in 7.2 overs","umpire.name.3":"Pashchim Pathak","notes.1.3":"2nd Wicket: 50 runs in 35 balls (Dwayne Smith 29, Suresh Raina 20)","umpire.name.4":"Virender Sharma","umpire.name.1":"Johan Cloete","notes.1.4":"CSK: 100 runs in 11.5 overs","umpire.name.2":"Chettithody Shamshuddin","notes.1.5":"Suresh Raina: 50 off 29 balls (4 x fours, 4 x sixes)","notes.1.6":"3rd Wicket: 50 runs in 23 balls (Suresh Raina 41, MS Dhoni 12)","notes.1.7":"CSK: 150 runs in 16.4 overs","notes.1.8":"Innings Break: CSK - 181/8 in 20 overs","highlights.link":"http://www.iplt20.com/videos/media/id/4189563890001/m20-rcb-vs-csk-match-highlights","result.playerofthematch":"Suresh Raina","mom.video.thumb":"http://brightcove.vo.llnwd.net/v1/unsecured/media/3588749423001/201504/1942/3588749423001_4189795983001_video-still-for-video-4189563898001.jpg?pubId=3588749423001","interview.link":"http://www.iplt20.com/news/2015/features/6217/enjoyed-ms-dhonis-wicket-chahal","sixes.video.id":"4189563881001","interview.thumb":"http://static2.iplt20.com/cms/media/images/320x213/37722.jpg","referee.name":"Javagal Srinath","match.video.thumb":"http://brightcove.vo.llnwd.net/v1/unsecured/media/3588749423001/201504/3290/3588749423001_4189795973001_video-still-for-video-4189563890001.jpg?pubId=3588749423001","stats.thumb":"http://static2.iplt20.com/cms/media/images/320x213/37724.jpg","toss.winner":"Royal Challengers Bangalore","notes.2.5":"RCB: 150 runs in 19.3 overs","sixes.video.thumb":"http://brightcove.vo.llnwd.net/v1/unsecured/media/3588749423001/201504/1290/3588749423001_4189795943001_video-still-for-video-4189563881001.jpg?pubId=3588749423001","notes.2.3":"RCB: 100 runs in 14.1 overs","notes.2.4":"Virat Kohli: 50 off 40 balls (4 x fours, 2 x sixes)","report.thumb":"http://static2.iplt20.com/cms/media/images/650x433/37707.jpg","notes.2.1":"Powerplay 1 - 38 runs, 2 wickets","notes.2.2":"RCB: 50 runs in 7.3 overs","report.link":"http://www.iplt20.com/news/2015/match-reports/6210/report-m20-rcb-vs-csk"},"oversLimit":20,"matchState":"C","isLimitedOvers":true,"matchStatus":{"text":"Chennai Super Kings won by 27 runs","outcome":"B"},"matchSummary":"","tournamentLabel":"IPL 2015"},"matchId":{"tournamentId":{"name":"ipl2015","id":2785},"name":"ipl2015-20","id":3245,"parentId":{"name":"ipl2015","id":2785}},"innings":[{"inningsNumber":1,"scorecard":{"runs":181,"extras":{"wideRuns":3,"byeRuns":1,"legByeRuns":6},"battingStats":[{"mod":{"text":"c Dinesh Karthik b Harshal Patel","dismissedBp":{"over":9,"innings":1,"ball":5},"countingBp":{"over":9,"innings":1,"ball":5},"bowlerId":157,"additionalPlayerIds":[102],"dismissedMethod":"ct"},"playerId":413,"r":39,"b":29,"sr":"134.48","4s":3,"6s":3},{"mod":{"text":"c Rilee Rossouw b Yuzvendra Chahal","dismissedBp":{"over":2,"innings":1,"ball":5},"countingBp":{"over":2,"innings":1,"ball":5},"bowlerId":111,"additionalPlayerIds":[239],"dismissedMethod":"ct"},"playerId":202,"r":4,"b":6,"sr":"66.66","4s":1,"6s":0},{"mod":{"text":"c Rilee Rossouw b Yuzvendra Chahal","dismissedBp":{"over":13,"innings":1,"ball":5},"countingBp":{"over":13,"innings":1,"ball":5},"bowlerId":111,"additionalPlayerIds":[239],"dismissedMethod":"ct"},"playerId":14,"r":62,"b":32,"sr":"193.75","4s":4,"6s":6},{"mod":{"text":"c AB de Villiers b Yuzvendra Chahal","dismissedBp":{"over":15,"innings":1,"ball":1},"countingBp":{"over":15,"innings":1,"ball":1},"bowlerId":111,"additionalPlayerIds":[233],"dismissedMethod":"ct"},"playerId":1,"r":13,"b":13,"sr":"100.00","4s":2,"6s":0},{"mod":{"text":"c Virat Kohli b Iqbal Abdulla","dismissedBp":{"over":16,"innings":1,"ball":2},"countingBp":{"over":16,"innings":1,"ball":2},"bowlerId":85,"additionalPlayerIds":[164],"dismissedMethod":"ct"},"playerId":9,"r":8,"b":8,"sr":"100.00","4s":1,"6s":0},{"playerId":24,"r":33,"b":18,"sr":"183.33","4s":4,"6s":1},{"mod":{"text":"c AB de Villiers b Iqbal Abdulla","dismissedBp":{"over":18,"innings":1,"ball":3},"countingBp":{"over":18,"innings":1,"ball":3},"bowlerId":85,"additionalPlayerIds":[233],"dismissedMethod":"ct"},"playerId":25,"r":5,"b":4,"sr":"125.00","4s":1,"6s":0},{"mod":{"text":"c Manvinder Bisla b David Wiese","dismissedBp":{"over":19,"innings":1,"ball":3},"countingBp":{"over":19,"innings":1,"ball":2},"bowlerId":869,"additionalPlayerIds":[90],"dismissedMethod":"ct"},"playerId":8,"r":5,"b":3,"sr":"166.66","4s":1,"6s":0},{"mod":{"text":"b Mitchell Starc","dismissedBp":{"over":20,"innings":1,"ball":4},"countingBp":{"over":20,"innings":1,"ball":4},"bowlerId":490,"dismissedMethod":"b"},"playerId":1107,"r":2,"b":6,"sr":"33.33","4s":0,"6s":0},{"playerId":115,"r":0,"b":1,"sr":"0.00","4s":0,"6s":0}],"bowlingStats":[{"playerId":490,"r":24,"w":1,"ov":"4","e":"6.00","nb":0,"d":14,"maid":0,"wd":0},{"playerId":111,"r":40,"w":3,"ov":"4","e":"10.00","nb":0,"d":11,"maid":0,"wd":0},{"playerId":157,"r":28,"w":1,"ov":"4","e":"7.00","nb":0,"d":12,"maid":0,"wd":0},{"playerId":869,"r":46,"w":1,"ov":"4","e":"11.50","nb":0,"d":8,"maid":0,"wd":1},{"playerId":85,"r":36,"w":2,"ov":"4","e":"9.00","nb":0,"d":10,"maid":0,"wd":2}],"wkts":8,"fow":[{"bp":{"over":2,"innings":1,"ball":5},"playerId":202,"r":12,"w":1},{"bp":{"over":9,"innings":1,"ball":5},"playerId":413,"r":70,"w":2},{"bp":{"over":13,"innings":1,"ball":5},"playerId":14,"r":124,"w":3},{"bp":{"over":15,"innings":1,"ball":1},"playerId":1,"r":132,"w":4},{"bp":{"over":16,"innings":1,"ball":2},"playerId":9,"r":135,"w":5},{"bp":{"over":18,"innings":1,"ball":3},"playerId":25,"r":156,"w":6},{"bp":{"over":19,"innings":1,"ball":2},"playerId":8,"r":168,"w":7},{"bp":{"over":20,"innings":1,"ball":4},"playerId":1107,"r":177,"w":8}]},"overProgress":"20","runRate":"9.05","overHistory":[{"ovNo":1,"ovBalls":[".",".","1","4Lb",".","4"]},{"ovNo":2,"ovBalls":["2","1",".",".","W","4"]},{"ovNo":3,"ovBalls":[".",".",".",".","1","."]},{"ovNo":4,"ovBalls":["4","1","1",".",".","6"]},{"ovNo":5,"ovBalls":[".",".","4","4",".","1Lb"]},{"ovNo":6,"ovBalls":[".",".",".","6","1Lb","."]},{"ovNo":7,"ovBalls":[".","1",".",".","1","."]},{"ovNo":8,"ovBalls":[".","6","6","4",".","1"]},{"ovNo":9,"ovBalls":["4","1","1",".","W","4"]},{"ovNo":10,"ovBalls":["6","1",".",".",".","."]},{"ovNo":11,"ovBalls":["1","1","1","4","1","1"]},{"ovNo":12,"ovBalls":["4",".","1","1Wd","1","6","2"]},{"ovNo":13,"ovBalls":["1","6","6","6","W","."]},{"ovNo":14,"ovBalls":["2",".","4","1","1","."]},{"ovNo":15,"ovBalls":["W",".","1",".",".","1"]},{"ovNo":16,"ovBalls":["1","W",".",".","4","1"]},{"ovNo":17,"ovBalls":["4","1","1","4","1","4"]},{"ovNo":18,"ovBalls":["1",".","W","1Wd","1","1","4"]},{"ovNo":19,"ovBalls":["4","1Wd","W","1","1","1","6"]},{"ovNo":20,"ovBalls":[".",".",".","W","1B","3"]}]},{"inningsNumber":2,"scorecard":{"runs":154,"extras":{"wideRuns":1,"legByeRuns":5},"battingStats":[{"mod":{"text":"c Francois du Plessis b Ashish Nehra","dismissedBp":{"over":4,"innings":2,"ball":3},"countingBp":{"over":4,"innings":2,"ball":3},"bowlerId":115,"additionalPlayerIds":[24],"dismissedMethod":"ct"},"playerId":90,"r":17,"b":14,"sr":"121.42","4s":3,"6s":0},{"mod":{"text":"b Ashish Nehra","dismissedBp":{"over":4,"innings":2,"ball":6},"countingBp":{"over":4,"innings":2,"ball":6},"bowlerId":115,"dismissedMethod":"b"},"playerId":239,"r":14,"b":9,"sr":"155.55","4s":1,"6s":1},{"mod":{"text":"c Dwayne Smith b Ashish Nehra","dismissedBp":{"over":17,"innings":2,"ball":1},"countingBp":{"over":17,"innings":2,"ball":1},"bowlerId":115,"additionalPlayerIds":[413],"dismissedMethod":"ct"},"playerId":164,"r":51,"b":42,"sr":"121.42","4s":4,"6s":2},{"mod":{"text":"c Dwayne Bravo b Ishwar Pandey","dismissedBp":{"over":9,"innings":2,"ball":2},"countingBp":{"over":9,"innings":2,"ball":2},"bowlerId":1090,"additionalPlayerIds":[25],"dismissedMethod":"ct"},"playerId":102,"r":10,"b":11,"sr":"90.90","4s":1,"6s":0},{"mod":{"text":"run out (Dwayne Smith)","dismissedBp":{"over":12,"innings":2,"ball":3},"countingBp":{"over":12,"innings":2,"ball":3},"bowlerId":9,"additionalPlayerIds":[413],"dismissedMethod":"ro"},"playerId":233,"r":14,"b":10,"sr":"140.00","4s":0,"6s":2},{"mod":{"text":"c Mohit Sharma b Ravindra Jadeja","dismissedBp":{"over":14,"innings":2,"ball":3},"countingBp":{"over":14,"innings":2,"ball":3},"bowlerId":9,"additionalPlayerIds":[1107],"dismissedMethod":"ct"},"playerId":1564,"r":11,"b":7,"sr":"157.14","4s":0,"6s":1},{"mod":{"text":"c Dwayne Smith b Dwayne Bravo","dismissedBp":{"over":20,"innings":2,"ball":6},"countingBp":{"over":20,"innings":2,"ball":6},"bowlerId":25,"additionalPlayerIds":[413],"dismissedMethod":"ct"},"playerId":869,"r":22,"b":20,"sr":"110.00","4s":2,"6s":1},{"mod":{"text":"c Dwayne Bravo b Ashish Nehra","dismissedBp":{"over":17,"innings":2,"ball":2},"countingBp":{"over":17,"innings":2,"ball":2},"bowlerId":115,"additionalPlayerIds":[25],"dismissedMethod":"ct"},"playerId":157,"r":0,"b":1,"sr":"0.00","4s":0,"6s":0},{"playerId":490,"r":9,"b":6,"sr":"150.00","4s":1,"6s":0}],"bowlingStats":[{"playerId":1090,"r":21,"w":1,"ov":"4","e":"5.25","nb":0,"d":14,"maid":0,"wd":0},{"playerId":115,"r":10,"w":4,"ov":"4","e":"2.50","nb":0,"d":15,"maid":0,"wd":0},{"playerId":1107,"r":39,"w":0,"ov":"4","e":"9.75","nb":0,"d":8,"maid":0,"wd":0},{"playerId":8,"r":17,"w":0,"ov":"1","e":"17.00","nb":0,"d":1,"maid":0,"wd":1},{"playerId":9,"r":37,"w":1,"ov":"4","e":"9.25","nb":0,"d":7,"maid":0,"wd":0},{"playerId":25,"r":25,"w":1,"ov":"3","e":"8.33","nb":0,"d":6,"maid":0,"wd":0}],"wkts":8,"fow":[{"bp":{"over":4,"innings":2,"ball":3},"playerId":90,"r":31,"w":1},{"bp":{"over":4,"innings":2,"ball":6},"playerId":239,"r":33,"w":2},{"bp":{"over":9,"innings":2,"ball":2},"playerId":102,"r":61,"w":3},{"bp":{"over":12,"innings":2,"ball":3},"playerId":233,"r":85,"w":4},{"bp":{"over":14,"innings":2,"ball":3},"playerId":1564,"r":97,"w":5},{"bp":{"over":17,"innings":2,"ball":1},"playerId":164,"r":123,"w":6},{"bp":{"over":17,"innings":2,"ball":2},"playerId":157,"r":123,"w":7},{"bp":{"over":20,"innings":2,"ball":6},"playerId":869,"r":154,"w":8}]},"overProgress":"20","runRate":"7.70","overHistory":[{"ovNo":1,"ovBalls":[".","4",".",".","4","."]},{"ovNo":2,"ovBalls":["1",".","1","1Lb","1","."]},{"ovNo":3,"ovBalls":["4","3","2","6",".","4"]},{"ovNo":4,"ovBalls":[".",".","W","1","1","W"]},{"ovNo":5,"ovBalls":[".",".",".","1",".","."]},{"ovNo":6,"ovBalls":["2",".",".",".","1","1"]},{"ovNo":7,"ovBalls":[".","2","1","1","1","1"]},{"ovNo":8,"ovBalls":["1","4","1","6","1Wd","4","."]},{"ovNo":9,"ovBalls":[".","W","1",".",".","."]},{"ovNo":10,"ovBalls":["4","1",".","1","1","6"]},{"ovNo":11,"ovBalls":["1",".",".","1","1","6"]},{"ovNo":12,"ovBalls":[".",".","1W",".","1","."]},{"ovNo":13,"ovBalls":["1",".","1","1",".","."]},{"ovNo":14,"ovBalls":["6","2","W","1",".","1"]},{"ovNo":15,"ovBalls":["2",".","4","1","1","4"]},{"ovNo":16,"ovBalls":["1","2","1","1","6","1"]},{"ovNo":17,"ovBalls":["W","W",".",".",".","1"]},{"ovNo":18,"ovBalls":[".",".","4","4Lb","1","1"]},{"ovNo":19,"ovBalls":["4","1",".","1","1","6"]},{"ovNo":20,"ovBalls":["1","1","1",".","4","W"]}]}],"currentState":{"phase":"C","facingBatsman":490,"nonFacingBatsman":-1,"currentInningsIndex":1,"currentPartnership":31,"currentBowler":-1,"currentBatsmen":[-1,490],"recentOvers":[{"ovNo":15,"ovBalls":["2",".","4","1","1","4"]},{"ovNo":16,"ovBalls":["1","2","1","1","6","1"]},{"ovNo":17,"ovBalls":["W","W",".",".",".","1"]},{"ovNo":18,"ovBalls":[".",".","4","4Lb","1","1"]},{"ovNo":19,"ovBalls":["4","1",".","1","1","6"]},{"ovNo":20,"ovBalls":["1","1","1",".","4","W"]}]}}