{"squadId":460,"totalVotes":5836,"players":[{"id":1,"voteCount":5694,"fullName":"MS Dhoni","shortName":"MS Dhoni"},{"id":8,"voteCount":5506,"fullName":"Ravichandran Ashwin","shortName":"R Ashwin"},{"id":202,"voteCount":5441,"fullName":"Brendon McCullum","shortName":"B McCullum"},{"id":14,"voteCount":5437,"fullName":"Suresh Raina","shortName":"S Raina"},{"id":9,"voteCount":5331,"fullName":"Ravindra Jadeja","shortName":"R Jadeja"},{"id":1107,"voteCount":5248,"fullName":"Mohit Sharma","shortName":"M Sharma"},{"id":25,"voteCount":4991,"fullName":"Dwayne Bravo","shortName":"DJ Bravo"},{"id":24,"voteCount":4628,"fullName":"Francois du Plessis","shortName":"F du Plessis"},{"id":413,"voteCount":3502,"fullName":"Dwayne Smith","shortName":"DR Smith"},{"id":115,"voteCount":3145,"fullName":"Ashish Nehra","shortName":"A Nehra"},{"id":49,"voteCount":3103,"fullName":"Irfan Pathan","shortName":"I Pathan"},{"id":1090,"voteCount":2553,"fullName":"Ishwar Pandey","shortName":"I Pandey"},{"id":20,"voteCount":2147,"fullName":"Michael Hussey","shortName":"M Hussey"},{"id":126,"voteCount":1031,"fullName":"Rahul Sharma","shortName":"R Sharma"},{"id":124,"voteCount":876,"fullName":"Mithun Manhas","shortName":"M Manhas"},{"id":1105,"voteCount":869,"fullName":"Kyle Abbott","shortName":"K Abbott"},{"id":53,"voteCount":626,"fullName":"Pawan Negi","shortName":"P Negi"},{"id":1084,"voteCount":468,"fullName":"Baba Aparajith","shortName":"B Aparajith"},{"id":1505,"voteCount":286,"fullName":"Matt Henry","shortName":"M Henry"},{"id":590,"voteCount":242,"fullName":"Samuel Badree","shortName":"S Badree"},{"id":2731,"voteCount":198,"fullName":"Pratyush Singh","shortName":"P Singh"},{"id":277,"voteCount":144,"fullName":"Ronit More","shortName":"R More"},{"id":1558,"voteCount":112,"fullName":"Ankush Bains","shortName":"A Bains"},{"id":118,"voteCount":81,"fullName":"Eklavya Dwivedi ","shortName":"E Dwivedi "},{"id":1480,"voteCount":38,"fullName":"Andrew Tye","shortName":"A Tye"}]}