{"matchInfo":{"description":"Match 2","matchType":"IPLT20","teams":[
  {"id":3647,"players":[{"names":["Brendon McCullum","B McCullum"],"dateOfBirth":370396800000,"id":202,"fullName":"Brendon McCullum","shortName":"B McCullum","nationality":"New Zealander"},{"names":["Dwayne Smith","DR Smith"],"dateOfBirth":418953600000,"id":413,"fullName":"Dwayne Smith","shortName":"DR Smith","nationality":"West Indian"},{"names":["Suresh Raina","S Raina"],"dateOfBirth":533433600000,"id":14,"fullName":"Suresh Raina","shortName":"S Raina","nationality":"Indian"},{"names":["Francois du Plessis","F du Plessis"],"dateOfBirth":458524800000,"id":24,"fullName":"Francois du Plessis","shortName":"F du Plessis","nationality":"South African"},{"names":["Dwayne Bravo","DJ Bravo"],"dateOfBirth":434332800000,"id":25,"fullName":"Dwayne Bravo","shortName":"DJ Bravo","nationality":"West Indian"},{"names":["Ravindra Jadeja","R Jadeja"],"dateOfBirth":597369600000,"id":9,"fullName":"Ravindra Jadeja","shortName":"R Jadeja","nationality":"Indian"},{"names":["MS Dhoni","MS Dhoni"],"dateOfBirth":363312000000,"id":1,"fullName":"MS Dhoni","shortName":"MS Dhoni","nationality":"Indian"},{"names":["Ravichandran Ashwin","R Ashwin"],"dateOfBirth":527299200000,"id":8,"fullName":"Ravichandran Ashwin","shortName":"R Ashwin","nationality":"Indian"},{"names":["Mohit Sharma","M Sharma"],"dateOfBirth":693100800000,"id":1107,"fullName":"Mohit Sharma","shortName":"M Sharma","nationality":"Indian"},{"names":["Ishwar Pandey","I Pandey"],"rightHandedBat":true,"dateOfBirth":619142400000,"id":1090,"fullName":"Ishwar Pandey","shortName":"I Pandey","nationality":"Indian"},{"names":["Ashish Nehra","A Nehra"],"dateOfBirth":294192000000,"id":115,"fullName":"Ashish Nehra","shortName":"A Nehra","nationality":"Indian"}],"team":{"type":"m","fullName":"Chennai Super Kings","shortName":"Super Kings","abbreviation":"CSK","primaryColor":"FDB913","secondaryColor":"FFFFFF","id":1},"wicketKeeper":{"names":["MS Dhoni","MS Dhoni"],"dateOfBirth":363312000000,"id":1,"fullName":"MS Dhoni","shortName":"MS Dhoni","nationality":"Indian"},"captain":{"names":["MS Dhoni","MS Dhoni"],"dateOfBirth":363312000000,"id":1,"fullName":"MS Dhoni","shortName":"MS Dhoni","nationality":"Indian"}},
  {"id":3646,"players":[{"names":["Mayank Agarwal","M Agarwal"],"dateOfBirth":666835200000,"id":158,"fullName":"Mayank Agarwal","shortName":"M Agarwal","nationality":"Indian"},{"names":["CM Gautam","CM Gautam"],"dateOfBirth":510624000000,"id":155,"fullName":"CM Gautam","shortName":"CM Gautam","nationality":"Indian"},{"names":["Shreyas Iyer","S Iyer"],"rightHandedBat":true,"dateOfBirth":786672000000,"id":1563,"fullName":"Shreyas Iyer","shortName":"S Iyer","nationality":"Indian"},{"names":["JP Duminy","JP Duminy"],"dateOfBirth":450748800000,"id":182,"fullName":"JP Duminy","shortName":"JP Duminy","nationality":"South African"},{"names":["Yuvraj Singh","Y Singh"],"rightHandedBat":true,"dateOfBirth":376963200000,"id":113,"fullName":"Yuvraj Singh","shortName":"Y Singh","nationality":"Indian"},{"names":["Albie Morkel","A Morkel"],"dateOfBirth":360979200000,"id":26,"fullName":"Albie Morkel","shortName":"A Morkel","nationality":"South African"},{"names":["Kedar Jadhav","K Jadhav"],"rightHandedBat":true,"dateOfBirth":480643200000,"id":297,"fullName":"Kedar Jadhav","shortName":"K Jadhav","nationality":"Indian"},{"names":["Nathan Coulter-Nile","N Coulter-Nile"],"rightHandedBat":true,"dateOfBirth":560908800000,"id":840,"fullName":"Nathan Coulter-Nile","shortName":"N Coulter-Nile","nationality":"Australian"},{"names":["Amit Mishra","A Mishra"],"dateOfBirth":406944000000,"id":30,"fullName":"Amit Mishra","shortName":"A Mishra","nationality":"Indian"},{"names":["Domnic Joseph","D Joseph"],"rightHandedBat":true,"dateOfBirth":352944000000,"id":2736,"fullName":"Domnic Joseph","shortName":"D Joseph","nationality":"Indian"},{"names":["Imran Tahir","I Tahir"],"rightHandedBat":true,"dateOfBirth":291340800000,"id":898,"fullName":"Imran Tahir","shortName":"I Tahir","nationality":"South African"}],"team":{"type":"m","fullName":"Delhi Daredevils","shortName":"Daredevils","abbreviation":"DD","primaryColor":"B22E2A","secondaryColor":"FFFFFF","id":3},"wicketKeeper":{"names":["CM Gautam","CM Gautam"],"dateOfBirth":510624000000,"id":155,"fullName":"CM Gautam","shortName":"CM Gautam","nationality":"Indian"},"captain":{"names":["JP Duminy","JP Duminy"],"dateOfBirth":450748800000,"id":182,"fullName":"JP Duminy","shortName":"JP Duminy","nationality":"South African"}}],
  "venue":{"id":1,"country":"India","fullName":"M. A. Chidambaram Stadium","shortName":"Chidambaram","city":"Chennai"},"matchDate":"2015-04-09T20:00:00+0530","battingOrder":[0,1],"additionalInfo":{"toss.elected":"Dehli Daredevils, who chose to field","match.video.id":"4163428593001","stats.link":"http://www.iplt20.com/news/2015/more-news/5825/quick-stats-m2-csk-vs-dd","match.summary":"","photostream.link":"http://www.iplt20.com/photos/250/ipl-2015-match-2-csk-v-dd","mom.video.id":"4163428603001","home.team.fan.total":"21342","notes.1.1":"Powerplay 1 - 59 runs, 2 wickets","away.team.fan.total":"10955","notes.1.2":"CSK: 50 runs in 5.1 overs","umpire.name.3":"Rajesh Deshpane","notes.1.3":"CSK: 100 runs in 12.1 overs","umpire.name.4":"Krishnamachari Bharatan","umpire.name.1":"Richard Illingworth","notes.1.4":"CSK: 150 runs in 19.6 overs","umpire.name.2":"Vineet Kulkarni","notes.1.5":"Innings Break: CSK - 150/7 in 20 overs","highlights.link":"http://www.iplt20.com/videos/media/id/4163428593001/m2-csk-vs-dd-match-highlights","result.playerofthematch":"Ashish Nehra","mom.video.thumb":"http://brightcove.vo.llnwd.net/v1/unsecured/media/3588749423001/201504/3160/3588749423001_4163593650001_video-still-for-video-4163428603001.jpg?pubId=3588749423001","interview.link":"http://www.iplt20.com/news/2015/features/5809/dd-have-more-depth-this-season-coulter-nile","sixes.video.id":"4163428595001","interview.thumb":"http://static2.iplt20.com/cms/media/images/320x213/34633.jpg","referee.name":"Manu Nayar","match.video.thumb":"http://brightcove.vo.llnwd.net/v1/unsecured/media/3588749423001/201504/72/3588749423001_4163593602001_video-still-for-video-4163428593001.jpg?pubId=3588749423001","stats.thumb":"http://static2.iplt20.com/cms/media/images/320x213/34642.jpg","toss.winner":"Dehli Daredevils","sixes.video.thumb":"http://brightcove.vo.llnwd.net/v1/unsecured/media/3588749423001/201504/3072/3588749423001_4163593609001_video-still-for-video-4163428595001.jpg?pubId=3588749423001","notes.2.3":"DD: 100 runs in 14.4 overs","report.thumb":"http://static2.iplt20.com/cms/media/images/320x213/34616.jpg","notes.2.4":"Albie Morkel: 50 off 43 balls (6 x fours)","notes.2.1":"Powerplay 1 - 40 runs, 3 wickets","report.link":"http://www.iplt20.com/news/2015/match-reports/5807/report-m2-csk-vs-dd","notes.2.2":"DD: 50 runs in 7.5 overs"},"oversLimit":20,"matchState":"C","isLimitedOvers":true,"matchStatus":{"text":"Chennai Super Kings won by 1 run","outcome":"A"},"matchSummary":"","tournamentLabel":"IPL 2015"},"matchId":{"tournamentId":{"name":"ipl2015","id":2785},"name":"ipl2015-02","id":3227,"parentId":{"name":"ipl2015","id":2785}},"innings":[{"inningsNumber":1,"scorecard":{"runs":150,"extras":{"noBallRuns":1,"wideRuns":2,"byeRuns":1,"legByeRuns":10},"battingStats":[{"mod":{"text":"c Nathan Coulter-Nile b Imran Tahir","dismissedBp":{"over":9,"innings":1,"ball":1},"countingBp":{"over":9,"innings":1,"ball":1},"bowlerId":898,"additionalPlayerIds":[840],"dismissedMethod":"ct"},"playerId":413,"r":34,"b":31,"sr":"109.67","4s":6,"6s":0},{"mod":{"text":"c Yuvraj Singh b Nathan Coulter-Nile","dismissedBp":{"over":2,"innings":1,"ball":2},"countingBp":{"over":2,"innings":1,"ball":2},"bowlerId":840,"additionalPlayerIds":[113],"dismissedMethod":"ct"},"playerId":202,"r":4,"b":2,"sr":"200.00","4s":1,"6s":0},{"mod":{"text":"b Nathan Coulter-Nile","dismissedBp":{"over":4,"innings":1,"ball":6},"countingBp":{"over":4,"innings":1,"ball":6},"bowlerId":840,"dismissedMethod":"b"},"playerId":14,"r":4,"b":7,"sr":"57.14","4s":0,"6s":0},{"mod":{"text":"c Shreyas Iyer b JP Duminy","dismissedBp":{"over":13,"innings":1,"ball":2},"countingBp":{"over":13,"innings":1,"ball":2},"bowlerId":182,"additionalPlayerIds":[1563],"dismissedMethod":"ct"},"playerId":24,"r":32,"b":24,"sr":"133.33","4s":3,"6s":0},{"mod":{"text":"st CM Gautam b Amit Mishra","dismissedBp":{"over":16,"innings":1,"ball":2},"countingBp":{"over":16,"innings":1,"ball":2},"bowlerId":30,"additionalPlayerIds":[155],"dismissedMethod":"st"},"playerId":9,"r":17,"b":18,"sr":"94.44","4s":1,"6s":1},{"mod":{"text":"c Mayank Agarwal b Nathan Coulter-Nile","dismissedBp":{"over":20,"innings":1,"ball":5},"countingBp":{"over":20,"innings":1,"ball":5},"bowlerId":840,"additionalPlayerIds":[158],"dismissedMethod":"ct"},"playerId":1,"r":30,"b":27,"sr":"111.11","4s":1,"6s":2},{"mod":{"text":"lbw Domnic Joseph","dismissedBp":{"over":17,"innings":1,"ball":4},"countingBp":{"over":17,"innings":1,"ball":4},"bowlerId":2736,"dismissedMethod":"lbw"},"playerId":25,"r":1,"b":3,"sr":"33.33","4s":0,"6s":0},{"playerId":8,"r":12,"b":8,"sr":"150.00","4s":1,"6s":0},{"playerId":1107,"r":2,"b":1,"sr":"200.00","4s":0,"6s":0}],"bowlingStats":[{"playerId":26,"r":28,"w":0,"ov":"3","e":"9.33","nb":0,"d":6,"maid":0,"wd":1},{"playerId":840,"r":30,"w":3,"ov":"4","e":"7.50","nb":1,"d":11,"maid":0,"wd":0},{"playerId":2736,"r":18,"w":1,"ov":"3","e":"6.00","nb":0,"d":9,"maid":0,"wd":0},{"playerId":898,"r":27,"w":1,"ov":"4","e":"6.75","nb":0,"d":8,"maid":0,"wd":0},{"playerId":30,"r":21,"w":1,"ov":"4","e":"5.25","nb":0,"d":10,"maid":0,"wd":0},{"playerId":182,"r":15,"w":1,"ov":"2","e":"7.50","nb":0,"d":4,"maid":0,"wd":1}],"wkts":7,"fow":[{"bp":{"over":2,"innings":1,"ball":2},"playerId":202,"r":20,"w":1},{"bp":{"over":4,"innings":1,"ball":6},"playerId":14,"r":38,"w":2},{"bp":{"over":9,"innings":1,"ball":1},"playerId":413,"r":71,"w":3},{"bp":{"over":13,"innings":1,"ball":2},"playerId":24,"r":100,"w":4},{"bp":{"over":16,"innings":1,"ball":2},"playerId":9,"r":117,"w":5},{"bp":{"over":17,"innings":1,"ball":4},"playerId":25,"r":120,"w":6},{"bp":{"over":20,"innings":1,"ball":5},"playerId":1,"r":148,"w":7}]},"overProgress":"20","runRate":"7.50","overHistory":[{"ovNo":1,"ovBalls":[".","4","4Lb","4","4","."]},{"ovNo":2,"ovBalls":["4","W","1Nb","1","3","1Lb","."]},{"ovNo":3,"ovBalls":["4Lb",".",".","4","2","."]},{"ovNo":4,"ovBalls":["1","1B",".",".",".","W"]},{"ovNo":5,"ovBalls":[".","1","1","4","1","4"]},{"ovNo":6,"ovBalls":["1","4","1","1",".","1Wd","2"]},{"ovNo":7,"ovBalls":[".","1","1",".","4","."]},{"ovNo":8,"ovBalls":["2","1","1","1",".","1"]},{"ovNo":9,"ovBalls":["W",".","2","1",".","4"]},{"ovNo":10,"ovBalls":["2","1",".",".",".","1"]},{"ovNo":11,"ovBalls":[".","1Wd","1",".",".","2","2"]},{"ovNo":12,"ovBalls":[".","6","1",".",".","1"]},{"ovNo":13,"ovBalls":["4","W","1","1","1","2"]},{"ovNo":14,"ovBalls":[".","1",".","4","1","."]},{"ovNo":15,"ovBalls":["1","1","2",".",".","1"]},{"ovNo":16,"ovBalls":["1","W","1",".","1","."]},{"ovNo":17,"ovBalls":[".",".","1","W",".","."]},{"ovNo":18,"ovBalls":[".",".",".",".","1Lb","4"]},{"ovNo":19,"ovBalls":["1","2","2","1","1","2"]},{"ovNo":20,"ovBalls":["1","1","6","6","W","2"]}]},{"inningsNumber":2,"scorecard":{"runs":149,"extras":{"wideRuns":5},"battingStats":[{"mod":{"text":"c MS Dhoni b Ashish Nehra","dismissedBp":{"over":3,"innings":2,"ball":6},"countingBp":{"over":3,"innings":2,"ball":6},"bowlerId":115,"additionalPlayerIds":[1],"dismissedMethod":"ct"},"playerId":158,"r":15,"b":12,"sr":"125.00","4s":2,"6s":1},{"mod":{"text":"c Dwayne Bravo b Ashish Nehra","dismissedBp":{"over":3,"innings":2,"ball":3},"countingBp":{"over":3,"innings":2,"ball":3},"bowlerId":115,"additionalPlayerIds":[25],"dismissedMethod":"ct"},"playerId":155,"r":4,"b":5,"sr":"80.00","4s":0,"6s":0},{"playerId":26,"r":73,"b":55,"sr":"132.72","4s":8,"6s":1},{"mod":{"text":"c Francois du Plessis b Ashish Nehra","dismissedBp":{"over":5,"innings":2,"ball":6},"countingBp":{"over":5,"innings":2,"ball":6},"bowlerId":115,"additionalPlayerIds":[24],"dismissedMethod":"ct"},"playerId":1563,"r":7,"b":7,"sr":"100.00","4s":1,"6s":0},{"mod":{"text":"c Ravindra Jadeja b Mohit Sharma","dismissedBp":{"over":14,"innings":2,"ball":1},"countingBp":{"over":14,"innings":2,"ball":1},"bowlerId":1107,"additionalPlayerIds":[9],"dismissedMethod":"ct"},"playerId":297,"r":20,"b":20,"sr":"100.00","4s":2,"6s":0},{"mod":{"text":"c Ishwar Pandey b Dwayne Bravo","dismissedBp":{"over":15,"innings":2,"ball":4},"countingBp":{"over":15,"innings":2,"ball":3},"bowlerId":25,"additionalPlayerIds":[1090],"dismissedMethod":"ct"},"playerId":113,"r":9,"b":6,"sr":"150.00","4s":1,"6s":0},{"mod":{"text":"b Ishwar Pandey","dismissedBp":{"over":16,"innings":2,"ball":4},"countingBp":{"over":16,"innings":2,"ball":4},"bowlerId":1090,"dismissedMethod":"b"},"playerId":182,"r":5,"b":5,"sr":"100.00","4s":0,"6s":0},{"mod":{"text":"b Ravichandran Ashwin","dismissedBp":{"over":18,"innings":2,"ball":5},"countingBp":{"over":18,"innings":2,"ball":4},"bowlerId":8,"dismissedMethod":"b"},"playerId":840,"r":5,"b":4,"sr":"125.00","4s":1,"6s":0},{"mod":{"text":"run out (Ashish Nehra)","dismissedBp":{"over":19,"innings":2,"ball":5},"countingBp":{"over":19,"innings":2,"ball":4},"bowlerId":115,"additionalPlayerIds":[115],"dismissedMethod":"ro"},"playerId":30,"r":4,"b":4,"sr":"100.00","4s":0,"6s":0},{"mod":{"text":"c Suresh Raina b Dwayne Bravo","dismissedBp":{"over":20,"innings":2,"ball":3},"countingBp":{"over":20,"innings":2,"ball":3},"bowlerId":25,"additionalPlayerIds":[14],"dismissedMethod":"ct"},"playerId":898,"r":2,"b":2,"sr":"100.00","4s":0,"6s":0},{"playerId":2736,"r":0,"b":0,"4s":0,"6s":0}],"bowlingStats":[{"playerId":115,"r":25,"w":3,"ov":"4","e":"6.25","nb":0,"d":12,"maid":0,"wd":1},{"playerId":1107,"r":33,"w":1,"ov":"4","e":"8.25","nb":0,"d":8,"maid":0,"wd":1},{"playerId":1090,"r":30,"w":1,"ov":"4","e":"7.50","nb":0,"d":9,"maid":0,"wd":0},{"playerId":8,"r":25,"w":1,"ov":"4","e":"6.25","nb":0,"d":8,"maid":0,"wd":1},{"playerId":25,"r":36,"w":2,"ov":"4","e":"9.00","nb":0,"d":6,"maid":0,"wd":2}],"wkts":9,"fow":[{"bp":{"over":3,"innings":2,"ball":3},"playerId":155,"r":15,"w":1},{"bp":{"over":3,"innings":2,"ball":6},"playerId":158,"r":20,"w":2},{"bp":{"over":5,"innings":2,"ball":6},"playerId":1563,"r":39,"w":3},{"bp":{"over":14,"innings":2,"ball":1},"playerId":297,"r":87,"w":4},{"bp":{"over":15,"innings":2,"ball":3},"playerId":113,"r":99,"w":5},{"bp":{"over":16,"innings":2,"ball":4},"playerId":182,"r":106,"w":6},{"bp":{"over":18,"innings":2,"ball":4},"playerId":840,"r":123,"w":7},{"bp":{"over":19,"innings":2,"ball":4},"playerId":30,"r":129,"w":8},{"bp":{"over":20,"innings":2,"ball":3},"playerId":898,"r":137,"w":9}]},"overProgress":"20","runRate":"7.45","overHistory":[{"ovNo":1,"ovBalls":[".",".",".","4",".","."]},{"ovNo":2,"ovBalls":["1",".","1","1","6","."]},{"ovNo":3,"ovBalls":["2",".","W","1","4","W"]},{"ovNo":4,"ovBalls":["1","1","4","1","1","1Wd","4"]},{"ovNo":5,"ovBalls":["4","1","1",".",".","W"]},{"ovNo":6,"ovBalls":[".",".","1",".",".","."]},{"ovNo":7,"ovBalls":["4",".",".","2",".","1"]},{"ovNo":8,"ovBalls":["1","1",".",".","1","1"]},{"ovNo":9,"ovBalls":["1","4",".","1",".","1"]},{"ovNo":10,"ovBalls":["2","1",".","4","1","1"]},{"ovNo":11,"ovBalls":["4","1",".","2","1","."]},{"ovNo":12,"ovBalls":[".","1","4","1","1","."]},{"ovNo":13,"ovBalls":["1Wd","1","1",".","1","1","."]},{"ovNo":14,"ovBalls":["W","1","1","2","4","2"]},{"ovNo":15,"ovBalls":["1Wd","1",".","W","1","1","1"]},{"ovNo":16,"ovBalls":["1","1","2","W","4","."]},{"ovNo":17,"ovBalls":["4",".","1","1","2","1"]},{"ovNo":18,"ovBalls":[".","2","1Wd","1","W",".","1"]},{"ovNo":19,"ovBalls":["1",".","1","2","1WdW","1","2"]},{"ovNo":20,"ovBalls":["4","1","W","6","2","4"]}]}],"currentState":{"phase":"C","facingBatsman":2736,"nonFacingBatsman":26,"currentInningsIndex":1,"currentPartnership":12,"currentBowler":-1,"currentBatsmen":[26,2736],"recentOvers":[{"ovNo":15,"ovBalls":["1Wd","1",".","W","1","1","1"]},{"ovNo":16,"ovBalls":["1","1","2","W","4","."]},{"ovNo":17,"ovBalls":["4",".","1","1","2","1"]},{"ovNo":18,"ovBalls":[".","2","1Wd","1","W",".","1"]},{"ovNo":19,"ovBalls":["1",".","1","2","1WdW","1","2"]},{"ovNo":20,"ovBalls":["4","1","W","6","2","4"]}]}}