{"fragment":9,"updateTime":1432494890000,"matchId":{"id":3285,"name":"ipl2015-60 - MI vs. CSK","matchIdName":"ipl2015-60"},"commentaries":[{"bbcode":"[b]Chennai Super Kings win the McDowell's No.1 Fairplay Award[/b]","subtype":"BBCode","message":{"text":"<p><strong>Chennai Super Kings win the McDowell's No.1 Fairplay Award</strong></p>"},"tags":[],"timestamp":1432492788000,"id":1202159,"time":"18:39","updateTime":1432492788156,"sequence":400.5,"type":"Manual"},{"subtype":"EmbeddedTweet","tweetjson":{"created_at":"Sun May 24 18:23:41 +0000 2015","id":602540487086473216,"id_str":"602540487086473216","text":"Another brilliant season of IPL comes to an end. Congratulations @mipaltan. #MIvCSK #IPLFinal","source":"<a href=\"http://twitter.com/download/android\" rel=\"nofollow\">Twitter for Android</a>","truncated":false,"in_reply_to_status_id":null,"in_reply_to_status_id_str":null,"in_reply_to_user_id":null,"in_reply_to_user_id_str":null,"in_reply_to_screen_name":null,"user":{"id":99918503,"id_str":"99918503","name":"Ishant Sharma","screen_name":"ImIshant","location":"Delhi","description":"Foodie, tidy and happy-go-lucky. Indian National Cricketer.","url":"http://t.co/5Aar8qGoCm","entities":{"url":{"urls":[{"url":"http://t.co/5Aar8qGoCm","expanded_url":"http://www.valkyriesport.com","display_url":"valkyriesport.com","indices":[0,22]}]},"description":{"urls":[]}},"protected":false,"followers_count":908550,"friends_count":25,"listed_count":2147,"created_at":"Mon Dec 28 10:29:52 +0000 2009","favourites_count":3,"utc_offset":19800,"time_zone":"New Delhi","geo_enabled":false,"verified":true,"statuses_count":291,"lang":"en","contributors_enabled":false,"is_translator":false,"is_translation_enabled":false,"profile_background_color":"022330","profile_background_image_url":"http://pbs.twimg.com/profile_background_images/814338509/9bb2d8866c3ea746772359d8958c89f1.jpeg","profile_background_image_url_https":"https://pbs.twimg.com/profile_background_images/814338509/9bb2d8866c3ea746772359d8958c89f1.jpeg","profile_background_tile":true,"profile_image_url":"http://pbs.twimg.com/profile_images/506813051446644736/9BhmorQZ_normal.jpeg","profile_image_url_https":"https://pbs.twimg.com/profile_images/506813051446644736/9BhmorQZ_normal.jpeg","profile_link_color":"0084B4","profile_sidebar_border_color":"FFFFFF","profile_sidebar_fill_color":"C0DFEC","profile_text_color":"333333","profile_use_background_image":true,"default_profile":false,"default_profile_image":false,"following":false,"follow_request_sent":false,"notifications":false},"geo":null,"coordinates":null,"place":null,"contributors":null,"retweet_count":93,"favorite_count":150,"entities":{"hashtags":[{"text":"MIvCSK","indices":[76,83]},{"text":"IPLFinal","indices":[84,93]}],"symbols":[],"user_mentions":[{"screen_name":"mipaltan","name":"Mumbai Indians","id":106345557,"id_str":"106345557","indices":[65,74]}],"urls":[]},"favorited":false,"retweeted":false,"lang":"en"},"message":{"text":"<blockquote class=\"twitter-tweet\" data-partner=\"tweetdeck\">\n<p lang=\"en\" dir=\"ltr\">Another brilliant season of IPL comes to an end. Congratulations <a href=\"https://twitter.com/mipaltan\">@mipaltan</a>. <a href=\"https://twitter.com/hashtag/MIvCSK?src=hash\">#MIvCSK</a> <a href=\"https://twitter.com/hashtag/IPLFinal?src=hash\">#IPLFinal</a></p>\n&mdash; Ishant Sharma (@ImIshant) <a href=\"https://twitter.com/ImIshant/status/602540487086473216\">May 24, 2015</a></blockquote>\n<script charset=\"utf-8\" type=\"text/javascript\" src=\"http://platform.twitter.com/widgets.js\"></script>"},"tags":[],"timestamp":1432494688000,"id":1202165,"time":"19:11","updateTime":1432494688585,"sequence":401.5,"type":"Manual"},{"bbcode":"\\n\\nRohit Sharma holds aloft the trophy proudly, and Mumbai Indians will celebrate long into the night. For CSK, it wasn't quite to be, but they've helped provide sparkling entertainment throughout this tournament. Thanks very much for your wonderful company during this tournament, and we hope to see you next year for all the fun and games. Until then, good night!","subtype":"BBCode","message":{"text":"<p><img src=\"http://static2.iplt20.com/cms/media/images/1200x800/45198.jpg\" alt=\"\" width=\"600\" height=\"400\" /><br /><br />Rohit Sharma holds aloft the trophy proudly, and Mumbai Indians will celebrate long into the night. For CSK, it wasn't quite to be, but they've helped provide sparkling entertainment throughout this tournament. Thanks very much for your wonderful company during this tournament, and we hope to see you next year for all the fun and games. Until then, good night!</p>"},"tags":[],"timestamp":1432494890000,"id":1202166,"time":"19:14","updateTime":1432494890154,"sequence":402.5,"type":"Manual"}]}