{"squadId":460,"totalVotes":10976,"players":[{"id":1,"voteCount":10358,"fullName":"MS Dhoni","shortName":"MS Dhoni"},{"id":25,"voteCount":10088,"fullName":"Dwayne Bravo","shortName":"DJ Bravo"},{"id":8,"voteCount":9940,"fullName":"Ravichandran Ashwin","shortName":"R Ashwin"},{"id":14,"voteCount":9928,"fullName":"Suresh Raina","shortName":"S Raina"},{"id":24,"voteCount":9796,"fullName":"Francois du Plessis","shortName":"F du Plessis"},{"id":115,"voteCount":9504,"fullName":"Ashish Nehra","shortName":"A Nehra"},{"id":9,"voteCount":9216,"fullName":"Ravindra Jadeja","shortName":"R Jadeja"},{"id":20,"voteCount":8814,"fullName":"Michael Hussey","shortName":"M Hussey"},{"id":53,"voteCount":8700,"fullName":"Pawan Negi","shortName":"P Negi"},{"id":413,"voteCount":8656,"fullName":"Dwayne Smith","shortName":"DR Smith"},{"id":1107,"voteCount":8307,"fullName":"Mohit Sharma","shortName":"M Sharma"},{"id":202,"voteCount":2463,"fullName":"Brendon McCullum","shortName":"B McCullum"},{"id":1090,"voteCount":2331,"fullName":"Ishwar Pandey","shortName":"I Pandey"},{"id":49,"voteCount":2267,"fullName":"Irfan Pathan","shortName":"I Pathan"},{"id":126,"voteCount":929,"fullName":"Rahul Sharma","shortName":"R Sharma"},{"id":1084,"voteCount":508,"fullName":"Baba Aparajith","shortName":"B Aparajith"},{"id":1105,"voteCount":443,"fullName":"Kyle Abbott","shortName":"K Abbott"},{"id":1505,"voteCount":413,"fullName":"Matt Henry","shortName":"M Henry"},{"id":277,"voteCount":401,"fullName":"Ronit More","shortName":"R More"},{"id":124,"voteCount":381,"fullName":"Mithun Manhas","shortName":"M Manhas"},{"id":2731,"voteCount":375,"fullName":"Pratyush Singh","shortName":"P Singh"},{"id":1558,"voteCount":354,"fullName":"Ankush Bains","shortName":"A Bains"},{"id":590,"voteCount":352,"fullName":"Samuel Badree","shortName":"S Badree"},{"id":118,"voteCount":294,"fullName":"Eklavya Dwivedi ","shortName":"E Dwivedi "},{"id":1480,"voteCount":293,"fullName":"Andrew Tye","shortName":"A Tye"}]}