{"matchInfo":{"matchType":"IPLT20","additionalInfo":{"toss.elected":"Chennai Super Kings, who chose to field","match.video.id":"4254504315001","stats.link":"http://www.iplt20.com/news/2015/more-news/6943/quick-stats-final-mi-vs-csk","match.summary":"","photostream.link":"http://www.iplt20.com/photos/308/ipl-2015-match-60-final","mom.video.id":"4254504328001","home.team.fan.total":"54540","notes.1.1":"Powerplay - 61 runs, 1 wicket","notes.1.2":"MI: 50 runs in 5.1 overs","away.team.fan.total":"41102","umpire.name.3":"Vineet Kulkarni","notes.1.3":"2nd Wicket: 50 runs in 27 balls (Lendl Simmons 22, Rohit Sharma 26)","umpire.name.4":"O Nandan","umpire.name.1":"Kumar Dharmasena","notes.1.4":"Lendl Simmons: 50 off 35 balls (5 x fours, 3 x sixes)","umpire.name.2":"Richard Illingworth","notes.1.5":"MI: 100 runs in 10.1 overs","notes.1.6":"2nd Wicket: 100 runs in 57 balls (Lendl Simmons 60, Rohit Sharma 39)","notes.1.7":"Rohit Sharma: 50 off 25 balls (6 x fours, 2 x sixes)","notes.1.8":"MI: 150 runs in 15.6 overs","notes.1.9":"4th Wicket: 50 runs in 29 balls (Kieron Pollard 33, Ambati Rayudu 20)","highlights.link":"http://www.iplt20.com/videos/media/id/4254504315001/m60-mi-vs-csk-match-highlights","result.playerofthematch":"Rohit Sharma","mom.video.thumb":"http://brightcove.vo.llnwd.net/v1/unsecured/media/3588749423001/201505/2339/3588749423001_4254512828001_video-still-for-video-4254504328001.jpg?pubId=3588749423001","interview.link":"http://www.iplt20.com/news/2015/features/6945/thank-you-mother-eden","notes.1.10":"MI: 200 runs in 19.5 overs","sixes.video.id":"4254504326001","interview.thumb":"http://static2.iplt20.com/cms/media/images/320x213/45249.jpg","notes.1.11":"Innings Break: MI - 202/5 in 20 overs","referee.name":"Ranjan Madugalle","match.video.thumb":"http://brightcove.vo.llnwd.net/v1/unsecured/media/3588749423001/201505/1957/3588749423001_4254512807001_video-still-for-video-4254504315001.jpg?pubId=3588749423001","stats.thumb":"http://static2.iplt20.com/cms/media/images/320x213/45199.jpg","toss.winner":"Chennai Super Kings","notes.2.5":"CSK: 100 runs in 13.4 overs","sixes.video.thumb":"http://brightcove.vo.llnwd.net/v1/unsecured/media/3588749423001/201505/2605/3588749423001_4254533618001_vs-5562275be4b060e0ff6929d6-782203294001.jpg?pubId=3588749423001","notes.2.6":"CSK: 150 runs in 19.4 overs","notes.2.3":"2nd Wicket: 50 runs in 35 balls (Dwayne Smith 32, Suresh Raina 15)","notes.2.4":"Dwayne Smith: 50 off 45 balls (8 x fours, 1 x six)","report.thumb":"http://static2.iplt20.com/cms/media/images/320x213/45205.jpg","notes.2.1":"Powerplay - 31 runs, 1 wicket","notes.2.2":"CSK: 50 runs in 7.6 overs","report.link":"http://www.iplt20.com/news/2015/match-reports/6937/report-final-mi-vs-csk"},"groupName":"Playoffs","oversLimit":20,"battingOrder":[0,1],"venue":{"shortName":"Eden Gardens","city":"Kolkata","id":2,"country":"India","fullName":"Eden Gardens"},"teams":[{"players":[{"names":["Lendl Simmons","L Simmons"],"dateOfBirth":475459200000,"rightHandedBat":true,"shortName":"L Simmons","nationality":"West Indian","id":595,"fullName":"Lendl Simmons"},{"names":["Parthiv Patel","P Patel"],"dateOfBirth":479174400000,"shortName":"P Patel","nationality":"Indian","id":44,"fullName":"Parthiv Patel"},{"names":["Rohit Sharma","RG Sharma"],"dateOfBirth":546739200000,"rightHandedBat":true,"shortName":"RG Sharma","nationality":"Indian","id":107,"fullName":"Rohit Sharma"},{"names":["Ambati Rayudu","A Rayudu"],"dateOfBirth":496281600000,"rightHandedBat":true,"shortName":"A Rayudu","nationality":"Indian","id":100,"fullName":"Ambati Rayudu"},{"names":["Kieron Pollard","K Pollard"],"dateOfBirth":547776000000,"rightHandedBat":true,"shortName":"K Pollard","nationality":"West Indian","id":210,"fullName":"Kieron Pollard"},{"names":["Hardik Pandya","H Pandya"],"dateOfBirth":750297600000,"rightHandedBat":true,"shortName":"H Pandya","nationality":"Indian","id":2740,"fullName":"Hardik Pandya"},{"names":["Harbhajan Singh","H Singh"],"dateOfBirth":331430400000,"rightHandedBat":true,"shortName":"H Singh","nationality":"Indian","id":103,"fullName":"Harbhajan Singh"},{"names":["Jagadeesha Suchith","J Suchith"],"dateOfBirth":758678400000,"shortName":"J Suchith","nationality":"Indian","id":2741,"fullName":"Jagadeesha Suchith"},{"names":["Mitchell McClenaghan","M McClenaghan"],"dateOfBirth":518832000000,"shortName":"M McClenaghan","nationality":"New Zealander","id":730,"fullName":"Mitchell McClenaghan"},{"names":["Vinay Kumar","V Kumar"],"dateOfBirth":445392000000,"shortName":"V Kumar","nationality":"Indian","id":166,"fullName":"Vinay Kumar"},{"names":["Lasith Malinga","L Malinga"],"dateOfBirth":430876800000,"rightHandedBat":true,"shortName":"L Malinga","nationality":"Sri Lankan","id":211,"fullName":"Lasith Malinga"}],"wicketKeeper":{"names":["Parthiv Patel","P Patel"],"dateOfBirth":479174400000,"shortName":"P Patel","nationality":"Indian","id":44,"fullName":"Parthiv Patel"},"captain":{"names":["Rohit Sharma","RG Sharma"],"dateOfBirth":546739200000,"rightHandedBat":true,"shortName":"RG Sharma","nationality":"Indian","id":107,"fullName":"Rohit Sharma"},"team":{"shortName":"Mumbai","abbreviation":"MI","primaryColor":"00AEEF","secondaryColor":"FFFFFF","type":"m","fullName":"Mumbai Indians","id":6},"id":3787},{"players":[{"names":["Dwayne Smith","DR Smith"],"dateOfBirth":418953600000,"shortName":"DR Smith","nationality":"West Indian","id":413,"fullName":"Dwayne Smith"},{"names":["Michael Hussey","M Hussey"],"dateOfBirth":170380800000,"shortName":"M Hussey","nationality":"Australian","id":20,"fullName":"Michael Hussey"},{"names":["Suresh Raina","S Raina"],"dateOfBirth":533433600000,"shortName":"S Raina","nationality":"Indian","id":14,"fullName":"Suresh Raina"},{"names":["Francois du Plessis","F du Plessis"],"dateOfBirth":458524800000,"shortName":"F du Plessis","nationality":"South African","id":24,"fullName":"Francois du Plessis"},{"names":["Dwayne Bravo","DJ Bravo"],"dateOfBirth":434332800000,"shortName":"DJ Bravo","nationality":"West Indian","id":25,"fullName":"Dwayne Bravo"},{"names":["MS Dhoni","MS Dhoni"],"dateOfBirth":363312000000,"shortName":"MS Dhoni","nationality":"Indian","id":1,"fullName":"MS Dhoni"},{"names":["Ravindra Jadeja","R Jadeja"],"dateOfBirth":597369600000,"shortName":"R Jadeja","nationality":"Indian","id":9,"fullName":"Ravindra Jadeja"},{"names":["Pawan Negi","P Negi"],"dateOfBirth":410659200000,"shortName":"P Negi","nationality":"Indian","id":53,"fullName":"Pawan Negi"},{"names":["Ashish Nehra","A Nehra"],"dateOfBirth":294192000000,"shortName":"A Nehra","nationality":"Indian","id":115,"fullName":"Ashish Nehra"},{"names":["Ravichandran Ashwin","R Ashwin"],"dateOfBirth":527299200000,"shortName":"R Ashwin","nationality":"Indian","id":8,"fullName":"Ravichandran Ashwin"},{"names":["Mohit Sharma","M Sharma"],"dateOfBirth":693100800000,"rightHandedBat":true,"shortName":"M Sharma","nationality":"Indian","id":1107,"fullName":"Mohit Sharma"}],"wicketKeeper":{"names":["MS Dhoni","MS Dhoni"],"dateOfBirth":363312000000,"shortName":"MS Dhoni","nationality":"Indian","id":1,"fullName":"MS Dhoni"},"captain":{"names":["MS Dhoni","MS Dhoni"],"dateOfBirth":363312000000,"shortName":"MS Dhoni","nationality":"Indian","id":1,"fullName":"MS Dhoni"},"team":{"shortName":"Super Kings","abbreviation":"CSK","primaryColor":"FDB913","secondaryColor":"FFFFFF","type":"m","fullName":"Chennai Super Kings","id":1},"id":3786}],"matchDate":"2015-05-24T20:00:00+0530","matchState":"C","matchStatus":{"text":"Mumbai Indians won by 41 runs","outcome":"A"},"isLimitedOvers":true,"matchSummary":"","tournamentLabel":"IPL 2015","description":"Final"},"innings":[{"scorecard":{"runs":202,"wkts":5,"battingStats":[{"mod":{"text":"b Dwayne Smith","bowlerId":413,"dismissedBp":{"innings":1,"over":13,"ball":1},"countingBp":{"innings":1,"over":13,"ball":1},"dismissedMethod":"b"},"playerId":595,"r":68,"b":45,"4s":8,"sr":"151.11","6s":3},{"mod":{"text":"run out (Francois du Plessis)","bowlerId":115,"dismissedBp":{"innings":1,"over":1,"ball":5},"countingBp":{"innings":1,"over":1,"ball":5},"additionalPlayerIds":[24],"dismissedMethod":"ro"},"playerId":44,"r":0,"b":3,"4s":0,"sr":"0.00","6s":0},{"mod":{"text":"c Ravindra Jadeja b Dwayne Bravo","bowlerId":25,"dismissedBp":{"innings":1,"over":12,"ball":6},"countingBp":{"innings":1,"over":12,"ball":6},"additionalPlayerIds":[9],"dismissedMethod":"ct"},"playerId":107,"r":50,"b":26,"4s":6,"sr":"192.30","6s":2},{"mod":{"text":"c Suresh Raina b Mohit Sharma","bowlerId":1107,"dismissedBp":{"innings":1,"over":19,"ball":5},"countingBp":{"innings":1,"over":19,"ball":5},"additionalPlayerIds":[14],"dismissedMethod":"ct"},"playerId":210,"r":36,"b":18,"4s":2,"sr":"200.00","6s":3},{"playerId":100,"r":36,"b":24,"4s":0,"sr":"150.00","6s":3},{"mod":{"text":"c Suresh Raina b Dwayne Bravo","bowlerId":25,"dismissedBp":{"innings":1,"over":20,"ball":2},"countingBp":{"innings":1,"over":20,"ball":2},"additionalPlayerIds":[14],"dismissedMethod":"ct"},"playerId":2740,"r":0,"b":2,"4s":0,"sr":"0.00","6s":0},{"playerId":103,"r":6,"b":3,"4s":0,"sr":"200.00","6s":1}],"bowlingStats":[{"playerId":115,"r":41,"w":0,"ov":"4","d":10,"maid":0,"e":"10.25","wd":0,"nb":0},{"playerId":1107,"r":38,"w":1,"ov":"4","d":9,"maid":0,"e":"9.50","wd":0,"nb":0},{"playerId":8,"r":21,"w":0,"ov":"2","d":6,"maid":0,"e":"10.50","wd":0,"nb":1},{"playerId":9,"r":26,"w":0,"ov":"2","d":3,"maid":0,"e":"13.00","wd":0,"nb":0},{"playerId":53,"r":18,"w":0,"ov":"2","d":2,"maid":0,"e":"9.00","wd":0,"nb":0},{"playerId":25,"r":36,"w":2,"ov":"4","d":8,"maid":0,"e":"9.00","wd":0,"nb":0},{"playerId":413,"r":17,"w":1,"ov":"2","d":4,"maid":0,"e":"8.50","wd":0,"nb":0}],"fow":[{"playerId":44,"bp":{"innings":1,"over":1,"ball":5},"r":1,"w":1},{"playerId":107,"bp":{"innings":1,"over":12,"ball":6},"r":120,"w":2},{"playerId":595,"bp":{"innings":1,"over":13,"ball":1},"r":120,"w":3},{"playerId":210,"bp":{"innings":1,"over":19,"ball":5},"r":191,"w":4},{"playerId":2740,"bp":{"innings":1,"over":20,"ball":2},"r":191,"w":5}],"extras":{"noBallRuns":1,"byeRuns":1,"legByeRuns":4}},"overProgress":"20","inningsNumber":1,"runRate":"10.10","overHistory":[{"ovNo":1,"ovBalls":[".","1",".",".","W","."]},{"ovNo":2,"ovBalls":[".",".","6","4","2","4"]},{"ovNo":3,"ovBalls":["1",".","4","4","1","1"]},{"ovNo":4,"ovBalls":["4","1Nb","6",".",".",".","1"]},{"ovNo":5,"ovBalls":["1B","1",".",".","4","1"]},{"ovNo":6,"ovBalls":["4",".",".",".","6","4"]},{"ovNo":7,"ovBalls":["1","1","1","4",".","1"]},{"ovNo":8,"ovBalls":[".",".","1",".","6","2"]},{"ovNo":9,"ovBalls":["1","1",".","6","1","1"]},{"ovNo":10,"ovBalls":[".","1","2","4","2","1"]},{"ovNo":11,"ovBalls":["4","1","1","1","1","4"]},{"ovNo":12,"ovBalls":["4","1",".","1","4","W"]},{"ovNo":13,"ovBalls":["W","1","1",".","2","1"]},{"ovNo":14,"ovBalls":[".","1","1","1","2","4"]},{"ovNo":15,"ovBalls":[".",".","2","6","2","2"]},{"ovNo":16,"ovBalls":[".",".","2",".","1","1"]},{"ovNo":17,"ovBalls":["1","6",".","4","6","6"]},{"ovNo":18,"ovBalls":["1","1","6",".","1","1"]},{"ovNo":19,"ovBalls":["1","6",".","1","W","."]},{"ovNo":20,"ovBalls":[".","W","1","6","4Lb","."]}]},{"scorecard":{"runs":161,"wkts":8,"battingStats":[{"mod":{"text":"lbw Harbhajan Singh","bowlerId":103,"dismissedBp":{"innings":2,"over":12,"ball":5},"countingBp":{"innings":2,"over":12,"ball":5},"dismissedMethod":"lbw"},"playerId":413,"r":57,"b":48,"4s":9,"sr":"118.75","6s":1},{"mod":{"text":"c Jagadeesha Suchith b Mitchell McClenaghan","bowlerId":730,"dismissedBp":{"innings":2,"over":5,"ball":4},"countingBp":{"innings":2,"over":5,"ball":4},"additionalPlayerIds":[2741],"dismissedMethod":"ct"},"playerId":20,"r":4,"b":9,"4s":1,"sr":"44.44","6s":0},{"mod":{"text":"st Parthiv Patel b Harbhajan Singh","bowlerId":103,"dismissedBp":{"innings":2,"over":14,"ball":3},"countingBp":{"innings":2,"over":14,"ball":3},"additionalPlayerIds":[44],"dismissedMethod":"st"},"playerId":14,"r":28,"b":19,"4s":3,"sr":"147.36","6s":1},{"mod":{"text":"b Lasith Malinga","bowlerId":211,"dismissedBp":{"innings":2,"over":16,"ball":6},"countingBp":{"innings":2,"over":16,"ball":5},"dismissedMethod":"b"},"playerId":1,"r":18,"b":13,"4s":1,"sr":"138.46","6s":1},{"mod":{"text":"c Lendl Simmons b Mitchell McClenaghan","bowlerId":730,"dismissedBp":{"innings":2,"over":15,"ball":3},"countingBp":{"innings":2,"over":15,"ball":3},"additionalPlayerIds":[595],"dismissedMethod":"ct"},"playerId":25,"r":9,"b":6,"4s":0,"sr":"150.00","6s":1},{"mod":{"text":"c Hardik Pandya b Lasith Malinga","bowlerId":211,"dismissedBp":{"innings":2,"over":18,"ball":4},"countingBp":{"innings":2,"over":18,"ball":3},"additionalPlayerIds":[2740],"dismissedMethod":"ct"},"playerId":53,"r":3,"b":5,"4s":0,"sr":"60.00","6s":0},{"mod":{"text":"c Rohit Sharma b Vinay Kumar","bowlerId":166,"dismissedBp":{"innings":2,"over":17,"ball":2},"countingBp":{"innings":2,"over":17,"ball":2},"additionalPlayerIds":[107],"dismissedMethod":"ct"},"playerId":24,"r":1,"b":3,"4s":0,"sr":"33.33","6s":0},{"playerId":9,"r":11,"b":8,"4s":1,"sr":"137.50","6s":0},{"mod":{"text":"c Jagadeesha Suchith b Mitchell McClenaghan","bowlerId":730,"dismissedBp":{"innings":2,"over":19,"ball":2},"countingBp":{"innings":2,"over":19,"ball":2},"additionalPlayerIds":[2741],"dismissedMethod":"ct"},"playerId":8,"r":2,"b":4,"4s":0,"sr":"50.00","6s":0},{"playerId":1107,"r":21,"b":7,"4s":1,"sr":"300.00","6s":2}],"bowlingStats":[{"playerId":211,"r":25,"w":2,"ov":"4","d":11,"maid":0,"e":"6.25","wd":1,"nb":1},{"playerId":730,"r":25,"w":3,"ov":"4","d":15,"maid":0,"e":"6.25","wd":0,"nb":0},{"playerId":166,"r":39,"w":1,"ov":"4","d":10,"maid":0,"e":"9.75","wd":1,"nb":0},{"playerId":2740,"r":36,"w":0,"ov":"4","d":9,"maid":0,"e":"9.00","wd":0,"nb":1},{"playerId":103,"r":34,"w":2,"ov":"4","d":7,"maid":0,"e":"8.50","wd":1,"nb":0}],"fow":[{"playerId":20,"bp":{"innings":2,"over":5,"ball":4},"r":22,"w":1},{"playerId":413,"bp":{"innings":2,"over":12,"ball":5},"r":88,"w":2},{"playerId":14,"bp":{"innings":2,"over":14,"ball":3},"r":99,"w":3},{"playerId":25,"bp":{"innings":2,"over":15,"ball":3},"r":108,"w":4},{"playerId":1,"bp":{"innings":2,"over":16,"ball":5},"r":124,"w":5},{"playerId":24,"bp":{"innings":2,"over":17,"ball":2},"r":125,"w":6},{"playerId":53,"bp":{"innings":2,"over":18,"ball":3},"r":134,"w":7},{"playerId":8,"bp":{"innings":2,"over":19,"ball":2},"r":137,"w":8}],"extras":{"noBallRuns":2,"wideRuns":3,"legByeRuns":2}},"overProgress":"20","inningsNumber":2,"runRate":"8.05","overHistory":[{"ovNo":1,"ovBalls":[".",".",".","4",".","1"]},{"ovNo":2,"ovBalls":[".",".",".","6","1","."]},{"ovNo":3,"ovBalls":[".","1",".","1Lb",".","1"]},{"ovNo":4,"ovBalls":[".","1",".","1Wd",".",".","4"]},{"ovNo":5,"ovBalls":[".","1",".","W",".","4"]},{"ovNo":6,"ovBalls":["4",".",".",".","1","."]},{"ovNo":7,"ovBalls":["4","1","1Lb",".",".","1"]},{"ovNo":8,"ovBalls":["4","1",".","2","1","4"]},{"ovNo":9,"ovBalls":["1","1Nb",".","4",".",".","1"]},{"ovNo":10,"ovBalls":["1","1",".",".","1","1Wd","6"]},{"ovNo":11,"ovBalls":["4","1","4",".","1","4"]},{"ovNo":12,"ovBalls":["1","1","1","4","W","1"]},{"ovNo":13,"ovBalls":[".",".","2","1","2","4"]},{"ovNo":14,"ovBalls":["1",".","W","2",".","1"]},{"ovNo":15,"ovBalls":["6",".","W",".","4","."]},{"ovNo":16,"ovBalls":["1","6","1","2Nb","2","W","1"]},{"ovNo":17,"ovBalls":[".","W","4","1","1","1"]},{"ovNo":18,"ovBalls":["1","1Wd",".","W","1","1","1"]},{"ovNo":19,"ovBalls":[".","W","1","1","1","."]},{"ovNo":20,"ovBalls":["1","2","6","2","6","4"]}]}],"matchId":{"tournamentId":{"name":"ipl2015","id":2785},"parentId":{"name":"ipl2015","id":2785},"name":"ipl2015-60","id":3285},"currentState":{"phase":"C","facingBatsman":9,"nonFacingBatsman":1107,"currentInningsIndex":1,"currentPartnership":24,"currentBowler":-1,"currentBatsmen":[9,1107],"recentOvers":[{"ovNo":15,"ovBalls":["6",".","W",".","4","."]},{"ovNo":16,"ovBalls":["1","6","1","2Nb","2","W","1"]},{"ovNo":17,"ovBalls":[".","W","4","1","1","1"]},{"ovNo":18,"ovBalls":["1","1Wd",".","W","1","1","1"]},{"ovNo":19,"ovBalls":[".","W","1","1","1","."]},{"ovNo":20,"ovBalls":["1","2","6","2","6","4"]}]}}