{
  "team": {
    "shortName": "Daredevils",
    "secondaryColor": "FFFFFF",
    "primaryColor": "B22E2A",
    "abbreviation": "DD",
    "type": "m",
    "fullName": "Delhi Daredevils",
    "id": 3
  },
  "tournamentId": {
    "name": "ipl2015",
    "id": 2785
  },
  "playersStats": [
    {
      "player": {
        "dateOfBirth": "1984/04/14",
        "nationality": "South African",
        "id": 182,
        "fullName": "JP Duminy"
      },
      "stats": [
        {
          "matchType": "ALL",
          "battingStats": {
            "a": "41.40",
            "sr": "131.42",
            "no": 3,
            "hs": "78*",
            "50s": 4,
            "100s": 0,
            "4s": 27,
            "6s": 20,
            "r": "414",
            "b": 315,
            "inns": 13,
            "m": 14
          },
          "bowlingStats": {
            "a": "15.75",
            "sr": "12.75",
            "d": 33,
            "e": "7.41",
            "wb": 5,
            "bbiw": 4,
            "bbir": 17,
            "bbmw": 4,
            "bbmr": 17,
            "4w": 1,
            "5w": 0,
            "10w": 0,
            "wmaid": 0,
            "ht": 0,
            "4s": 8,
            "6s": 4,
            "ov": "17.00",
            "r": 126,
            "w": 8,
            "maid": 0,
            "nb": 0,
            "b": 102,
            "inns": 9,
            "m": 14
          },
          "fieldingStats": {
            "c": 8,
            "ro": 1,
            "s": 0,
            "inns": 6,
            "m": 14
          }
        },
        {
          "matchType": "AGG",
          "battingStats": {
            "a": "41.40",
            "sr": "131.42",
            "no": 3,
            "hs": "78*",
            "50s": 4,
            "100s": 0,
            "4s": 27,
            "6s": 20,
            "r": "414",
            "b": 315,
            "inns": 13,
            "m": 14
          },
          "bowlingStats": {
            "a": "15.75",
            "sr": "12.75",
            "d": 33,
            "e": "7.41",
            "wb": 5,
            "bbiw": 4,
            "bbir": 17,
            "bbmw": 4,
            "bbmr": 17,
            "4w": 1,
            "5w": 0,
            "10w": 0,
            "wmaid": 0,
            "ht": 0,
            "4s": 8,
            "6s": 4,
            "ov": "17.00",
            "r": 126,
            "w": 8,
            "maid": 0,
            "nb": 0,
            "b": 102,
            "inns": 9,
            "m": 14
          },
          "fieldingStats": {
            "c": 8,
            "ro": 1,
            "s": 0,
            "inns": 6,
            "m": 14
          }
        },
        {
          "matchType": "IPLT20",
          "battingStats": {
            "a": "41.40",
            "sr": "131.42",
            "no": 3,
            "hs": "78*",
            "50s": 4,
            "100s": 0,
            "4s": 27,
            "6s": 20,
            "r": "414",
            "b": 315,
            "inns": 13,
            "m": 14
          },
          "bowlingStats": {
            "a": "15.75",
            "sr": "12.75",
            "d": 33,
            "e": "7.41",
            "wb": 5,
            "bbiw": 4,
            "bbir": 17,
            "bbmw": 4,
            "bbmr": 17,
            "4w": 1,
            "5w": 0,
            "10w": 0,
            "wmaid": 0,
            "ht": 0,
            "4s": 8,
            "6s": 4,
            "ov": "17.00",
            "r": 126,
            "w": 8,
            "maid": 0,
            "nb": 0,
            "b": 102,
            "inns": 9,
            "m": 14
          },
          "fieldingStats": {
            "c": 8,
            "ro": 1,
            "s": 0,
            "inns": 6,
            "m": 14
          }
        },
        {
          "matchType": "T20",
          "battingStats": {
            "a": "41.40",
            "sr": "131.42",
            "no": 3,
            "hs": "78*",
            "50s": 4,
            "100s": 0,
            "4s": 27,
            "6s": 20,
            "r": "414",
            "b": 315,
            "inns": 13,
            "m": 14
          },
          "bowlingStats": {
            "a": "15.75",
            "sr": "12.75",
            "d": 33,
            "e": "7.41",
            "wb": 5,
            "bbiw": 4,
            "bbir": 17,
            "bbmw": 4,
            "bbmr": 17,
            "4w": 1,
            "5w": 0,
            "10w": 0,
            "wmaid": 0,
            "ht": 0,
            "4s": 8,
            "6s": 4,
            "ov": "17.00",
            "r": 126,
            "w": 8,
            "maid": 0,
            "nb": 0,
            "b": 102,
            "inns": 9,
            "m": 14
          },
          "fieldingStats": {
            "c": 8,
            "ro": 1,
            "s": 0,
            "inns": 6,
            "m": 14
          }
        }
      ]
    },
    {
      "player": {
        "dateOfBirth": "1990/03/09",
        "nationality": "Indian",
        "id": 94,
        "fullName": "Mohammed Shami"
      }
    },
    {
      "player": {
        "dateOfBirth": "1992/12/17",
        "nationality": "South African",
        "id": 834,
        "fullName": "Quinton de Kock"
      },
      "stats": [
        {
          "matchType": "ALL",
          "battingStats": {
            "a": "40.66",
            "sr": "158.44",
            "no": 0,
            "hs": "69",
            "50s": 2,
            "100s": 0,
            "4s": 18,
            "6s": 4,
            "r": "122",
            "b": 77,
            "inns": 3,
            "m": 3
          },
          "bowlingStats": {
            "a": "-",
            "sr": "-",
            "d": 0,
            "e": "-",
            "wb": 0,
            "bbiw": 0,
            "bbir": 0,
            "bbmw": 0,
            "bbmr": 0,
            "4w": 0,
            "5w": 0,
            "10w": 0,
            "wmaid": 0,
            "ht": 0,
            "4s": 0,
            "6s": 0,
            "ov": "-",
            "r": 0,
            "w": 0,
            "maid": 0,
            "nb": 0,
            "b": 0,
            "inns": 0,
            "m": 3
          },
          "fieldingStats": {
            "c": 0,
            "ro": 0,
            "s": 0,
            "inns": 0,
            "m": 3
          }
        },
        {
          "matchType": "AGG",
          "battingStats": {
            "a": "40.66",
            "sr": "158.44",
            "no": 0,
            "hs": "69",
            "50s": 2,
            "100s": 0,
            "4s": 18,
            "6s": 4,
            "r": "122",
            "b": 77,
            "inns": 3,
            "m": 3
          },
          "bowlingStats": {
            "a": "-",
            "sr": "-",
            "d": 0,
            "e": "-",
            "wb": 0,
            "bbiw": 0,
            "bbir": 0,
            "bbmw": 0,
            "bbmr": 0,
            "4w": 0,
            "5w": 0,
            "10w": 0,
            "wmaid": 0,
            "ht": 0,
            "4s": 0,
            "6s": 0,
            "ov": "-",
            "r": 0,
            "w": 0,
            "maid": 0,
            "nb": 0,
            "b": 0,
            "inns": 0,
            "m": 3
          },
          "fieldingStats": {
            "c": 0,
            "ro": 0,
            "s": 0,
            "inns": 0,
            "m": 3
          }
        },
        {
          "matchType": "IPLT20",
          "battingStats": {
            "a": "40.66",
            "sr": "158.44",
            "no": 0,
            "hs": "69",
            "50s": 2,
            "100s": 0,
            "4s": 18,
            "6s": 4,
            "r": "122",
            "b": 77,
            "inns": 3,
            "m": 3
          },
          "bowlingStats": {
            "a": "-",
            "sr": "-",
            "d": 0,
            "e": "-",
            "wb": 0,
            "bbiw": 0,
            "bbir": 0,
            "bbmw": 0,
            "bbmr": 0,
            "4w": 0,
            "5w": 0,
            "10w": 0,
            "wmaid": 0,
            "ht": 0,
            "4s": 0,
            "6s": 0,
            "ov": "-",
            "r": 0,
            "w": 0,
            "maid": 0,
            "nb": 0,
            "b": 0,
            "inns": 0,
            "m": 3
          },
          "fieldingStats": {
            "c": 0,
            "ro": 0,
            "s": 0,
            "inns": 0,
            "m": 3
          }
        },
        {
          "matchType": "T20",
          "battingStats": {
            "a": "40.66",
            "sr": "158.44",
            "no": 0,
            "hs": "69",
            "50s": 2,
            "100s": 0,
            "4s": 18,
            "6s": 4,
            "r": "122",
            "b": 77,
            "inns": 3,
            "m": 3
          },
          "bowlingStats": {
            "a": "-",
            "sr": "-",
            "d": 0,
            "e": "-",
            "wb": 0,
            "bbiw": 0,
            "bbir": 0,
            "bbmw": 0,
            "bbmr": 0,
            "4w": 0,
            "5w": 0,
            "10w": 0,
            "wmaid": 0,
            "ht": 0,
            "4s": 0,
            "6s": 0,
            "ov": "-",
            "r": 0,
            "w": 0,
            "maid": 0,
            "nb": 0,
            "b": 0,
            "inns": 0,
            "m": 3
          },
          "fieldingStats": {
            "c": 0,
            "ro": 0,
            "s": 0,
            "inns": 0,
            "m": 3
          }
        }
      ]
    },
    {
      "player": {
        "dateOfBirth": "1985/11/14",
        "nationality": "Indian",
        "id": 89,
        "fullName": "Manoj Tiwary"
      },
      "stats": [
        {
          "matchType": "ALL",
          "battingStats": {
            "a": "28.50",
            "sr": "101.78",
            "no": 1,
            "hs": "32",
            "50s": 0,
            "100s": 0,
            "4s": 8,
            "6s": 1,
            "r": "57",
            "b": 56,
            "inns": 3,
            "m": 5
          },
          "bowlingStats": {
            "a": "-",
            "sr": "-",
            "d": 0,
            "e": "-",
            "wb": 0,
            "bbiw": 0,
            "bbir": 0,
            "bbmw": 0,
            "bbmr": 0,
            "4w": 0,
            "5w": 0,
            "10w": 0,
            "wmaid": 0,
            "ht": 0,
            "4s": 0,
            "6s": 0,
            "ov": "-",
            "r": 0,
            "w": 0,
            "maid": 0,
            "nb": 0,
            "b": 0,
            "inns": 0,
            "m": 5
          },
          "fieldingStats": {
            "c": 2,
            "ro": 0,
            "s": 0,
            "inns": 2,
            "m": 5
          }
        },
        {
          "matchType": "AGG",
          "battingStats": {
            "a": "28.50",
            "sr": "101.78",
            "no": 1,
            "hs": "32",
            "50s": 0,
            "100s": 0,
            "4s": 8,
            "6s": 1,
            "r": "57",
            "b": 56,
            "inns": 3,
            "m": 5
          },
          "bowlingStats": {
            "a": "-",
            "sr": "-",
            "d": 0,
            "e": "-",
            "wb": 0,
            "bbiw": 0,
            "bbir": 0,
            "bbmw": 0,
            "bbmr": 0,
            "4w": 0,
            "5w": 0,
            "10w": 0,
            "wmaid": 0,
            "ht": 0,
            "4s": 0,
            "6s": 0,
            "ov": "-",
            "r": 0,
            "w": 0,
            "maid": 0,
            "nb": 0,
            "b": 0,
            "inns": 0,
            "m": 5
          },
          "fieldingStats": {
            "c": 2,
            "ro": 0,
            "s": 0,
            "inns": 2,
            "m": 5
          }
        },
        {
          "matchType": "IPLT20",
          "battingStats": {
            "a": "28.50",
            "sr": "101.78",
            "no": 1,
            "hs": "32",
            "50s": 0,
            "100s": 0,
            "4s": 8,
            "6s": 1,
            "r": "57",
            "b": 56,
            "inns": 3,
            "m": 5
          },
          "bowlingStats": {
            "a": "-",
            "sr": "-",
            "d": 0,
            "e": "-",
            "wb": 0,
            "bbiw": 0,
            "bbir": 0,
            "bbmw": 0,
            "bbmr": 0,
            "4w": 0,
            "5w": 0,
            "10w": 0,
            "wmaid": 0,
            "ht": 0,
            "4s": 0,
            "6s": 0,
            "ov": "-",
            "r": 0,
            "w": 0,
            "maid": 0,
            "nb": 0,
            "b": 0,
            "inns": 0,
            "m": 5
          },
          "fieldingStats": {
            "c": 2,
            "ro": 0,
            "s": 0,
            "inns": 2,
            "m": 5
          }
        },
        {
          "matchType": "T20",
          "battingStats": {
            "a": "28.50",
            "sr": "101.78",
            "no": 1,
            "hs": "32",
            "50s": 0,
            "100s": 0,
            "4s": 8,
            "6s": 1,
            "r": "57",
            "b": 56,
            "inns": 3,
            "m": 5
          },
          "bowlingStats": {
            "a": "-",
            "sr": "-",
            "d": 0,
            "e": "-",
            "wb": 0,
            "bbiw": 0,
            "bbir": 0,
            "bbmw": 0,
            "bbmr": 0,
            "4w": 0,
            "5w": 0,
            "10w": 0,
            "wmaid": 0,
            "ht": 0,
            "4s": 0,
            "6s": 0,
            "ov": "-",
            "r": 0,
            "w": 0,
            "maid": 0,
            "nb": 0,
            "b": 0,
            "inns": 0,
            "m": 5
          },
          "fieldingStats": {
            "c": 2,
            "ro": 0,
            "s": 0,
            "inns": 2,
            "m": 5
          }
        }
      ]
    },
    {
      "player": {
        "dateOfBirth": "1985/03/26",
        "nationality": "Indian",
        "rightHandedBat": true,
        "id": 297,
        "fullName": "Kedar Jadhav"
      },
      "stats": [
        {
          "matchType": "ALL",
          "battingStats": {
            "a": "23.62",
            "sr": "135.00",
            "no": 4,
            "hs": "63*",
            "50s": 1,
            "100s": 0,
            "4s": 16,
            "6s": 7,
            "r": "189",
            "b": 140,
            "inns": 12,
            "m": 14
          },
          "bowlingStats": {
            "a": "-",
            "sr": "-",
            "d": 0,
            "e": "-",
            "wb": 0,
            "bbiw": 0,
            "bbir": 0,
            "bbmw": 0,
            "bbmr": 0,
            "4w": 0,
            "5w": 0,
            "10w": 0,
            "wmaid": 0,
            "ht": 0,
            "4s": 0,
            "6s": 0,
            "ov": "-",
            "r": 0,
            "w": 0,
            "maid": 0,
            "nb": 0,
            "b": 0,
            "inns": 0,
            "m": 14
          },
          "fieldingStats": {
            "c": 6,
            "ro": 0,
            "s": 2,
            "inns": 6,
            "m": 14
          }
        },
        {
          "matchType": "AGG",
          "battingStats": {
            "a": "23.62",
            "sr": "135.00",
            "no": 4,
            "hs": "63*",
            "50s": 1,
            "100s": 0,
            "4s": 16,
            "6s": 7,
            "r": "189",
            "b": 140,
            "inns": 12,
            "m": 14
          },
          "bowlingStats": {
            "a": "-",
            "sr": "-",
            "d": 0,
            "e": "-",
            "wb": 0,
            "bbiw": 0,
            "bbir": 0,
            "bbmw": 0,
            "bbmr": 0,
            "4w": 0,
            "5w": 0,
            "10w": 0,
            "wmaid": 0,
            "ht": 0,
            "4s": 0,
            "6s": 0,
            "ov": "-",
            "r": 0,
            "w": 0,
            "maid": 0,
            "nb": 0,
            "b": 0,
            "inns": 0,
            "m": 14
          },
          "fieldingStats": {
            "c": 6,
            "ro": 0,
            "s": 2,
            "inns": 6,
            "m": 14
          }
        },
        {
          "matchType": "IPLT20",
          "battingStats": {
            "a": "23.62",
            "sr": "135.00",
            "no": 4,
            "hs": "63*",
            "50s": 1,
            "100s": 0,
            "4s": 16,
            "6s": 7,
            "r": "189",
            "b": 140,
            "inns": 12,
            "m": 14
          },
          "bowlingStats": {
            "a": "-",
            "sr": "-",
            "d": 0,
            "e": "-",
            "wb": 0,
            "bbiw": 0,
            "bbir": 0,
            "bbmw": 0,
            "bbmr": 0,
            "4w": 0,
            "5w": 0,
            "10w": 0,
            "wmaid": 0,
            "ht": 0,
            "4s": 0,
            "6s": 0,
            "ov": "-",
            "r": 0,
            "w": 0,
            "maid": 0,
            "nb": 0,
            "b": 0,
            "inns": 0,
            "m": 14
          },
          "fieldingStats": {
            "c": 6,
            "ro": 0,
            "s": 2,
            "inns": 6,
            "m": 14
          }
        },
        {
          "matchType": "T20",
          "battingStats": {
            "a": "23.62",
            "sr": "135.00",
            "no": 4,
            "hs": "63*",
            "50s": 1,
            "100s": 0,
            "4s": 16,
            "6s": 7,
            "r": "189",
            "b": 140,
            "inns": 12,
            "m": 14
          },
          "bowlingStats": {
            "a": "-",
            "sr": "-",
            "d": 0,
            "e": "-",
            "wb": 0,
            "bbiw": 0,
            "bbir": 0,
            "bbmw": 0,
            "bbmr": 0,
            "4w": 0,
            "5w": 0,
            "10w": 0,
            "wmaid": 0,
            "ht": 0,
            "4s": 0,
            "6s": 0,
            "ov": "-",
            "r": 0,
            "w": 0,
            "maid": 0,
            "nb": 0,
            "b": 0,
            "inns": 0,
            "m": 14
          },
          "fieldingStats": {
            "c": 6,
            "ro": 0,
            "s": 2,
            "inns": 6,
            "m": 14
          }
        }
      ]
    },
    {
      "player": {
        "dateOfBirth": "1991/02/18",
        "nationality": "Indian",
        "id": 158,
        "fullName": "Mayank Agarwal"
      },
      "stats": [
        {
          "matchType": "ALL",
          "battingStats": {
            "a": "23.66",
            "sr": "120.33",
            "no": 1,
            "hs": "68",
            "50s": 2,
            "100s": 0,
            "4s": 23,
            "6s": 7,
            "r": "213",
            "b": 177,
            "inns": 10,
            "m": 10
          },
          "bowlingStats": {
            "a": "-",
            "sr": "-",
            "d": 0,
            "e": "-",
            "wb": 0,
            "bbiw": 0,
            "bbir": 0,
            "bbmw": 0,
            "bbmr": 0,
            "4w": 0,
            "5w": 0,
            "10w": 0,
            "wmaid": 0,
            "ht": 0,
            "4s": 0,
            "6s": 0,
            "ov": "-",
            "r": 0,
            "w": 0,
            "maid": 0,
            "nb": 0,
            "b": 0,
            "inns": 0,
            "m": 10
          },
          "fieldingStats": {
            "c": 3,
            "ro": 0,
            "s": 0,
            "inns": 3,
            "m": 10
          }
        },
        {
          "matchType": "AGG",
          "battingStats": {
            "a": "23.66",
            "sr": "120.33",
            "no": 1,
            "hs": "68",
            "50s": 2,
            "100s": 0,
            "4s": 23,
            "6s": 7,
            "r": "213",
            "b": 177,
            "inns": 10,
            "m": 10
          },
          "bowlingStats": {
            "a": "-",
            "sr": "-",
            "d": 0,
            "e": "-",
            "wb": 0,
            "bbiw": 0,
            "bbir": 0,
            "bbmw": 0,
            "bbmr": 0,
            "4w": 0,
            "5w": 0,
            "10w": 0,
            "wmaid": 0,
            "ht": 0,
            "4s": 0,
            "6s": 0,
            "ov": "-",
            "r": 0,
            "w": 0,
            "maid": 0,
            "nb": 0,
            "b": 0,
            "inns": 0,
            "m": 10
          },
          "fieldingStats": {
            "c": 3,
            "ro": 0,
            "s": 0,
            "inns": 3,
            "m": 10
          }
        },
        {
          "matchType": "IPLT20",
          "battingStats": {
            "a": "23.66",
            "sr": "120.33",
            "no": 1,
            "hs": "68",
            "50s": 2,
            "100s": 0,
            "4s": 23,
            "6s": 7,
            "r": "213",
            "b": 177,
            "inns": 10,
            "m": 10
          },
          "bowlingStats": {
            "a": "-",
            "sr": "-",
            "d": 0,
            "e": "-",
            "wb": 0,
            "bbiw": 0,
            "bbir": 0,
            "bbmw": 0,
            "bbmr": 0,
            "4w": 0,
            "5w": 0,
            "10w": 0,
            "wmaid": 0,
            "ht": 0,
            "4s": 0,
            "6s": 0,
            "ov": "-",
            "r": 0,
            "w": 0,
            "maid": 0,
            "nb": 0,
            "b": 0,
            "inns": 0,
            "m": 10
          },
          "fieldingStats": {
            "c": 3,
            "ro": 0,
            "s": 0,
            "inns": 3,
            "m": 10
          }
        },
        {
          "matchType": "T20",
          "battingStats": {
            "a": "23.66",
            "sr": "120.33",
            "no": 1,
            "hs": "68",
            "50s": 2,
            "100s": 0,
            "4s": 23,
            "6s": 7,
            "r": "213",
            "b": 177,
            "inns": 10,
            "m": 10
          },
          "bowlingStats": {
            "a": "-",
            "sr": "-",
            "d": 0,
            "e": "-",
            "wb": 0,
            "bbiw": 0,
            "bbir": 0,
            "bbmw": 0,
            "bbmr": 0,
            "4w": 0,
            "5w": 0,
            "10w": 0,
            "wmaid": 0,
            "ht": 0,
            "4s": 0,
            "6s": 0,
            "ov": "-",
            "r": 0,
            "w": 0,
            "maid": 0,
            "nb": 0,
            "b": 0,
            "inns": 0,
            "m": 10
          },
          "fieldingStats": {
            "c": 3,
            "ro": 0,
            "s": 0,
            "inns": 3,
            "m": 10
          }
        }
      ]
    },
    {
      "player": {
        "dateOfBirth": "1989/08/12",
        "nationality": "Indian",
        "id": 57,
        "fullName": "Shahbaz Nadeem"
      },
      "stats": [
        {
          "matchType": "ALL",
          "battingStats": {
            "a": "2.00",
            "sr": "28.57",
            "no": 0,
            "hs": "2",
            "50s": 0,
            "100s": 0,
            "4s": 0,
            "6s": 0,
            "r": "2",
            "b": 7,
            "inns": 1,
            "m": 4
          },
          "bowlingStats": {
            "a": "-",
            "sr": "-",
            "d": 21,
            "e": "6.14",
            "wb": 2,
            "bbiw": 0,
            "bbir": 0,
            "bbmw": 0,
            "bbmr": 0,
            "4w": 0,
            "5w": 0,
            "10w": 0,
            "wmaid": 0,
            "ht": 0,
            "4s": 1,
            "6s": 3,
            "ov": "7.00",
            "r": 43,
            "w": 0,
            "maid": 1,
            "nb": 0,
            "b": 42,
            "inns": 2,
            "m": 4
          },
          "fieldingStats": {
            "c": 3,
            "ro": 0,
            "s": 0,
            "inns": 2,
            "m": 4
          }
        },
        {
          "matchType": "AGG",
          "battingStats": {
            "a": "2.00",
            "sr": "28.57",
            "no": 0,
            "hs": "2",
            "50s": 0,
            "100s": 0,
            "4s": 0,
            "6s": 0,
            "r": "2",
            "b": 7,
            "inns": 1,
            "m": 4
          },
          "bowlingStats": {
            "a": "-",
            "sr": "-",
            "d": 21,
            "e": "6.14",
            "wb": 2,
            "bbiw": 0,
            "bbir": 0,
            "bbmw": 0,
            "bbmr": 0,
            "4w": 0,
            "5w": 0,
            "10w": 0,
            "wmaid": 0,
            "ht": 0,
            "4s": 1,
            "6s": 3,
            "ov": "7.00",
            "r": 43,
            "w": 0,
            "maid": 1,
            "nb": 0,
            "b": 42,
            "inns": 2,
            "m": 4
          },
          "fieldingStats": {
            "c": 3,
            "ro": 0,
            "s": 0,
            "inns": 2,
            "m": 4
          }
        },
        {
          "matchType": "IPLT20",
          "battingStats": {
            "a": "2.00",
            "sr": "28.57",
            "no": 0,
            "hs": "2",
            "50s": 0,
            "100s": 0,
            "4s": 0,
            "6s": 0,
            "r": "2",
            "b": 7,
            "inns": 1,
            "m": 4
          },
          "bowlingStats": {
            "a": "-",
            "sr": "-",
            "d": 21,
            "e": "6.14",
            "wb": 2,
            "bbiw": 0,
            "bbir": 0,
            "bbmw": 0,
            "bbmr": 0,
            "4w": 0,
            "5w": 0,
            "10w": 0,
            "wmaid": 0,
            "ht": 0,
            "4s": 1,
            "6s": 3,
            "ov": "7.00",
            "r": 43,
            "w": 0,
            "maid": 1,
            "nb": 0,
            "b": 42,
            "inns": 2,
            "m": 4
          },
          "fieldingStats": {
            "c": 3,
            "ro": 0,
            "s": 0,
            "inns": 2,
            "m": 4
          }
        },
        {
          "matchType": "T20",
          "battingStats": {
            "a": "2.00",
            "sr": "28.57",
            "no": 0,
            "hs": "2",
            "50s": 0,
            "100s": 0,
            "4s": 0,
            "6s": 0,
            "r": "2",
            "b": 7,
            "inns": 1,
            "m": 4
          },
          "bowlingStats": {
            "a": "-",
            "sr": "-",
            "d": 21,
            "e": "6.14",
            "wb": 2,
            "bbiw": 0,
            "bbir": 0,
            "bbmw": 0,
            "bbmr": 0,
            "4w": 0,
            "5w": 0,
            "10w": 0,
            "wmaid": 0,
            "ht": 0,
            "4s": 1,
            "6s": 3,
            "ov": "7.00",
            "r": 43,
            "w": 0,
            "maid": 1,
            "nb": 0,
            "b": 42,
            "inns": 2,
            "m": 4
          },
          "fieldingStats": {
            "c": 3,
            "ro": 0,
            "s": 0,
            "inns": 2,
            "m": 4
          }
        }
      ]
    },
    {
      "player": {
        "dateOfBirth": "1989/12/30",
        "nationality": "Indian",
        "id": 163,
        "fullName": "Saurabh Tiwary"
      },
      "stats": [
        {
          "matchType": "ALL",
          "battingStats": {
            "a": "-",
            "sr": "139.74",
            "no": 6,
            "hs": "28*",
            "50s": 0,
            "100s": 0,
            "4s": 9,
            "6s": 5,
            "r": "109",
            "b": 78,
            "inns": 6,
            "m": 7
          },
          "bowlingStats": {
            "a": "-",
            "sr": "-",
            "d": 0,
            "e": "-",
            "wb": 0,
            "bbiw": 0,
            "bbir": 0,
            "bbmw": 0,
            "bbmr": 0,
            "4w": 0,
            "5w": 0,
            "10w": 0,
            "wmaid": 0,
            "ht": 0,
            "4s": 0,
            "6s": 0,
            "ov": "-",
            "r": 0,
            "w": 0,
            "maid": 0,
            "nb": 0,
            "b": 0,
            "inns": 0,
            "m": 7
          },
          "fieldingStats": {
            "c": 5,
            "ro": 0,
            "s": 0,
            "inns": 3,
            "m": 7
          }
        },
        {
          "matchType": "AGG",
          "battingStats": {
            "a": "-",
            "sr": "139.74",
            "no": 6,
            "hs": "28*",
            "50s": 0,
            "100s": 0,
            "4s": 9,
            "6s": 5,
            "r": "109",
            "b": 78,
            "inns": 6,
            "m": 7
          },
          "bowlingStats": {
            "a": "-",
            "sr": "-",
            "d": 0,
            "e": "-",
            "wb": 0,
            "bbiw": 0,
            "bbir": 0,
            "bbmw": 0,
            "bbmr": 0,
            "4w": 0,
            "5w": 0,
            "10w": 0,
            "wmaid": 0,
            "ht": 0,
            "4s": 0,
            "6s": 0,
            "ov": "-",
            "r": 0,
            "w": 0,
            "maid": 0,
            "nb": 0,
            "b": 0,
            "inns": 0,
            "m": 7
          },
          "fieldingStats": {
            "c": 5,
            "ro": 0,
            "s": 0,
            "inns": 3,
            "m": 7
          }
        },
        {
          "matchType": "IPLT20",
          "battingStats": {
            "a": "-",
            "sr": "139.74",
            "no": 6,
            "hs": "28*",
            "50s": 0,
            "100s": 0,
            "4s": 9,
            "6s": 5,
            "r": "109",
            "b": 78,
            "inns": 6,
            "m": 7
          },
          "bowlingStats": {
            "a": "-",
            "sr": "-",
            "d": 0,
            "e": "-",
            "wb": 0,
            "bbiw": 0,
            "bbir": 0,
            "bbmw": 0,
            "bbmr": 0,
            "4w": 0,
            "5w": 0,
            "10w": 0,
            "wmaid": 0,
            "ht": 0,
            "4s": 0,
            "6s": 0,
            "ov": "-",
            "r": 0,
            "w": 0,
            "maid": 0,
            "nb": 0,
            "b": 0,
            "inns": 0,
            "m": 7
          },
          "fieldingStats": {
            "c": 5,
            "ro": 0,
            "s": 0,
            "inns": 3,
            "m": 7
          }
        },
        {
          "matchType": "T20",
          "battingStats": {
            "a": "-",
            "sr": "139.74",
            "no": 6,
            "hs": "28*",
            "50s": 0,
            "100s": 0,
            "4s": 9,
            "6s": 5,
            "r": "109",
            "b": 78,
            "inns": 6,
            "m": 7
          },
          "bowlingStats": {
            "a": "-",
            "sr": "-",
            "d": 0,
            "e": "-",
            "wb": 0,
            "bbiw": 0,
            "bbir": 0,
            "bbmw": 0,
            "bbmr": 0,
            "4w": 0,
            "5w": 0,
            "10w": 0,
            "wmaid": 0,
            "ht": 0,
            "4s": 0,
            "6s": 0,
            "ov": "-",
            "r": 0,
            "w": 0,
            "maid": 0,
            "nb": 0,
            "b": 0,
            "inns": 0,
            "m": 7
          },
          "fieldingStats": {
            "c": 5,
            "ro": 0,
            "s": 0,
            "inns": 3,
            "m": 7
          }
        }
      ]
    },
    {
      "player": {
        "dateOfBirth": "1990/01/22",
        "nationality": "Indian",
        "rightHandedBat": true,
        "id": 1740,
        "fullName": "Jayant Yadav"
      },
      "stats": [
        {
          "matchType": "ALL",
          "battingStats": {
            "a": "-",
            "sr": "-",
            "no": 0,
            "hs": "0*",
            "50s": 0,
            "100s": 0,
            "4s": 0,
            "6s": 0,
            "r": "0",
            "inns": 0,
            "m": 3
          },
          "bowlingStats": {
            "a": "14.50",
            "sr": "21.00",
            "d": 21,
            "e": "4.14",
            "wb": 0,
            "bbiw": 1,
            "bbir": 8,
            "bbmw": 1,
            "bbmr": 8,
            "4w": 0,
            "5w": 0,
            "10w": 0,
            "wmaid": 0,
            "ht": 0,
            "4s": 2,
            "6s": 0,
            "ov": "7.00",
            "r": 29,
            "w": 2,
            "maid": 0,
            "nb": 0,
            "b": 42,
            "inns": 3,
            "m": 3
          },
          "fieldingStats": {
            "c": 1,
            "ro": 0,
            "s": 0,
            "inns": 1,
            "m": 3
          }
        },
        {
          "matchType": "AGG",
          "battingStats": {
            "a": "-",
            "sr": "-",
            "no": 0,
            "hs": "0*",
            "50s": 0,
            "100s": 0,
            "4s": 0,
            "6s": 0,
            "r": "0",
            "inns": 0,
            "m": 3
          },
          "bowlingStats": {
            "a": "14.50",
            "sr": "21.00",
            "d": 21,
            "e": "4.14",
            "wb": 0,
            "bbiw": 1,
            "bbir": 8,
            "bbmw": 1,
            "bbmr": 8,
            "4w": 0,
            "5w": 0,
            "10w": 0,
            "wmaid": 0,
            "ht": 0,
            "4s": 2,
            "6s": 0,
            "ov": "7.00",
            "r": 29,
            "w": 2,
            "maid": 0,
            "nb": 0,
            "b": 42,
            "inns": 3,
            "m": 3
          },
          "fieldingStats": {
            "c": 1,
            "ro": 0,
            "s": 0,
            "inns": 1,
            "m": 3
          }
        },
        {
          "matchType": "IPLT20",
          "battingStats": {
            "a": "-",
            "sr": "-",
            "no": 0,
            "hs": "0*",
            "50s": 0,
            "100s": 0,
            "4s": 0,
            "6s": 0,
            "r": "0",
            "inns": 0,
            "m": 3
          },
          "bowlingStats": {
            "a": "14.50",
            "sr": "21.00",
            "d": 21,
            "e": "4.14",
            "wb": 0,
            "bbiw": 1,
            "bbir": 8,
            "bbmw": 1,
            "bbmr": 8,
            "4w": 0,
            "5w": 0,
            "10w": 0,
            "wmaid": 0,
            "ht": 0,
            "4s": 2,
            "6s": 0,
            "ov": "7.00",
            "r": 29,
            "w": 2,
            "maid": 0,
            "nb": 0,
            "b": 42,
            "inns": 3,
            "m": 3
          },
          "fieldingStats": {
            "c": 1,
            "ro": 0,
            "s": 0,
            "inns": 1,
            "m": 3
          }
        },
        {
          "matchType": "T20",
          "battingStats": {
            "a": "-",
            "sr": "-",
            "no": 0,
            "hs": "0*",
            "50s": 0,
            "100s": 0,
            "4s": 0,
            "6s": 0,
            "r": "0",
            "inns": 0,
            "m": 3
          },
          "bowlingStats": {
            "a": "14.50",
            "sr": "21.00",
            "d": 21,
            "e": "4.14",
            "wb": 0,
            "bbiw": 1,
            "bbir": 8,
            "bbmw": 1,
            "bbmr": 8,
            "4w": 0,
            "5w": 0,
            "10w": 0,
            "wmaid": 0,
            "ht": 0,
            "4s": 2,
            "6s": 0,
            "ov": "7.00",
            "r": 29,
            "w": 2,
            "maid": 0,
            "nb": 0,
            "b": 42,
            "inns": 3,
            "m": 3
          },
          "fieldingStats": {
            "c": 1,
            "ro": 0,
            "s": 0,
            "inns": 1,
            "m": 3
          }
        }
      ]
    },
    {
      "player": {
        "dateOfBirth": "1979/03/27",
        "nationality": "South African",
        "rightHandedBat": true,
        "id": 898,
        "fullName": "Imran Tahir"
      },
      "stats": [
        {
          "matchType": "ALL",
          "battingStats": {
            "a": "5.00",
            "sr": "83.33",
            "no": 1,
            "hs": "3*",
            "50s": 0,
            "100s": 0,
            "4s": 0,
            "6s": 0,
            "r": "5",
            "b": 6,
            "inns": 2,
            "m": 10
          },
          "bowlingStats": {
            "a": "20.93",
            "sr": "14.20",
            "d": 64,
            "e": "8.84",
            "wb": 7,
            "bbiw": 4,
            "bbir": 28,
            "bbmw": 4,
            "bbmr": 28,
            "4w": 1,
            "5w": 0,
            "10w": 0,
            "wmaid": 0,
            "ht": 0,
            "4s": 15,
            "6s": 18,
            "ov": "35.50",
            "r": 314,
            "w": 15,
            "maid": 0,
            "nb": 0,
            "b": 213,
            "inns": 10,
            "m": 10
          },
          "fieldingStats": {
            "c": 3,
            "ro": 0,
            "s": 0,
            "inns": 3,
            "m": 10
          }
        },
        {
          "matchType": "AGG",
          "battingStats": {
            "a": "5.00",
            "sr": "83.33",
            "no": 1,
            "hs": "3*",
            "50s": 0,
            "100s": 0,
            "4s": 0,
            "6s": 0,
            "r": "5",
            "b": 6,
            "inns": 2,
            "m": 10
          },
          "bowlingStats": {
            "a": "20.93",
            "sr": "14.20",
            "d": 64,
            "e": "8.84",
            "wb": 7,
            "bbiw": 4,
            "bbir": 28,
            "bbmw": 4,
            "bbmr": 28,
            "4w": 1,
            "5w": 0,
            "10w": 0,
            "wmaid": 0,
            "ht": 0,
            "4s": 15,
            "6s": 18,
            "ov": "35.50",
            "r": 314,
            "w": 15,
            "maid": 0,
            "nb": 0,
            "b": 213,
            "inns": 10,
            "m": 10
          },
          "fieldingStats": {
            "c": 3,
            "ro": 0,
            "s": 0,
            "inns": 3,
            "m": 10
          }
        },
        {
          "matchType": "IPLT20",
          "battingStats": {
            "a": "5.00",
            "sr": "83.33",
            "no": 1,
            "hs": "3*",
            "50s": 0,
            "100s": 0,
            "4s": 0,
            "6s": 0,
            "r": "5",
            "b": 6,
            "inns": 2,
            "m": 10
          },
          "bowlingStats": {
            "a": "20.93",
            "sr": "14.20",
            "d": 64,
            "e": "8.84",
            "wb": 7,
            "bbiw": 4,
            "bbir": 28,
            "bbmw": 4,
            "bbmr": 28,
            "4w": 1,
            "5w": 0,
            "10w": 0,
            "wmaid": 0,
            "ht": 0,
            "4s": 15,
            "6s": 18,
            "ov": "35.50",
            "r": 314,
            "w": 15,
            "maid": 0,
            "nb": 0,
            "b": 213,
            "inns": 10,
            "m": 10
          },
          "fieldingStats": {
            "c": 3,
            "ro": 0,
            "s": 0,
            "inns": 3,
            "m": 10
          }
        },
        {
          "matchType": "T20",
          "battingStats": {
            "a": "5.00",
            "sr": "83.33",
            "no": 1,
            "hs": "3*",
            "50s": 0,
            "100s": 0,
            "4s": 0,
            "6s": 0,
            "r": "5",
            "b": 6,
            "inns": 2,
            "m": 10
          },
          "bowlingStats": {
            "a": "20.93",
            "sr": "14.20",
            "d": 64,
            "e": "8.84",
            "wb": 7,
            "bbiw": 4,
            "bbir": 28,
            "bbmw": 4,
            "bbmr": 28,
            "4w": 1,
            "5w": 0,
            "10w": 0,
            "wmaid": 0,
            "ht": 0,
            "4s": 15,
            "6s": 18,
            "ov": "35.50",
            "r": 314,
            "w": 15,
            "maid": 0,
            "nb": 0,
            "b": 213,
            "inns": 10,
            "m": 10
          },
          "fieldingStats": {
            "c": 3,
            "ro": 0,
            "s": 0,
            "inns": 3,
            "m": 10
          }
        }
      ]
    },
    {
      "player": {
        "dateOfBirth": "1987/10/11",
        "nationality": "Australian",
        "rightHandedBat": true,
        "id": 840,
        "fullName": "Nathan Coulter-Nile"
      },
      "stats": [
        {
          "matchType": "ALL",
          "battingStats": {
            "a": "5.00",
            "sr": "111.11",
            "no": 1,
            "hs": "6",
            "50s": 0,
            "100s": 0,
            "4s": 2,
            "6s": 1,
            "r": "20",
            "b": 18,
            "inns": 5,
            "m": 11
          },
          "bowlingStats": {
            "a": "21.40",
            "sr": "17.00",
            "d": 117,
            "e": "7.55",
            "wb": 8,
            "bbiw": 4,
            "bbir": 20,
            "bbmw": 4,
            "bbmr": 20,
            "4w": 1,
            "5w": 0,
            "10w": 0,
            "wmaid": 1,
            "ht": 0,
            "4s": 33,
            "6s": 13,
            "ov": "42.50",
            "r": 321,
            "w": 15,
            "maid": 1,
            "nb": 1,
            "b": 255,
            "inns": 11,
            "m": 11
          },
          "fieldingStats": {
            "c": 5,
            "ro": 1,
            "s": 0,
            "inns": 5,
            "m": 11
          }
        },
        {
          "matchType": "AGG",
          "battingStats": {
            "a": "5.00",
            "sr": "111.11",
            "no": 1,
            "hs": "6",
            "50s": 0,
            "100s": 0,
            "4s": 2,
            "6s": 1,
            "r": "20",
            "b": 18,
            "inns": 5,
            "m": 11
          },
          "bowlingStats": {
            "a": "21.40",
            "sr": "17.00",
            "d": 117,
            "e": "7.55",
            "wb": 8,
            "bbiw": 4,
            "bbir": 20,
            "bbmw": 4,
            "bbmr": 20,
            "4w": 1,
            "5w": 0,
            "10w": 0,
            "wmaid": 1,
            "ht": 0,
            "4s": 33,
            "6s": 13,
            "ov": "42.50",
            "r": 321,
            "w": 15,
            "maid": 1,
            "nb": 1,
            "b": 255,
            "inns": 11,
            "m": 11
          },
          "fieldingStats": {
            "c": 5,
            "ro": 1,
            "s": 0,
            "inns": 5,
            "m": 11
          }
        },
        {
          "matchType": "IPLT20",
          "battingStats": {
            "a": "5.00",
            "sr": "111.11",
            "no": 1,
            "hs": "6",
            "50s": 0,
            "100s": 0,
            "4s": 2,
            "6s": 1,
            "r": "20",
            "b": 18,
            "inns": 5,
            "m": 11
          },
          "bowlingStats": {
            "a": "21.40",
            "sr": "17.00",
            "d": 117,
            "e": "7.55",
            "wb": 8,
            "bbiw": 4,
            "bbir": 20,
            "bbmw": 4,
            "bbmr": 20,
            "4w": 1,
            "5w": 0,
            "10w": 0,
            "wmaid": 1,
            "ht": 0,
            "4s": 33,
            "6s": 13,
            "ov": "42.50",
            "r": 321,
            "w": 15,
            "maid": 1,
            "nb": 1,
            "b": 255,
            "inns": 11,
            "m": 11
          },
          "fieldingStats": {
            "c": 5,
            "ro": 1,
            "s": 0,
            "inns": 5,
            "m": 11
          }
        },
        {
          "matchType": "T20",
          "battingStats": {
            "a": "5.00",
            "sr": "111.11",
            "no": 1,
            "hs": "6",
            "50s": 0,
            "100s": 0,
            "4s": 2,
            "6s": 1,
            "r": "20",
            "b": 18,
            "inns": 5,
            "m": 11
          },
          "bowlingStats": {
            "a": "21.40",
            "sr": "17.00",
            "d": 117,
            "e": "7.55",
            "wb": 8,
            "bbiw": 4,
            "bbir": 20,
            "bbmw": 4,
            "bbmr": 20,
            "4w": 1,
            "5w": 0,
            "10w": 0,
            "wmaid": 1,
            "ht": 0,
            "4s": 33,
            "6s": 13,
            "ov": "42.50",
            "r": 321,
            "w": 15,
            "maid": 1,
            "nb": 1,
            "b": 255,
            "inns": 11,
            "m": 11
          },
          "fieldingStats": {
            "c": 5,
            "ro": 1,
            "s": 0,
            "inns": 5,
            "m": 11
          }
        }
      ]
    },
    {
      "player": {
        "dateOfBirth": "1987/06/02",
        "nationality": "Sri Lankan",
        "id": 217,
        "fullName": "Angelo Mathews"
      },
      "stats": [
        {
          "matchType": "ALL",
          "battingStats": {
            "a": "20.57",
            "sr": "138.46",
            "no": 3,
            "hs": "28",
            "50s": 0,
            "100s": 0,
            "4s": 12,
            "6s": 6,
            "r": "144",
            "b": 104,
            "inns": 10,
            "m": 11
          },
          "bowlingStats": {
            "a": "35.14",
            "sr": "25.71",
            "d": 61,
            "e": "8.20",
            "wb": 5,
            "bbiw": 2,
            "bbir": 15,
            "bbmw": 2,
            "bbmr": 15,
            "4w": 0,
            "5w": 0,
            "10w": 0,
            "wmaid": 0,
            "ht": 0,
            "4s": 29,
            "6s": 6,
            "ov": "30.00",
            "r": 246,
            "w": 7,
            "maid": 0,
            "nb": 0,
            "b": 180,
            "inns": 10,
            "m": 11
          },
          "fieldingStats": {
            "c": 5,
            "ro": 0,
            "s": 0,
            "inns": 5,
            "m": 11
          }
        },
        {
          "matchType": "AGG",
          "battingStats": {
            "a": "20.57",
            "sr": "138.46",
            "no": 3,
            "hs": "28",
            "50s": 0,
            "100s": 0,
            "4s": 12,
            "6s": 6,
            "r": "144",
            "b": 104,
            "inns": 10,
            "m": 11
          },
          "bowlingStats": {
            "a": "35.14",
            "sr": "25.71",
            "d": 61,
            "e": "8.20",
            "wb": 5,
            "bbiw": 2,
            "bbir": 15,
            "bbmw": 2,
            "bbmr": 15,
            "4w": 0,
            "5w": 0,
            "10w": 0,
            "wmaid": 0,
            "ht": 0,
            "4s": 29,
            "6s": 6,
            "ov": "30.00",
            "r": 246,
            "w": 7,
            "maid": 0,
            "nb": 0,
            "b": 180,
            "inns": 10,
            "m": 11
          },
          "fieldingStats": {
            "c": 5,
            "ro": 0,
            "s": 0,
            "inns": 5,
            "m": 11
          }
        },
        {
          "matchType": "IPLT20",
          "battingStats": {
            "a": "20.57",
            "sr": "138.46",
            "no": 3,
            "hs": "28",
            "50s": 0,
            "100s": 0,
            "4s": 12,
            "6s": 6,
            "r": "144",
            "b": 104,
            "inns": 10,
            "m": 11
          },
          "bowlingStats": {
            "a": "35.14",
            "sr": "25.71",
            "d": 61,
            "e": "8.20",
            "wb": 5,
            "bbiw": 2,
            "bbir": 15,
            "bbmw": 2,
            "bbmr": 15,
            "4w": 0,
            "5w": 0,
            "10w": 0,
            "wmaid": 0,
            "ht": 0,
            "4s": 29,
            "6s": 6,
            "ov": "30.00",
            "r": 246,
            "w": 7,
            "maid": 0,
            "nb": 0,
            "b": 180,
            "inns": 10,
            "m": 11
          },
          "fieldingStats": {
            "c": 5,
            "ro": 0,
            "s": 0,
            "inns": 5,
            "m": 11
          }
        },
        {
          "matchType": "T20",
          "battingStats": {
            "a": "20.57",
            "sr": "138.46",
            "no": 3,
            "hs": "28",
            "50s": 0,
            "100s": 0,
            "4s": 12,
            "6s": 6,
            "r": "144",
            "b": 104,
            "inns": 10,
            "m": 11
          },
          "bowlingStats": {
            "a": "35.14",
            "sr": "25.71",
            "d": 61,
            "e": "8.20",
            "wb": 5,
            "bbiw": 2,
            "bbir": 15,
            "bbmw": 2,
            "bbmr": 15,
            "4w": 0,
            "5w": 0,
            "10w": 0,
            "wmaid": 0,
            "ht": 0,
            "4s": 29,
            "6s": 6,
            "ov": "30.00",
            "r": 246,
            "w": 7,
            "maid": 0,
            "nb": 0,
            "b": 180,
            "inns": 10,
            "m": 11
          },
          "fieldingStats": {
            "c": 5,
            "ro": 0,
            "s": 0,
            "inns": 5,
            "m": 11
          }
        }
      ]
    },
    {
      "player": {
        "dateOfBirth": "1981/12/12",
        "nationality": "Indian",
        "rightHandedBat": true,
        "id": 113,
        "fullName": "Yuvraj Singh"
      },
      "stats": [
        {
          "matchType": "ALL",
          "battingStats": {
            "a": "19.07",
            "sr": "118.09",
            "no": 0,
            "hs": "57",
            "50s": 2,
            "100s": 0,
            "4s": 23,
            "6s": 10,
            "r": "248",
            "b": 210,
            "inns": 13,
            "m": 14
          },
          "bowlingStats": {
            "a": "72.00",
            "sr": "54.00",
            "d": 11,
            "e": "8.00",
            "wb": 1,
            "bbiw": 1,
            "bbir": 14,
            "bbmw": 1,
            "bbmr": 14,
            "4w": 0,
            "5w": 0,
            "10w": 0,
            "wmaid": 0,
            "ht": 0,
            "4s": 2,
            "6s": 4,
            "ov": "9.00",
            "r": 72,
            "w": 1,
            "maid": 0,
            "nb": 0,
            "b": 54,
            "inns": 6,
            "m": 14
          },
          "fieldingStats": {
            "c": 2,
            "ro": 0,
            "s": 0,
            "inns": 2,
            "m": 14
          }
        },
        {
          "matchType": "AGG",
          "battingStats": {
            "a": "19.07",
            "sr": "118.09",
            "no": 0,
            "hs": "57",
            "50s": 2,
            "100s": 0,
            "4s": 23,
            "6s": 10,
            "r": "248",
            "b": 210,
            "inns": 13,
            "m": 14
          },
          "bowlingStats": {
            "a": "72.00",
            "sr": "54.00",
            "d": 11,
            "e": "8.00",
            "wb": 1,
            "bbiw": 1,
            "bbir": 14,
            "bbmw": 1,
            "bbmr": 14,
            "4w": 0,
            "5w": 0,
            "10w": 0,
            "wmaid": 0,
            "ht": 0,
            "4s": 2,
            "6s": 4,
            "ov": "9.00",
            "r": 72,
            "w": 1,
            "maid": 0,
            "nb": 0,
            "b": 54,
            "inns": 6,
            "m": 14
          },
          "fieldingStats": {
            "c": 2,
            "ro": 0,
            "s": 0,
            "inns": 2,
            "m": 14
          }
        },
        {
          "matchType": "IPLT20",
          "battingStats": {
            "a": "19.07",
            "sr": "118.09",
            "no": 0,
            "hs": "57",
            "50s": 2,
            "100s": 0,
            "4s": 23,
            "6s": 10,
            "r": "248",
            "b": 210,
            "inns": 13,
            "m": 14
          },
          "bowlingStats": {
            "a": "72.00",
            "sr": "54.00",
            "d": 11,
            "e": "8.00",
            "wb": 1,
            "bbiw": 1,
            "bbir": 14,
            "bbmw": 1,
            "bbmr": 14,
            "4w": 0,
            "5w": 0,
            "10w": 0,
            "wmaid": 0,
            "ht": 0,
            "4s": 2,
            "6s": 4,
            "ov": "9.00",
            "r": 72,
            "w": 1,
            "maid": 0,
            "nb": 0,
            "b": 54,
            "inns": 6,
            "m": 14
          },
          "fieldingStats": {
            "c": 2,
            "ro": 0,
            "s": 0,
            "inns": 2,
            "m": 14
          }
        },
        {
          "matchType": "T20",
          "battingStats": {
            "a": "19.07",
            "sr": "118.09",
            "no": 0,
            "hs": "57",
            "50s": 2,
            "100s": 0,
            "4s": 23,
            "6s": 10,
            "r": "248",
            "b": 210,
            "inns": 13,
            "m": 14
          },
          "bowlingStats": {
            "a": "72.00",
            "sr": "54.00",
            "d": 11,
            "e": "8.00",
            "wb": 1,
            "bbiw": 1,
            "bbir": 14,
            "bbmw": 1,
            "bbmr": 14,
            "4w": 0,
            "5w": 0,
            "10w": 0,
            "wmaid": 0,
            "ht": 0,
            "4s": 2,
            "6s": 4,
            "ov": "9.00",
            "r": 72,
            "w": 1,
            "maid": 0,
            "nb": 0,
            "b": 54,
            "inns": 6,
            "m": 14
          },
          "fieldingStats": {
            "c": 2,
            "ro": 0,
            "s": 0,
            "inns": 2,
            "m": 14
          }
        }
      ]
    },
    {
      "player": {
        "dateOfBirth": "1982/11/24",
        "nationality": "Indian",
        "id": 30,
        "fullName": "Amit Mishra"
      },
      "stats": [
        {
          "matchType": "ALL",
          "battingStats": {
            "a": "4.00",
            "sr": "66.66",
            "no": 2,
            "hs": "4",
            "50s": 0,
            "100s": 0,
            "4s": 0,
            "6s": 0,
            "r": "8",
            "b": 12,
            "inns": 4,
            "m": 12
          },
          "bowlingStats": {
            "a": "34.44",
            "sr": "26.77",
            "d": 75,
            "e": "7.71",
            "wb": 8,
            "bbiw": 2,
            "bbir": 32,
            "bbmw": 2,
            "bbmr": 32,
            "4w": 0,
            "5w": 0,
            "10w": 0,
            "wmaid": 0,
            "ht": 0,
            "4s": 18,
            "6s": 11,
            "ov": "40.16",
            "r": 310,
            "w": 9,
            "maid": 0,
            "nb": 0,
            "b": 241,
            "inns": 12,
            "m": 12
          },
          "fieldingStats": {
            "c": 2,
            "ro": 0,
            "s": 0,
            "inns": 2,
            "m": 12
          }
        },
        {
          "matchType": "AGG",
          "battingStats": {
            "a": "4.00",
            "sr": "66.66",
            "no": 2,
            "hs": "4",
            "50s": 0,
            "100s": 0,
            "4s": 0,
            "6s": 0,
            "r": "8",
            "b": 12,
            "inns": 4,
            "m": 12
          },
          "bowlingStats": {
            "a": "34.44",
            "sr": "26.77",
            "d": 75,
            "e": "7.71",
            "wb": 8,
            "bbiw": 2,
            "bbir": 32,
            "bbmw": 2,
            "bbmr": 32,
            "4w": 0,
            "5w": 0,
            "10w": 0,
            "wmaid": 0,
            "ht": 0,
            "4s": 18,
            "6s": 11,
            "ov": "40.16",
            "r": 310,
            "w": 9,
            "maid": 0,
            "nb": 0,
            "b": 241,
            "inns": 12,
            "m": 12
          },
          "fieldingStats": {
            "c": 2,
            "ro": 0,
            "s": 0,
            "inns": 2,
            "m": 12
          }
        },
        {
          "matchType": "IPLT20",
          "battingStats": {
            "a": "4.00",
            "sr": "66.66",
            "no": 2,
            "hs": "4",
            "50s": 0,
            "100s": 0,
            "4s": 0,
            "6s": 0,
            "r": "8",
            "b": 12,
            "inns": 4,
            "m": 12
          },
          "bowlingStats": {
            "a": "34.44",
            "sr": "26.77",
            "d": 75,
            "e": "7.71",
            "wb": 8,
            "bbiw": 2,
            "bbir": 32,
            "bbmw": 2,
            "bbmr": 32,
            "4w": 0,
            "5w": 0,
            "10w": 0,
            "wmaid": 0,
            "ht": 0,
            "4s": 18,
            "6s": 11,
            "ov": "40.16",
            "r": 310,
            "w": 9,
            "maid": 0,
            "nb": 0,
            "b": 241,
            "inns": 12,
            "m": 12
          },
          "fieldingStats": {
            "c": 2,
            "ro": 0,
            "s": 0,
            "inns": 2,
            "m": 12
          }
        },
        {
          "matchType": "T20",
          "battingStats": {
            "a": "4.00",
            "sr": "66.66",
            "no": 2,
            "hs": "4",
            "50s": 0,
            "100s": 0,
            "4s": 0,
            "6s": 0,
            "r": "8",
            "b": 12,
            "inns": 4,
            "m": 12
          },
          "bowlingStats": {
            "a": "34.44",
            "sr": "26.77",
            "d": 75,
            "e": "7.71",
            "wb": 8,
            "bbiw": 2,
            "bbir": 32,
            "bbmw": 2,
            "bbmr": 32,
            "4w": 0,
            "5w": 0,
            "10w": 0,
            "wmaid": 0,
            "ht": 0,
            "4s": 18,
            "6s": 11,
            "ov": "40.16",
            "r": 310,
            "w": 9,
            "maid": 0,
            "nb": 0,
            "b": 241,
            "inns": 12,
            "m": 12
          },
          "fieldingStats": {
            "c": 2,
            "ro": 0,
            "s": 0,
            "inns": 2,
            "m": 12
          }
        }
      ]
    },
    {
      "player": {
        "dateOfBirth": "1991/10/18",
        "nationality": "Indian",
        "id": 86,
        "fullName": "Jaydev Unadkat"
      },
      "stats": [
        {
          "matchType": "ALL",
          "battingStats": {
            "a": "-",
            "sr": "-",
            "no": 0,
            "hs": "0*",
            "50s": 0,
            "100s": 0,
            "4s": 0,
            "6s": 0,
            "r": "0",
            "inns": 0,
            "m": 1
          },
          "bowlingStats": {
            "a": "-",
            "sr": "-",
            "d": 7,
            "e": "10.00",
            "wb": 0,
            "bbiw": 0,
            "bbir": 30,
            "bbmw": 0,
            "bbmr": 30,
            "4w": 0,
            "5w": 0,
            "10w": 0,
            "wmaid": 0,
            "ht": 0,
            "4s": 1,
            "6s": 3,
            "ov": "3.00",
            "r": 30,
            "w": 0,
            "maid": 0,
            "nb": 0,
            "b": 18,
            "inns": 1,
            "m": 1
          },
          "fieldingStats": {
            "c": 0,
            "ro": 0,
            "s": 0,
            "inns": 0,
            "m": 1
          }
        },
        {
          "matchType": "AGG",
          "battingStats": {
            "a": "-",
            "sr": "-",
            "no": 0,
            "hs": "0*",
            "50s": 0,
            "100s": 0,
            "4s": 0,
            "6s": 0,
            "r": "0",
            "inns": 0,
            "m": 1
          },
          "bowlingStats": {
            "a": "-",
            "sr": "-",
            "d": 7,
            "e": "10.00",
            "wb": 0,
            "bbiw": 0,
            "bbir": 30,
            "bbmw": 0,
            "bbmr": 30,
            "4w": 0,
            "5w": 0,
            "10w": 0,
            "wmaid": 0,
            "ht": 0,
            "4s": 1,
            "6s": 3,
            "ov": "3.00",
            "r": 30,
            "w": 0,
            "maid": 0,
            "nb": 0,
            "b": 18,
            "inns": 1,
            "m": 1
          },
          "fieldingStats": {
            "c": 0,
            "ro": 0,
            "s": 0,
            "inns": 0,
            "m": 1
          }
        },
        {
          "matchType": "IPLT20",
          "battingStats": {
            "a": "-",
            "sr": "-",
            "no": 0,
            "hs": "0*",
            "50s": 0,
            "100s": 0,
            "4s": 0,
            "6s": 0,
            "r": "0",
            "inns": 0,
            "m": 1
          },
          "bowlingStats": {
            "a": "-",
            "sr": "-",
            "d": 7,
            "e": "10.00",
            "wb": 0,
            "bbiw": 0,
            "bbir": 30,
            "bbmw": 0,
            "bbmr": 30,
            "4w": 0,
            "5w": 0,
            "10w": 0,
            "wmaid": 0,
            "ht": 0,
            "4s": 1,
            "6s": 3,
            "ov": "3.00",
            "r": 30,
            "w": 0,
            "maid": 0,
            "nb": 0,
            "b": 18,
            "inns": 1,
            "m": 1
          },
          "fieldingStats": {
            "c": 0,
            "ro": 0,
            "s": 0,
            "inns": 0,
            "m": 1
          }
        },
        {
          "matchType": "T20",
          "battingStats": {
            "a": "-",
            "sr": "-",
            "no": 0,
            "hs": "0*",
            "50s": 0,
            "100s": 0,
            "4s": 0,
            "6s": 0,
            "r": "0",
            "inns": 0,
            "m": 1
          },
          "bowlingStats": {
            "a": "-",
            "sr": "-",
            "d": 7,
            "e": "10.00",
            "wb": 0,
            "bbiw": 0,
            "bbir": 30,
            "bbmw": 0,
            "bbmr": 30,
            "4w": 0,
            "5w": 0,
            "10w": 0,
            "wmaid": 0,
            "ht": 0,
            "4s": 1,
            "6s": 3,
            "ov": "3.00",
            "r": 30,
            "w": 0,
            "maid": 0,
            "nb": 0,
            "b": 18,
            "inns": 1,
            "m": 1
          },
          "fieldingStats": {
            "c": 0,
            "ro": 0,
            "s": 0,
            "inns": 0,
            "m": 1
          }
        }
      ]
    },
    {
      "player": {
        "dateOfBirth": "1993/02/14",
        "nationality": "Australian",
        "id": 951,
        "fullName": "Gurinder Sandhu"
      },
      "stats": [
        {
          "matchType": "ALL",
          "battingStats": {
            "a": "-",
            "sr": "-",
            "no": 0,
            "hs": "0*",
            "50s": 0,
            "100s": 0,
            "4s": 0,
            "6s": 0,
            "r": "0",
            "inns": 0,
            "m": 3
          },
          "bowlingStats": {
            "a": "82.00",
            "sr": "48.00",
            "d": 9,
            "e": "10.25",
            "wb": 0,
            "bbiw": 1,
            "bbir": 33,
            "bbmw": 1,
            "bbmr": 33,
            "4w": 0,
            "5w": 0,
            "10w": 0,
            "wmaid": 0,
            "ht": 0,
            "4s": 8,
            "6s": 2,
            "ov": "8.00",
            "r": 82,
            "w": 1,
            "maid": 0,
            "nb": 0,
            "b": 48,
            "inns": 2,
            "m": 3
          },
          "fieldingStats": {
            "c": 0,
            "ro": 0,
            "s": 0,
            "inns": 0,
            "m": 3
          }
        },
        {
          "matchType": "AGG",
          "battingStats": {
            "a": "-",
            "sr": "-",
            "no": 0,
            "hs": "0*",
            "50s": 0,
            "100s": 0,
            "4s": 0,
            "6s": 0,
            "r": "0",
            "inns": 0,
            "m": 3
          },
          "bowlingStats": {
            "a": "82.00",
            "sr": "48.00",
            "d": 9,
            "e": "10.25",
            "wb": 0,
            "bbiw": 1,
            "bbir": 33,
            "bbmw": 1,
            "bbmr": 33,
            "4w": 0,
            "5w": 0,
            "10w": 0,
            "wmaid": 0,
            "ht": 0,
            "4s": 8,
            "6s": 2,
            "ov": "8.00",
            "r": 82,
            "w": 1,
            "maid": 0,
            "nb": 0,
            "b": 48,
            "inns": 2,
            "m": 3
          },
          "fieldingStats": {
            "c": 0,
            "ro": 0,
            "s": 0,
            "inns": 0,
            "m": 3
          }
        },
        {
          "matchType": "IPLT20",
          "battingStats": {
            "a": "-",
            "sr": "-",
            "no": 0,
            "hs": "0*",
            "50s": 0,
            "100s": 0,
            "4s": 0,
            "6s": 0,
            "r": "0",
            "inns": 0,
            "m": 3
          },
          "bowlingStats": {
            "a": "82.00",
            "sr": "48.00",
            "d": 9,
            "e": "10.25",
            "wb": 0,
            "bbiw": 1,
            "bbir": 33,
            "bbmw": 1,
            "bbmr": 33,
            "4w": 0,
            "5w": 0,
            "10w": 0,
            "wmaid": 0,
            "ht": 0,
            "4s": 8,
            "6s": 2,
            "ov": "8.00",
            "r": 82,
            "w": 1,
            "maid": 0,
            "nb": 0,
            "b": 48,
            "inns": 2,
            "m": 3
          },
          "fieldingStats": {
            "c": 0,
            "ro": 0,
            "s": 0,
            "inns": 0,
            "m": 3
          }
        },
        {
          "matchType": "T20",
          "battingStats": {
            "a": "-",
            "sr": "-",
            "no": 0,
            "hs": "0*",
            "50s": 0,
            "100s": 0,
            "4s": 0,
            "6s": 0,
            "r": "0",
            "inns": 0,
            "m": 3
          },
          "bowlingStats": {
            "a": "82.00",
            "sr": "48.00",
            "d": 9,
            "e": "10.25",
            "wb": 0,
            "bbiw": 1,
            "bbir": 33,
            "bbmw": 1,
            "bbmr": 33,
            "4w": 0,
            "5w": 0,
            "10w": 0,
            "wmaid": 0,
            "ht": 0,
            "4s": 8,
            "6s": 2,
            "ov": "8.00",
            "r": 82,
            "w": 1,
            "maid": 0,
            "nb": 0,
            "b": 48,
            "inns": 2,
            "m": 3
          },
          "fieldingStats": {
            "c": 0,
            "ro": 0,
            "s": 0,
            "inns": 0,
            "m": 3
          }
        }
      ]
    },
    {
      "player": {
        "dateOfBirth": "1994/12/06",
        "nationality": "Indian",
        "rightHandedBat": true,
        "id": 1563,
        "fullName": "Shreyas Iyer"
      },
      "stats": [
        {
          "matchType": "ALL",
          "battingStats": {
            "a": "33.76",
            "sr": "128.36",
            "no": 1,
            "hs": "83",
            "50s": 4,
            "100s": 0,
            "4s": 41,
            "6s": 21,
            "r": "439",
            "b": 342,
            "inns": 14,
            "m": 14
          },
          "bowlingStats": {
            "a": "-",
            "sr": "-",
            "d": 0,
            "e": "-",
            "wb": 0,
            "bbiw": 0,
            "bbir": 0,
            "bbmw": 0,
            "bbmr": 0,
            "4w": 0,
            "5w": 0,
            "10w": 0,
            "wmaid": 0,
            "ht": 0,
            "4s": 0,
            "6s": 0,
            "ov": "-",
            "r": 0,
            "w": 0,
            "maid": 0,
            "nb": 0,
            "b": 0,
            "inns": 0,
            "m": 14
          },
          "fieldingStats": {
            "c": 2,
            "ro": 0,
            "s": 0,
            "inns": 2,
            "m": 14
          }
        },
        {
          "matchType": "AGG",
          "battingStats": {
            "a": "33.76",
            "sr": "128.36",
            "no": 1,
            "hs": "83",
            "50s": 4,
            "100s": 0,
            "4s": 41,
            "6s": 21,
            "r": "439",
            "b": 342,
            "inns": 14,
            "m": 14
          },
          "bowlingStats": {
            "a": "-",
            "sr": "-",
            "d": 0,
            "e": "-",
            "wb": 0,
            "bbiw": 0,
            "bbir": 0,
            "bbmw": 0,
            "bbmr": 0,
            "4w": 0,
            "5w": 0,
            "10w": 0,
            "wmaid": 0,
            "ht": 0,
            "4s": 0,
            "6s": 0,
            "ov": "-",
            "r": 0,
            "w": 0,
            "maid": 0,
            "nb": 0,
            "b": 0,
            "inns": 0,
            "m": 14
          },
          "fieldingStats": {
            "c": 2,
            "ro": 0,
            "s": 0,
            "inns": 2,
            "m": 14
          }
        },
        {
          "matchType": "IPLT20",
          "battingStats": {
            "a": "33.76",
            "sr": "128.36",
            "no": 1,
            "hs": "83",
            "50s": 4,
            "100s": 0,
            "4s": 41,
            "6s": 21,
            "r": "439",
            "b": 342,
            "inns": 14,
            "m": 14
          },
          "bowlingStats": {
            "a": "-",
            "sr": "-",
            "d": 0,
            "e": "-",
            "wb": 0,
            "bbiw": 0,
            "bbir": 0,
            "bbmw": 0,
            "bbmr": 0,
            "4w": 0,
            "5w": 0,
            "10w": 0,
            "wmaid": 0,
            "ht": 0,
            "4s": 0,
            "6s": 0,
            "ov": "-",
            "r": 0,
            "w": 0,
            "maid": 0,
            "nb": 0,
            "b": 0,
            "inns": 0,
            "m": 14
          },
          "fieldingStats": {
            "c": 2,
            "ro": 0,
            "s": 0,
            "inns": 2,
            "m": 14
          }
        },
        {
          "matchType": "T20",
          "battingStats": {
            "a": "33.76",
            "sr": "128.36",
            "no": 1,
            "hs": "83",
            "50s": 4,
            "100s": 0,
            "4s": 41,
            "6s": 21,
            "r": "439",
            "b": 342,
            "inns": 14,
            "m": 14
          },
          "bowlingStats": {
            "a": "-",
            "sr": "-",
            "d": 0,
            "e": "-",
            "wb": 0,
            "bbiw": 0,
            "bbir": 0,
            "bbmw": 0,
            "bbmr": 0,
            "4w": 0,
            "5w": 0,
            "10w": 0,
            "wmaid": 0,
            "ht": 0,
            "4s": 0,
            "6s": 0,
            "ov": "-",
            "r": 0,
            "w": 0,
            "maid": 0,
            "nb": 0,
            "b": 0,
            "inns": 0,
            "m": 14
          },
          "fieldingStats": {
            "c": 2,
            "ro": 0,
            "s": 0,
            "inns": 2,
            "m": 14
          }
        }
      ]
    },
    {
      "player": {
        "dateOfBirth": "1986/03/08",
        "nationality": "Indian",
        "id": 155,
        "fullName": "CM Gautam"
      },
      "stats": [
        {
          "matchType": "ALL",
          "battingStats": {
            "a": "4.00",
            "sr": "80.00",
            "no": 0,
            "hs": "4",
            "50s": 0,
            "100s": 0,
            "4s": 0,
            "6s": 0,
            "r": "4",
            "b": 5,
            "inns": 1,
            "m": 1
          },
          "bowlingStats": {
            "a": "-",
            "sr": "-",
            "d": 0,
            "e": "-",
            "wb": 0,
            "bbiw": 0,
            "bbir": 0,
            "bbmw": 0,
            "bbmr": 0,
            "4w": 0,
            "5w": 0,
            "10w": 0,
            "wmaid": 0,
            "ht": 0,
            "4s": 0,
            "6s": 0,
            "ov": "-",
            "r": 0,
            "w": 0,
            "maid": 0,
            "nb": 0,
            "b": 0,
            "inns": 0,
            "m": 1
          },
          "fieldingStats": {
            "c": 0,
            "ro": 0,
            "s": 1,
            "inns": 1,
            "m": 1
          }
        },
        {
          "matchType": "AGG",
          "battingStats": {
            "a": "4.00",
            "sr": "80.00",
            "no": 0,
            "hs": "4",
            "50s": 0,
            "100s": 0,
            "4s": 0,
            "6s": 0,
            "r": "4",
            "b": 5,
            "inns": 1,
            "m": 1
          },
          "bowlingStats": {
            "a": "-",
            "sr": "-",
            "d": 0,
            "e": "-",
            "wb": 0,
            "bbiw": 0,
            "bbir": 0,
            "bbmw": 0,
            "bbmr": 0,
            "4w": 0,
            "5w": 0,
            "10w": 0,
            "wmaid": 0,
            "ht": 0,
            "4s": 0,
            "6s": 0,
            "ov": "-",
            "r": 0,
            "w": 0,
            "maid": 0,
            "nb": 0,
            "b": 0,
            "inns": 0,
            "m": 1
          },
          "fieldingStats": {
            "c": 0,
            "ro": 0,
            "s": 1,
            "inns": 1,
            "m": 1
          }
        },
        {
          "matchType": "IPLT20",
          "battingStats": {
            "a": "4.00",
            "sr": "80.00",
            "no": 0,
            "hs": "4",
            "50s": 0,
            "100s": 0,
            "4s": 0,
            "6s": 0,
            "r": "4",
            "b": 5,
            "inns": 1,
            "m": 1
          },
          "bowlingStats": {
            "a": "-",
            "sr": "-",
            "d": 0,
            "e": "-",
            "wb": 0,
            "bbiw": 0,
            "bbir": 0,
            "bbmw": 0,
            "bbmr": 0,
            "4w": 0,
            "5w": 0,
            "10w": 0,
            "wmaid": 0,
            "ht": 0,
            "4s": 0,
            "6s": 0,
            "ov": "-",
            "r": 0,
            "w": 0,
            "maid": 0,
            "nb": 0,
            "b": 0,
            "inns": 0,
            "m": 1
          },
          "fieldingStats": {
            "c": 0,
            "ro": 0,
            "s": 1,
            "inns": 1,
            "m": 1
          }
        },
        {
          "matchType": "T20",
          "battingStats": {
            "a": "4.00",
            "sr": "80.00",
            "no": 0,
            "hs": "4",
            "50s": 0,
            "100s": 0,
            "4s": 0,
            "6s": 0,
            "r": "4",
            "b": 5,
            "inns": 1,
            "m": 1
          },
          "bowlingStats": {
            "a": "-",
            "sr": "-",
            "d": 0,
            "e": "-",
            "wb": 0,
            "bbiw": 0,
            "bbir": 0,
            "bbmw": 0,
            "bbmr": 0,
            "4w": 0,
            "5w": 0,
            "10w": 0,
            "wmaid": 0,
            "ht": 0,
            "4s": 0,
            "6s": 0,
            "ov": "-",
            "r": 0,
            "w": 0,
            "maid": 0,
            "nb": 0,
            "b": 0,
            "inns": 0,
            "m": 1
          },
          "fieldingStats": {
            "c": 0,
            "ro": 0,
            "s": 1,
            "inns": 1,
            "m": 1
          }
        }
      ]
    },
    {
      "player": {
        "dateOfBirth": "1993/12/29",
        "nationality": "Australian",
        "id": 1020,
        "fullName": "Travis Head"
      }
    },
    {
      "player": {
        "dateOfBirth": "1993/10/03",
        "nationality": "Indian",
        "rightHandedBat": true,
        "id": 2734,
        "fullName": "Srikar Bharat"
      }
    },
    {
      "player": {
        "dateOfBirth": "1981/06/10",
        "nationality": "South African",
        "id": 26,
        "fullName": "Albie Morkel"
      },
      "stats": [
        {
          "matchType": "ALL",
          "battingStats": {
            "a": "86.00",
            "sr": "132.30",
            "no": 2,
            "hs": "73*",
            "50s": 1,
            "100s": 0,
            "4s": 9,
            "6s": 2,
            "r": "86",
            "b": 65,
            "inns": 3,
            "m": 4
          },
          "bowlingStats": {
            "a": "36.33",
            "sr": "24.00",
            "d": 22,
            "e": "9.08",
            "wb": 2,
            "bbiw": 2,
            "bbir": 21,
            "bbmw": 2,
            "bbmr": 21,
            "4w": 0,
            "5w": 0,
            "10w": 0,
            "wmaid": 0,
            "ht": 0,
            "4s": 13,
            "6s": 2,
            "ov": "12.00",
            "r": 109,
            "w": 3,
            "maid": 0,
            "nb": 0,
            "b": 72,
            "inns": 4,
            "m": 4
          },
          "fieldingStats": {
            "c": 1,
            "ro": 0,
            "s": 0,
            "inns": 1,
            "m": 4
          }
        },
        {
          "matchType": "AGG",
          "battingStats": {
            "a": "86.00",
            "sr": "132.30",
            "no": 2,
            "hs": "73*",
            "50s": 1,
            "100s": 0,
            "4s": 9,
            "6s": 2,
            "r": "86",
            "b": 65,
            "inns": 3,
            "m": 4
          },
          "bowlingStats": {
            "a": "36.33",
            "sr": "24.00",
            "d": 22,
            "e": "9.08",
            "wb": 2,
            "bbiw": 2,
            "bbir": 21,
            "bbmw": 2,
            "bbmr": 21,
            "4w": 0,
            "5w": 0,
            "10w": 0,
            "wmaid": 0,
            "ht": 0,
            "4s": 13,
            "6s": 2,
            "ov": "12.00",
            "r": 109,
            "w": 3,
            "maid": 0,
            "nb": 0,
            "b": 72,
            "inns": 4,
            "m": 4
          },
          "fieldingStats": {
            "c": 1,
            "ro": 0,
            "s": 0,
            "inns": 1,
            "m": 4
          }
        },
        {
          "matchType": "IPLT20",
          "battingStats": {
            "a": "86.00",
            "sr": "132.30",
            "no": 2,
            "hs": "73*",
            "50s": 1,
            "100s": 0,
            "4s": 9,
            "6s": 2,
            "r": "86",
            "b": 65,
            "inns": 3,
            "m": 4
          },
          "bowlingStats": {
            "a": "36.33",
            "sr": "24.00",
            "d": 22,
            "e": "9.08",
            "wb": 2,
            "bbiw": 2,
            "bbir": 21,
            "bbmw": 2,
            "bbmr": 21,
            "4w": 0,
            "5w": 0,
            "10w": 0,
            "wmaid": 0,
            "ht": 0,
            "4s": 13,
            "6s": 2,
            "ov": "12.00",
            "r": 109,
            "w": 3,
            "maid": 0,
            "nb": 0,
            "b": 72,
            "inns": 4,
            "m": 4
          },
          "fieldingStats": {
            "c": 1,
            "ro": 0,
            "s": 0,
            "inns": 1,
            "m": 4
          }
        },
        {
          "matchType": "T20",
          "battingStats": {
            "a": "86.00",
            "sr": "132.30",
            "no": 2,
            "hs": "73*",
            "50s": 1,
            "100s": 0,
            "4s": 9,
            "6s": 2,
            "r": "86",
            "b": 65,
            "inns": 3,
            "m": 4
          },
          "bowlingStats": {
            "a": "36.33",
            "sr": "24.00",
            "d": 22,
            "e": "9.08",
            "wb": 2,
            "bbiw": 2,
            "bbir": 21,
            "bbmw": 2,
            "bbmr": 21,
            "4w": 0,
            "5w": 0,
            "10w": 0,
            "wmaid": 0,
            "ht": 0,
            "4s": 13,
            "6s": 2,
            "ov": "12.00",
            "r": 109,
            "w": 3,
            "maid": 0,
            "nb": 0,
            "b": 72,
            "inns": 4,
            "m": 4
          },
          "fieldingStats": {
            "c": 1,
            "ro": 0,
            "s": 0,
            "inns": 1,
            "m": 4
          }
        }
      ]
    },
    {
      "player": {
        "dateOfBirth": "1989/08/16",
        "nationality": "Australian",
        "rightHandedBat": true,
        "id": 964,
        "fullName": "Marcus Stoinis"
      }
    },
    {
      "player": {
        "dateOfBirth": "1978/10/07",
        "nationality": "Indian",
        "id": 165,
        "fullName": "Zaheer Khan"
      },
      "stats": [
        {
          "matchType": "ALL",
          "battingStats": {
            "a": "-",
            "sr": "-",
            "no": 0,
            "hs": "0*",
            "50s": 0,
            "100s": 0,
            "4s": 0,
            "6s": 0,
            "r": "0",
            "inns": 0,
            "m": 7
          },
          "bowlingStats": {
            "a": "22.28",
            "sr": "20.71",
            "d": 73,
            "e": "6.45",
            "wb": 10,
            "bbiw": 2,
            "bbir": 9,
            "bbmw": 2,
            "bbmr": 9,
            "4w": 0,
            "5w": 0,
            "10w": 0,
            "wmaid": 1,
            "ht": 0,
            "4s": 19,
            "6s": 2,
            "ov": "24.16",
            "r": 156,
            "w": 7,
            "maid": 1,
            "nb": 0,
            "b": 145,
            "inns": 7,
            "m": 7
          },
          "fieldingStats": {
            "c": 0,
            "ro": 0,
            "s": 0,
            "inns": 0,
            "m": 7
          }
        },
        {
          "matchType": "AGG",
          "battingStats": {
            "a": "-",
            "sr": "-",
            "no": 0,
            "hs": "0*",
            "50s": 0,
            "100s": 0,
            "4s": 0,
            "6s": 0,
            "r": "0",
            "inns": 0,
            "m": 7
          },
          "bowlingStats": {
            "a": "22.28",
            "sr": "20.71",
            "d": 73,
            "e": "6.45",
            "wb": 10,
            "bbiw": 2,
            "bbir": 9,
            "bbmw": 2,
            "bbmr": 9,
            "4w": 0,
            "5w": 0,
            "10w": 0,
            "wmaid": 1,
            "ht": 0,
            "4s": 19,
            "6s": 2,
            "ov": "24.16",
            "r": 156,
            "w": 7,
            "maid": 1,
            "nb": 0,
            "b": 145,
            "inns": 7,
            "m": 7
          },
          "fieldingStats": {
            "c": 0,
            "ro": 0,
            "s": 0,
            "inns": 0,
            "m": 7
          }
        },
        {
          "matchType": "IPLT20",
          "battingStats": {
            "a": "-",
            "sr": "-",
            "no": 0,
            "hs": "0*",
            "50s": 0,
            "100s": 0,
            "4s": 0,
            "6s": 0,
            "r": "0",
            "inns": 0,
            "m": 7
          },
          "bowlingStats": {
            "a": "22.28",
            "sr": "20.71",
            "d": 73,
            "e": "6.45",
            "wb": 10,
            "bbiw": 2,
            "bbir": 9,
            "bbmw": 2,
            "bbmr": 9,
            "4w": 0,
            "5w": 0,
            "10w": 0,
            "wmaid": 1,
            "ht": 0,
            "4s": 19,
            "6s": 2,
            "ov": "24.16",
            "r": 156,
            "w": 7,
            "maid": 1,
            "nb": 0,
            "b": 145,
            "inns": 7,
            "m": 7
          },
          "fieldingStats": {
            "c": 0,
            "ro": 0,
            "s": 0,
            "inns": 0,
            "m": 7
          }
        },
        {
          "matchType": "T20",
          "battingStats": {
            "a": "-",
            "sr": "-",
            "no": 0,
            "hs": "0*",
            "50s": 0,
            "100s": 0,
            "4s": 0,
            "6s": 0,
            "r": "0",
            "inns": 0,
            "m": 7
          },
          "bowlingStats": {
            "a": "22.28",
            "sr": "20.71",
            "d": 73,
            "e": "6.45",
            "wb": 10,
            "bbiw": 2,
            "bbir": 9,
            "bbmw": 2,
            "bbmr": 9,
            "4w": 0,
            "5w": 0,
            "10w": 0,
            "wmaid": 1,
            "ht": 0,
            "4s": 19,
            "6s": 2,
            "ov": "24.16",
            "r": 156,
            "w": 7,
            "maid": 1,
            "nb": 0,
            "b": 145,
            "inns": 7,
            "m": 7
          },
          "fieldingStats": {
            "c": 0,
            "ro": 0,
            "s": 0,
            "inns": 0,
            "m": 7
          }
        }
      ]
    },
    {
      "player": {
        "dateOfBirth": "1991/10/21",
        "nationality": "Indian",
        "id": 2735,
        "fullName": "KK Jiyas"
      }
    },
    {
      "player": {
        "dateOfBirth": "1981/03/09",
        "nationality": "Indian",
        "rightHandedBat": true,
        "id": 2736,
        "fullName": "Domnic Joseph"
      },
      "stats": [
        {
          "matchType": "ALL",
          "battingStats": {
            "a": "1.00",
            "sr": "33.33",
            "no": 1,
            "hs": "1",
            "50s": 0,
            "100s": 0,
            "4s": 0,
            "6s": 0,
            "r": "1",
            "b": 3,
            "inns": 2,
            "m": 6
          },
          "bowlingStats": {
            "a": "25.25",
            "sr": "21.00",
            "d": 44,
            "e": "7.21",
            "wb": 0,
            "bbiw": 2,
            "bbir": 18,
            "bbmw": 2,
            "bbmr": 18,
            "4w": 0,
            "5w": 0,
            "10w": 0,
            "wmaid": 0,
            "ht": 0,
            "4s": 14,
            "6s": 3,
            "ov": "14.00",
            "r": 101,
            "w": 4,
            "maid": 0,
            "nb": 0,
            "b": 84,
            "inns": 6,
            "m": 6
          },
          "fieldingStats": {
            "c": 0,
            "ro": 0,
            "s": 0,
            "inns": 0,
            "m": 6
          }
        },
        {
          "matchType": "AGG",
          "battingStats": {
            "a": "1.00",
            "sr": "33.33",
            "no": 1,
            "hs": "1",
            "50s": 0,
            "100s": 0,
            "4s": 0,
            "6s": 0,
            "r": "1",
            "b": 3,
            "inns": 2,
            "m": 6
          },
          "bowlingStats": {
            "a": "25.25",
            "sr": "21.00",
            "d": 44,
            "e": "7.21",
            "wb": 0,
            "bbiw": 2,
            "bbir": 18,
            "bbmw": 2,
            "bbmr": 18,
            "4w": 0,
            "5w": 0,
            "10w": 0,
            "wmaid": 0,
            "ht": 0,
            "4s": 14,
            "6s": 3,
            "ov": "14.00",
            "r": 101,
            "w": 4,
            "maid": 0,
            "nb": 0,
            "b": 84,
            "inns": 6,
            "m": 6
          },
          "fieldingStats": {
            "c": 0,
            "ro": 0,
            "s": 0,
            "inns": 0,
            "m": 6
          }
        },
        {
          "matchType": "IPLT20",
          "battingStats": {
            "a": "1.00",
            "sr": "33.33",
            "no": 1,
            "hs": "1",
            "50s": 0,
            "100s": 0,
            "4s": 0,
            "6s": 0,
            "r": "1",
            "b": 3,
            "inns": 2,
            "m": 6
          },
          "bowlingStats": {
            "a": "25.25",
            "sr": "21.00",
            "d": 44,
            "e": "7.21",
            "wb": 0,
            "bbiw": 2,
            "bbir": 18,
            "bbmw": 2,
            "bbmr": 18,
            "4w": 0,
            "5w": 0,
            "10w": 0,
            "wmaid": 0,
            "ht": 0,
            "4s": 14,
            "6s": 3,
            "ov": "14.00",
            "r": 101,
            "w": 4,
            "maid": 0,
            "nb": 0,
            "b": 84,
            "inns": 6,
            "m": 6
          },
          "fieldingStats": {
            "c": 0,
            "ro": 0,
            "s": 0,
            "inns": 0,
            "m": 6
          }
        },
        {
          "matchType": "T20",
          "battingStats": {
            "a": "1.00",
            "sr": "33.33",
            "no": 1,
            "hs": "1",
            "50s": 0,
            "100s": 0,
            "4s": 0,
            "6s": 0,
            "r": "1",
            "b": 3,
            "inns": 2,
            "m": 6
          },
          "bowlingStats": {
            "a": "25.25",
            "sr": "21.00",
            "d": 44,
            "e": "7.21",
            "wb": 0,
            "bbiw": 2,
            "bbir": 18,
            "bbmw": 2,
            "bbmr": 18,
            "4w": 0,
            "5w": 0,
            "10w": 0,
            "wmaid": 0,
            "ht": 0,
            "4s": 14,
            "6s": 3,
            "ov": "14.00",
            "r": 101,
            "w": 4,
            "maid": 0,
            "nb": 0,
            "b": 84,
            "inns": 6,
            "m": 6
          },
          "fieldingStats": {
            "c": 0,
            "ro": 0,
            "s": 0,
            "inns": 0,
            "m": 6
          }
        }
      ]
    }
  ]
}