{
  "team": {
    "shortName": "Kings XI",
    "abbreviation": "KXIP",
    "primaryColor": "DA1F3D",
    "secondaryColor": "FFFFFF",
    "fullName": "Kings XI Punjab",
    "type": "m",
    "id": 4
  },
  "tournamentId": {
    "name": "ipl2015",
    "id": 2785
  },
  "playersStats": [
    {
      "player": {
        "nationality": "Indian",
        "dateOfBirth": "1994/01/20",
        "fullName": "Axar Patel",
        "id": 1113
      },
      "stats": [
        {
          "matchType": "AGG",
          "battingStats": {
            "sr": "118.39",
            "4s": 13,
            "6s": 8,
            "r": "206",
            "b": 174,
            "a": "22.88",
            "no": 3,
            "hs": "40*",
            "50s": 0,
            "100s": 0,
            "inns": 12,
            "m": 14
          },
          "bowlingStats": {
            "sr": "21.53",
            "d": 83,
            "e": "8.40",
            "bbiw": 2,
            "bbmr": 11,
            "ht": 0,
            "4w": 0,
            "bbmw": 2,
            "5w": 0,
            "10w": 0,
            "wb": 9,
            "bbir": 11,
            "wmaid": 0,
            "4s": 23,
            "6s": 21,
            "ov": "46.66",
            "r": 392,
            "w": 13,
            "maid": 0,
            "nb": 0,
            "b": 280,
            "a": "30.15",
            "inns": 14,
            "m": 14
          },
          "fieldingStats": {
            "c": 7,
            "ro": 2,
            "s": 0,
            "inns": 7,
            "m": 14
          }
        },
        {
          "matchType": "IPLT20",
          "battingStats": {
            "sr": "118.39",
            "4s": 13,
            "6s": 8,
            "r": "206",
            "b": 174,
            "a": "22.88",
            "no": 3,
            "hs": "40*",
            "50s": 0,
            "100s": 0,
            "inns": 12,
            "m": 14
          },
          "bowlingStats": {
            "sr": "21.53",
            "d": 83,
            "e": "8.40",
            "bbiw": 2,
            "bbmr": 11,
            "ht": 0,
            "4w": 0,
            "bbmw": 2,
            "5w": 0,
            "10w": 0,
            "wb": 9,
            "bbir": 11,
            "wmaid": 0,
            "4s": 23,
            "6s": 21,
            "ov": "46.66",
            "r": 392,
            "w": 13,
            "maid": 0,
            "nb": 0,
            "b": 280,
            "a": "30.15",
            "inns": 14,
            "m": 14
          },
          "fieldingStats": {
            "c": 7,
            "ro": 2,
            "s": 0,
            "inns": 7,
            "m": 14
          }
        },
        {
          "matchType": "T20",
          "battingStats": {
            "sr": "118.39",
            "4s": 13,
            "6s": 8,
            "r": "206",
            "b": 174,
            "a": "22.88",
            "no": 3,
            "hs": "40*",
            "50s": 0,
            "100s": 0,
            "inns": 12,
            "m": 14
          },
          "bowlingStats": {
            "sr": "21.53",
            "d": 83,
            "e": "8.40",
            "bbiw": 2,
            "bbmr": 11,
            "ht": 0,
            "4w": 0,
            "bbmw": 2,
            "5w": 0,
            "10w": 0,
            "wb": 9,
            "bbir": 11,
            "wmaid": 0,
            "4s": 23,
            "6s": 21,
            "ov": "46.66",
            "r": 392,
            "w": 13,
            "maid": 0,
            "nb": 0,
            "b": 280,
            "a": "30.15",
            "inns": 14,
            "m": 14
          },
          "fieldingStats": {
            "c": 7,
            "ro": 2,
            "s": 0,
            "inns": 7,
            "m": 14
          }
        },
        {
          "matchType": "ALL",
          "battingStats": {
            "sr": "118.39",
            "4s": 13,
            "6s": 8,
            "r": "206",
            "b": 174,
            "a": "22.88",
            "no": 3,
            "hs": "40*",
            "50s": 0,
            "100s": 0,
            "inns": 12,
            "m": 14
          },
          "bowlingStats": {
            "sr": "21.53",
            "d": 83,
            "e": "8.40",
            "bbiw": 2,
            "bbmr": 11,
            "ht": 0,
            "4w": 0,
            "bbmw": 2,
            "5w": 0,
            "10w": 0,
            "wb": 9,
            "bbir": 11,
            "wmaid": 0,
            "4s": 23,
            "6s": 21,
            "ov": "46.66",
            "r": 392,
            "w": 13,
            "maid": 0,
            "nb": 0,
            "b": 280,
            "a": "30.15",
            "inns": 14,
            "m": 14
          },
          "fieldingStats": {
            "c": 7,
            "ro": 2,
            "s": 0,
            "inns": 7,
            "m": 14
          }
        }
      ]
    },
    {
      "player": {
        "rightHandedBat": true,
        "nationality": "Indian",
        "dateOfBirth": "1982/02/26",
        "fullName": "Anureet Singh",
        "id": 412
      },
      "stats": [
        {
          "matchType": "AGG",
          "battingStats": {
            "sr": "58.06",
            "4s": 0,
            "6s": 1,
            "r": "18",
            "b": 31,
            "a": "6.00",
            "no": 3,
            "hs": "10",
            "50s": 0,
            "100s": 0,
            "inns": 6,
            "m": 14
          },
          "bowlingStats": {
            "sr": "20.66",
            "d": 105,
            "e": "9.00",
            "bbiw": 3,
            "bbmr": 23,
            "ht": 0,
            "4w": 0,
            "bbmw": 3,
            "5w": 0,
            "10w": 0,
            "wb": 8,
            "bbir": 23,
            "wmaid": 0,
            "4s": 49,
            "6s": 18,
            "ov": "51.66",
            "r": 465,
            "w": 15,
            "maid": 0,
            "nb": 4,
            "b": 310,
            "a": "31.00",
            "inns": 14,
            "m": 14
          },
          "fieldingStats": {
            "c": 4,
            "ro": 1,
            "s": 0,
            "inns": 4,
            "m": 14
          }
        },
        {
          "matchType": "IPLT20",
          "battingStats": {
            "sr": "58.06",
            "4s": 0,
            "6s": 1,
            "r": "18",
            "b": 31,
            "a": "6.00",
            "no": 3,
            "hs": "10",
            "50s": 0,
            "100s": 0,
            "inns": 6,
            "m": 14
          },
          "bowlingStats": {
            "sr": "20.66",
            "d": 105,
            "e": "9.00",
            "bbiw": 3,
            "bbmr": 23,
            "ht": 0,
            "4w": 0,
            "bbmw": 3,
            "5w": 0,
            "10w": 0,
            "wb": 8,
            "bbir": 23,
            "wmaid": 0,
            "4s": 49,
            "6s": 18,
            "ov": "51.66",
            "r": 465,
            "w": 15,
            "maid": 0,
            "nb": 4,
            "b": 310,
            "a": "31.00",
            "inns": 14,
            "m": 14
          },
          "fieldingStats": {
            "c": 4,
            "ro": 1,
            "s": 0,
            "inns": 4,
            "m": 14
          }
        },
        {
          "matchType": "T20",
          "battingStats": {
            "sr": "58.06",
            "4s": 0,
            "6s": 1,
            "r": "18",
            "b": 31,
            "a": "6.00",
            "no": 3,
            "hs": "10",
            "50s": 0,
            "100s": 0,
            "inns": 6,
            "m": 14
          },
          "bowlingStats": {
            "sr": "20.66",
            "d": 105,
            "e": "9.00",
            "bbiw": 3,
            "bbmr": 23,
            "ht": 0,
            "4w": 0,
            "bbmw": 3,
            "5w": 0,
            "10w": 0,
            "wb": 8,
            "bbir": 23,
            "wmaid": 0,
            "4s": 49,
            "6s": 18,
            "ov": "51.66",
            "r": 465,
            "w": 15,
            "maid": 0,
            "nb": 4,
            "b": 310,
            "a": "31.00",
            "inns": 14,
            "m": 14
          },
          "fieldingStats": {
            "c": 4,
            "ro": 1,
            "s": 0,
            "inns": 4,
            "m": 14
          }
        },
        {
          "matchType": "ALL",
          "battingStats": {
            "sr": "58.06",
            "4s": 0,
            "6s": 1,
            "r": "18",
            "b": 31,
            "a": "6.00",
            "no": 3,
            "hs": "10",
            "50s": 0,
            "100s": 0,
            "inns": 6,
            "m": 14
          },
          "bowlingStats": {
            "sr": "20.66",
            "d": 105,
            "e": "9.00",
            "bbiw": 3,
            "bbmr": 23,
            "ht": 0,
            "4w": 0,
            "bbmw": 3,
            "5w": 0,
            "10w": 0,
            "wb": 8,
            "bbir": 23,
            "wmaid": 0,
            "4s": 49,
            "6s": 18,
            "ov": "51.66",
            "r": 465,
            "w": 15,
            "maid": 0,
            "nb": 4,
            "b": 310,
            "a": "31.00",
            "inns": 14,
            "m": 14
          },
          "fieldingStats": {
            "c": 4,
            "ro": 1,
            "s": 0,
            "inns": 4,
            "m": 14
          }
        }
      ]
    },
    {
      "player": {
        "rightHandedBat": true,
        "nationality": "South African",
        "dateOfBirth": "1990/06/08",
        "fullName": "Beuran Hendricks",
        "id": 1752
      },
      "stats": [
        {
          "matchType": "AGG",
          "battingStats": {
            "sr": "50.00",
            "4s": 0,
            "6s": 0,
            "r": "1",
            "b": 2,
            "a": "-",
            "no": 2,
            "hs": "1*",
            "50s": 0,
            "100s": 0,
            "inns": 2,
            "m": 4
          },
          "bowlingStats": {
            "sr": "15.60",
            "d": 27,
            "e": "8.38",
            "bbiw": 2,
            "bbmr": 40,
            "ht": 0,
            "4w": 0,
            "bbmw": 2,
            "5w": 0,
            "10w": 0,
            "wb": 3,
            "bbir": 40,
            "wmaid": 0,
            "4s": 14,
            "6s": 1,
            "ov": "13.00",
            "r": 109,
            "w": 5,
            "maid": 0,
            "nb": 1,
            "b": 78,
            "a": "21.80",
            "inns": 4,
            "m": 4
          },
          "fieldingStats": {
            "c": 2,
            "ro": 0,
            "s": 0,
            "inns": 1,
            "m": 4
          }
        },
        {
          "matchType": "IPLT20",
          "battingStats": {
            "sr": "50.00",
            "4s": 0,
            "6s": 0,
            "r": "1",
            "b": 2,
            "a": "-",
            "no": 2,
            "hs": "1*",
            "50s": 0,
            "100s": 0,
            "inns": 2,
            "m": 4
          },
          "bowlingStats": {
            "sr": "15.60",
            "d": 27,
            "e": "8.38",
            "bbiw": 2,
            "bbmr": 40,
            "ht": 0,
            "4w": 0,
            "bbmw": 2,
            "5w": 0,
            "10w": 0,
            "wb": 3,
            "bbir": 40,
            "wmaid": 0,
            "4s": 14,
            "6s": 1,
            "ov": "13.00",
            "r": 109,
            "w": 5,
            "maid": 0,
            "nb": 1,
            "b": 78,
            "a": "21.80",
            "inns": 4,
            "m": 4
          },
          "fieldingStats": {
            "c": 2,
            "ro": 0,
            "s": 0,
            "inns": 1,
            "m": 4
          }
        },
        {
          "matchType": "T20",
          "battingStats": {
            "sr": "50.00",
            "4s": 0,
            "6s": 0,
            "r": "1",
            "b": 2,
            "a": "-",
            "no": 2,
            "hs": "1*",
            "50s": 0,
            "100s": 0,
            "inns": 2,
            "m": 4
          },
          "bowlingStats": {
            "sr": "15.60",
            "d": 27,
            "e": "8.38",
            "bbiw": 2,
            "bbmr": 40,
            "ht": 0,
            "4w": 0,
            "bbmw": 2,
            "5w": 0,
            "10w": 0,
            "wb": 3,
            "bbir": 40,
            "wmaid": 0,
            "4s": 14,
            "6s": 1,
            "ov": "13.00",
            "r": 109,
            "w": 5,
            "maid": 0,
            "nb": 1,
            "b": 78,
            "a": "21.80",
            "inns": 4,
            "m": 4
          },
          "fieldingStats": {
            "c": 2,
            "ro": 0,
            "s": 0,
            "inns": 1,
            "m": 4
          }
        },
        {
          "matchType": "ALL",
          "battingStats": {
            "sr": "50.00",
            "4s": 0,
            "6s": 0,
            "r": "1",
            "b": 2,
            "a": "-",
            "no": 2,
            "hs": "1*",
            "50s": 0,
            "100s": 0,
            "inns": 2,
            "m": 4
          },
          "bowlingStats": {
            "sr": "15.60",
            "d": 27,
            "e": "8.38",
            "bbiw": 2,
            "bbmr": 40,
            "ht": 0,
            "4w": 0,
            "bbmw": 2,
            "5w": 0,
            "10w": 0,
            "wb": 3,
            "bbir": 40,
            "wmaid": 0,
            "4s": 14,
            "6s": 1,
            "ov": "13.00",
            "r": 109,
            "w": 5,
            "maid": 0,
            "nb": 1,
            "b": 78,
            "a": "21.80",
            "inns": 4,
            "m": 4
          },
          "fieldingStats": {
            "c": 2,
            "ro": 0,
            "s": 0,
            "inns": 1,
            "m": 4
          }
        }
      ]
    },
    {
      "player": {
        "nationality": "South African",
        "dateOfBirth": "1989/06/10",
        "fullName": "David Miller",
        "id": 187
      },
      "stats": [
        {
          "matchType": "AGG",
          "battingStats": {
            "sr": "134.21",
            "4s": 21,
            "6s": 21,
            "r": "357",
            "b": 266,
            "a": "32.45",
            "no": 2,
            "hs": "89*",
            "50s": 2,
            "100s": 0,
            "inns": 13,
            "m": 13
          },
          "bowlingStats": {
            "sr": "-",
            "d": 0,
            "e": "-",
            "bbiw": 0,
            "bbmr": 0,
            "ht": 0,
            "4w": 0,
            "bbmw": 0,
            "5w": 0,
            "10w": 0,
            "wb": 0,
            "bbir": 0,
            "wmaid": 0,
            "4s": 0,
            "6s": 0,
            "ov": "-",
            "r": 0,
            "w": 0,
            "maid": 0,
            "nb": 0,
            "b": 0,
            "a": "-",
            "inns": 0,
            "m": 13
          },
          "fieldingStats": {
            "c": 7,
            "ro": 0,
            "s": 0,
            "inns": 5,
            "m": 13
          }
        },
        {
          "matchType": "IPLT20",
          "battingStats": {
            "sr": "134.21",
            "4s": 21,
            "6s": 21,
            "r": "357",
            "b": 266,
            "a": "32.45",
            "no": 2,
            "hs": "89*",
            "50s": 2,
            "100s": 0,
            "inns": 13,
            "m": 13
          },
          "bowlingStats": {
            "sr": "-",
            "d": 0,
            "e": "-",
            "bbiw": 0,
            "bbmr": 0,
            "ht": 0,
            "4w": 0,
            "bbmw": 0,
            "5w": 0,
            "10w": 0,
            "wb": 0,
            "bbir": 0,
            "wmaid": 0,
            "4s": 0,
            "6s": 0,
            "ov": "-",
            "r": 0,
            "w": 0,
            "maid": 0,
            "nb": 0,
            "b": 0,
            "a": "-",
            "inns": 0,
            "m": 13
          },
          "fieldingStats": {
            "c": 7,
            "ro": 0,
            "s": 0,
            "inns": 5,
            "m": 13
          }
        },
        {
          "matchType": "T20",
          "battingStats": {
            "sr": "134.21",
            "4s": 21,
            "6s": 21,
            "r": "357",
            "b": 266,
            "a": "32.45",
            "no": 2,
            "hs": "89*",
            "50s": 2,
            "100s": 0,
            "inns": 13,
            "m": 13
          },
          "bowlingStats": {
            "sr": "-",
            "d": 0,
            "e": "-",
            "bbiw": 0,
            "bbmr": 0,
            "ht": 0,
            "4w": 0,
            "bbmw": 0,
            "5w": 0,
            "10w": 0,
            "wb": 0,
            "bbir": 0,
            "wmaid": 0,
            "4s": 0,
            "6s": 0,
            "ov": "-",
            "r": 0,
            "w": 0,
            "maid": 0,
            "nb": 0,
            "b": 0,
            "a": "-",
            "inns": 0,
            "m": 13
          },
          "fieldingStats": {
            "c": 7,
            "ro": 0,
            "s": 0,
            "inns": 5,
            "m": 13
          }
        },
        {
          "matchType": "ALL",
          "battingStats": {
            "sr": "134.21",
            "4s": 21,
            "6s": 21,
            "r": "357",
            "b": 266,
            "a": "32.45",
            "no": 2,
            "hs": "89*",
            "50s": 2,
            "100s": 0,
            "inns": 13,
            "m": 13
          },
          "bowlingStats": {
            "sr": "-",
            "d": 0,
            "e": "-",
            "bbiw": 0,
            "bbmr": 0,
            "ht": 0,
            "4w": 0,
            "bbmw": 0,
            "5w": 0,
            "10w": 0,
            "wb": 0,
            "bbir": 0,
            "wmaid": 0,
            "4s": 0,
            "6s": 0,
            "ov": "-",
            "r": 0,
            "w": 0,
            "maid": 0,
            "nb": 0,
            "b": 0,
            "a": "-",
            "inns": 0,
            "m": 13
          },
          "fieldingStats": {
            "c": 7,
            "ro": 0,
            "s": 0,
            "inns": 5,
            "m": 13
          }
        }
      ]
    },
    {
      "player": {
        "nationality": "Australian",
        "dateOfBirth": "1982/09/07",
        "fullName": "George Bailey",
        "id": 19
      },
      "stats": [
        {
          "matchType": "AGG",
          "battingStats": {
            "sr": "136.31",
            "4s": 22,
            "6s": 7,
            "r": "259",
            "b": 190,
            "a": "23.54",
            "no": 2,
            "hs": "61*",
            "50s": 2,
            "100s": 0,
            "inns": 13,
            "m": 13
          },
          "bowlingStats": {
            "sr": "-",
            "d": 0,
            "e": "-",
            "bbiw": 0,
            "bbmr": 0,
            "ht": 0,
            "4w": 0,
            "bbmw": 0,
            "5w": 0,
            "10w": 0,
            "wb": 0,
            "bbir": 0,
            "wmaid": 0,
            "4s": 0,
            "6s": 0,
            "ov": "-",
            "r": 0,
            "w": 0,
            "maid": 0,
            "nb": 0,
            "b": 0,
            "a": "-",
            "inns": 0,
            "m": 13
          },
          "fieldingStats": {
            "c": 1,
            "ro": 1,
            "s": 0,
            "inns": 2,
            "m": 13
          }
        },
        {
          "matchType": "IPLT20",
          "battingStats": {
            "sr": "136.31",
            "4s": 22,
            "6s": 7,
            "r": "259",
            "b": 190,
            "a": "23.54",
            "no": 2,
            "hs": "61*",
            "50s": 2,
            "100s": 0,
            "inns": 13,
            "m": 13
          },
          "bowlingStats": {
            "sr": "-",
            "d": 0,
            "e": "-",
            "bbiw": 0,
            "bbmr": 0,
            "ht": 0,
            "4w": 0,
            "bbmw": 0,
            "5w": 0,
            "10w": 0,
            "wb": 0,
            "bbir": 0,
            "wmaid": 0,
            "4s": 0,
            "6s": 0,
            "ov": "-",
            "r": 0,
            "w": 0,
            "maid": 0,
            "nb": 0,
            "b": 0,
            "a": "-",
            "inns": 0,
            "m": 13
          },
          "fieldingStats": {
            "c": 1,
            "ro": 1,
            "s": 0,
            "inns": 2,
            "m": 13
          }
        },
        {
          "matchType": "T20",
          "battingStats": {
            "sr": "136.31",
            "4s": 22,
            "6s": 7,
            "r": "259",
            "b": 190,
            "a": "23.54",
            "no": 2,
            "hs": "61*",
            "50s": 2,
            "100s": 0,
            "inns": 13,
            "m": 13
          },
          "bowlingStats": {
            "sr": "-",
            "d": 0,
            "e": "-",
            "bbiw": 0,
            "bbmr": 0,
            "ht": 0,
            "4w": 0,
            "bbmw": 0,
            "5w": 0,
            "10w": 0,
            "wb": 0,
            "bbir": 0,
            "wmaid": 0,
            "4s": 0,
            "6s": 0,
            "ov": "-",
            "r": 0,
            "w": 0,
            "maid": 0,
            "nb": 0,
            "b": 0,
            "a": "-",
            "inns": 0,
            "m": 13
          },
          "fieldingStats": {
            "c": 1,
            "ro": 1,
            "s": 0,
            "inns": 2,
            "m": 13
          }
        },
        {
          "matchType": "ALL",
          "battingStats": {
            "sr": "136.31",
            "4s": 22,
            "6s": 7,
            "r": "259",
            "b": 190,
            "a": "23.54",
            "no": 2,
            "hs": "61*",
            "50s": 2,
            "100s": 0,
            "inns": 13,
            "m": 13
          },
          "bowlingStats": {
            "sr": "-",
            "d": 0,
            "e": "-",
            "bbiw": 0,
            "bbmr": 0,
            "ht": 0,
            "4w": 0,
            "bbmw": 0,
            "5w": 0,
            "10w": 0,
            "wb": 0,
            "bbir": 0,
            "wmaid": 0,
            "4s": 0,
            "6s": 0,
            "ov": "-",
            "r": 0,
            "w": 0,
            "maid": 0,
            "nb": 0,
            "b": 0,
            "a": "-",
            "inns": 0,
            "m": 13
          },
          "fieldingStats": {
            "c": 1,
            "ro": 1,
            "s": 0,
            "inns": 2,
            "m": 13
          }
        }
      ]
    },
    {
      "player": {
        "nationality": "Australian",
        "dateOfBirth": "1988/10/14",
        "fullName": "Glenn Maxwell",
        "id": 282
      },
      "stats": [
        {
          "matchType": "AGG",
          "battingStats": {
            "sr": "129.46",
            "4s": 13,
            "6s": 8,
            "r": "145",
            "b": 112,
            "a": "13.18",
            "no": 0,
            "hs": "43",
            "50s": 0,
            "100s": 0,
            "inns": 11,
            "m": 11
          },
          "bowlingStats": {
            "sr": "30.00",
            "d": 19,
            "e": "9.70",
            "bbiw": 1,
            "bbmr": 5,
            "ht": 0,
            "4w": 0,
            "bbmw": 1,
            "5w": 0,
            "10w": 0,
            "wb": 3,
            "bbir": 5,
            "wmaid": 0,
            "4s": 4,
            "6s": 8,
            "ov": "10.00",
            "r": 97,
            "w": 2,
            "maid": 0,
            "nb": 0,
            "b": 60,
            "a": "48.50",
            "inns": 7,
            "m": 11
          },
          "fieldingStats": {
            "c": 2,
            "ro": 0,
            "s": 0,
            "inns": 1,
            "m": 11
          }
        },
        {
          "matchType": "IPLT20",
          "battingStats": {
            "sr": "129.46",
            "4s": 13,
            "6s": 8,
            "r": "145",
            "b": 112,
            "a": "13.18",
            "no": 0,
            "hs": "43",
            "50s": 0,
            "100s": 0,
            "inns": 11,
            "m": 11
          },
          "bowlingStats": {
            "sr": "30.00",
            "d": 19,
            "e": "9.70",
            "bbiw": 1,
            "bbmr": 5,
            "ht": 0,
            "4w": 0,
            "bbmw": 1,
            "5w": 0,
            "10w": 0,
            "wb": 3,
            "bbir": 5,
            "wmaid": 0,
            "4s": 4,
            "6s": 8,
            "ov": "10.00",
            "r": 97,
            "w": 2,
            "maid": 0,
            "nb": 0,
            "b": 60,
            "a": "48.50",
            "inns": 7,
            "m": 11
          },
          "fieldingStats": {
            "c": 2,
            "ro": 0,
            "s": 0,
            "inns": 1,
            "m": 11
          }
        },
        {
          "matchType": "T20",
          "battingStats": {
            "sr": "129.46",
            "4s": 13,
            "6s": 8,
            "r": "145",
            "b": 112,
            "a": "13.18",
            "no": 0,
            "hs": "43",
            "50s": 0,
            "100s": 0,
            "inns": 11,
            "m": 11
          },
          "bowlingStats": {
            "sr": "30.00",
            "d": 19,
            "e": "9.70",
            "bbiw": 1,
            "bbmr": 5,
            "ht": 0,
            "4w": 0,
            "bbmw": 1,
            "5w": 0,
            "10w": 0,
            "wb": 3,
            "bbir": 5,
            "wmaid": 0,
            "4s": 4,
            "6s": 8,
            "ov": "10.00",
            "r": 97,
            "w": 2,
            "maid": 0,
            "nb": 0,
            "b": 60,
            "a": "48.50",
            "inns": 7,
            "m": 11
          },
          "fieldingStats": {
            "c": 2,
            "ro": 0,
            "s": 0,
            "inns": 1,
            "m": 11
          }
        },
        {
          "matchType": "ALL",
          "battingStats": {
            "sr": "129.46",
            "4s": 13,
            "6s": 8,
            "r": "145",
            "b": 112,
            "a": "13.18",
            "no": 0,
            "hs": "43",
            "50s": 0,
            "100s": 0,
            "inns": 11,
            "m": 11
          },
          "bowlingStats": {
            "sr": "30.00",
            "d": 19,
            "e": "9.70",
            "bbiw": 1,
            "bbmr": 5,
            "ht": 0,
            "4w": 0,
            "bbmw": 1,
            "5w": 0,
            "10w": 0,
            "wb": 3,
            "bbir": 5,
            "wmaid": 0,
            "4s": 4,
            "6s": 8,
            "ov": "10.00",
            "r": 97,
            "w": 2,
            "maid": 0,
            "nb": 0,
            "b": 60,
            "a": "48.50",
            "inns": 7,
            "m": 11
          },
          "fieldingStats": {
            "c": 2,
            "ro": 0,
            "s": 0,
            "inns": 1,
            "m": 11
          }
        }
      ]
    },
    {
      "player": {
        "nationality": "Indian",
        "dateOfBirth": "1990/06/29",
        "fullName": "Gurkeerat Mann Singh",
        "id": 253
      },
      "stats": [
        {
          "matchType": "AGG",
          "battingStats": {
            "sr": "89.74",
            "4s": 3,
            "6s": 1,
            "r": "35",
            "b": 39,
            "a": "7.00",
            "no": 0,
            "hs": "15",
            "50s": 0,
            "100s": 0,
            "inns": 5,
            "m": 5
          },
          "bowlingStats": {
            "sr": "18.00",
            "d": 19,
            "e": "7.33",
            "bbiw": 2,
            "bbmr": 17,
            "ht": 0,
            "4w": 0,
            "bbmw": 2,
            "5w": 0,
            "10w": 0,
            "wb": 2,
            "bbir": 17,
            "wmaid": 0,
            "4s": 5,
            "6s": 2,
            "ov": "9.00",
            "r": 66,
            "w": 3,
            "maid": 0,
            "nb": 0,
            "b": 54,
            "a": "22.00",
            "inns": 3,
            "m": 5
          },
          "fieldingStats": {
            "c": 1,
            "ro": 0,
            "s": 0,
            "inns": 1,
            "m": 5
          }
        },
        {
          "matchType": "IPLT20",
          "battingStats": {
            "sr": "89.74",
            "4s": 3,
            "6s": 1,
            "r": "35",
            "b": 39,
            "a": "7.00",
            "no": 0,
            "hs": "15",
            "50s": 0,
            "100s": 0,
            "inns": 5,
            "m": 5
          },
          "bowlingStats": {
            "sr": "18.00",
            "d": 19,
            "e": "7.33",
            "bbiw": 2,
            "bbmr": 17,
            "ht": 0,
            "4w": 0,
            "bbmw": 2,
            "5w": 0,
            "10w": 0,
            "wb": 2,
            "bbir": 17,
            "wmaid": 0,
            "4s": 5,
            "6s": 2,
            "ov": "9.00",
            "r": 66,
            "w": 3,
            "maid": 0,
            "nb": 0,
            "b": 54,
            "a": "22.00",
            "inns": 3,
            "m": 5
          },
          "fieldingStats": {
            "c": 1,
            "ro": 0,
            "s": 0,
            "inns": 1,
            "m": 5
          }
        },
        {
          "matchType": "T20",
          "battingStats": {
            "sr": "89.74",
            "4s": 3,
            "6s": 1,
            "r": "35",
            "b": 39,
            "a": "7.00",
            "no": 0,
            "hs": "15",
            "50s": 0,
            "100s": 0,
            "inns": 5,
            "m": 5
          },
          "bowlingStats": {
            "sr": "18.00",
            "d": 19,
            "e": "7.33",
            "bbiw": 2,
            "bbmr": 17,
            "ht": 0,
            "4w": 0,
            "bbmw": 2,
            "5w": 0,
            "10w": 0,
            "wb": 2,
            "bbir": 17,
            "wmaid": 0,
            "4s": 5,
            "6s": 2,
            "ov": "9.00",
            "r": 66,
            "w": 3,
            "maid": 0,
            "nb": 0,
            "b": 54,
            "a": "22.00",
            "inns": 3,
            "m": 5
          },
          "fieldingStats": {
            "c": 1,
            "ro": 0,
            "s": 0,
            "inns": 1,
            "m": 5
          }
        },
        {
          "matchType": "ALL",
          "battingStats": {
            "sr": "89.74",
            "4s": 3,
            "6s": 1,
            "r": "35",
            "b": 39,
            "a": "7.00",
            "no": 0,
            "hs": "15",
            "50s": 0,
            "100s": 0,
            "inns": 5,
            "m": 5
          },
          "bowlingStats": {
            "sr": "18.00",
            "d": 19,
            "e": "7.33",
            "bbiw": 2,
            "bbmr": 17,
            "ht": 0,
            "4w": 0,
            "bbmw": 2,
            "5w": 0,
            "10w": 0,
            "wb": 2,
            "bbir": 17,
            "wmaid": 0,
            "4s": 5,
            "6s": 2,
            "ov": "9.00",
            "r": 66,
            "w": 3,
            "maid": 0,
            "nb": 0,
            "b": 54,
            "a": "22.00",
            "inns": 3,
            "m": 5
          },
          "fieldingStats": {
            "c": 1,
            "ro": 0,
            "s": 0,
            "inns": 1,
            "m": 5
          }
        }
      ]
    },
    {
      "player": {
        "rightHandedBat": true,
        "nationality": "Indian",
        "dateOfBirth": "1987/11/08",
        "fullName": "Karanveer Singh",
        "id": 1743
      },
      "stats": [
        {
          "matchType": "AGG",
          "battingStats": {
            "sr": "68.75",
            "4s": 1,
            "6s": 0,
            "r": "11",
            "b": 16,
            "a": "11.00",
            "no": 2,
            "hs": "5*",
            "50s": 0,
            "100s": 0,
            "inns": 3,
            "m": 4
          },
          "bowlingStats": {
            "sr": "84.00",
            "d": 22,
            "e": "11.21",
            "bbiw": 1,
            "bbmr": 30,
            "ht": 0,
            "4w": 0,
            "bbmw": 1,
            "5w": 0,
            "10w": 0,
            "wb": 3,
            "bbir": 30,
            "wmaid": 0,
            "4s": 10,
            "6s": 10,
            "ov": "14.00",
            "r": 157,
            "w": 1,
            "maid": 0,
            "nb": 0,
            "b": 84,
            "a": "157.00",
            "inns": 4,
            "m": 4
          },
          "fieldingStats": {
            "c": 1,
            "ro": 1,
            "s": 0,
            "inns": 2,
            "m": 4
          }
        },
        {
          "matchType": "IPLT20",
          "battingStats": {
            "sr": "68.75",
            "4s": 1,
            "6s": 0,
            "r": "11",
            "b": 16,
            "a": "11.00",
            "no": 2,
            "hs": "5*",
            "50s": 0,
            "100s": 0,
            "inns": 3,
            "m": 4
          },
          "bowlingStats": {
            "sr": "84.00",
            "d": 22,
            "e": "11.21",
            "bbiw": 1,
            "bbmr": 30,
            "ht": 0,
            "4w": 0,
            "bbmw": 1,
            "5w": 0,
            "10w": 0,
            "wb": 3,
            "bbir": 30,
            "wmaid": 0,
            "4s": 10,
            "6s": 10,
            "ov": "14.00",
            "r": 157,
            "w": 1,
            "maid": 0,
            "nb": 0,
            "b": 84,
            "a": "157.00",
            "inns": 4,
            "m": 4
          },
          "fieldingStats": {
            "c": 1,
            "ro": 1,
            "s": 0,
            "inns": 2,
            "m": 4
          }
        },
        {
          "matchType": "T20",
          "battingStats": {
            "sr": "68.75",
            "4s": 1,
            "6s": 0,
            "r": "11",
            "b": 16,
            "a": "11.00",
            "no": 2,
            "hs": "5*",
            "50s": 0,
            "100s": 0,
            "inns": 3,
            "m": 4
          },
          "bowlingStats": {
            "sr": "84.00",
            "d": 22,
            "e": "11.21",
            "bbiw": 1,
            "bbmr": 30,
            "ht": 0,
            "4w": 0,
            "bbmw": 1,
            "5w": 0,
            "10w": 0,
            "wb": 3,
            "bbir": 30,
            "wmaid": 0,
            "4s": 10,
            "6s": 10,
            "ov": "14.00",
            "r": 157,
            "w": 1,
            "maid": 0,
            "nb": 0,
            "b": 84,
            "a": "157.00",
            "inns": 4,
            "m": 4
          },
          "fieldingStats": {
            "c": 1,
            "ro": 1,
            "s": 0,
            "inns": 2,
            "m": 4
          }
        },
        {
          "matchType": "ALL",
          "battingStats": {
            "sr": "68.75",
            "4s": 1,
            "6s": 0,
            "r": "11",
            "b": 16,
            "a": "11.00",
            "no": 2,
            "hs": "5*",
            "50s": 0,
            "100s": 0,
            "inns": 3,
            "m": 4
          },
          "bowlingStats": {
            "sr": "84.00",
            "d": 22,
            "e": "11.21",
            "bbiw": 1,
            "bbmr": 30,
            "ht": 0,
            "4w": 0,
            "bbmw": 1,
            "5w": 0,
            "10w": 0,
            "wb": 3,
            "bbir": 30,
            "wmaid": 0,
            "4s": 10,
            "6s": 10,
            "ov": "14.00",
            "r": 157,
            "w": 1,
            "maid": 0,
            "nb": 0,
            "b": 84,
            "a": "157.00",
            "inns": 4,
            "m": 4
          },
          "fieldingStats": {
            "c": 1,
            "ro": 1,
            "s": 0,
            "inns": 2,
            "m": 4
          }
        }
      ]
    },
    {
      "player": {
        "rightHandedBat": true,
        "nationality": "Indian",
        "dateOfBirth": "1993/07/18",
        "fullName": "Manan Vohra",
        "id": 1085
      },
      "stats": [
        {
          "matchType": "AGG",
          "battingStats": {
            "sr": "101.23",
            "4s": 4,
            "6s": 5,
            "r": "82",
            "b": 81,
            "a": "11.71",
            "no": 0,
            "hs": "39",
            "50s": 0,
            "100s": 0,
            "inns": 7,
            "m": 7
          },
          "bowlingStats": {
            "sr": "-",
            "d": 0,
            "e": "-",
            "bbiw": 0,
            "bbmr": 0,
            "ht": 0,
            "4w": 0,
            "bbmw": 0,
            "5w": 0,
            "10w": 0,
            "wb": 0,
            "bbir": 0,
            "wmaid": 0,
            "4s": 0,
            "6s": 0,
            "ov": "-",
            "r": 0,
            "w": 0,
            "maid": 0,
            "nb": 0,
            "b": 0,
            "a": "-",
            "inns": 0,
            "m": 7
          },
          "fieldingStats": {
            "c": 2,
            "ro": 0,
            "s": 0,
            "inns": 2,
            "m": 7
          }
        },
        {
          "matchType": "IPLT20",
          "battingStats": {
            "sr": "101.23",
            "4s": 4,
            "6s": 5,
            "r": "82",
            "b": 81,
            "a": "11.71",
            "no": 0,
            "hs": "39",
            "50s": 0,
            "100s": 0,
            "inns": 7,
            "m": 7
          },
          "bowlingStats": {
            "sr": "-",
            "d": 0,
            "e": "-",
            "bbiw": 0,
            "bbmr": 0,
            "ht": 0,
            "4w": 0,
            "bbmw": 0,
            "5w": 0,
            "10w": 0,
            "wb": 0,
            "bbir": 0,
            "wmaid": 0,
            "4s": 0,
            "6s": 0,
            "ov": "-",
            "r": 0,
            "w": 0,
            "maid": 0,
            "nb": 0,
            "b": 0,
            "a": "-",
            "inns": 0,
            "m": 7
          },
          "fieldingStats": {
            "c": 2,
            "ro": 0,
            "s": 0,
            "inns": 2,
            "m": 7
          }
        },
        {
          "matchType": "T20",
          "battingStats": {
            "sr": "101.23",
            "4s": 4,
            "6s": 5,
            "r": "82",
            "b": 81,
            "a": "11.71",
            "no": 0,
            "hs": "39",
            "50s": 0,
            "100s": 0,
            "inns": 7,
            "m": 7
          },
          "bowlingStats": {
            "sr": "-",
            "d": 0,
            "e": "-",
            "bbiw": 0,
            "bbmr": 0,
            "ht": 0,
            "4w": 0,
            "bbmw": 0,
            "5w": 0,
            "10w": 0,
            "wb": 0,
            "bbir": 0,
            "wmaid": 0,
            "4s": 0,
            "6s": 0,
            "ov": "-",
            "r": 0,
            "w": 0,
            "maid": 0,
            "nb": 0,
            "b": 0,
            "a": "-",
            "inns": 0,
            "m": 7
          },
          "fieldingStats": {
            "c": 2,
            "ro": 0,
            "s": 0,
            "inns": 2,
            "m": 7
          }
        },
        {
          "matchType": "ALL",
          "battingStats": {
            "sr": "101.23",
            "4s": 4,
            "6s": 5,
            "r": "82",
            "b": 81,
            "a": "11.71",
            "no": 0,
            "hs": "39",
            "50s": 0,
            "100s": 0,
            "inns": 7,
            "m": 7
          },
          "bowlingStats": {
            "sr": "-",
            "d": 0,
            "e": "-",
            "bbiw": 0,
            "bbmr": 0,
            "ht": 0,
            "4w": 0,
            "bbmw": 0,
            "5w": 0,
            "10w": 0,
            "wb": 0,
            "bbir": 0,
            "wmaid": 0,
            "4s": 0,
            "6s": 0,
            "ov": "-",
            "r": 0,
            "w": 0,
            "maid": 0,
            "nb": 0,
            "b": 0,
            "a": "-",
            "inns": 0,
            "m": 7
          },
          "fieldingStats": {
            "c": 2,
            "ro": 0,
            "s": 0,
            "inns": 2,
            "m": 7
          }
        }
      ]
    },
    {
      "player": {
        "rightHandedBat": true,
        "nationality": "Australian",
        "dateOfBirth": "1981/11/02",
        "fullName": "Mitchell Johnson",
        "id": 213
      },
      "stats": [
        {
          "matchType": "AGG",
          "battingStats": {
            "sr": "86.11",
            "4s": 1,
            "6s": 1,
            "r": "31",
            "b": 36,
            "a": "7.75",
            "no": 4,
            "hs": "13*",
            "50s": 0,
            "100s": 0,
            "inns": 8,
            "m": 9
          },
          "bowlingStats": {
            "sr": "23.88",
            "d": 90,
            "e": "9.37",
            "bbiw": 2,
            "bbmr": 23,
            "ht": 0,
            "4w": 0,
            "bbmw": 2,
            "5w": 0,
            "10w": 0,
            "wb": 11,
            "bbir": 23,
            "wmaid": 1,
            "4s": 39,
            "6s": 14,
            "ov": "35.83",
            "r": 336,
            "w": 9,
            "maid": 1,
            "nb": 1,
            "b": 215,
            "a": "37.33",
            "inns": 9,
            "m": 9
          },
          "fieldingStats": {
            "c": 0,
            "ro": 0,
            "s": 0,
            "inns": 0,
            "m": 9
          }
        },
        {
          "matchType": "IPLT20",
          "battingStats": {
            "sr": "86.11",
            "4s": 1,
            "6s": 1,
            "r": "31",
            "b": 36,
            "a": "7.75",
            "no": 4,
            "hs": "13*",
            "50s": 0,
            "100s": 0,
            "inns": 8,
            "m": 9
          },
          "bowlingStats": {
            "sr": "23.88",
            "d": 90,
            "e": "9.37",
            "bbiw": 2,
            "bbmr": 23,
            "ht": 0,
            "4w": 0,
            "bbmw": 2,
            "5w": 0,
            "10w": 0,
            "wb": 11,
            "bbir": 23,
            "wmaid": 1,
            "4s": 39,
            "6s": 14,
            "ov": "35.83",
            "r": 336,
            "w": 9,
            "maid": 1,
            "nb": 1,
            "b": 215,
            "a": "37.33",
            "inns": 9,
            "m": 9
          },
          "fieldingStats": {
            "c": 0,
            "ro": 0,
            "s": 0,
            "inns": 0,
            "m": 9
          }
        },
        {
          "matchType": "T20",
          "battingStats": {
            "sr": "86.11",
            "4s": 1,
            "6s": 1,
            "r": "31",
            "b": 36,
            "a": "7.75",
            "no": 4,
            "hs": "13*",
            "50s": 0,
            "100s": 0,
            "inns": 8,
            "m": 9
          },
          "bowlingStats": {
            "sr": "23.88",
            "d": 90,
            "e": "9.37",
            "bbiw": 2,
            "bbmr": 23,
            "ht": 0,
            "4w": 0,
            "bbmw": 2,
            "5w": 0,
            "10w": 0,
            "wb": 11,
            "bbir": 23,
            "wmaid": 1,
            "4s": 39,
            "6s": 14,
            "ov": "35.83",
            "r": 336,
            "w": 9,
            "maid": 1,
            "nb": 1,
            "b": 215,
            "a": "37.33",
            "inns": 9,
            "m": 9
          },
          "fieldingStats": {
            "c": 0,
            "ro": 0,
            "s": 0,
            "inns": 0,
            "m": 9
          }
        },
        {
          "matchType": "ALL",
          "battingStats": {
            "sr": "86.11",
            "4s": 1,
            "6s": 1,
            "r": "31",
            "b": 36,
            "a": "7.75",
            "no": 4,
            "hs": "13*",
            "50s": 0,
            "100s": 0,
            "inns": 8,
            "m": 9
          },
          "bowlingStats": {
            "sr": "23.88",
            "d": 90,
            "e": "9.37",
            "bbiw": 2,
            "bbmr": 23,
            "ht": 0,
            "4w": 0,
            "bbmw": 2,
            "5w": 0,
            "10w": 0,
            "wb": 11,
            "bbir": 23,
            "wmaid": 1,
            "4s": 39,
            "6s": 14,
            "ov": "35.83",
            "r": 336,
            "w": 9,
            "maid": 1,
            "nb": 1,
            "b": 215,
            "a": "37.33",
            "inns": 9,
            "m": 9
          },
          "fieldingStats": {
            "c": 0,
            "ro": 0,
            "s": 0,
            "inns": 0,
            "m": 9
          }
        }
      ]
    },
    {
      "player": {
        "nationality": "Indian",
        "dateOfBirth": "1986/07/19",
        "fullName": "Parvinder Awana",
        "id": 254
      }
    },
    {
      "player": {
        "rightHandedBat": true,
        "nationality": "Indian",
        "dateOfBirth": "1990/02/19",
        "fullName": "Rishi Dhawan",
        "id": 1088
      },
      "stats": [
        {
          "matchType": "AGG",
          "battingStats": {
            "sr": "109.09",
            "4s": 2,
            "6s": 2,
            "r": "36",
            "b": 33,
            "a": "18.00",
            "no": 3,
            "hs": "25*",
            "50s": 0,
            "100s": 0,
            "inns": 5,
            "m": 5
          },
          "bowlingStats": {
            "sr": "72.00",
            "d": 20,
            "e": "9.16",
            "bbiw": 1,
            "bbmr": 12,
            "ht": 0,
            "4w": 0,
            "bbmw": 1,
            "5w": 0,
            "10w": 0,
            "wb": 6,
            "bbir": 12,
            "wmaid": 0,
            "4s": 11,
            "6s": 2,
            "ov": "12.00",
            "r": 110,
            "w": 1,
            "maid": 0,
            "nb": 1,
            "b": 72,
            "a": "110.00",
            "inns": 5,
            "m": 5
          },
          "fieldingStats": {
            "c": 0,
            "ro": 0,
            "s": 0,
            "inns": 0,
            "m": 5
          }
        },
        {
          "matchType": "IPLT20",
          "battingStats": {
            "sr": "109.09",
            "4s": 2,
            "6s": 2,
            "r": "36",
            "b": 33,
            "a": "18.00",
            "no": 3,
            "hs": "25*",
            "50s": 0,
            "100s": 0,
            "inns": 5,
            "m": 5
          },
          "bowlingStats": {
            "sr": "72.00",
            "d": 20,
            "e": "9.16",
            "bbiw": 1,
            "bbmr": 12,
            "ht": 0,
            "4w": 0,
            "bbmw": 1,
            "5w": 0,
            "10w": 0,
            "wb": 6,
            "bbir": 12,
            "wmaid": 0,
            "4s": 11,
            "6s": 2,
            "ov": "12.00",
            "r": 110,
            "w": 1,
            "maid": 0,
            "nb": 1,
            "b": 72,
            "a": "110.00",
            "inns": 5,
            "m": 5
          },
          "fieldingStats": {
            "c": 0,
            "ro": 0,
            "s": 0,
            "inns": 0,
            "m": 5
          }
        },
        {
          "matchType": "T20",
          "battingStats": {
            "sr": "109.09",
            "4s": 2,
            "6s": 2,
            "r": "36",
            "b": 33,
            "a": "18.00",
            "no": 3,
            "hs": "25*",
            "50s": 0,
            "100s": 0,
            "inns": 5,
            "m": 5
          },
          "bowlingStats": {
            "sr": "72.00",
            "d": 20,
            "e": "9.16",
            "bbiw": 1,
            "bbmr": 12,
            "ht": 0,
            "4w": 0,
            "bbmw": 1,
            "5w": 0,
            "10w": 0,
            "wb": 6,
            "bbir": 12,
            "wmaid": 0,
            "4s": 11,
            "6s": 2,
            "ov": "12.00",
            "r": 110,
            "w": 1,
            "maid": 0,
            "nb": 1,
            "b": 72,
            "a": "110.00",
            "inns": 5,
            "m": 5
          },
          "fieldingStats": {
            "c": 0,
            "ro": 0,
            "s": 0,
            "inns": 0,
            "m": 5
          }
        },
        {
          "matchType": "ALL",
          "battingStats": {
            "sr": "109.09",
            "4s": 2,
            "6s": 2,
            "r": "36",
            "b": 33,
            "a": "18.00",
            "no": 3,
            "hs": "25*",
            "50s": 0,
            "100s": 0,
            "inns": 5,
            "m": 5
          },
          "bowlingStats": {
            "sr": "72.00",
            "d": 20,
            "e": "9.16",
            "bbiw": 1,
            "bbmr": 12,
            "ht": 0,
            "4w": 0,
            "bbmw": 1,
            "5w": 0,
            "10w": 0,
            "wb": 6,
            "bbir": 12,
            "wmaid": 0,
            "4s": 11,
            "6s": 2,
            "ov": "12.00",
            "r": 110,
            "w": 1,
            "maid": 0,
            "nb": 1,
            "b": 72,
            "a": "110.00",
            "inns": 5,
            "m": 5
          },
          "fieldingStats": {
            "c": 0,
            "ro": 0,
            "s": 0,
            "inns": 0,
            "m": 5
          }
        }
      ]
    },
    {
      "player": {
        "rightHandedBat": true,
        "nationality": "Indian",
        "dateOfBirth": "1993/05/18",
        "fullName": "Sandeep Sharma",
        "id": 1112
      },
      "stats": [
        {
          "matchType": "AGG",
          "battingStats": {
            "sr": "64.28",
            "4s": 1,
            "6s": 0,
            "r": "9",
            "b": 14,
            "a": "9.00",
            "no": 2,
            "hs": "7",
            "50s": 0,
            "100s": 0,
            "inns": 3,
            "m": 14
          },
          "bowlingStats": {
            "sr": "23.07",
            "d": 142,
            "e": "7.00",
            "bbiw": 4,
            "bbmr": 25,
            "ht": 0,
            "4w": 1,
            "bbmw": 4,
            "5w": 0,
            "10w": 0,
            "wb": 10,
            "bbir": 25,
            "wmaid": 1,
            "4s": 39,
            "6s": 10,
            "ov": "50.00",
            "r": 350,
            "w": 13,
            "maid": 4,
            "nb": 1,
            "b": 300,
            "a": "26.92",
            "inns": 14,
            "m": 14
          },
          "fieldingStats": {
            "c": 2,
            "ro": 0,
            "s": 0,
            "inns": 2,
            "m": 14
          }
        },
        {
          "matchType": "IPLT20",
          "battingStats": {
            "sr": "64.28",
            "4s": 1,
            "6s": 0,
            "r": "9",
            "b": 14,
            "a": "9.00",
            "no": 2,
            "hs": "7",
            "50s": 0,
            "100s": 0,
            "inns": 3,
            "m": 14
          },
          "bowlingStats": {
            "sr": "23.07",
            "d": 142,
            "e": "7.00",
            "bbiw": 4,
            "bbmr": 25,
            "ht": 0,
            "4w": 1,
            "bbmw": 4,
            "5w": 0,
            "10w": 0,
            "wb": 10,
            "bbir": 25,
            "wmaid": 1,
            "4s": 39,
            "6s": 10,
            "ov": "50.00",
            "r": 350,
            "w": 13,
            "maid": 4,
            "nb": 1,
            "b": 300,
            "a": "26.92",
            "inns": 14,
            "m": 14
          },
          "fieldingStats": {
            "c": 2,
            "ro": 0,
            "s": 0,
            "inns": 2,
            "m": 14
          }
        },
        {
          "matchType": "T20",
          "battingStats": {
            "sr": "64.28",
            "4s": 1,
            "6s": 0,
            "r": "9",
            "b": 14,
            "a": "9.00",
            "no": 2,
            "hs": "7",
            "50s": 0,
            "100s": 0,
            "inns": 3,
            "m": 14
          },
          "bowlingStats": {
            "sr": "23.07",
            "d": 142,
            "e": "7.00",
            "bbiw": 4,
            "bbmr": 25,
            "ht": 0,
            "4w": 1,
            "bbmw": 4,
            "5w": 0,
            "10w": 0,
            "wb": 10,
            "bbir": 25,
            "wmaid": 1,
            "4s": 39,
            "6s": 10,
            "ov": "50.00",
            "r": 350,
            "w": 13,
            "maid": 4,
            "nb": 1,
            "b": 300,
            "a": "26.92",
            "inns": 14,
            "m": 14
          },
          "fieldingStats": {
            "c": 2,
            "ro": 0,
            "s": 0,
            "inns": 2,
            "m": 14
          }
        },
        {
          "matchType": "ALL",
          "battingStats": {
            "sr": "64.28",
            "4s": 1,
            "6s": 0,
            "r": "9",
            "b": 14,
            "a": "9.00",
            "no": 2,
            "hs": "7",
            "50s": 0,
            "100s": 0,
            "inns": 3,
            "m": 14
          },
          "bowlingStats": {
            "sr": "23.07",
            "d": 142,
            "e": "7.00",
            "bbiw": 4,
            "bbmr": 25,
            "ht": 0,
            "4w": 1,
            "bbmw": 4,
            "5w": 0,
            "10w": 0,
            "wb": 10,
            "bbir": 25,
            "wmaid": 1,
            "4s": 39,
            "6s": 10,
            "ov": "50.00",
            "r": 350,
            "w": 13,
            "maid": 4,
            "nb": 1,
            "b": 300,
            "a": "26.92",
            "inns": 14,
            "m": 14
          },
          "fieldingStats": {
            "c": 2,
            "ro": 0,
            "s": 0,
            "inns": 2,
            "m": 14
          }
        }
      ]
    },
    {
      "player": {
        "rightHandedBat": true,
        "nationality": "Indian",
        "dateOfBirth": "1991/10/16",
        "fullName": "Shardul Thakur",
        "id": 1745
      },
      "stats": [
        {
          "matchType": "AGG",
          "battingStats": {
            "sr": "116.66",
            "4s": 1,
            "6s": 0,
            "r": "7",
            "b": 6,
            "a": "-",
            "no": 1,
            "hs": "7*",
            "50s": 0,
            "100s": 0,
            "inns": 1,
            "m": 1
          },
          "bowlingStats": {
            "sr": "18.00",
            "d": 5,
            "e": "12.66",
            "bbiw": 1,
            "bbmr": 38,
            "ht": 0,
            "4w": 0,
            "bbmw": 1,
            "5w": 0,
            "10w": 0,
            "wb": 2,
            "bbir": 38,
            "wmaid": 0,
            "4s": 4,
            "6s": 2,
            "ov": "3.00",
            "r": 38,
            "w": 1,
            "maid": 0,
            "nb": 0,
            "b": 18,
            "a": "38.00",
            "inns": 1,
            "m": 1
          },
          "fieldingStats": {
            "c": 0,
            "ro": 0,
            "s": 0,
            "inns": 0,
            "m": 1
          }
        },
        {
          "matchType": "IPLT20",
          "battingStats": {
            "sr": "116.66",
            "4s": 1,
            "6s": 0,
            "r": "7",
            "b": 6,
            "a": "-",
            "no": 1,
            "hs": "7*",
            "50s": 0,
            "100s": 0,
            "inns": 1,
            "m": 1
          },
          "bowlingStats": {
            "sr": "18.00",
            "d": 5,
            "e": "12.66",
            "bbiw": 1,
            "bbmr": 38,
            "ht": 0,
            "4w": 0,
            "bbmw": 1,
            "5w": 0,
            "10w": 0,
            "wb": 2,
            "bbir": 38,
            "wmaid": 0,
            "4s": 4,
            "6s": 2,
            "ov": "3.00",
            "r": 38,
            "w": 1,
            "maid": 0,
            "nb": 0,
            "b": 18,
            "a": "38.00",
            "inns": 1,
            "m": 1
          },
          "fieldingStats": {
            "c": 0,
            "ro": 0,
            "s": 0,
            "inns": 0,
            "m": 1
          }
        },
        {
          "matchType": "T20",
          "battingStats": {
            "sr": "116.66",
            "4s": 1,
            "6s": 0,
            "r": "7",
            "b": 6,
            "a": "-",
            "no": 1,
            "hs": "7*",
            "50s": 0,
            "100s": 0,
            "inns": 1,
            "m": 1
          },
          "bowlingStats": {
            "sr": "18.00",
            "d": 5,
            "e": "12.66",
            "bbiw": 1,
            "bbmr": 38,
            "ht": 0,
            "4w": 0,
            "bbmw": 1,
            "5w": 0,
            "10w": 0,
            "wb": 2,
            "bbir": 38,
            "wmaid": 0,
            "4s": 4,
            "6s": 2,
            "ov": "3.00",
            "r": 38,
            "w": 1,
            "maid": 0,
            "nb": 0,
            "b": 18,
            "a": "38.00",
            "inns": 1,
            "m": 1
          },
          "fieldingStats": {
            "c": 0,
            "ro": 0,
            "s": 0,
            "inns": 0,
            "m": 1
          }
        },
        {
          "matchType": "ALL",
          "battingStats": {
            "sr": "116.66",
            "4s": 1,
            "6s": 0,
            "r": "7",
            "b": 6,
            "a": "-",
            "no": 1,
            "hs": "7*",
            "50s": 0,
            "100s": 0,
            "inns": 1,
            "m": 1
          },
          "bowlingStats": {
            "sr": "18.00",
            "d": 5,
            "e": "12.66",
            "bbiw": 1,
            "bbmr": 38,
            "ht": 0,
            "4w": 0,
            "bbmw": 1,
            "5w": 0,
            "10w": 0,
            "wb": 2,
            "bbir": 38,
            "wmaid": 0,
            "4s": 4,
            "6s": 2,
            "ov": "3.00",
            "r": 38,
            "w": 1,
            "maid": 0,
            "nb": 0,
            "b": 18,
            "a": "38.00",
            "inns": 1,
            "m": 1
          },
          "fieldingStats": {
            "c": 0,
            "ro": 0,
            "s": 0,
            "inns": 0,
            "m": 1
          }
        }
      ]
    },
    {
      "player": {
        "nationality": "Australian",
        "dateOfBirth": "1983/07/09",
        "fullName": "Shaun Marsh",
        "id": 191
      },
      "stats": [
        {
          "matchType": "AGG",
          "battingStats": {
            "sr": "139.65",
            "4s": 7,
            "6s": 3,
            "r": "81",
            "b": 58,
            "a": "20.25",
            "no": 0,
            "hs": "65",
            "50s": 1,
            "100s": 0,
            "inns": 4,
            "m": 4
          },
          "bowlingStats": {
            "sr": "-",
            "d": 0,
            "e": "-",
            "bbiw": 0,
            "bbmr": 0,
            "ht": 0,
            "4w": 0,
            "bbmw": 0,
            "5w": 0,
            "10w": 0,
            "wb": 0,
            "bbir": 0,
            "wmaid": 0,
            "4s": 0,
            "6s": 0,
            "ov": "-",
            "r": 0,
            "w": 0,
            "maid": 0,
            "nb": 0,
            "b": 0,
            "a": "-",
            "inns": 0,
            "m": 4
          },
          "fieldingStats": {
            "c": 0,
            "ro": 0,
            "s": 0,
            "inns": 0,
            "m": 4
          }
        },
        {
          "matchType": "IPLT20",
          "battingStats": {
            "sr": "139.65",
            "4s": 7,
            "6s": 3,
            "r": "81",
            "b": 58,
            "a": "20.25",
            "no": 0,
            "hs": "65",
            "50s": 1,
            "100s": 0,
            "inns": 4,
            "m": 4
          },
          "bowlingStats": {
            "sr": "-",
            "d": 0,
            "e": "-",
            "bbiw": 0,
            "bbmr": 0,
            "ht": 0,
            "4w": 0,
            "bbmw": 0,
            "5w": 0,
            "10w": 0,
            "wb": 0,
            "bbir": 0,
            "wmaid": 0,
            "4s": 0,
            "6s": 0,
            "ov": "-",
            "r": 0,
            "w": 0,
            "maid": 0,
            "nb": 0,
            "b": 0,
            "a": "-",
            "inns": 0,
            "m": 4
          },
          "fieldingStats": {
            "c": 0,
            "ro": 0,
            "s": 0,
            "inns": 0,
            "m": 4
          }
        },
        {
          "matchType": "T20",
          "battingStats": {
            "sr": "139.65",
            "4s": 7,
            "6s": 3,
            "r": "81",
            "b": 58,
            "a": "20.25",
            "no": 0,
            "hs": "65",
            "50s": 1,
            "100s": 0,
            "inns": 4,
            "m": 4
          },
          "bowlingStats": {
            "sr": "-",
            "d": 0,
            "e": "-",
            "bbiw": 0,
            "bbmr": 0,
            "ht": 0,
            "4w": 0,
            "bbmw": 0,
            "5w": 0,
            "10w": 0,
            "wb": 0,
            "bbir": 0,
            "wmaid": 0,
            "4s": 0,
            "6s": 0,
            "ov": "-",
            "r": 0,
            "w": 0,
            "maid": 0,
            "nb": 0,
            "b": 0,
            "a": "-",
            "inns": 0,
            "m": 4
          },
          "fieldingStats": {
            "c": 0,
            "ro": 0,
            "s": 0,
            "inns": 0,
            "m": 4
          }
        },
        {
          "matchType": "ALL",
          "battingStats": {
            "sr": "139.65",
            "4s": 7,
            "6s": 3,
            "r": "81",
            "b": 58,
            "a": "20.25",
            "no": 0,
            "hs": "65",
            "50s": 1,
            "100s": 0,
            "inns": 4,
            "m": 4
          },
          "bowlingStats": {
            "sr": "-",
            "d": 0,
            "e": "-",
            "bbiw": 0,
            "bbmr": 0,
            "ht": 0,
            "4w": 0,
            "bbmw": 0,
            "5w": 0,
            "10w": 0,
            "wb": 0,
            "bbir": 0,
            "wmaid": 0,
            "4s": 0,
            "6s": 0,
            "ov": "-",
            "r": 0,
            "w": 0,
            "maid": 0,
            "nb": 0,
            "b": 0,
            "a": "-",
            "inns": 0,
            "m": 4
          },
          "fieldingStats": {
            "c": 0,
            "ro": 0,
            "s": 0,
            "inns": 0,
            "m": 4
          }
        }
      ]
    },
    {
      "player": {
        "rightHandedBat": true,
        "nationality": "Indian",
        "dateOfBirth": "1993/09/09",
        "fullName": "Shivam Sharma",
        "id": 1744
      },
      "stats": [
        {
          "matchType": "AGG",
          "battingStats": {
            "sr": "-",
            "4s": 0,
            "6s": 0,
            "r": "0",
            "a": "-",
            "no": 0,
            "hs": "0*",
            "50s": 0,
            "100s": 0,
            "inns": 0,
            "m": 1
          },
          "bowlingStats": {
            "sr": "18.00",
            "d": 3,
            "e": "14.66",
            "bbiw": 1,
            "bbmr": 44,
            "ht": 0,
            "4w": 0,
            "bbmw": 1,
            "5w": 0,
            "10w": 0,
            "wb": 0,
            "bbir": 44,
            "wmaid": 0,
            "4s": 5,
            "6s": 2,
            "ov": "3.00",
            "r": 44,
            "w": 1,
            "maid": 0,
            "nb": 0,
            "b": 18,
            "a": "44.00",
            "inns": 1,
            "m": 1
          },
          "fieldingStats": {
            "c": 0,
            "ro": 0,
            "s": 0,
            "inns": 0,
            "m": 1
          }
        },
        {
          "matchType": "IPLT20",
          "battingStats": {
            "sr": "-",
            "4s": 0,
            "6s": 0,
            "r": "0",
            "a": "-",
            "no": 0,
            "hs": "0*",
            "50s": 0,
            "100s": 0,
            "inns": 0,
            "m": 1
          },
          "bowlingStats": {
            "sr": "18.00",
            "d": 3,
            "e": "14.66",
            "bbiw": 1,
            "bbmr": 44,
            "ht": 0,
            "4w": 0,
            "bbmw": 1,
            "5w": 0,
            "10w": 0,
            "wb": 0,
            "bbir": 44,
            "wmaid": 0,
            "4s": 5,
            "6s": 2,
            "ov": "3.00",
            "r": 44,
            "w": 1,
            "maid": 0,
            "nb": 0,
            "b": 18,
            "a": "44.00",
            "inns": 1,
            "m": 1
          },
          "fieldingStats": {
            "c": 0,
            "ro": 0,
            "s": 0,
            "inns": 0,
            "m": 1
          }
        },
        {
          "matchType": "T20",
          "battingStats": {
            "sr": "-",
            "4s": 0,
            "6s": 0,
            "r": "0",
            "a": "-",
            "no": 0,
            "hs": "0*",
            "50s": 0,
            "100s": 0,
            "inns": 0,
            "m": 1
          },
          "bowlingStats": {
            "sr": "18.00",
            "d": 3,
            "e": "14.66",
            "bbiw": 1,
            "bbmr": 44,
            "ht": 0,
            "4w": 0,
            "bbmw": 1,
            "5w": 0,
            "10w": 0,
            "wb": 0,
            "bbir": 44,
            "wmaid": 0,
            "4s": 5,
            "6s": 2,
            "ov": "3.00",
            "r": 44,
            "w": 1,
            "maid": 0,
            "nb": 0,
            "b": 18,
            "a": "44.00",
            "inns": 1,
            "m": 1
          },
          "fieldingStats": {
            "c": 0,
            "ro": 0,
            "s": 0,
            "inns": 0,
            "m": 1
          }
        },
        {
          "matchType": "ALL",
          "battingStats": {
            "sr": "-",
            "4s": 0,
            "6s": 0,
            "r": "0",
            "a": "-",
            "no": 0,
            "hs": "0*",
            "50s": 0,
            "100s": 0,
            "inns": 0,
            "m": 1
          },
          "bowlingStats": {
            "sr": "18.00",
            "d": 3,
            "e": "14.66",
            "bbiw": 1,
            "bbmr": 44,
            "ht": 0,
            "4w": 0,
            "bbmw": 1,
            "5w": 0,
            "10w": 0,
            "wb": 0,
            "bbir": 44,
            "wmaid": 0,
            "4s": 5,
            "6s": 2,
            "ov": "3.00",
            "r": 44,
            "w": 1,
            "maid": 0,
            "nb": 0,
            "b": 18,
            "a": "44.00",
            "inns": 1,
            "m": 1
          },
          "fieldingStats": {
            "c": 0,
            "ro": 0,
            "s": 0,
            "inns": 0,
            "m": 1
          }
        }
      ]
    },
    {
      "player": {
        "rightHandedBat": true,
        "nationality": "Sri Lankan",
        "dateOfBirth": "1989/04/03",
        "fullName": "Thisara Perera",
        "id": 215
      },
      "stats": [
        {
          "matchType": "AGG",
          "battingStats": {
            "sr": "80.00",
            "4s": 0,
            "6s": 1,
            "r": "12",
            "b": 15,
            "a": "6.00",
            "no": 0,
            "hs": "9",
            "50s": 0,
            "100s": 0,
            "inns": 2,
            "m": 2
          },
          "bowlingStats": {
            "sr": "36.00",
            "d": 9,
            "e": "9.16",
            "bbiw": 1,
            "bbmr": 33,
            "ht": 0,
            "4w": 0,
            "bbmw": 1,
            "5w": 0,
            "10w": 0,
            "wb": 1,
            "bbir": 33,
            "wmaid": 0,
            "4s": 7,
            "6s": 1,
            "ov": "6.00",
            "r": 55,
            "w": 1,
            "maid": 0,
            "nb": 0,
            "b": 36,
            "a": "55.00",
            "inns": 2,
            "m": 2
          },
          "fieldingStats": {
            "c": 0,
            "ro": 0,
            "s": 0,
            "inns": 0,
            "m": 2
          }
        },
        {
          "matchType": "IPLT20",
          "battingStats": {
            "sr": "80.00",
            "4s": 0,
            "6s": 1,
            "r": "12",
            "b": 15,
            "a": "6.00",
            "no": 0,
            "hs": "9",
            "50s": 0,
            "100s": 0,
            "inns": 2,
            "m": 2
          },
          "bowlingStats": {
            "sr": "36.00",
            "d": 9,
            "e": "9.16",
            "bbiw": 1,
            "bbmr": 33,
            "ht": 0,
            "4w": 0,
            "bbmw": 1,
            "5w": 0,
            "10w": 0,
            "wb": 1,
            "bbir": 33,
            "wmaid": 0,
            "4s": 7,
            "6s": 1,
            "ov": "6.00",
            "r": 55,
            "w": 1,
            "maid": 0,
            "nb": 0,
            "b": 36,
            "a": "55.00",
            "inns": 2,
            "m": 2
          },
          "fieldingStats": {
            "c": 0,
            "ro": 0,
            "s": 0,
            "inns": 0,
            "m": 2
          }
        },
        {
          "matchType": "T20",
          "battingStats": {
            "sr": "80.00",
            "4s": 0,
            "6s": 1,
            "r": "12",
            "b": 15,
            "a": "6.00",
            "no": 0,
            "hs": "9",
            "50s": 0,
            "100s": 0,
            "inns": 2,
            "m": 2
          },
          "bowlingStats": {
            "sr": "36.00",
            "d": 9,
            "e": "9.16",
            "bbiw": 1,
            "bbmr": 33,
            "ht": 0,
            "4w": 0,
            "bbmw": 1,
            "5w": 0,
            "10w": 0,
            "wb": 1,
            "bbir": 33,
            "wmaid": 0,
            "4s": 7,
            "6s": 1,
            "ov": "6.00",
            "r": 55,
            "w": 1,
            "maid": 0,
            "nb": 0,
            "b": 36,
            "a": "55.00",
            "inns": 2,
            "m": 2
          },
          "fieldingStats": {
            "c": 0,
            "ro": 0,
            "s": 0,
            "inns": 0,
            "m": 2
          }
        },
        {
          "matchType": "ALL",
          "battingStats": {
            "sr": "80.00",
            "4s": 0,
            "6s": 1,
            "r": "12",
            "b": 15,
            "a": "6.00",
            "no": 0,
            "hs": "9",
            "50s": 0,
            "100s": 0,
            "inns": 2,
            "m": 2
          },
          "bowlingStats": {
            "sr": "36.00",
            "d": 9,
            "e": "9.16",
            "bbiw": 1,
            "bbmr": 33,
            "ht": 0,
            "4w": 0,
            "bbmw": 1,
            "5w": 0,
            "10w": 0,
            "wb": 1,
            "bbir": 33,
            "wmaid": 0,
            "4s": 7,
            "6s": 1,
            "ov": "6.00",
            "r": 55,
            "w": 1,
            "maid": 0,
            "nb": 0,
            "b": 36,
            "a": "55.00",
            "inns": 2,
            "m": 2
          },
          "fieldingStats": {
            "c": 0,
            "ro": 0,
            "s": 0,
            "inns": 0,
            "m": 2
          }
        }
      ]
    },
    {
      "player": {
        "nationality": "Indian",
        "dateOfBirth": "1978/10/20",
        "fullName": "Virender Sehwag",
        "id": 45
      },
      "stats": [
        {
          "matchType": "AGG",
          "battingStats": {
            "sr": "117.85",
            "4s": 12,
            "6s": 3,
            "r": "99",
            "b": 84,
            "a": "12.37",
            "no": 0,
            "hs": "47",
            "50s": 0,
            "100s": 0,
            "inns": 8,
            "m": 8
          },
          "bowlingStats": {
            "sr": "-",
            "d": 0,
            "e": "-",
            "bbiw": 0,
            "bbmr": 0,
            "ht": 0,
            "4w": 0,
            "bbmw": 0,
            "5w": 0,
            "10w": 0,
            "wb": 0,
            "bbir": 0,
            "wmaid": 0,
            "4s": 0,
            "6s": 0,
            "ov": "-",
            "r": 0,
            "w": 0,
            "maid": 0,
            "nb": 0,
            "b": 0,
            "a": "-",
            "inns": 0,
            "m": 8
          },
          "fieldingStats": {
            "c": 0,
            "ro": 0,
            "s": 0,
            "inns": 0,
            "m": 8
          }
        },
        {
          "matchType": "IPLT20",
          "battingStats": {
            "sr": "117.85",
            "4s": 12,
            "6s": 3,
            "r": "99",
            "b": 84,
            "a": "12.37",
            "no": 0,
            "hs": "47",
            "50s": 0,
            "100s": 0,
            "inns": 8,
            "m": 8
          },
          "bowlingStats": {
            "sr": "-",
            "d": 0,
            "e": "-",
            "bbiw": 0,
            "bbmr": 0,
            "ht": 0,
            "4w": 0,
            "bbmw": 0,
            "5w": 0,
            "10w": 0,
            "wb": 0,
            "bbir": 0,
            "wmaid": 0,
            "4s": 0,
            "6s": 0,
            "ov": "-",
            "r": 0,
            "w": 0,
            "maid": 0,
            "nb": 0,
            "b": 0,
            "a": "-",
            "inns": 0,
            "m": 8
          },
          "fieldingStats": {
            "c": 0,
            "ro": 0,
            "s": 0,
            "inns": 0,
            "m": 8
          }
        },
        {
          "matchType": "T20",
          "battingStats": {
            "sr": "117.85",
            "4s": 12,
            "6s": 3,
            "r": "99",
            "b": 84,
            "a": "12.37",
            "no": 0,
            "hs": "47",
            "50s": 0,
            "100s": 0,
            "inns": 8,
            "m": 8
          },
          "bowlingStats": {
            "sr": "-",
            "d": 0,
            "e": "-",
            "bbiw": 0,
            "bbmr": 0,
            "ht": 0,
            "4w": 0,
            "bbmw": 0,
            "5w": 0,
            "10w": 0,
            "wb": 0,
            "bbir": 0,
            "wmaid": 0,
            "4s": 0,
            "6s": 0,
            "ov": "-",
            "r": 0,
            "w": 0,
            "maid": 0,
            "nb": 0,
            "b": 0,
            "a": "-",
            "inns": 0,
            "m": 8
          },
          "fieldingStats": {
            "c": 0,
            "ro": 0,
            "s": 0,
            "inns": 0,
            "m": 8
          }
        },
        {
          "matchType": "ALL",
          "battingStats": {
            "sr": "117.85",
            "4s": 12,
            "6s": 3,
            "r": "99",
            "b": 84,
            "a": "12.37",
            "no": 0,
            "hs": "47",
            "50s": 0,
            "100s": 0,
            "inns": 8,
            "m": 8
          },
          "bowlingStats": {
            "sr": "-",
            "d": 0,
            "e": "-",
            "bbiw": 0,
            "bbmr": 0,
            "ht": 0,
            "4w": 0,
            "bbmw": 0,
            "5w": 0,
            "10w": 0,
            "wb": 0,
            "bbir": 0,
            "wmaid": 0,
            "4s": 0,
            "6s": 0,
            "ov": "-",
            "r": 0,
            "w": 0,
            "maid": 0,
            "nb": 0,
            "b": 0,
            "a": "-",
            "inns": 0,
            "m": 8
          },
          "fieldingStats": {
            "c": 0,
            "ro": 0,
            "s": 0,
            "inns": 0,
            "m": 8
          }
        }
      ]
    },
    {
      "player": {
        "nationality": "Indian",
        "dateOfBirth": "1984/10/24",
        "fullName": "Wriddhiman Saha",
        "id": 16
      },
      "stats": [
        {
          "matchType": "AGG",
          "battingStats": {
            "sr": "126.39",
            "4s": 16,
            "6s": 10,
            "r": "249",
            "b": 197,
            "a": "19.15",
            "no": 0,
            "hs": "42",
            "50s": 0,
            "100s": 0,
            "inns": 13,
            "m": 14
          },
          "bowlingStats": {
            "sr": "-",
            "d": 0,
            "e": "-",
            "bbiw": 0,
            "bbmr": 0,
            "ht": 0,
            "4w": 0,
            "bbmw": 0,
            "5w": 0,
            "10w": 0,
            "wb": 0,
            "bbir": 0,
            "wmaid": 0,
            "4s": 0,
            "6s": 0,
            "ov": "-",
            "r": 0,
            "w": 0,
            "maid": 0,
            "nb": 0,
            "b": 0,
            "a": "-",
            "inns": 0,
            "m": 14
          },
          "fieldingStats": {
            "c": 11,
            "ro": 0,
            "s": 3,
            "inns": 9,
            "m": 14
          }
        },
        {
          "matchType": "IPLT20",
          "battingStats": {
            "sr": "126.39",
            "4s": 16,
            "6s": 10,
            "r": "249",
            "b": 197,
            "a": "19.15",
            "no": 0,
            "hs": "42",
            "50s": 0,
            "100s": 0,
            "inns": 13,
            "m": 14
          },
          "bowlingStats": {
            "sr": "-",
            "d": 0,
            "e": "-",
            "bbiw": 0,
            "bbmr": 0,
            "ht": 0,
            "4w": 0,
            "bbmw": 0,
            "5w": 0,
            "10w": 0,
            "wb": 0,
            "bbir": 0,
            "wmaid": 0,
            "4s": 0,
            "6s": 0,
            "ov": "-",
            "r": 0,
            "w": 0,
            "maid": 0,
            "nb": 0,
            "b": 0,
            "a": "-",
            "inns": 0,
            "m": 14
          },
          "fieldingStats": {
            "c": 11,
            "ro": 0,
            "s": 3,
            "inns": 9,
            "m": 14
          }
        },
        {
          "matchType": "T20",
          "battingStats": {
            "sr": "126.39",
            "4s": 16,
            "6s": 10,
            "r": "249",
            "b": 197,
            "a": "19.15",
            "no": 0,
            "hs": "42",
            "50s": 0,
            "100s": 0,
            "inns": 13,
            "m": 14
          },
          "bowlingStats": {
            "sr": "-",
            "d": 0,
            "e": "-",
            "bbiw": 0,
            "bbmr": 0,
            "ht": 0,
            "4w": 0,
            "bbmw": 0,
            "5w": 0,
            "10w": 0,
            "wb": 0,
            "bbir": 0,
            "wmaid": 0,
            "4s": 0,
            "6s": 0,
            "ov": "-",
            "r": 0,
            "w": 0,
            "maid": 0,
            "nb": 0,
            "b": 0,
            "a": "-",
            "inns": 0,
            "m": 14
          },
          "fieldingStats": {
            "c": 11,
            "ro": 0,
            "s": 3,
            "inns": 9,
            "m": 14
          }
        },
        {
          "matchType": "ALL",
          "battingStats": {
            "sr": "126.39",
            "4s": 16,
            "6s": 10,
            "r": "249",
            "b": 197,
            "a": "19.15",
            "no": 0,
            "hs": "42",
            "50s": 0,
            "100s": 0,
            "inns": 13,
            "m": 14
          },
          "bowlingStats": {
            "sr": "-",
            "d": 0,
            "e": "-",
            "bbiw": 0,
            "bbmr": 0,
            "ht": 0,
            "4w": 0,
            "bbmw": 0,
            "5w": 0,
            "10w": 0,
            "wb": 0,
            "bbir": 0,
            "wmaid": 0,
            "4s": 0,
            "6s": 0,
            "ov": "-",
            "r": 0,
            "w": 0,
            "maid": 0,
            "nb": 0,
            "b": 0,
            "a": "-",
            "inns": 0,
            "m": 14
          },
          "fieldingStats": {
            "c": 11,
            "ro": 0,
            "s": 3,
            "inns": 9,
            "m": 14
          }
        }
      ]
    },
    {
      "player": {
        "nationality": "Indian",
        "dateOfBirth": "1984/04/01",
        "fullName": "Murali Vijay",
        "id": 7
      },
      "stats": [
        {
          "matchType": "AGG",
          "battingStats": {
            "sr": "110.08",
            "4s": 27,
            "6s": 8,
            "r": "251",
            "b": 228,
            "a": "22.81",
            "no": 0,
            "hs": "39",
            "50s": 0,
            "100s": 0,
            "inns": 11,
            "m": 11
          },
          "bowlingStats": {
            "sr": "-",
            "d": 4,
            "e": "7.00",
            "bbiw": 0,
            "bbmr": 0,
            "ht": 0,
            "4w": 0,
            "bbmw": 0,
            "5w": 0,
            "10w": 0,
            "wb": 0,
            "bbir": 0,
            "wmaid": 0,
            "4s": 2,
            "6s": 0,
            "ov": "4.00",
            "r": 28,
            "w": 0,
            "maid": 0,
            "nb": 0,
            "b": 24,
            "a": "-",
            "inns": 2,
            "m": 11
          },
          "fieldingStats": {
            "c": 4,
            "ro": 0,
            "s": 0,
            "inns": 4,
            "m": 11
          }
        },
        {
          "matchType": "IPLT20",
          "battingStats": {
            "sr": "110.08",
            "4s": 27,
            "6s": 8,
            "r": "251",
            "b": 228,
            "a": "22.81",
            "no": 0,
            "hs": "39",
            "50s": 0,
            "100s": 0,
            "inns": 11,
            "m": 11
          },
          "bowlingStats": {
            "sr": "-",
            "d": 4,
            "e": "7.00",
            "bbiw": 0,
            "bbmr": 0,
            "ht": 0,
            "4w": 0,
            "bbmw": 0,
            "5w": 0,
            "10w": 0,
            "wb": 0,
            "bbir": 0,
            "wmaid": 0,
            "4s": 2,
            "6s": 0,
            "ov": "4.00",
            "r": 28,
            "w": 0,
            "maid": 0,
            "nb": 0,
            "b": 24,
            "a": "-",
            "inns": 2,
            "m": 11
          },
          "fieldingStats": {
            "c": 4,
            "ro": 0,
            "s": 0,
            "inns": 4,
            "m": 11
          }
        },
        {
          "matchType": "T20",
          "battingStats": {
            "sr": "110.08",
            "4s": 27,
            "6s": 8,
            "r": "251",
            "b": 228,
            "a": "22.81",
            "no": 0,
            "hs": "39",
            "50s": 0,
            "100s": 0,
            "inns": 11,
            "m": 11
          },
          "bowlingStats": {
            "sr": "-",
            "d": 4,
            "e": "7.00",
            "bbiw": 0,
            "bbmr": 0,
            "ht": 0,
            "4w": 0,
            "bbmw": 0,
            "5w": 0,
            "10w": 0,
            "wb": 0,
            "bbir": 0,
            "wmaid": 0,
            "4s": 2,
            "6s": 0,
            "ov": "4.00",
            "r": 28,
            "w": 0,
            "maid": 0,
            "nb": 0,
            "b": 24,
            "a": "-",
            "inns": 2,
            "m": 11
          },
          "fieldingStats": {
            "c": 4,
            "ro": 0,
            "s": 0,
            "inns": 4,
            "m": 11
          }
        },
        {
          "matchType": "ALL",
          "battingStats": {
            "sr": "110.08",
            "4s": 27,
            "6s": 8,
            "r": "251",
            "b": 228,
            "a": "22.81",
            "no": 0,
            "hs": "39",
            "50s": 0,
            "100s": 0,
            "inns": 11,
            "m": 11
          },
          "bowlingStats": {
            "sr": "-",
            "d": 4,
            "e": "7.00",
            "bbiw": 0,
            "bbmr": 0,
            "ht": 0,
            "4w": 0,
            "bbmw": 0,
            "5w": 0,
            "10w": 0,
            "wb": 0,
            "bbir": 0,
            "wmaid": 0,
            "4s": 2,
            "6s": 0,
            "ov": "4.00",
            "r": 28,
            "w": 0,
            "maid": 0,
            "nb": 0,
            "b": 24,
            "a": "-",
            "inns": 2,
            "m": 11
          },
          "fieldingStats": {
            "c": 4,
            "ro": 0,
            "s": 0,
            "inns": 4,
            "m": 11
          }
        }
      ]
    },
    {
      "player": {
        "rightHandedBat": true,
        "nationality": "Indian",
        "dateOfBirth": "1994/11/09",
        "fullName": "Nikhil Naik",
        "id": 2732
      }
    },
    {
      "player": {
        "nationality": "Indian",
        "dateOfBirth": "1980/02/13",
        "fullName": "Yogesh Golwalkar",
        "id": 2733
      }
    }
  ]
}