{
  "team": {
    "shortName": "Sunrisers",
    "secondaryColor": "FFFFFF",
    "primaryColor": "FF9C00",
    "abbreviation": "SRH",
    "type": "m",
    "fullName": "Sunrisers Hyderabad",
    "id": 62
  },
  "tournamentId": {
    "name": "ipl2015",
    "id": 2785
  },
  "playersStats": [
    {
      "player": {
        "dateOfBirth": "1986/10/27",
        "nationality": "Australian",
        "id": 170,
        "fullName": "David Warner"
      },
      "stats": [
        {
          "matchType": "ALL",
          "battingStats": {
            "a": "43.23",
            "sr": "156.54",
            "no": 1,
            "hs": "91",
            "50s": 7,
            "100s": 0,
            "4s": 65,
            "6s": 21,
            "r": "562",
            "b": 359,
            "inns": 14,
            "m": 14
          },
          "bowlingStats": {
            "a": "-",
            "sr": "-",
            "d": 0,
            "e": "-",
            "wb": 0,
            "bbiw": 0,
            "bbir": 0,
            "bbmw": 0,
            "bbmr": 0,
            "4w": 0,
            "5w": 0,
            "10w": 0,
            "wmaid": 0,
            "ht": 0,
            "4s": 0,
            "6s": 0,
            "ov": "-",
            "r": 0,
            "w": 0,
            "maid": 0,
            "nb": 0,
            "b": 0,
            "inns": 0,
            "m": 14
          },
          "fieldingStats": {
            "c": 8,
            "ro": 0,
            "s": 0,
            "inns": 7,
            "m": 14
          }
        },
        {
          "matchType": "AGG",
          "battingStats": {
            "a": "43.23",
            "sr": "156.54",
            "no": 1,
            "hs": "91",
            "50s": 7,
            "100s": 0,
            "4s": 65,
            "6s": 21,
            "r": "562",
            "b": 359,
            "inns": 14,
            "m": 14
          },
          "bowlingStats": {
            "a": "-",
            "sr": "-",
            "d": 0,
            "e": "-",
            "wb": 0,
            "bbiw": 0,
            "bbir": 0,
            "bbmw": 0,
            "bbmr": 0,
            "4w": 0,
            "5w": 0,
            "10w": 0,
            "wmaid": 0,
            "ht": 0,
            "4s": 0,
            "6s": 0,
            "ov": "-",
            "r": 0,
            "w": 0,
            "maid": 0,
            "nb": 0,
            "b": 0,
            "inns": 0,
            "m": 14
          },
          "fieldingStats": {
            "c": 8,
            "ro": 0,
            "s": 0,
            "inns": 7,
            "m": 14
          }
        },
        {
          "matchType": "IPLT20",
          "battingStats": {
            "a": "43.23",
            "sr": "156.54",
            "no": 1,
            "hs": "91",
            "50s": 7,
            "100s": 0,
            "4s": 65,
            "6s": 21,
            "r": "562",
            "b": 359,
            "inns": 14,
            "m": 14
          },
          "bowlingStats": {
            "a": "-",
            "sr": "-",
            "d": 0,
            "e": "-",
            "wb": 0,
            "bbiw": 0,
            "bbir": 0,
            "bbmw": 0,
            "bbmr": 0,
            "4w": 0,
            "5w": 0,
            "10w": 0,
            "wmaid": 0,
            "ht": 0,
            "4s": 0,
            "6s": 0,
            "ov": "-",
            "r": 0,
            "w": 0,
            "maid": 0,
            "nb": 0,
            "b": 0,
            "inns": 0,
            "m": 14
          },
          "fieldingStats": {
            "c": 8,
            "ro": 0,
            "s": 0,
            "inns": 7,
            "m": 14
          }
        },
        {
          "matchType": "T20",
          "battingStats": {
            "a": "43.23",
            "sr": "156.54",
            "no": 1,
            "hs": "91",
            "50s": 7,
            "100s": 0,
            "4s": 65,
            "6s": 21,
            "r": "562",
            "b": 359,
            "inns": 14,
            "m": 14
          },
          "bowlingStats": {
            "a": "-",
            "sr": "-",
            "d": 0,
            "e": "-",
            "wb": 0,
            "bbiw": 0,
            "bbir": 0,
            "bbmw": 0,
            "bbmr": 0,
            "4w": 0,
            "5w": 0,
            "10w": 0,
            "wmaid": 0,
            "ht": 0,
            "4s": 0,
            "6s": 0,
            "ov": "-",
            "r": 0,
            "w": 0,
            "maid": 0,
            "nb": 0,
            "b": 0,
            "inns": 0,
            "m": 14
          },
          "fieldingStats": {
            "c": 8,
            "ro": 0,
            "s": 0,
            "inns": 7,
            "m": 14
          }
        }
      ]
    },
    {
      "player": {
        "dateOfBirth": "1985/12/05",
        "nationality": "Indian",
        "id": 41,
        "fullName": "Shikhar Dhawan"
      },
      "stats": [
        {
          "matchType": "ALL",
          "battingStats": {
            "a": "27.15",
            "sr": "123.42",
            "no": 1,
            "hs": "54",
            "50s": 3,
            "100s": 0,
            "4s": 45,
            "6s": 6,
            "r": "353",
            "b": 286,
            "inns": 14,
            "m": 14
          },
          "bowlingStats": {
            "a": "-",
            "sr": "-",
            "d": 0,
            "e": "-",
            "wb": 0,
            "bbiw": 0,
            "bbir": 0,
            "bbmw": 0,
            "bbmr": 0,
            "4w": 0,
            "5w": 0,
            "10w": 0,
            "wmaid": 0,
            "ht": 0,
            "4s": 0,
            "6s": 0,
            "ov": "-",
            "r": 0,
            "w": 0,
            "maid": 0,
            "nb": 0,
            "b": 0,
            "inns": 0,
            "m": 14
          },
          "fieldingStats": {
            "c": 6,
            "ro": 0,
            "s": 0,
            "inns": 6,
            "m": 14
          }
        },
        {
          "matchType": "AGG",
          "battingStats": {
            "a": "27.15",
            "sr": "123.42",
            "no": 1,
            "hs": "54",
            "50s": 3,
            "100s": 0,
            "4s": 45,
            "6s": 6,
            "r": "353",
            "b": 286,
            "inns": 14,
            "m": 14
          },
          "bowlingStats": {
            "a": "-",
            "sr": "-",
            "d": 0,
            "e": "-",
            "wb": 0,
            "bbiw": 0,
            "bbir": 0,
            "bbmw": 0,
            "bbmr": 0,
            "4w": 0,
            "5w": 0,
            "10w": 0,
            "wmaid": 0,
            "ht": 0,
            "4s": 0,
            "6s": 0,
            "ov": "-",
            "r": 0,
            "w": 0,
            "maid": 0,
            "nb": 0,
            "b": 0,
            "inns": 0,
            "m": 14
          },
          "fieldingStats": {
            "c": 6,
            "ro": 0,
            "s": 0,
            "inns": 6,
            "m": 14
          }
        },
        {
          "matchType": "IPLT20",
          "battingStats": {
            "a": "27.15",
            "sr": "123.42",
            "no": 1,
            "hs": "54",
            "50s": 3,
            "100s": 0,
            "4s": 45,
            "6s": 6,
            "r": "353",
            "b": 286,
            "inns": 14,
            "m": 14
          },
          "bowlingStats": {
            "a": "-",
            "sr": "-",
            "d": 0,
            "e": "-",
            "wb": 0,
            "bbiw": 0,
            "bbir": 0,
            "bbmw": 0,
            "bbmr": 0,
            "4w": 0,
            "5w": 0,
            "10w": 0,
            "wmaid": 0,
            "ht": 0,
            "4s": 0,
            "6s": 0,
            "ov": "-",
            "r": 0,
            "w": 0,
            "maid": 0,
            "nb": 0,
            "b": 0,
            "inns": 0,
            "m": 14
          },
          "fieldingStats": {
            "c": 6,
            "ro": 0,
            "s": 0,
            "inns": 6,
            "m": 14
          }
        },
        {
          "matchType": "T20",
          "battingStats": {
            "a": "27.15",
            "sr": "123.42",
            "no": 1,
            "hs": "54",
            "50s": 3,
            "100s": 0,
            "4s": 45,
            "6s": 6,
            "r": "353",
            "b": 286,
            "inns": 14,
            "m": 14
          },
          "bowlingStats": {
            "a": "-",
            "sr": "-",
            "d": 0,
            "e": "-",
            "wb": 0,
            "bbiw": 0,
            "bbir": 0,
            "bbmw": 0,
            "bbmr": 0,
            "4w": 0,
            "5w": 0,
            "10w": 0,
            "wmaid": 0,
            "ht": 0,
            "4s": 0,
            "6s": 0,
            "ov": "-",
            "r": 0,
            "w": 0,
            "maid": 0,
            "nb": 0,
            "b": 0,
            "inns": 0,
            "m": 14
          },
          "fieldingStats": {
            "c": 6,
            "ro": 0,
            "s": 0,
            "inns": 6,
            "m": 14
          }
        }
      ]
    },
    {
      "player": {
        "dateOfBirth": "1983/06/27",
        "nationality": "South African",
        "id": 180,
        "fullName": "Dale Steyn"
      },
      "stats": [
        {
          "matchType": "ALL",
          "battingStats": {
            "a": "20.00",
            "sr": "153.84",
            "no": 2,
            "hs": "19*",
            "50s": 0,
            "100s": 0,
            "4s": 3,
            "6s": 0,
            "r": "20",
            "b": 13,
            "inns": 3,
            "m": 6
          },
          "bowlingStats": {
            "a": "56.66",
            "sr": "38.00",
            "d": 38,
            "e": "8.94",
            "wb": 2,
            "bbiw": 2,
            "bbir": 38,
            "bbmw": 2,
            "bbmr": 38,
            "4w": 0,
            "5w": 0,
            "10w": 0,
            "wmaid": 0,
            "ht": 0,
            "4s": 23,
            "6s": 3,
            "ov": "19.00",
            "r": 170,
            "w": 3,
            "maid": 0,
            "nb": 0,
            "b": 114,
            "inns": 6,
            "m": 6
          },
          "fieldingStats": {
            "c": 2,
            "ro": 0,
            "s": 0,
            "inns": 2,
            "m": 6
          }
        },
        {
          "matchType": "AGG",
          "battingStats": {
            "a": "20.00",
            "sr": "153.84",
            "no": 2,
            "hs": "19*",
            "50s": 0,
            "100s": 0,
            "4s": 3,
            "6s": 0,
            "r": "20",
            "b": 13,
            "inns": 3,
            "m": 6
          },
          "bowlingStats": {
            "a": "56.66",
            "sr": "38.00",
            "d": 38,
            "e": "8.94",
            "wb": 2,
            "bbiw": 2,
            "bbir": 38,
            "bbmw": 2,
            "bbmr": 38,
            "4w": 0,
            "5w": 0,
            "10w": 0,
            "wmaid": 0,
            "ht": 0,
            "4s": 23,
            "6s": 3,
            "ov": "19.00",
            "r": 170,
            "w": 3,
            "maid": 0,
            "nb": 0,
            "b": 114,
            "inns": 6,
            "m": 6
          },
          "fieldingStats": {
            "c": 2,
            "ro": 0,
            "s": 0,
            "inns": 2,
            "m": 6
          }
        },
        {
          "matchType": "IPLT20",
          "battingStats": {
            "a": "20.00",
            "sr": "153.84",
            "no": 2,
            "hs": "19*",
            "50s": 0,
            "100s": 0,
            "4s": 3,
            "6s": 0,
            "r": "20",
            "b": 13,
            "inns": 3,
            "m": 6
          },
          "bowlingStats": {
            "a": "56.66",
            "sr": "38.00",
            "d": 38,
            "e": "8.94",
            "wb": 2,
            "bbiw": 2,
            "bbir": 38,
            "bbmw": 2,
            "bbmr": 38,
            "4w": 0,
            "5w": 0,
            "10w": 0,
            "wmaid": 0,
            "ht": 0,
            "4s": 23,
            "6s": 3,
            "ov": "19.00",
            "r": 170,
            "w": 3,
            "maid": 0,
            "nb": 0,
            "b": 114,
            "inns": 6,
            "m": 6
          },
          "fieldingStats": {
            "c": 2,
            "ro": 0,
            "s": 0,
            "inns": 2,
            "m": 6
          }
        },
        {
          "matchType": "T20",
          "battingStats": {
            "a": "20.00",
            "sr": "153.84",
            "no": 2,
            "hs": "19*",
            "50s": 0,
            "100s": 0,
            "4s": 3,
            "6s": 0,
            "r": "20",
            "b": 13,
            "inns": 3,
            "m": 6
          },
          "bowlingStats": {
            "a": "56.66",
            "sr": "38.00",
            "d": 38,
            "e": "8.94",
            "wb": 2,
            "bbiw": 2,
            "bbir": 38,
            "bbmw": 2,
            "bbmr": 38,
            "4w": 0,
            "5w": 0,
            "10w": 0,
            "wmaid": 0,
            "ht": 0,
            "4s": 23,
            "6s": 3,
            "ov": "19.00",
            "r": 170,
            "w": 3,
            "maid": 0,
            "nb": 0,
            "b": 114,
            "inns": 6,
            "m": 6
          },
          "fieldingStats": {
            "c": 2,
            "ro": 0,
            "s": 0,
            "inns": 2,
            "m": 6
          }
        }
      ]
    },
    {
      "player": {
        "dateOfBirth": "1990/12/05",
        "nationality": "Indian",
        "id": 116,
        "fullName": "Bhuvneshwar Kumar"
      },
      "stats": [
        {
          "matchType": "ALL",
          "battingStats": {
            "a": "17.00",
            "sr": "170.00",
            "no": 2,
            "hs": "11*",
            "50s": 0,
            "100s": 0,
            "4s": 2,
            "6s": 1,
            "r": "17",
            "b": 10,
            "inns": 3,
            "m": 14
          },
          "bowlingStats": {
            "a": "22.61",
            "sr": "17.22",
            "d": 126,
            "e": "7.87",
            "wb": 13,
            "bbiw": 3,
            "bbir": 26,
            "bbmw": 3,
            "bbmr": 26,
            "4w": 0,
            "5w": 0,
            "10w": 0,
            "wmaid": 1,
            "ht": 0,
            "4s": 41,
            "6s": 14,
            "ov": "51.66",
            "r": 407,
            "w": 18,
            "maid": 1,
            "nb": 0,
            "b": 310,
            "inns": 14,
            "m": 14
          },
          "fieldingStats": {
            "c": 5,
            "ro": 1,
            "s": 0,
            "inns": 5,
            "m": 14
          }
        },
        {
          "matchType": "AGG",
          "battingStats": {
            "a": "17.00",
            "sr": "170.00",
            "no": 2,
            "hs": "11*",
            "50s": 0,
            "100s": 0,
            "4s": 2,
            "6s": 1,
            "r": "17",
            "b": 10,
            "inns": 3,
            "m": 14
          },
          "bowlingStats": {
            "a": "22.61",
            "sr": "17.22",
            "d": 126,
            "e": "7.87",
            "wb": 13,
            "bbiw": 3,
            "bbir": 26,
            "bbmw": 3,
            "bbmr": 26,
            "4w": 0,
            "5w": 0,
            "10w": 0,
            "wmaid": 1,
            "ht": 0,
            "4s": 41,
            "6s": 14,
            "ov": "51.66",
            "r": 407,
            "w": 18,
            "maid": 1,
            "nb": 0,
            "b": 310,
            "inns": 14,
            "m": 14
          },
          "fieldingStats": {
            "c": 5,
            "ro": 1,
            "s": 0,
            "inns": 5,
            "m": 14
          }
        },
        {
          "matchType": "IPLT20",
          "battingStats": {
            "a": "17.00",
            "sr": "170.00",
            "no": 2,
            "hs": "11*",
            "50s": 0,
            "100s": 0,
            "4s": 2,
            "6s": 1,
            "r": "17",
            "b": 10,
            "inns": 3,
            "m": 14
          },
          "bowlingStats": {
            "a": "22.61",
            "sr": "17.22",
            "d": 126,
            "e": "7.87",
            "wb": 13,
            "bbiw": 3,
            "bbir": 26,
            "bbmw": 3,
            "bbmr": 26,
            "4w": 0,
            "5w": 0,
            "10w": 0,
            "wmaid": 1,
            "ht": 0,
            "4s": 41,
            "6s": 14,
            "ov": "51.66",
            "r": 407,
            "w": 18,
            "maid": 1,
            "nb": 0,
            "b": 310,
            "inns": 14,
            "m": 14
          },
          "fieldingStats": {
            "c": 5,
            "ro": 1,
            "s": 0,
            "inns": 5,
            "m": 14
          }
        },
        {
          "matchType": "T20",
          "battingStats": {
            "a": "17.00",
            "sr": "170.00",
            "no": 2,
            "hs": "11*",
            "50s": 0,
            "100s": 0,
            "4s": 2,
            "6s": 1,
            "r": "17",
            "b": 10,
            "inns": 3,
            "m": 14
          },
          "bowlingStats": {
            "a": "22.61",
            "sr": "17.22",
            "d": 126,
            "e": "7.87",
            "wb": 13,
            "bbiw": 3,
            "bbir": 26,
            "bbmw": 3,
            "bbmr": 26,
            "4w": 0,
            "5w": 0,
            "10w": 0,
            "wmaid": 1,
            "ht": 0,
            "4s": 41,
            "6s": 14,
            "ov": "51.66",
            "r": 407,
            "w": 18,
            "maid": 1,
            "nb": 0,
            "b": 310,
            "inns": 14,
            "m": 14
          },
          "fieldingStats": {
            "c": 5,
            "ro": 1,
            "s": 0,
            "inns": 5,
            "m": 14
          }
        }
      ]
    },
    {
      "player": {
        "dateOfBirth": "1988/09/02",
        "nationality": "Indian",
        "rightHandedBat": true,
        "id": 38,
        "fullName": "Ishant Sharma"
      },
      "stats": [
        {
          "matchType": "ALL",
          "battingStats": {
            "a": "-",
            "sr": "-",
            "no": 0,
            "hs": "0*",
            "50s": 0,
            "100s": 0,
            "4s": 0,
            "6s": 0,
            "r": "0",
            "inns": 0,
            "m": 4
          },
          "bowlingStats": {
            "a": "159.00",
            "sr": "84.00",
            "d": 30,
            "e": "11.35",
            "wb": 1,
            "bbiw": 1,
            "bbir": 25,
            "bbmw": 1,
            "bbmr": 25,
            "4w": 0,
            "5w": 0,
            "10w": 0,
            "wmaid": 0,
            "ht": 0,
            "4s": 16,
            "6s": 10,
            "ov": "14.00",
            "r": 159,
            "w": 1,
            "maid": 0,
            "nb": 4,
            "b": 84,
            "inns": 4,
            "m": 4
          },
          "fieldingStats": {
            "c": 0,
            "ro": 0,
            "s": 0,
            "inns": 0,
            "m": 4
          }
        },
        {
          "matchType": "AGG",
          "battingStats": {
            "a": "-",
            "sr": "-",
            "no": 0,
            "hs": "0*",
            "50s": 0,
            "100s": 0,
            "4s": 0,
            "6s": 0,
            "r": "0",
            "inns": 0,
            "m": 4
          },
          "bowlingStats": {
            "a": "159.00",
            "sr": "84.00",
            "d": 30,
            "e": "11.35",
            "wb": 1,
            "bbiw": 1,
            "bbir": 25,
            "bbmw": 1,
            "bbmr": 25,
            "4w": 0,
            "5w": 0,
            "10w": 0,
            "wmaid": 0,
            "ht": 0,
            "4s": 16,
            "6s": 10,
            "ov": "14.00",
            "r": 159,
            "w": 1,
            "maid": 0,
            "nb": 4,
            "b": 84,
            "inns": 4,
            "m": 4
          },
          "fieldingStats": {
            "c": 0,
            "ro": 0,
            "s": 0,
            "inns": 0,
            "m": 4
          }
        },
        {
          "matchType": "IPLT20",
          "battingStats": {
            "a": "-",
            "sr": "-",
            "no": 0,
            "hs": "0*",
            "50s": 0,
            "100s": 0,
            "4s": 0,
            "6s": 0,
            "r": "0",
            "inns": 0,
            "m": 4
          },
          "bowlingStats": {
            "a": "159.00",
            "sr": "84.00",
            "d": 30,
            "e": "11.35",
            "wb": 1,
            "bbiw": 1,
            "bbir": 25,
            "bbmw": 1,
            "bbmr": 25,
            "4w": 0,
            "5w": 0,
            "10w": 0,
            "wmaid": 0,
            "ht": 0,
            "4s": 16,
            "6s": 10,
            "ov": "14.00",
            "r": 159,
            "w": 1,
            "maid": 0,
            "nb": 4,
            "b": 84,
            "inns": 4,
            "m": 4
          },
          "fieldingStats": {
            "c": 0,
            "ro": 0,
            "s": 0,
            "inns": 0,
            "m": 4
          }
        },
        {
          "matchType": "T20",
          "battingStats": {
            "a": "-",
            "sr": "-",
            "no": 0,
            "hs": "0*",
            "50s": 0,
            "100s": 0,
            "4s": 0,
            "6s": 0,
            "r": "0",
            "inns": 0,
            "m": 4
          },
          "bowlingStats": {
            "a": "159.00",
            "sr": "84.00",
            "d": 30,
            "e": "11.35",
            "wb": 1,
            "bbiw": 1,
            "bbir": 25,
            "bbmw": 1,
            "bbmr": 25,
            "4w": 0,
            "5w": 0,
            "10w": 0,
            "wmaid": 0,
            "ht": 0,
            "4s": 16,
            "6s": 10,
            "ov": "14.00",
            "r": 159,
            "w": 1,
            "maid": 0,
            "nb": 4,
            "b": 84,
            "inns": 4,
            "m": 4
          },
          "fieldingStats": {
            "c": 0,
            "ro": 0,
            "s": 0,
            "inns": 0,
            "m": 4
          }
        }
      ]
    },
    {
      "player": {
        "dateOfBirth": "1987/02/01",
        "nationality": "Australian",
        "rightHandedBat": true,
        "id": 388,
        "fullName": "Moises Henriques"
      },
      "stats": [
        {
          "matchType": "ALL",
          "battingStats": {
            "a": "41.00",
            "sr": "136.01",
            "no": 2,
            "hs": "74*",
            "50s": 2,
            "100s": 0,
            "4s": 19,
            "6s": 13,
            "r": "287",
            "b": 211,
            "inns": 9,
            "m": 9
          },
          "bowlingStats": {
            "a": "14.36",
            "sr": "13.63",
            "d": 57,
            "e": "6.32",
            "wb": 7,
            "bbiw": 3,
            "bbir": 16,
            "bbmw": 3,
            "bbmr": 16,
            "4w": 0,
            "5w": 0,
            "10w": 0,
            "wmaid": 0,
            "ht": 0,
            "4s": 13,
            "6s": 2,
            "ov": "25.00",
            "r": 158,
            "w": 11,
            "maid": 0,
            "nb": 0,
            "b": 150,
            "inns": 9,
            "m": 9
          },
          "fieldingStats": {
            "c": 1,
            "ro": 0,
            "s": 0,
            "inns": 1,
            "m": 9
          }
        },
        {
          "matchType": "AGG",
          "battingStats": {
            "a": "41.00",
            "sr": "136.01",
            "no": 2,
            "hs": "74*",
            "50s": 2,
            "100s": 0,
            "4s": 19,
            "6s": 13,
            "r": "287",
            "b": 211,
            "inns": 9,
            "m": 9
          },
          "bowlingStats": {
            "a": "14.36",
            "sr": "13.63",
            "d": 57,
            "e": "6.32",
            "wb": 7,
            "bbiw": 3,
            "bbir": 16,
            "bbmw": 3,
            "bbmr": 16,
            "4w": 0,
            "5w": 0,
            "10w": 0,
            "wmaid": 0,
            "ht": 0,
            "4s": 13,
            "6s": 2,
            "ov": "25.00",
            "r": 158,
            "w": 11,
            "maid": 0,
            "nb": 0,
            "b": 150,
            "inns": 9,
            "m": 9
          },
          "fieldingStats": {
            "c": 1,
            "ro": 0,
            "s": 0,
            "inns": 1,
            "m": 9
          }
        },
        {
          "matchType": "IPLT20",
          "battingStats": {
            "a": "41.00",
            "sr": "136.01",
            "no": 2,
            "hs": "74*",
            "50s": 2,
            "100s": 0,
            "4s": 19,
            "6s": 13,
            "r": "287",
            "b": 211,
            "inns": 9,
            "m": 9
          },
          "bowlingStats": {
            "a": "14.36",
            "sr": "13.63",
            "d": 57,
            "e": "6.32",
            "wb": 7,
            "bbiw": 3,
            "bbir": 16,
            "bbmw": 3,
            "bbmr": 16,
            "4w": 0,
            "5w": 0,
            "10w": 0,
            "wmaid": 0,
            "ht": 0,
            "4s": 13,
            "6s": 2,
            "ov": "25.00",
            "r": 158,
            "w": 11,
            "maid": 0,
            "nb": 0,
            "b": 150,
            "inns": 9,
            "m": 9
          },
          "fieldingStats": {
            "c": 1,
            "ro": 0,
            "s": 0,
            "inns": 1,
            "m": 9
          }
        },
        {
          "matchType": "T20",
          "battingStats": {
            "a": "41.00",
            "sr": "136.01",
            "no": 2,
            "hs": "74*",
            "50s": 2,
            "100s": 0,
            "4s": 19,
            "6s": 13,
            "r": "287",
            "b": 211,
            "inns": 9,
            "m": 9
          },
          "bowlingStats": {
            "a": "14.36",
            "sr": "13.63",
            "d": 57,
            "e": "6.32",
            "wb": 7,
            "bbiw": 3,
            "bbir": 16,
            "bbmw": 3,
            "bbmr": 16,
            "4w": 0,
            "5w": 0,
            "10w": 0,
            "wmaid": 0,
            "ht": 0,
            "4s": 13,
            "6s": 2,
            "ov": "25.00",
            "r": 158,
            "w": 11,
            "maid": 0,
            "nb": 0,
            "b": 150,
            "inns": 9,
            "m": 9
          },
          "fieldingStats": {
            "c": 1,
            "ro": 0,
            "s": 0,
            "inns": 1,
            "m": 9
          }
        }
      ]
    },
    {
      "player": {
        "dateOfBirth": "1992/04/18",
        "nationality": "Indian",
        "rightHandedBat": true,
        "id": 1125,
        "fullName": "Lokesh Rahul"
      },
      "stats": [
        {
          "matchType": "ALL",
          "battingStats": {
            "a": "28.40",
            "sr": "112.69",
            "no": 3,
            "hs": "44*",
            "50s": 0,
            "100s": 0,
            "4s": 8,
            "6s": 5,
            "r": "142",
            "b": 126,
            "inns": 8,
            "m": 9
          },
          "bowlingStats": {
            "a": "-",
            "sr": "-",
            "d": 0,
            "e": "-",
            "wb": 0,
            "bbiw": 0,
            "bbir": 0,
            "bbmw": 0,
            "bbmr": 0,
            "4w": 0,
            "5w": 0,
            "10w": 0,
            "wmaid": 0,
            "ht": 0,
            "4s": 0,
            "6s": 0,
            "ov": "-",
            "r": 0,
            "w": 0,
            "maid": 0,
            "nb": 0,
            "b": 0,
            "inns": 0,
            "m": 9
          },
          "fieldingStats": {
            "c": 1,
            "ro": 1,
            "s": 0,
            "inns": 2,
            "m": 9
          }
        },
        {
          "matchType": "AGG",
          "battingStats": {
            "a": "28.40",
            "sr": "112.69",
            "no": 3,
            "hs": "44*",
            "50s": 0,
            "100s": 0,
            "4s": 8,
            "6s": 5,
            "r": "142",
            "b": 126,
            "inns": 8,
            "m": 9
          },
          "bowlingStats": {
            "a": "-",
            "sr": "-",
            "d": 0,
            "e": "-",
            "wb": 0,
            "bbiw": 0,
            "bbir": 0,
            "bbmw": 0,
            "bbmr": 0,
            "4w": 0,
            "5w": 0,
            "10w": 0,
            "wmaid": 0,
            "ht": 0,
            "4s": 0,
            "6s": 0,
            "ov": "-",
            "r": 0,
            "w": 0,
            "maid": 0,
            "nb": 0,
            "b": 0,
            "inns": 0,
            "m": 9
          },
          "fieldingStats": {
            "c": 1,
            "ro": 1,
            "s": 0,
            "inns": 2,
            "m": 9
          }
        },
        {
          "matchType": "IPLT20",
          "battingStats": {
            "a": "28.40",
            "sr": "112.69",
            "no": 3,
            "hs": "44*",
            "50s": 0,
            "100s": 0,
            "4s": 8,
            "6s": 5,
            "r": "142",
            "b": 126,
            "inns": 8,
            "m": 9
          },
          "bowlingStats": {
            "a": "-",
            "sr": "-",
            "d": 0,
            "e": "-",
            "wb": 0,
            "bbiw": 0,
            "bbir": 0,
            "bbmw": 0,
            "bbmr": 0,
            "4w": 0,
            "5w": 0,
            "10w": 0,
            "wmaid": 0,
            "ht": 0,
            "4s": 0,
            "6s": 0,
            "ov": "-",
            "r": 0,
            "w": 0,
            "maid": 0,
            "nb": 0,
            "b": 0,
            "inns": 0,
            "m": 9
          },
          "fieldingStats": {
            "c": 1,
            "ro": 1,
            "s": 0,
            "inns": 2,
            "m": 9
          }
        },
        {
          "matchType": "T20",
          "battingStats": {
            "a": "28.40",
            "sr": "112.69",
            "no": 3,
            "hs": "44*",
            "50s": 0,
            "100s": 0,
            "4s": 8,
            "6s": 5,
            "r": "142",
            "b": 126,
            "inns": 8,
            "m": 9
          },
          "bowlingStats": {
            "a": "-",
            "sr": "-",
            "d": 0,
            "e": "-",
            "wb": 0,
            "bbiw": 0,
            "bbir": 0,
            "bbmw": 0,
            "bbmr": 0,
            "4w": 0,
            "5w": 0,
            "10w": 0,
            "wmaid": 0,
            "ht": 0,
            "4s": 0,
            "6s": 0,
            "ov": "-",
            "r": 0,
            "w": 0,
            "maid": 0,
            "nb": 0,
            "b": 0,
            "inns": 0,
            "m": 9
          },
          "fieldingStats": {
            "c": 1,
            "ro": 1,
            "s": 0,
            "inns": 2,
            "m": 9
          }
        }
      ]
    },
    {
      "player": {
        "dateOfBirth": "1989/02/13",
        "nationality": "Indian",
        "rightHandedBat": true,
        "id": 1093,
        "fullName": "Parveez Rasool"
      },
      "stats": [
        {
          "matchType": "ALL",
          "battingStats": {
            "a": "-",
            "sr": "100.00",
            "no": 1,
            "hs": "2*",
            "50s": 0,
            "100s": 0,
            "4s": 0,
            "6s": 0,
            "r": "2",
            "b": 2,
            "inns": 1,
            "m": 2
          },
          "bowlingStats": {
            "a": "31.00",
            "sr": "30.00",
            "d": 12,
            "e": "6.20",
            "wb": 0,
            "bbiw": 1,
            "bbir": 20,
            "bbmw": 1,
            "bbmr": 20,
            "4w": 0,
            "5w": 0,
            "10w": 0,
            "wmaid": 0,
            "ht": 0,
            "4s": 2,
            "6s": 1,
            "ov": "5.00",
            "r": 31,
            "w": 1,
            "maid": 0,
            "nb": 0,
            "b": 30,
            "inns": 2,
            "m": 2
          },
          "fieldingStats": {
            "c": 0,
            "ro": 0,
            "s": 0,
            "inns": 0,
            "m": 2
          }
        },
        {
          "matchType": "AGG",
          "battingStats": {
            "a": "-",
            "sr": "100.00",
            "no": 1,
            "hs": "2*",
            "50s": 0,
            "100s": 0,
            "4s": 0,
            "6s": 0,
            "r": "2",
            "b": 2,
            "inns": 1,
            "m": 2
          },
          "bowlingStats": {
            "a": "31.00",
            "sr": "30.00",
            "d": 12,
            "e": "6.20",
            "wb": 0,
            "bbiw": 1,
            "bbir": 20,
            "bbmw": 1,
            "bbmr": 20,
            "4w": 0,
            "5w": 0,
            "10w": 0,
            "wmaid": 0,
            "ht": 0,
            "4s": 2,
            "6s": 1,
            "ov": "5.00",
            "r": 31,
            "w": 1,
            "maid": 0,
            "nb": 0,
            "b": 30,
            "inns": 2,
            "m": 2
          },
          "fieldingStats": {
            "c": 0,
            "ro": 0,
            "s": 0,
            "inns": 0,
            "m": 2
          }
        },
        {
          "matchType": "IPLT20",
          "battingStats": {
            "a": "-",
            "sr": "100.00",
            "no": 1,
            "hs": "2*",
            "50s": 0,
            "100s": 0,
            "4s": 0,
            "6s": 0,
            "r": "2",
            "b": 2,
            "inns": 1,
            "m": 2
          },
          "bowlingStats": {
            "a": "31.00",
            "sr": "30.00",
            "d": 12,
            "e": "6.20",
            "wb": 0,
            "bbiw": 1,
            "bbir": 20,
            "bbmw": 1,
            "bbmr": 20,
            "4w": 0,
            "5w": 0,
            "10w": 0,
            "wmaid": 0,
            "ht": 0,
            "4s": 2,
            "6s": 1,
            "ov": "5.00",
            "r": 31,
            "w": 1,
            "maid": 0,
            "nb": 0,
            "b": 30,
            "inns": 2,
            "m": 2
          },
          "fieldingStats": {
            "c": 0,
            "ro": 0,
            "s": 0,
            "inns": 0,
            "m": 2
          }
        },
        {
          "matchType": "T20",
          "battingStats": {
            "a": "-",
            "sr": "100.00",
            "no": 1,
            "hs": "2*",
            "50s": 0,
            "100s": 0,
            "4s": 0,
            "6s": 0,
            "r": "2",
            "b": 2,
            "inns": 1,
            "m": 2
          },
          "bowlingStats": {
            "a": "31.00",
            "sr": "30.00",
            "d": 12,
            "e": "6.20",
            "wb": 0,
            "bbiw": 1,
            "bbir": 20,
            "bbmw": 1,
            "bbmr": 20,
            "4w": 0,
            "5w": 0,
            "10w": 0,
            "wmaid": 0,
            "ht": 0,
            "4s": 2,
            "6s": 1,
            "ov": "5.00",
            "r": 31,
            "w": 1,
            "maid": 0,
            "nb": 0,
            "b": 30,
            "inns": 2,
            "m": 2
          },
          "fieldingStats": {
            "c": 0,
            "ro": 0,
            "s": 0,
            "inns": 0,
            "m": 2
          }
        }
      ]
    },
    {
      "player": {
        "dateOfBirth": "1983/07/20",
        "nationality": "Indian",
        "id": 52,
        "fullName": "Naman Ojha"
      },
      "stats": [
        {
          "matchType": "ALL",
          "battingStats": {
            "a": "13.70",
            "sr": "113.22",
            "no": 1,
            "hs": "28",
            "50s": 0,
            "100s": 0,
            "4s": 12,
            "6s": 4,
            "r": "137",
            "b": 121,
            "inns": 11,
            "m": 14
          },
          "bowlingStats": {
            "a": "-",
            "sr": "-",
            "d": 0,
            "e": "-",
            "wb": 0,
            "bbiw": 0,
            "bbir": 0,
            "bbmw": 0,
            "bbmr": 0,
            "4w": 0,
            "5w": 0,
            "10w": 0,
            "wmaid": 0,
            "ht": 0,
            "4s": 0,
            "6s": 0,
            "ov": "-",
            "r": 0,
            "w": 0,
            "maid": 0,
            "nb": 0,
            "b": 0,
            "inns": 0,
            "m": 14
          },
          "fieldingStats": {
            "c": 6,
            "ro": 0,
            "s": 1,
            "inns": 5,
            "m": 14
          }
        },
        {
          "matchType": "AGG",
          "battingStats": {
            "a": "13.70",
            "sr": "113.22",
            "no": 1,
            "hs": "28",
            "50s": 0,
            "100s": 0,
            "4s": 12,
            "6s": 4,
            "r": "137",
            "b": 121,
            "inns": 11,
            "m": 14
          },
          "bowlingStats": {
            "a": "-",
            "sr": "-",
            "d": 0,
            "e": "-",
            "wb": 0,
            "bbiw": 0,
            "bbir": 0,
            "bbmw": 0,
            "bbmr": 0,
            "4w": 0,
            "5w": 0,
            "10w": 0,
            "wmaid": 0,
            "ht": 0,
            "4s": 0,
            "6s": 0,
            "ov": "-",
            "r": 0,
            "w": 0,
            "maid": 0,
            "nb": 0,
            "b": 0,
            "inns": 0,
            "m": 14
          },
          "fieldingStats": {
            "c": 6,
            "ro": 0,
            "s": 1,
            "inns": 5,
            "m": 14
          }
        },
        {
          "matchType": "IPLT20",
          "battingStats": {
            "a": "13.70",
            "sr": "113.22",
            "no": 1,
            "hs": "28",
            "50s": 0,
            "100s": 0,
            "4s": 12,
            "6s": 4,
            "r": "137",
            "b": 121,
            "inns": 11,
            "m": 14
          },
          "bowlingStats": {
            "a": "-",
            "sr": "-",
            "d": 0,
            "e": "-",
            "wb": 0,
            "bbiw": 0,
            "bbir": 0,
            "bbmw": 0,
            "bbmr": 0,
            "4w": 0,
            "5w": 0,
            "10w": 0,
            "wmaid": 0,
            "ht": 0,
            "4s": 0,
            "6s": 0,
            "ov": "-",
            "r": 0,
            "w": 0,
            "maid": 0,
            "nb": 0,
            "b": 0,
            "inns": 0,
            "m": 14
          },
          "fieldingStats": {
            "c": 6,
            "ro": 0,
            "s": 1,
            "inns": 5,
            "m": 14
          }
        },
        {
          "matchType": "T20",
          "battingStats": {
            "a": "13.70",
            "sr": "113.22",
            "no": 1,
            "hs": "28",
            "50s": 0,
            "100s": 0,
            "4s": 12,
            "6s": 4,
            "r": "137",
            "b": 121,
            "inns": 11,
            "m": 14
          },
          "bowlingStats": {
            "a": "-",
            "sr": "-",
            "d": 0,
            "e": "-",
            "wb": 0,
            "bbiw": 0,
            "bbir": 0,
            "bbmw": 0,
            "bbmr": 0,
            "4w": 0,
            "5w": 0,
            "10w": 0,
            "wmaid": 0,
            "ht": 0,
            "4s": 0,
            "6s": 0,
            "ov": "-",
            "r": 0,
            "w": 0,
            "maid": 0,
            "nb": 0,
            "b": 0,
            "inns": 0,
            "m": 14
          },
          "fieldingStats": {
            "c": 6,
            "ro": 0,
            "s": 1,
            "inns": 5,
            "m": 14
          }
        }
      ]
    },
    {
      "player": {
        "dateOfBirth": "1981/02/24",
        "nationality": "Indian",
        "id": 34,
        "fullName": "Ashish Reddy"
      },
      "stats": [
        {
          "matchType": "ALL",
          "battingStats": {
            "a": "24.33",
            "sr": "158.69",
            "no": 2,
            "hs": "22*",
            "50s": 0,
            "100s": 0,
            "4s": 3,
            "6s": 5,
            "r": "73",
            "b": 46,
            "inns": 5,
            "m": 6
          },
          "bowlingStats": {
            "a": "16.66",
            "sr": "12.00",
            "d": 9,
            "e": "8.33",
            "wb": 1,
            "bbiw": 1,
            "bbir": 11,
            "bbmw": 1,
            "bbmr": 11,
            "4w": 0,
            "5w": 0,
            "10w": 0,
            "wmaid": 0,
            "ht": 0,
            "4s": 1,
            "6s": 3,
            "ov": "6.00",
            "r": 50,
            "w": 3,
            "maid": 0,
            "nb": 0,
            "b": 36,
            "inns": 4,
            "m": 6
          },
          "fieldingStats": {
            "c": 1,
            "ro": 1,
            "s": 0,
            "inns": 2,
            "m": 6
          }
        },
        {
          "matchType": "AGG",
          "battingStats": {
            "a": "24.33",
            "sr": "158.69",
            "no": 2,
            "hs": "22*",
            "50s": 0,
            "100s": 0,
            "4s": 3,
            "6s": 5,
            "r": "73",
            "b": 46,
            "inns": 5,
            "m": 6
          },
          "bowlingStats": {
            "a": "16.66",
            "sr": "12.00",
            "d": 9,
            "e": "8.33",
            "wb": 1,
            "bbiw": 1,
            "bbir": 11,
            "bbmw": 1,
            "bbmr": 11,
            "4w": 0,
            "5w": 0,
            "10w": 0,
            "wmaid": 0,
            "ht": 0,
            "4s": 1,
            "6s": 3,
            "ov": "6.00",
            "r": 50,
            "w": 3,
            "maid": 0,
            "nb": 0,
            "b": 36,
            "inns": 4,
            "m": 6
          },
          "fieldingStats": {
            "c": 1,
            "ro": 1,
            "s": 0,
            "inns": 2,
            "m": 6
          }
        },
        {
          "matchType": "IPLT20",
          "battingStats": {
            "a": "24.33",
            "sr": "158.69",
            "no": 2,
            "hs": "22*",
            "50s": 0,
            "100s": 0,
            "4s": 3,
            "6s": 5,
            "r": "73",
            "b": 46,
            "inns": 5,
            "m": 6
          },
          "bowlingStats": {
            "a": "16.66",
            "sr": "12.00",
            "d": 9,
            "e": "8.33",
            "wb": 1,
            "bbiw": 1,
            "bbir": 11,
            "bbmw": 1,
            "bbmr": 11,
            "4w": 0,
            "5w": 0,
            "10w": 0,
            "wmaid": 0,
            "ht": 0,
            "4s": 1,
            "6s": 3,
            "ov": "6.00",
            "r": 50,
            "w": 3,
            "maid": 0,
            "nb": 0,
            "b": 36,
            "inns": 4,
            "m": 6
          },
          "fieldingStats": {
            "c": 1,
            "ro": 1,
            "s": 0,
            "inns": 2,
            "m": 6
          }
        },
        {
          "matchType": "T20",
          "battingStats": {
            "a": "24.33",
            "sr": "158.69",
            "no": 2,
            "hs": "22*",
            "50s": 0,
            "100s": 0,
            "4s": 3,
            "6s": 5,
            "r": "73",
            "b": 46,
            "inns": 5,
            "m": 6
          },
          "bowlingStats": {
            "a": "16.66",
            "sr": "12.00",
            "d": 9,
            "e": "8.33",
            "wb": 1,
            "bbiw": 1,
            "bbir": 11,
            "bbmw": 1,
            "bbmr": 11,
            "4w": 0,
            "5w": 0,
            "10w": 0,
            "wmaid": 0,
            "ht": 0,
            "4s": 1,
            "6s": 3,
            "ov": "6.00",
            "r": 50,
            "w": 3,
            "maid": 0,
            "nb": 0,
            "b": 36,
            "inns": 4,
            "m": 6
          },
          "fieldingStats": {
            "c": 1,
            "ro": 1,
            "s": 0,
            "inns": 2,
            "m": 6
          }
        }
      ]
    },
    {
      "player": {
        "dateOfBirth": "1996/09/29",
        "nationality": "Indian",
        "rightHandedBat": true,
        "id": 1555,
        "fullName": "Ricky Bhui"
      }
    },
    {
      "player": {
        "dateOfBirth": "1994/09/04",
        "nationality": "Indian",
        "id": 1751,
        "fullName": "Chama Milind"
      }
    },
    {
      "player": {
        "dateOfBirth": "1987/10/23",
        "nationality": "Indian",
        "id": 1118,
        "fullName": "Karn Sharma"
      },
      "stats": [
        {
          "matchType": "ALL",
          "battingStats": {
            "a": "17.33",
            "sr": "122.35",
            "no": 3,
            "hs": "32",
            "50s": 0,
            "100s": 0,
            "4s": 3,
            "6s": 6,
            "r": "104",
            "b": 85,
            "inns": 9,
            "m": 14
          },
          "bowlingStats": {
            "a": "33.20",
            "sr": "23.90",
            "d": 65,
            "e": "8.33",
            "wb": 0,
            "bbiw": 2,
            "bbir": 12,
            "bbmw": 2,
            "bbmr": 12,
            "4w": 0,
            "5w": 0,
            "10w": 0,
            "wmaid": 0,
            "ht": 0,
            "4s": 12,
            "6s": 22,
            "ov": "39.83",
            "r": 332,
            "w": 10,
            "maid": 0,
            "nb": 0,
            "b": 239,
            "inns": 14,
            "m": 14
          },
          "fieldingStats": {
            "c": 4,
            "ro": 0,
            "s": 0,
            "inns": 4,
            "m": 14
          }
        },
        {
          "matchType": "AGG",
          "battingStats": {
            "a": "17.33",
            "sr": "122.35",
            "no": 3,
            "hs": "32",
            "50s": 0,
            "100s": 0,
            "4s": 3,
            "6s": 6,
            "r": "104",
            "b": 85,
            "inns": 9,
            "m": 14
          },
          "bowlingStats": {
            "a": "33.20",
            "sr": "23.90",
            "d": 65,
            "e": "8.33",
            "wb": 0,
            "bbiw": 2,
            "bbir": 12,
            "bbmw": 2,
            "bbmr": 12,
            "4w": 0,
            "5w": 0,
            "10w": 0,
            "wmaid": 0,
            "ht": 0,
            "4s": 12,
            "6s": 22,
            "ov": "39.83",
            "r": 332,
            "w": 10,
            "maid": 0,
            "nb": 0,
            "b": 239,
            "inns": 14,
            "m": 14
          },
          "fieldingStats": {
            "c": 4,
            "ro": 0,
            "s": 0,
            "inns": 4,
            "m": 14
          }
        },
        {
          "matchType": "IPLT20",
          "battingStats": {
            "a": "17.33",
            "sr": "122.35",
            "no": 3,
            "hs": "32",
            "50s": 0,
            "100s": 0,
            "4s": 3,
            "6s": 6,
            "r": "104",
            "b": 85,
            "inns": 9,
            "m": 14
          },
          "bowlingStats": {
            "a": "33.20",
            "sr": "23.90",
            "d": 65,
            "e": "8.33",
            "wb": 0,
            "bbiw": 2,
            "bbir": 12,
            "bbmw": 2,
            "bbmr": 12,
            "4w": 0,
            "5w": 0,
            "10w": 0,
            "wmaid": 0,
            "ht": 0,
            "4s": 12,
            "6s": 22,
            "ov": "39.83",
            "r": 332,
            "w": 10,
            "maid": 0,
            "nb": 0,
            "b": 239,
            "inns": 14,
            "m": 14
          },
          "fieldingStats": {
            "c": 4,
            "ro": 0,
            "s": 0,
            "inns": 4,
            "m": 14
          }
        },
        {
          "matchType": "T20",
          "battingStats": {
            "a": "17.33",
            "sr": "122.35",
            "no": 3,
            "hs": "32",
            "50s": 0,
            "100s": 0,
            "4s": 3,
            "6s": 6,
            "r": "104",
            "b": 85,
            "inns": 9,
            "m": 14
          },
          "bowlingStats": {
            "a": "33.20",
            "sr": "23.90",
            "d": 65,
            "e": "8.33",
            "wb": 0,
            "bbiw": 2,
            "bbir": 12,
            "bbmw": 2,
            "bbmr": 12,
            "4w": 0,
            "5w": 0,
            "10w": 0,
            "wmaid": 0,
            "ht": 0,
            "4s": 12,
            "6s": 22,
            "ov": "39.83",
            "r": 332,
            "w": 10,
            "maid": 0,
            "nb": 0,
            "b": 239,
            "inns": 14,
            "m": 14
          },
          "fieldingStats": {
            "c": 4,
            "ro": 0,
            "s": 0,
            "inns": 4,
            "m": 14
          }
        }
      ]
    },
    {
      "player": {
        "dateOfBirth": "1990/08/08",
        "nationality": "New Zealander",
        "rightHandedBat": true,
        "id": 440,
        "fullName": "Kane Williamson"
      },
      "stats": [
        {
          "matchType": "ALL",
          "battingStats": {
            "a": "31.00",
            "sr": "114.81",
            "no": 1,
            "hs": "26*",
            "50s": 0,
            "100s": 0,
            "4s": 1,
            "6s": 1,
            "r": "31",
            "b": 27,
            "inns": 2,
            "m": 2
          },
          "bowlingStats": {
            "a": "-",
            "sr": "-",
            "d": 0,
            "e": "-",
            "wb": 0,
            "bbiw": 0,
            "bbir": 0,
            "bbmw": 0,
            "bbmr": 0,
            "4w": 0,
            "5w": 0,
            "10w": 0,
            "wmaid": 0,
            "ht": 0,
            "4s": 0,
            "6s": 0,
            "ov": "-",
            "r": 0,
            "w": 0,
            "maid": 0,
            "nb": 0,
            "b": 0,
            "inns": 0,
            "m": 2
          },
          "fieldingStats": {
            "c": 2,
            "ro": 0,
            "s": 0,
            "inns": 1,
            "m": 2
          }
        },
        {
          "matchType": "AGG",
          "battingStats": {
            "a": "31.00",
            "sr": "114.81",
            "no": 1,
            "hs": "26*",
            "50s": 0,
            "100s": 0,
            "4s": 1,
            "6s": 1,
            "r": "31",
            "b": 27,
            "inns": 2,
            "m": 2
          },
          "bowlingStats": {
            "a": "-",
            "sr": "-",
            "d": 0,
            "e": "-",
            "wb": 0,
            "bbiw": 0,
            "bbir": 0,
            "bbmw": 0,
            "bbmr": 0,
            "4w": 0,
            "5w": 0,
            "10w": 0,
            "wmaid": 0,
            "ht": 0,
            "4s": 0,
            "6s": 0,
            "ov": "-",
            "r": 0,
            "w": 0,
            "maid": 0,
            "nb": 0,
            "b": 0,
            "inns": 0,
            "m": 2
          },
          "fieldingStats": {
            "c": 2,
            "ro": 0,
            "s": 0,
            "inns": 1,
            "m": 2
          }
        },
        {
          "matchType": "IPLT20",
          "battingStats": {
            "a": "31.00",
            "sr": "114.81",
            "no": 1,
            "hs": "26*",
            "50s": 0,
            "100s": 0,
            "4s": 1,
            "6s": 1,
            "r": "31",
            "b": 27,
            "inns": 2,
            "m": 2
          },
          "bowlingStats": {
            "a": "-",
            "sr": "-",
            "d": 0,
            "e": "-",
            "wb": 0,
            "bbiw": 0,
            "bbir": 0,
            "bbmw": 0,
            "bbmr": 0,
            "4w": 0,
            "5w": 0,
            "10w": 0,
            "wmaid": 0,
            "ht": 0,
            "4s": 0,
            "6s": 0,
            "ov": "-",
            "r": 0,
            "w": 0,
            "maid": 0,
            "nb": 0,
            "b": 0,
            "inns": 0,
            "m": 2
          },
          "fieldingStats": {
            "c": 2,
            "ro": 0,
            "s": 0,
            "inns": 1,
            "m": 2
          }
        },
        {
          "matchType": "T20",
          "battingStats": {
            "a": "31.00",
            "sr": "114.81",
            "no": 1,
            "hs": "26*",
            "50s": 0,
            "100s": 0,
            "4s": 1,
            "6s": 1,
            "r": "31",
            "b": 27,
            "inns": 2,
            "m": 2
          },
          "bowlingStats": {
            "a": "-",
            "sr": "-",
            "d": 0,
            "e": "-",
            "wb": 0,
            "bbiw": 0,
            "bbir": 0,
            "bbmw": 0,
            "bbmr": 0,
            "4w": 0,
            "5w": 0,
            "10w": 0,
            "wmaid": 0,
            "ht": 0,
            "4s": 0,
            "6s": 0,
            "ov": "-",
            "r": 0,
            "w": 0,
            "maid": 0,
            "nb": 0,
            "b": 0,
            "inns": 0,
            "m": 2
          },
          "fieldingStats": {
            "c": 2,
            "ro": 0,
            "s": 0,
            "inns": 1,
            "m": 2
          }
        }
      ]
    },
    {
      "player": {
        "dateOfBirth": "1980/06/27",
        "nationality": "English",
        "id": 172,
        "fullName": "Kevin Pietersen"
      }
    },
    {
      "player": {
        "dateOfBirth": "1986/09/10",
        "nationality": "English",
        "id": 197,
        "fullName": "Eoin Morgan"
      },
      "stats": [
        {
          "matchType": "ALL",
          "battingStats": {
            "a": "23.37",
            "sr": "123.84",
            "no": 1,
            "hs": "63",
            "50s": 1,
            "100s": 0,
            "4s": 11,
            "6s": 11,
            "r": "187",
            "b": 151,
            "inns": 9,
            "m": 9
          },
          "bowlingStats": {
            "a": "-",
            "sr": "-",
            "d": 0,
            "e": "-",
            "wb": 0,
            "bbiw": 0,
            "bbir": 0,
            "bbmw": 0,
            "bbmr": 0,
            "4w": 0,
            "5w": 0,
            "10w": 0,
            "wmaid": 0,
            "ht": 0,
            "4s": 0,
            "6s": 0,
            "ov": "-",
            "r": 0,
            "w": 0,
            "maid": 0,
            "nb": 0,
            "b": 0,
            "inns": 0,
            "m": 9
          },
          "fieldingStats": {
            "c": 5,
            "ro": 0,
            "s": 0,
            "inns": 4,
            "m": 9
          }
        },
        {
          "matchType": "AGG",
          "battingStats": {
            "a": "23.37",
            "sr": "123.84",
            "no": 1,
            "hs": "63",
            "50s": 1,
            "100s": 0,
            "4s": 11,
            "6s": 11,
            "r": "187",
            "b": 151,
            "inns": 9,
            "m": 9
          },
          "bowlingStats": {
            "a": "-",
            "sr": "-",
            "d": 0,
            "e": "-",
            "wb": 0,
            "bbiw": 0,
            "bbir": 0,
            "bbmw": 0,
            "bbmr": 0,
            "4w": 0,
            "5w": 0,
            "10w": 0,
            "wmaid": 0,
            "ht": 0,
            "4s": 0,
            "6s": 0,
            "ov": "-",
            "r": 0,
            "w": 0,
            "maid": 0,
            "nb": 0,
            "b": 0,
            "inns": 0,
            "m": 9
          },
          "fieldingStats": {
            "c": 5,
            "ro": 0,
            "s": 0,
            "inns": 4,
            "m": 9
          }
        },
        {
          "matchType": "IPLT20",
          "battingStats": {
            "a": "23.37",
            "sr": "123.84",
            "no": 1,
            "hs": "63",
            "50s": 1,
            "100s": 0,
            "4s": 11,
            "6s": 11,
            "r": "187",
            "b": 151,
            "inns": 9,
            "m": 9
          },
          "bowlingStats": {
            "a": "-",
            "sr": "-",
            "d": 0,
            "e": "-",
            "wb": 0,
            "bbiw": 0,
            "bbir": 0,
            "bbmw": 0,
            "bbmr": 0,
            "4w": 0,
            "5w": 0,
            "10w": 0,
            "wmaid": 0,
            "ht": 0,
            "4s": 0,
            "6s": 0,
            "ov": "-",
            "r": 0,
            "w": 0,
            "maid": 0,
            "nb": 0,
            "b": 0,
            "inns": 0,
            "m": 9
          },
          "fieldingStats": {
            "c": 5,
            "ro": 0,
            "s": 0,
            "inns": 4,
            "m": 9
          }
        },
        {
          "matchType": "T20",
          "battingStats": {
            "a": "23.37",
            "sr": "123.84",
            "no": 1,
            "hs": "63",
            "50s": 1,
            "100s": 0,
            "4s": 11,
            "6s": 11,
            "r": "187",
            "b": 151,
            "inns": 9,
            "m": 9
          },
          "bowlingStats": {
            "a": "-",
            "sr": "-",
            "d": 0,
            "e": "-",
            "wb": 0,
            "bbiw": 0,
            "bbir": 0,
            "bbmw": 0,
            "bbmr": 0,
            "4w": 0,
            "5w": 0,
            "10w": 0,
            "wmaid": 0,
            "ht": 0,
            "4s": 0,
            "6s": 0,
            "ov": "-",
            "r": 0,
            "w": 0,
            "maid": 0,
            "nb": 0,
            "b": 0,
            "inns": 0,
            "m": 9
          },
          "fieldingStats": {
            "c": 5,
            "ro": 0,
            "s": 0,
            "inns": 4,
            "m": 9
          }
        }
      ]
    },
    {
      "player": {
        "dateOfBirth": "1985/05/04",
        "nationality": "English",
        "rightHandedBat": true,
        "id": 374,
        "fullName": "Ravi Bopara"
      },
      "stats": [
        {
          "matchType": "ALL",
          "battingStats": {
            "a": "29.00",
            "sr": "120.83",
            "no": 3,
            "hs": "41",
            "50s": 0,
            "100s": 0,
            "4s": 6,
            "6s": 6,
            "r": "145",
            "b": 120,
            "inns": 8,
            "m": 9
          },
          "bowlingStats": {
            "a": "26.66",
            "sr": "20.00",
            "d": 37,
            "e": "8.00",
            "wb": 3,
            "bbiw": 2,
            "bbir": 18,
            "bbmw": 2,
            "bbmr": 18,
            "4w": 0,
            "5w": 0,
            "10w": 0,
            "wmaid": 0,
            "ht": 0,
            "4s": 19,
            "6s": 3,
            "ov": "20.00",
            "r": 160,
            "w": 6,
            "maid": 0,
            "nb": 0,
            "b": 120,
            "inns": 7,
            "m": 9
          },
          "fieldingStats": {
            "c": 2,
            "ro": 0,
            "s": 0,
            "inns": 2,
            "m": 9
          }
        },
        {
          "matchType": "AGG",
          "battingStats": {
            "a": "29.00",
            "sr": "120.83",
            "no": 3,
            "hs": "41",
            "50s": 0,
            "100s": 0,
            "4s": 6,
            "6s": 6,
            "r": "145",
            "b": 120,
            "inns": 8,
            "m": 9
          },
          "bowlingStats": {
            "a": "26.66",
            "sr": "20.00",
            "d": 37,
            "e": "8.00",
            "wb": 3,
            "bbiw": 2,
            "bbir": 18,
            "bbmw": 2,
            "bbmr": 18,
            "4w": 0,
            "5w": 0,
            "10w": 0,
            "wmaid": 0,
            "ht": 0,
            "4s": 19,
            "6s": 3,
            "ov": "20.00",
            "r": 160,
            "w": 6,
            "maid": 0,
            "nb": 0,
            "b": 120,
            "inns": 7,
            "m": 9
          },
          "fieldingStats": {
            "c": 2,
            "ro": 0,
            "s": 0,
            "inns": 2,
            "m": 9
          }
        },
        {
          "matchType": "IPLT20",
          "battingStats": {
            "a": "29.00",
            "sr": "120.83",
            "no": 3,
            "hs": "41",
            "50s": 0,
            "100s": 0,
            "4s": 6,
            "6s": 6,
            "r": "145",
            "b": 120,
            "inns": 8,
            "m": 9
          },
          "bowlingStats": {
            "a": "26.66",
            "sr": "20.00",
            "d": 37,
            "e": "8.00",
            "wb": 3,
            "bbiw": 2,
            "bbir": 18,
            "bbmw": 2,
            "bbmr": 18,
            "4w": 0,
            "5w": 0,
            "10w": 0,
            "wmaid": 0,
            "ht": 0,
            "4s": 19,
            "6s": 3,
            "ov": "20.00",
            "r": 160,
            "w": 6,
            "maid": 0,
            "nb": 0,
            "b": 120,
            "inns": 7,
            "m": 9
          },
          "fieldingStats": {
            "c": 2,
            "ro": 0,
            "s": 0,
            "inns": 2,
            "m": 9
          }
        },
        {
          "matchType": "T20",
          "battingStats": {
            "a": "29.00",
            "sr": "120.83",
            "no": 3,
            "hs": "41",
            "50s": 0,
            "100s": 0,
            "4s": 6,
            "6s": 6,
            "r": "145",
            "b": 120,
            "inns": 8,
            "m": 9
          },
          "bowlingStats": {
            "a": "26.66",
            "sr": "20.00",
            "d": 37,
            "e": "8.00",
            "wb": 3,
            "bbiw": 2,
            "bbir": 18,
            "bbmw": 2,
            "bbmr": 18,
            "4w": 0,
            "5w": 0,
            "10w": 0,
            "wmaid": 0,
            "ht": 0,
            "4s": 19,
            "6s": 3,
            "ov": "20.00",
            "r": 160,
            "w": 6,
            "maid": 0,
            "nb": 0,
            "b": 120,
            "inns": 7,
            "m": 9
          },
          "fieldingStats": {
            "c": 2,
            "ro": 0,
            "s": 0,
            "inns": 2,
            "m": 9
          }
        }
      ]
    },
    {
      "player": {
        "dateOfBirth": "1989/07/22",
        "nationality": "New Zealander",
        "rightHandedBat": true,
        "id": 969,
        "fullName": "Trent Boult"
      },
      "stats": [
        {
          "matchType": "ALL",
          "battingStats": {
            "a": "-",
            "sr": "-",
            "no": 0,
            "hs": "0*",
            "50s": 0,
            "100s": 0,
            "4s": 0,
            "6s": 0,
            "r": "0",
            "inns": 0,
            "m": 7
          },
          "bowlingStats": {
            "a": "26.22",
            "sr": "18.66",
            "d": 71,
            "e": "8.42",
            "wb": 13,
            "bbiw": 3,
            "bbir": 19,
            "bbmw": 3,
            "bbmr": 19,
            "4w": 0,
            "5w": 0,
            "10w": 0,
            "wmaid": 0,
            "ht": 0,
            "4s": 28,
            "6s": 6,
            "ov": "28.00",
            "r": 236,
            "w": 9,
            "maid": 0,
            "nb": 0,
            "b": 168,
            "inns": 7,
            "m": 7
          },
          "fieldingStats": {
            "c": 2,
            "ro": 2,
            "s": 0,
            "inns": 3,
            "m": 7
          }
        },
        {
          "matchType": "AGG",
          "battingStats": {
            "a": "-",
            "sr": "-",
            "no": 0,
            "hs": "0*",
            "50s": 0,
            "100s": 0,
            "4s": 0,
            "6s": 0,
            "r": "0",
            "inns": 0,
            "m": 7
          },
          "bowlingStats": {
            "a": "26.22",
            "sr": "18.66",
            "d": 71,
            "e": "8.42",
            "wb": 13,
            "bbiw": 3,
            "bbir": 19,
            "bbmw": 3,
            "bbmr": 19,
            "4w": 0,
            "5w": 0,
            "10w": 0,
            "wmaid": 0,
            "ht": 0,
            "4s": 28,
            "6s": 6,
            "ov": "28.00",
            "r": 236,
            "w": 9,
            "maid": 0,
            "nb": 0,
            "b": 168,
            "inns": 7,
            "m": 7
          },
          "fieldingStats": {
            "c": 2,
            "ro": 2,
            "s": 0,
            "inns": 3,
            "m": 7
          }
        },
        {
          "matchType": "IPLT20",
          "battingStats": {
            "a": "-",
            "sr": "-",
            "no": 0,
            "hs": "0*",
            "50s": 0,
            "100s": 0,
            "4s": 0,
            "6s": 0,
            "r": "0",
            "inns": 0,
            "m": 7
          },
          "bowlingStats": {
            "a": "26.22",
            "sr": "18.66",
            "d": 71,
            "e": "8.42",
            "wb": 13,
            "bbiw": 3,
            "bbir": 19,
            "bbmw": 3,
            "bbmr": 19,
            "4w": 0,
            "5w": 0,
            "10w": 0,
            "wmaid": 0,
            "ht": 0,
            "4s": 28,
            "6s": 6,
            "ov": "28.00",
            "r": 236,
            "w": 9,
            "maid": 0,
            "nb": 0,
            "b": 168,
            "inns": 7,
            "m": 7
          },
          "fieldingStats": {
            "c": 2,
            "ro": 2,
            "s": 0,
            "inns": 3,
            "m": 7
          }
        },
        {
          "matchType": "T20",
          "battingStats": {
            "a": "-",
            "sr": "-",
            "no": 0,
            "hs": "0*",
            "50s": 0,
            "100s": 0,
            "4s": 0,
            "6s": 0,
            "r": "0",
            "inns": 0,
            "m": 7
          },
          "bowlingStats": {
            "a": "26.22",
            "sr": "18.66",
            "d": 71,
            "e": "8.42",
            "wb": 13,
            "bbiw": 3,
            "bbir": 19,
            "bbmw": 3,
            "bbmr": 19,
            "4w": 0,
            "5w": 0,
            "10w": 0,
            "wmaid": 0,
            "ht": 0,
            "4s": 28,
            "6s": 6,
            "ov": "28.00",
            "r": 236,
            "w": 9,
            "maid": 0,
            "nb": 0,
            "b": 168,
            "inns": 7,
            "m": 7
          },
          "fieldingStats": {
            "c": 2,
            "ro": 2,
            "s": 0,
            "inns": 3,
            "m": 7
          }
        }
      ]
    },
    {
      "player": {
        "dateOfBirth": "1986/10/02",
        "nationality": "Indian",
        "id": 77,
        "fullName": "Praveen Kumar"
      },
      "stats": [
        {
          "matchType": "ALL",
          "battingStats": {
            "a": "5.66",
            "sr": "68.00",
            "no": 1,
            "hs": "12",
            "50s": 0,
            "100s": 0,
            "4s": 1,
            "6s": 0,
            "r": "17",
            "b": 25,
            "inns": 4,
            "m": 12
          },
          "bowlingStats": {
            "a": "47.00",
            "sr": "30.85",
            "d": 71,
            "e": "9.13",
            "wb": 14,
            "bbiw": 2,
            "bbir": 35,
            "bbmw": 2,
            "bbmr": 35,
            "4w": 0,
            "5w": 0,
            "10w": 0,
            "wmaid": 0,
            "ht": 0,
            "4s": 29,
            "6s": 15,
            "ov": "36.00",
            "r": 329,
            "w": 7,
            "maid": 0,
            "nb": 0,
            "b": 216,
            "inns": 12,
            "m": 12
          },
          "fieldingStats": {
            "c": 3,
            "ro": 0,
            "s": 0,
            "inns": 3,
            "m": 12
          }
        },
        {
          "matchType": "AGG",
          "battingStats": {
            "a": "5.66",
            "sr": "68.00",
            "no": 1,
            "hs": "12",
            "50s": 0,
            "100s": 0,
            "4s": 1,
            "6s": 0,
            "r": "17",
            "b": 25,
            "inns": 4,
            "m": 12
          },
          "bowlingStats": {
            "a": "47.00",
            "sr": "30.85",
            "d": 71,
            "e": "9.13",
            "wb": 14,
            "bbiw": 2,
            "bbir": 35,
            "bbmw": 2,
            "bbmr": 35,
            "4w": 0,
            "5w": 0,
            "10w": 0,
            "wmaid": 0,
            "ht": 0,
            "4s": 29,
            "6s": 15,
            "ov": "36.00",
            "r": 329,
            "w": 7,
            "maid": 0,
            "nb": 0,
            "b": 216,
            "inns": 12,
            "m": 12
          },
          "fieldingStats": {
            "c": 3,
            "ro": 0,
            "s": 0,
            "inns": 3,
            "m": 12
          }
        },
        {
          "matchType": "IPLT20",
          "battingStats": {
            "a": "5.66",
            "sr": "68.00",
            "no": 1,
            "hs": "12",
            "50s": 0,
            "100s": 0,
            "4s": 1,
            "6s": 0,
            "r": "17",
            "b": 25,
            "inns": 4,
            "m": 12
          },
          "bowlingStats": {
            "a": "47.00",
            "sr": "30.85",
            "d": 71,
            "e": "9.13",
            "wb": 14,
            "bbiw": 2,
            "bbir": 35,
            "bbmw": 2,
            "bbmr": 35,
            "4w": 0,
            "5w": 0,
            "10w": 0,
            "wmaid": 0,
            "ht": 0,
            "4s": 29,
            "6s": 15,
            "ov": "36.00",
            "r": 329,
            "w": 7,
            "maid": 0,
            "nb": 0,
            "b": 216,
            "inns": 12,
            "m": 12
          },
          "fieldingStats": {
            "c": 3,
            "ro": 0,
            "s": 0,
            "inns": 3,
            "m": 12
          }
        },
        {
          "matchType": "T20",
          "battingStats": {
            "a": "5.66",
            "sr": "68.00",
            "no": 1,
            "hs": "12",
            "50s": 0,
            "100s": 0,
            "4s": 1,
            "6s": 0,
            "r": "17",
            "b": 25,
            "inns": 4,
            "m": 12
          },
          "bowlingStats": {
            "a": "47.00",
            "sr": "30.85",
            "d": 71,
            "e": "9.13",
            "wb": 14,
            "bbiw": 2,
            "bbir": 35,
            "bbmw": 2,
            "bbmr": 35,
            "4w": 0,
            "5w": 0,
            "10w": 0,
            "wmaid": 0,
            "ht": 0,
            "4s": 29,
            "6s": 15,
            "ov": "36.00",
            "r": 329,
            "w": 7,
            "maid": 0,
            "nb": 0,
            "b": 216,
            "inns": 12,
            "m": 12
          },
          "fieldingStats": {
            "c": 3,
            "ro": 0,
            "s": 0,
            "inns": 3,
            "m": 12
          }
        }
      ]
    },
    {
      "player": {
        "dateOfBirth": "1993/10/13",
        "nationality": "Indian",
        "rightHandedBat": true,
        "id": 1117,
        "fullName": "Hanuma Vihari"
      },
      "stats": [
        {
          "matchType": "ALL",
          "battingStats": {
            "a": "9.75",
            "sr": "111.42",
            "no": 0,
            "hs": "16",
            "50s": 0,
            "100s": 0,
            "4s": 6,
            "6s": 0,
            "r": "39",
            "b": 35,
            "inns": 4,
            "m": 5
          },
          "bowlingStats": {
            "a": "-",
            "sr": "-",
            "d": 0,
            "e": "-",
            "wb": 0,
            "bbiw": 0,
            "bbir": 0,
            "bbmw": 0,
            "bbmr": 0,
            "4w": 0,
            "5w": 0,
            "10w": 0,
            "wmaid": 0,
            "ht": 0,
            "4s": 0,
            "6s": 0,
            "ov": "-",
            "r": 0,
            "w": 0,
            "maid": 0,
            "nb": 0,
            "b": 0,
            "inns": 0,
            "m": 5
          },
          "fieldingStats": {
            "c": 2,
            "ro": 1,
            "s": 0,
            "inns": 3,
            "m": 5
          }
        },
        {
          "matchType": "AGG",
          "battingStats": {
            "a": "9.75",
            "sr": "111.42",
            "no": 0,
            "hs": "16",
            "50s": 0,
            "100s": 0,
            "4s": 6,
            "6s": 0,
            "r": "39",
            "b": 35,
            "inns": 4,
            "m": 5
          },
          "bowlingStats": {
            "a": "-",
            "sr": "-",
            "d": 0,
            "e": "-",
            "wb": 0,
            "bbiw": 0,
            "bbir": 0,
            "bbmw": 0,
            "bbmr": 0,
            "4w": 0,
            "5w": 0,
            "10w": 0,
            "wmaid": 0,
            "ht": 0,
            "4s": 0,
            "6s": 0,
            "ov": "-",
            "r": 0,
            "w": 0,
            "maid": 0,
            "nb": 0,
            "b": 0,
            "inns": 0,
            "m": 5
          },
          "fieldingStats": {
            "c": 2,
            "ro": 1,
            "s": 0,
            "inns": 3,
            "m": 5
          }
        },
        {
          "matchType": "IPLT20",
          "battingStats": {
            "a": "9.75",
            "sr": "111.42",
            "no": 0,
            "hs": "16",
            "50s": 0,
            "100s": 0,
            "4s": 6,
            "6s": 0,
            "r": "39",
            "b": 35,
            "inns": 4,
            "m": 5
          },
          "bowlingStats": {
            "a": "-",
            "sr": "-",
            "d": 0,
            "e": "-",
            "wb": 0,
            "bbiw": 0,
            "bbir": 0,
            "bbmw": 0,
            "bbmr": 0,
            "4w": 0,
            "5w": 0,
            "10w": 0,
            "wmaid": 0,
            "ht": 0,
            "4s": 0,
            "6s": 0,
            "ov": "-",
            "r": 0,
            "w": 0,
            "maid": 0,
            "nb": 0,
            "b": 0,
            "inns": 0,
            "m": 5
          },
          "fieldingStats": {
            "c": 2,
            "ro": 1,
            "s": 0,
            "inns": 3,
            "m": 5
          }
        },
        {
          "matchType": "T20",
          "battingStats": {
            "a": "9.75",
            "sr": "111.42",
            "no": 0,
            "hs": "16",
            "50s": 0,
            "100s": 0,
            "4s": 6,
            "6s": 0,
            "r": "39",
            "b": 35,
            "inns": 4,
            "m": 5
          },
          "bowlingStats": {
            "a": "-",
            "sr": "-",
            "d": 0,
            "e": "-",
            "wb": 0,
            "bbiw": 0,
            "bbir": 0,
            "bbmw": 0,
            "bbmr": 0,
            "4w": 0,
            "5w": 0,
            "10w": 0,
            "wmaid": 0,
            "ht": 0,
            "4s": 0,
            "6s": 0,
            "ov": "-",
            "r": 0,
            "w": 0,
            "maid": 0,
            "nb": 0,
            "b": 0,
            "inns": 0,
            "m": 5
          },
          "fieldingStats": {
            "c": 2,
            "ro": 1,
            "s": 0,
            "inns": 3,
            "m": 5
          }
        }
      ]
    },
    {
      "player": {
        "dateOfBirth": "1985/05/22",
        "nationality": "Indian",
        "id": 1122,
        "fullName": "Prasanth Padmanabhan"
      }
    },
    {
      "player": {
        "dateOfBirth": "1990/05/19",
        "nationality": "Indian",
        "rightHandedBat": true,
        "id": 1086,
        "fullName": "Siddarth Kaul"
      }
    },
    {
      "player": {
        "dateOfBirth": "1983/09/28",
        "nationality": "Indian",
        "id": 69,
        "fullName": "Bipul Sharma"
      },
      "stats": [
        {
          "matchType": "ALL",
          "battingStats": {
            "a": "1.00",
            "sr": "50.00",
            "no": 0,
            "hs": "1",
            "50s": 0,
            "100s": 0,
            "4s": 0,
            "6s": 0,
            "r": "1",
            "b": 2,
            "inns": 1,
            "m": 4
          },
          "bowlingStats": {
            "a": "16.66",
            "sr": "14.00",
            "d": 17,
            "e": "7.14",
            "wb": 0,
            "bbiw": 2,
            "bbir": 13,
            "bbmw": 2,
            "bbmr": 13,
            "4w": 0,
            "5w": 0,
            "10w": 0,
            "wmaid": 0,
            "ht": 0,
            "4s": 1,
            "6s": 4,
            "ov": "7.00",
            "r": 50,
            "w": 3,
            "maid": 0,
            "nb": 0,
            "b": 42,
            "inns": 3,
            "m": 4
          },
          "fieldingStats": {
            "c": 0,
            "ro": 1,
            "s": 0,
            "inns": 1,
            "m": 4
          }
        },
        {
          "matchType": "AGG",
          "battingStats": {
            "a": "1.00",
            "sr": "50.00",
            "no": 0,
            "hs": "1",
            "50s": 0,
            "100s": 0,
            "4s": 0,
            "6s": 0,
            "r": "1",
            "b": 2,
            "inns": 1,
            "m": 4
          },
          "bowlingStats": {
            "a": "16.66",
            "sr": "14.00",
            "d": 17,
            "e": "7.14",
            "wb": 0,
            "bbiw": 2,
            "bbir": 13,
            "bbmw": 2,
            "bbmr": 13,
            "4w": 0,
            "5w": 0,
            "10w": 0,
            "wmaid": 0,
            "ht": 0,
            "4s": 1,
            "6s": 4,
            "ov": "7.00",
            "r": 50,
            "w": 3,
            "maid": 0,
            "nb": 0,
            "b": 42,
            "inns": 3,
            "m": 4
          },
          "fieldingStats": {
            "c": 0,
            "ro": 1,
            "s": 0,
            "inns": 1,
            "m": 4
          }
        },
        {
          "matchType": "IPLT20",
          "battingStats": {
            "a": "1.00",
            "sr": "50.00",
            "no": 0,
            "hs": "1",
            "50s": 0,
            "100s": 0,
            "4s": 0,
            "6s": 0,
            "r": "1",
            "b": 2,
            "inns": 1,
            "m": 4
          },
          "bowlingStats": {
            "a": "16.66",
            "sr": "14.00",
            "d": 17,
            "e": "7.14",
            "wb": 0,
            "bbiw": 2,
            "bbir": 13,
            "bbmw": 2,
            "bbmr": 13,
            "4w": 0,
            "5w": 0,
            "10w": 0,
            "wmaid": 0,
            "ht": 0,
            "4s": 1,
            "6s": 4,
            "ov": "7.00",
            "r": 50,
            "w": 3,
            "maid": 0,
            "nb": 0,
            "b": 42,
            "inns": 3,
            "m": 4
          },
          "fieldingStats": {
            "c": 0,
            "ro": 1,
            "s": 0,
            "inns": 1,
            "m": 4
          }
        },
        {
          "matchType": "T20",
          "battingStats": {
            "a": "1.00",
            "sr": "50.00",
            "no": 0,
            "hs": "1",
            "50s": 0,
            "100s": 0,
            "4s": 0,
            "6s": 0,
            "r": "1",
            "b": 2,
            "inns": 1,
            "m": 4
          },
          "bowlingStats": {
            "a": "16.66",
            "sr": "14.00",
            "d": 17,
            "e": "7.14",
            "wb": 0,
            "bbiw": 2,
            "bbir": 13,
            "bbmw": 2,
            "bbmr": 13,
            "4w": 0,
            "5w": 0,
            "10w": 0,
            "wmaid": 0,
            "ht": 0,
            "4s": 1,
            "6s": 4,
            "ov": "7.00",
            "r": 50,
            "w": 3,
            "maid": 0,
            "nb": 0,
            "b": 42,
            "inns": 3,
            "m": 4
          },
          "fieldingStats": {
            "c": 0,
            "ro": 1,
            "s": 0,
            "inns": 1,
            "m": 4
          }
        }
      ]
    }
  ]
}