{
  "team": {
    "shortName": "Royals",
    "abbreviation": "RR",
    "primaryColor": "004B8C",
    "secondaryColor": "FFFFFF",
    "fullName": "Rajasthan Royals",
    "type": "m",
    "id": 8
  },
  "tournamentId": {
    "name": "ipl2015",
    "id": 2785
  },
  "playersStats": [
    {
      "player": {
        "rightHandedBat": true,
        "nationality": "Australian",
        "dateOfBirth": "1981/06/17",
        "fullName": "Shane Watson",
        "id": 227
      },
      "stats": [
        {
          "matchType": "AGG",
          "battingStats": {
            "sr": "135.01",
            "4s": 37,
            "6s": 14,
            "r": "347",
            "b": 257,
            "a": "43.37",
            "no": 1,
            "hs": "104*",
            "50s": 1,
            "100s": 1,
            "inns": 9,
            "m": 10
          },
          "bowlingStats": {
            "sr": "29.00",
            "d": 62,
            "e": "9.27",
            "bbiw": 2,
            "bbmr": 36,
            "ht": 0,
            "4w": 0,
            "bbmw": 2,
            "5w": 0,
            "10w": 0,
            "wb": 17,
            "bbir": 36,
            "wmaid": 0,
            "4s": 26,
            "6s": 9,
            "ov": "29.00",
            "r": 269,
            "w": 6,
            "maid": 1,
            "nb": 2,
            "b": 174,
            "a": "44.83",
            "inns": 10,
            "m": 10
          },
          "fieldingStats": {
            "c": 1,
            "ro": 1,
            "s": 0,
            "inns": 2,
            "m": 10
          }
        },
        {
          "matchType": "IPLT20",
          "battingStats": {
            "sr": "135.01",
            "4s": 37,
            "6s": 14,
            "r": "347",
            "b": 257,
            "a": "43.37",
            "no": 1,
            "hs": "104*",
            "50s": 1,
            "100s": 1,
            "inns": 9,
            "m": 10
          },
          "bowlingStats": {
            "sr": "29.00",
            "d": 62,
            "e": "9.27",
            "bbiw": 2,
            "bbmr": 36,
            "ht": 0,
            "4w": 0,
            "bbmw": 2,
            "5w": 0,
            "10w": 0,
            "wb": 17,
            "bbir": 36,
            "wmaid": 0,
            "4s": 26,
            "6s": 9,
            "ov": "29.00",
            "r": 269,
            "w": 6,
            "maid": 1,
            "nb": 2,
            "b": 174,
            "a": "44.83",
            "inns": 10,
            "m": 10
          },
          "fieldingStats": {
            "c": 1,
            "ro": 1,
            "s": 0,
            "inns": 2,
            "m": 10
          }
        },
        {
          "matchType": "T20",
          "battingStats": {
            "sr": "135.01",
            "4s": 37,
            "6s": 14,
            "r": "347",
            "b": 257,
            "a": "43.37",
            "no": 1,
            "hs": "104*",
            "50s": 1,
            "100s": 1,
            "inns": 9,
            "m": 10
          },
          "bowlingStats": {
            "sr": "29.00",
            "d": 62,
            "e": "9.27",
            "bbiw": 2,
            "bbmr": 36,
            "ht": 0,
            "4w": 0,
            "bbmw": 2,
            "5w": 0,
            "10w": 0,
            "wb": 17,
            "bbir": 36,
            "wmaid": 0,
            "4s": 26,
            "6s": 9,
            "ov": "29.00",
            "r": 269,
            "w": 6,
            "maid": 1,
            "nb": 2,
            "b": 174,
            "a": "44.83",
            "inns": 10,
            "m": 10
          },
          "fieldingStats": {
            "c": 1,
            "ro": 1,
            "s": 0,
            "inns": 2,
            "m": 10
          }
        },
        {
          "matchType": "ALL",
          "battingStats": {
            "sr": "135.01",
            "4s": 37,
            "6s": 14,
            "r": "347",
            "b": 257,
            "a": "43.37",
            "no": 1,
            "hs": "104*",
            "50s": 1,
            "100s": 1,
            "inns": 9,
            "m": 10
          },
          "bowlingStats": {
            "sr": "29.00",
            "d": 62,
            "e": "9.27",
            "bbiw": 2,
            "bbmr": 36,
            "ht": 0,
            "4w": 0,
            "bbmw": 2,
            "5w": 0,
            "10w": 0,
            "wb": 17,
            "bbir": 36,
            "wmaid": 0,
            "4s": 26,
            "6s": 9,
            "ov": "29.00",
            "r": 269,
            "w": 6,
            "maid": 1,
            "nb": 2,
            "b": 174,
            "a": "44.83",
            "inns": 10,
            "m": 10
          },
          "fieldingStats": {
            "c": 1,
            "ro": 1,
            "s": 0,
            "inns": 2,
            "m": 10
          }
        }
      ]
    },
    {
      "player": {
        "nationality": "Indian",
        "dateOfBirth": "1984/06/03",
        "fullName": "Stuart Binny",
        "id": 148
      },
      "stats": [
        {
          "matchType": "AGG",
          "battingStats": {
            "sr": "112.12",
            "4s": 7,
            "6s": 1,
            "r": "74",
            "b": 66,
            "a": "18.50",
            "no": 4,
            "hs": "20",
            "50s": 0,
            "100s": 0,
            "inns": 8,
            "m": 13
          },
          "bowlingStats": {
            "sr": "28.50",
            "d": 56,
            "e": "7.36",
            "bbiw": 2,
            "bbmr": 27,
            "ht": 0,
            "4w": 0,
            "bbmw": 2,
            "5w": 0,
            "10w": 0,
            "wb": 5,
            "bbir": 27,
            "wmaid": 0,
            "4s": 14,
            "6s": 6,
            "ov": "19.00",
            "r": 140,
            "w": 4,
            "maid": 0,
            "nb": 0,
            "b": 114,
            "a": "35.00",
            "inns": 10,
            "m": 13
          },
          "fieldingStats": {
            "c": 5,
            "ro": 1,
            "s": 0,
            "inns": 5,
            "m": 13
          }
        },
        {
          "matchType": "IPLT20",
          "battingStats": {
            "sr": "112.12",
            "4s": 7,
            "6s": 1,
            "r": "74",
            "b": 66,
            "a": "18.50",
            "no": 4,
            "hs": "20",
            "50s": 0,
            "100s": 0,
            "inns": 8,
            "m": 13
          },
          "bowlingStats": {
            "sr": "28.50",
            "d": 56,
            "e": "7.36",
            "bbiw": 2,
            "bbmr": 27,
            "ht": 0,
            "4w": 0,
            "bbmw": 2,
            "5w": 0,
            "10w": 0,
            "wb": 5,
            "bbir": 27,
            "wmaid": 0,
            "4s": 14,
            "6s": 6,
            "ov": "19.00",
            "r": 140,
            "w": 4,
            "maid": 0,
            "nb": 0,
            "b": 114,
            "a": "35.00",
            "inns": 10,
            "m": 13
          },
          "fieldingStats": {
            "c": 5,
            "ro": 1,
            "s": 0,
            "inns": 5,
            "m": 13
          }
        },
        {
          "matchType": "T20",
          "battingStats": {
            "sr": "112.12",
            "4s": 7,
            "6s": 1,
            "r": "74",
            "b": 66,
            "a": "18.50",
            "no": 4,
            "hs": "20",
            "50s": 0,
            "100s": 0,
            "inns": 8,
            "m": 13
          },
          "bowlingStats": {
            "sr": "28.50",
            "d": 56,
            "e": "7.36",
            "bbiw": 2,
            "bbmr": 27,
            "ht": 0,
            "4w": 0,
            "bbmw": 2,
            "5w": 0,
            "10w": 0,
            "wb": 5,
            "bbir": 27,
            "wmaid": 0,
            "4s": 14,
            "6s": 6,
            "ov": "19.00",
            "r": 140,
            "w": 4,
            "maid": 0,
            "nb": 0,
            "b": 114,
            "a": "35.00",
            "inns": 10,
            "m": 13
          },
          "fieldingStats": {
            "c": 5,
            "ro": 1,
            "s": 0,
            "inns": 5,
            "m": 13
          }
        },
        {
          "matchType": "ALL",
          "battingStats": {
            "sr": "112.12",
            "4s": 7,
            "6s": 1,
            "r": "74",
            "b": 66,
            "a": "18.50",
            "no": 4,
            "hs": "20",
            "50s": 0,
            "100s": 0,
            "inns": 8,
            "m": 13
          },
          "bowlingStats": {
            "sr": "28.50",
            "d": 56,
            "e": "7.36",
            "bbiw": 2,
            "bbmr": 27,
            "ht": 0,
            "4w": 0,
            "bbmw": 2,
            "5w": 0,
            "10w": 0,
            "wb": 5,
            "bbir": 27,
            "wmaid": 0,
            "4s": 14,
            "6s": 6,
            "ov": "19.00",
            "r": 140,
            "w": 4,
            "maid": 0,
            "nb": 0,
            "b": 114,
            "a": "35.00",
            "inns": 10,
            "m": 13
          },
          "fieldingStats": {
            "c": 5,
            "ro": 1,
            "s": 0,
            "inns": 5,
            "m": 13
          }
        }
      ]
    },
    {
      "player": {
        "nationality": "Australian",
        "dateOfBirth": "1990/04/29",
        "fullName": "James Faulkner",
        "id": 193
      },
      "stats": [
        {
          "matchType": "AGG",
          "battingStats": {
            "sr": "132.11",
            "4s": 12,
            "6s": 5,
            "r": "144",
            "b": 109,
            "a": "18.00",
            "no": 3,
            "hs": "46",
            "50s": 0,
            "100s": 0,
            "inns": 11,
            "m": 13
          },
          "bowlingStats": {
            "sr": "33.75",
            "d": 88,
            "e": "9.46",
            "bbiw": 3,
            "bbmr": 26,
            "ht": 0,
            "4w": 0,
            "bbmw": 3,
            "5w": 0,
            "10w": 0,
            "wb": 10,
            "bbir": 26,
            "wmaid": 0,
            "4s": 41,
            "6s": 17,
            "ov": "45.00",
            "r": 426,
            "w": 8,
            "maid": 1,
            "nb": 1,
            "b": 270,
            "a": "53.25",
            "inns": 13,
            "m": 13
          },
          "fieldingStats": {
            "c": 4,
            "ro": 0,
            "s": 0,
            "inns": 3,
            "m": 13
          }
        },
        {
          "matchType": "IPLT20",
          "battingStats": {
            "sr": "132.11",
            "4s": 12,
            "6s": 5,
            "r": "144",
            "b": 109,
            "a": "18.00",
            "no": 3,
            "hs": "46",
            "50s": 0,
            "100s": 0,
            "inns": 11,
            "m": 13
          },
          "bowlingStats": {
            "sr": "33.75",
            "d": 88,
            "e": "9.46",
            "bbiw": 3,
            "bbmr": 26,
            "ht": 0,
            "4w": 0,
            "bbmw": 3,
            "5w": 0,
            "10w": 0,
            "wb": 10,
            "bbir": 26,
            "wmaid": 0,
            "4s": 41,
            "6s": 17,
            "ov": "45.00",
            "r": 426,
            "w": 8,
            "maid": 1,
            "nb": 1,
            "b": 270,
            "a": "53.25",
            "inns": 13,
            "m": 13
          },
          "fieldingStats": {
            "c": 4,
            "ro": 0,
            "s": 0,
            "inns": 3,
            "m": 13
          }
        },
        {
          "matchType": "T20",
          "battingStats": {
            "sr": "132.11",
            "4s": 12,
            "6s": 5,
            "r": "144",
            "b": 109,
            "a": "18.00",
            "no": 3,
            "hs": "46",
            "50s": 0,
            "100s": 0,
            "inns": 11,
            "m": 13
          },
          "bowlingStats": {
            "sr": "33.75",
            "d": 88,
            "e": "9.46",
            "bbiw": 3,
            "bbmr": 26,
            "ht": 0,
            "4w": 0,
            "bbmw": 3,
            "5w": 0,
            "10w": 0,
            "wb": 10,
            "bbir": 26,
            "wmaid": 0,
            "4s": 41,
            "6s": 17,
            "ov": "45.00",
            "r": 426,
            "w": 8,
            "maid": 1,
            "nb": 1,
            "b": 270,
            "a": "53.25",
            "inns": 13,
            "m": 13
          },
          "fieldingStats": {
            "c": 4,
            "ro": 0,
            "s": 0,
            "inns": 3,
            "m": 13
          }
        },
        {
          "matchType": "ALL",
          "battingStats": {
            "sr": "132.11",
            "4s": 12,
            "6s": 5,
            "r": "144",
            "b": 109,
            "a": "18.00",
            "no": 3,
            "hs": "46",
            "50s": 0,
            "100s": 0,
            "inns": 11,
            "m": 13
          },
          "bowlingStats": {
            "sr": "33.75",
            "d": 88,
            "e": "9.46",
            "bbiw": 3,
            "bbmr": 26,
            "ht": 0,
            "4w": 0,
            "bbmw": 3,
            "5w": 0,
            "10w": 0,
            "wb": 10,
            "bbir": 26,
            "wmaid": 0,
            "4s": 41,
            "6s": 17,
            "ov": "45.00",
            "r": 426,
            "w": 8,
            "maid": 1,
            "nb": 1,
            "b": 270,
            "a": "53.25",
            "inns": 13,
            "m": 13
          },
          "fieldingStats": {
            "c": 4,
            "ro": 0,
            "s": 0,
            "inns": 3,
            "m": 13
          }
        }
      ]
    },
    {
      "player": {
        "rightHandedBat": true,
        "nationality": "Indian",
        "dateOfBirth": "1988/06/06",
        "fullName": "Ajinkya Rahane",
        "id": 135
      },
      "stats": [
        {
          "matchType": "AGG",
          "battingStats": {
            "sr": "130.75",
            "4s": 53,
            "6s": 13,
            "r": "540",
            "b": 413,
            "a": "49.09",
            "no": 2,
            "hs": "91*",
            "50s": 4,
            "100s": 0,
            "inns": 13,
            "m": 14
          },
          "bowlingStats": {
            "sr": "-",
            "d": 0,
            "e": "-",
            "bbiw": 0,
            "bbmr": 0,
            "ht": 0,
            "4w": 0,
            "bbmw": 0,
            "5w": 0,
            "10w": 0,
            "wb": 0,
            "bbir": 0,
            "wmaid": 0,
            "4s": 0,
            "6s": 0,
            "ov": "-",
            "r": 0,
            "w": 0,
            "maid": 0,
            "nb": 0,
            "b": 0,
            "a": "-",
            "inns": 0,
            "m": 14
          },
          "fieldingStats": {
            "c": 3,
            "ro": 2,
            "s": 0,
            "inns": 5,
            "m": 14
          }
        },
        {
          "matchType": "IPLT20",
          "battingStats": {
            "sr": "130.75",
            "4s": 53,
            "6s": 13,
            "r": "540",
            "b": 413,
            "a": "49.09",
            "no": 2,
            "hs": "91*",
            "50s": 4,
            "100s": 0,
            "inns": 13,
            "m": 14
          },
          "bowlingStats": {
            "sr": "-",
            "d": 0,
            "e": "-",
            "bbiw": 0,
            "bbmr": 0,
            "ht": 0,
            "4w": 0,
            "bbmw": 0,
            "5w": 0,
            "10w": 0,
            "wb": 0,
            "bbir": 0,
            "wmaid": 0,
            "4s": 0,
            "6s": 0,
            "ov": "-",
            "r": 0,
            "w": 0,
            "maid": 0,
            "nb": 0,
            "b": 0,
            "a": "-",
            "inns": 0,
            "m": 14
          },
          "fieldingStats": {
            "c": 3,
            "ro": 2,
            "s": 0,
            "inns": 5,
            "m": 14
          }
        },
        {
          "matchType": "T20",
          "battingStats": {
            "sr": "130.75",
            "4s": 53,
            "6s": 13,
            "r": "540",
            "b": 413,
            "a": "49.09",
            "no": 2,
            "hs": "91*",
            "50s": 4,
            "100s": 0,
            "inns": 13,
            "m": 14
          },
          "bowlingStats": {
            "sr": "-",
            "d": 0,
            "e": "-",
            "bbiw": 0,
            "bbmr": 0,
            "ht": 0,
            "4w": 0,
            "bbmw": 0,
            "5w": 0,
            "10w": 0,
            "wb": 0,
            "bbir": 0,
            "wmaid": 0,
            "4s": 0,
            "6s": 0,
            "ov": "-",
            "r": 0,
            "w": 0,
            "maid": 0,
            "nb": 0,
            "b": 0,
            "a": "-",
            "inns": 0,
            "m": 14
          },
          "fieldingStats": {
            "c": 3,
            "ro": 2,
            "s": 0,
            "inns": 5,
            "m": 14
          }
        },
        {
          "matchType": "ALL",
          "battingStats": {
            "sr": "130.75",
            "4s": 53,
            "6s": 13,
            "r": "540",
            "b": 413,
            "a": "49.09",
            "no": 2,
            "hs": "91*",
            "50s": 4,
            "100s": 0,
            "inns": 13,
            "m": 14
          },
          "bowlingStats": {
            "sr": "-",
            "d": 0,
            "e": "-",
            "bbiw": 0,
            "bbmr": 0,
            "ht": 0,
            "4w": 0,
            "bbmw": 0,
            "5w": 0,
            "10w": 0,
            "wb": 0,
            "bbir": 0,
            "wmaid": 0,
            "4s": 0,
            "6s": 0,
            "ov": "-",
            "r": 0,
            "w": 0,
            "maid": 0,
            "nb": 0,
            "b": 0,
            "a": "-",
            "inns": 0,
            "m": 14
          },
          "fieldingStats": {
            "c": 3,
            "ro": 2,
            "s": 0,
            "inns": 5,
            "m": 14
          }
        }
      ]
    },
    {
      "player": {
        "nationality": "Indian",
        "dateOfBirth": "1994/11/11",
        "fullName": "Sanju Samson",
        "id": 258
      },
      "stats": [
        {
          "matchType": "AGG",
          "battingStats": {
            "sr": "125.15",
            "4s": 16,
            "6s": 8,
            "r": "204",
            "b": 163,
            "a": "20.40",
            "no": 1,
            "hs": "76",
            "50s": 1,
            "100s": 0,
            "inns": 11,
            "m": 14
          },
          "bowlingStats": {
            "sr": "-",
            "d": 0,
            "e": "-",
            "bbiw": 0,
            "bbmr": 0,
            "ht": 0,
            "4w": 0,
            "bbmw": 0,
            "5w": 0,
            "10w": 0,
            "wb": 0,
            "bbir": 0,
            "wmaid": 0,
            "4s": 0,
            "6s": 0,
            "ov": "-",
            "r": 0,
            "w": 0,
            "maid": 0,
            "nb": 0,
            "b": 0,
            "a": "-",
            "inns": 0,
            "m": 14
          },
          "fieldingStats": {
            "c": 9,
            "ro": 2,
            "s": 0,
            "inns": 9,
            "m": 14
          }
        },
        {
          "matchType": "IPLT20",
          "battingStats": {
            "sr": "125.15",
            "4s": 16,
            "6s": 8,
            "r": "204",
            "b": 163,
            "a": "20.40",
            "no": 1,
            "hs": "76",
            "50s": 1,
            "100s": 0,
            "inns": 11,
            "m": 14
          },
          "bowlingStats": {
            "sr": "-",
            "d": 0,
            "e": "-",
            "bbiw": 0,
            "bbmr": 0,
            "ht": 0,
            "4w": 0,
            "bbmw": 0,
            "5w": 0,
            "10w": 0,
            "wb": 0,
            "bbir": 0,
            "wmaid": 0,
            "4s": 0,
            "6s": 0,
            "ov": "-",
            "r": 0,
            "w": 0,
            "maid": 0,
            "nb": 0,
            "b": 0,
            "a": "-",
            "inns": 0,
            "m": 14
          },
          "fieldingStats": {
            "c": 9,
            "ro": 2,
            "s": 0,
            "inns": 9,
            "m": 14
          }
        },
        {
          "matchType": "T20",
          "battingStats": {
            "sr": "125.15",
            "4s": 16,
            "6s": 8,
            "r": "204",
            "b": 163,
            "a": "20.40",
            "no": 1,
            "hs": "76",
            "50s": 1,
            "100s": 0,
            "inns": 11,
            "m": 14
          },
          "bowlingStats": {
            "sr": "-",
            "d": 0,
            "e": "-",
            "bbiw": 0,
            "bbmr": 0,
            "ht": 0,
            "4w": 0,
            "bbmw": 0,
            "5w": 0,
            "10w": 0,
            "wb": 0,
            "bbir": 0,
            "wmaid": 0,
            "4s": 0,
            "6s": 0,
            "ov": "-",
            "r": 0,
            "w": 0,
            "maid": 0,
            "nb": 0,
            "b": 0,
            "a": "-",
            "inns": 0,
            "m": 14
          },
          "fieldingStats": {
            "c": 9,
            "ro": 2,
            "s": 0,
            "inns": 9,
            "m": 14
          }
        },
        {
          "matchType": "ALL",
          "battingStats": {
            "sr": "125.15",
            "4s": 16,
            "6s": 8,
            "r": "204",
            "b": 163,
            "a": "20.40",
            "no": 1,
            "hs": "76",
            "50s": 1,
            "100s": 0,
            "inns": 11,
            "m": 14
          },
          "bowlingStats": {
            "sr": "-",
            "d": 0,
            "e": "-",
            "bbiw": 0,
            "bbmr": 0,
            "ht": 0,
            "4w": 0,
            "bbmw": 0,
            "5w": 0,
            "10w": 0,
            "wb": 0,
            "bbir": 0,
            "wmaid": 0,
            "4s": 0,
            "6s": 0,
            "ov": "-",
            "r": 0,
            "w": 0,
            "maid": 0,
            "nb": 0,
            "b": 0,
            "a": "-",
            "inns": 0,
            "m": 14
          },
          "fieldingStats": {
            "c": 9,
            "ro": 2,
            "s": 0,
            "inns": 9,
            "m": 14
          }
        }
      ]
    },
    {
      "player": {
        "nationality": "Australian",
        "dateOfBirth": "1989/06/02",
        "fullName": "Steve Smith",
        "id": 271
      },
      "stats": [
        {
          "matchType": "AGG",
          "battingStats": {
            "sr": "132.57",
            "4s": 33,
            "6s": 3,
            "r": "293",
            "b": 221,
            "a": "26.63",
            "no": 1,
            "hs": "79*",
            "50s": 2,
            "100s": 0,
            "inns": 12,
            "m": 14
          },
          "bowlingStats": {
            "sr": "-",
            "d": 0,
            "e": "-",
            "bbiw": 0,
            "bbmr": 0,
            "ht": 0,
            "4w": 0,
            "bbmw": 0,
            "5w": 0,
            "10w": 0,
            "wb": 0,
            "bbir": 0,
            "wmaid": 0,
            "4s": 0,
            "6s": 0,
            "ov": "-",
            "r": 0,
            "w": 0,
            "maid": 0,
            "nb": 0,
            "b": 0,
            "a": "-",
            "inns": 0,
            "m": 14
          },
          "fieldingStats": {
            "c": 7,
            "ro": 1,
            "s": 0,
            "inns": 6,
            "m": 14
          }
        },
        {
          "matchType": "IPLT20",
          "battingStats": {
            "sr": "132.57",
            "4s": 33,
            "6s": 3,
            "r": "293",
            "b": 221,
            "a": "26.63",
            "no": 1,
            "hs": "79*",
            "50s": 2,
            "100s": 0,
            "inns": 12,
            "m": 14
          },
          "bowlingStats": {
            "sr": "-",
            "d": 0,
            "e": "-",
            "bbiw": 0,
            "bbmr": 0,
            "ht": 0,
            "4w": 0,
            "bbmw": 0,
            "5w": 0,
            "10w": 0,
            "wb": 0,
            "bbir": 0,
            "wmaid": 0,
            "4s": 0,
            "6s": 0,
            "ov": "-",
            "r": 0,
            "w": 0,
            "maid": 0,
            "nb": 0,
            "b": 0,
            "a": "-",
            "inns": 0,
            "m": 14
          },
          "fieldingStats": {
            "c": 7,
            "ro": 1,
            "s": 0,
            "inns": 6,
            "m": 14
          }
        },
        {
          "matchType": "T20",
          "battingStats": {
            "sr": "132.57",
            "4s": 33,
            "6s": 3,
            "r": "293",
            "b": 221,
            "a": "26.63",
            "no": 1,
            "hs": "79*",
            "50s": 2,
            "100s": 0,
            "inns": 12,
            "m": 14
          },
          "bowlingStats": {
            "sr": "-",
            "d": 0,
            "e": "-",
            "bbiw": 0,
            "bbmr": 0,
            "ht": 0,
            "4w": 0,
            "bbmw": 0,
            "5w": 0,
            "10w": 0,
            "wb": 0,
            "bbir": 0,
            "wmaid": 0,
            "4s": 0,
            "6s": 0,
            "ov": "-",
            "r": 0,
            "w": 0,
            "maid": 0,
            "nb": 0,
            "b": 0,
            "a": "-",
            "inns": 0,
            "m": 14
          },
          "fieldingStats": {
            "c": 7,
            "ro": 1,
            "s": 0,
            "inns": 6,
            "m": 14
          }
        },
        {
          "matchType": "ALL",
          "battingStats": {
            "sr": "132.57",
            "4s": 33,
            "6s": 3,
            "r": "293",
            "b": 221,
            "a": "26.63",
            "no": 1,
            "hs": "79*",
            "50s": 2,
            "100s": 0,
            "inns": 12,
            "m": 14
          },
          "bowlingStats": {
            "sr": "-",
            "d": 0,
            "e": "-",
            "bbiw": 0,
            "bbmr": 0,
            "ht": 0,
            "4w": 0,
            "bbmw": 0,
            "5w": 0,
            "10w": 0,
            "wb": 0,
            "bbir": 0,
            "wmaid": 0,
            "4s": 0,
            "6s": 0,
            "ov": "-",
            "r": 0,
            "w": 0,
            "maid": 0,
            "nb": 0,
            "b": 0,
            "a": "-",
            "inns": 0,
            "m": 14
          },
          "fieldingStats": {
            "c": 7,
            "ro": 1,
            "s": 0,
            "inns": 6,
            "m": 14
          }
        }
      ]
    },
    {
      "player": {
        "nationality": "Indian",
        "dateOfBirth": "1979/10/22",
        "fullName": "Rajat Bhatia",
        "id": 92
      },
      "stats": [
        {
          "matchType": "AGG",
          "battingStats": {
            "sr": "0.00",
            "4s": 0,
            "6s": 0,
            "r": "0",
            "b": 1,
            "a": "0.00",
            "no": 0,
            "hs": "0*",
            "50s": 0,
            "100s": 0,
            "inns": 1,
            "m": 2
          },
          "bowlingStats": {
            "sr": "-",
            "d": 7,
            "e": "9.20",
            "bbiw": 0,
            "bbmr": 0,
            "ht": 0,
            "4w": 0,
            "bbmw": 0,
            "5w": 0,
            "10w": 0,
            "wb": 0,
            "bbir": 0,
            "wmaid": 0,
            "4s": 2,
            "6s": 3,
            "ov": "5.00",
            "r": 46,
            "w": 0,
            "maid": 0,
            "nb": 0,
            "b": 30,
            "a": "-",
            "inns": 2,
            "m": 2
          },
          "fieldingStats": {
            "c": 0,
            "ro": 0,
            "s": 0,
            "inns": 0,
            "m": 2
          }
        },
        {
          "matchType": "IPLT20",
          "battingStats": {
            "sr": "0.00",
            "4s": 0,
            "6s": 0,
            "r": "0",
            "b": 1,
            "a": "0.00",
            "no": 0,
            "hs": "0*",
            "50s": 0,
            "100s": 0,
            "inns": 1,
            "m": 2
          },
          "bowlingStats": {
            "sr": "-",
            "d": 7,
            "e": "9.20",
            "bbiw": 0,
            "bbmr": 0,
            "ht": 0,
            "4w": 0,
            "bbmw": 0,
            "5w": 0,
            "10w": 0,
            "wb": 0,
            "bbir": 0,
            "wmaid": 0,
            "4s": 2,
            "6s": 3,
            "ov": "5.00",
            "r": 46,
            "w": 0,
            "maid": 0,
            "nb": 0,
            "b": 30,
            "a": "-",
            "inns": 2,
            "m": 2
          },
          "fieldingStats": {
            "c": 0,
            "ro": 0,
            "s": 0,
            "inns": 0,
            "m": 2
          }
        },
        {
          "matchType": "T20",
          "battingStats": {
            "sr": "0.00",
            "4s": 0,
            "6s": 0,
            "r": "0",
            "b": 1,
            "a": "0.00",
            "no": 0,
            "hs": "0*",
            "50s": 0,
            "100s": 0,
            "inns": 1,
            "m": 2
          },
          "bowlingStats": {
            "sr": "-",
            "d": 7,
            "e": "9.20",
            "bbiw": 0,
            "bbmr": 0,
            "ht": 0,
            "4w": 0,
            "bbmw": 0,
            "5w": 0,
            "10w": 0,
            "wb": 0,
            "bbir": 0,
            "wmaid": 0,
            "4s": 2,
            "6s": 3,
            "ov": "5.00",
            "r": 46,
            "w": 0,
            "maid": 0,
            "nb": 0,
            "b": 30,
            "a": "-",
            "inns": 2,
            "m": 2
          },
          "fieldingStats": {
            "c": 0,
            "ro": 0,
            "s": 0,
            "inns": 0,
            "m": 2
          }
        },
        {
          "matchType": "ALL",
          "battingStats": {
            "sr": "0.00",
            "4s": 0,
            "6s": 0,
            "r": "0",
            "b": 1,
            "a": "0.00",
            "no": 0,
            "hs": "0*",
            "50s": 0,
            "100s": 0,
            "inns": 1,
            "m": 2
          },
          "bowlingStats": {
            "sr": "-",
            "d": 7,
            "e": "9.20",
            "bbiw": 0,
            "bbmr": 0,
            "ht": 0,
            "4w": 0,
            "bbmw": 0,
            "5w": 0,
            "10w": 0,
            "wb": 0,
            "bbir": 0,
            "wmaid": 0,
            "4s": 2,
            "6s": 3,
            "ov": "5.00",
            "r": 46,
            "w": 0,
            "maid": 0,
            "nb": 0,
            "b": 30,
            "a": "-",
            "inns": 2,
            "m": 2
          },
          "fieldingStats": {
            "c": 0,
            "ro": 0,
            "s": 0,
            "inns": 0,
            "m": 2
          }
        }
      ]
    },
    {
      "player": {
        "rightHandedBat": true,
        "nationality": "New Zealander",
        "dateOfBirth": "1988/12/11",
        "fullName": "Tim Southee",
        "id": 307
      },
      "stats": [
        {
          "matchType": "AGG",
          "battingStats": {
            "sr": "144.44",
            "4s": 1,
            "6s": 0,
            "r": "13",
            "b": 9,
            "a": "13.00",
            "no": 2,
            "hs": "7*",
            "50s": 0,
            "100s": 0,
            "inns": 3,
            "m": 7
          },
          "bowlingStats": {
            "sr": "28.00",
            "d": 66,
            "e": "8.82",
            "bbiw": 2,
            "bbmr": 32,
            "ht": 0,
            "4w": 0,
            "bbmw": 2,
            "5w": 0,
            "10w": 0,
            "wb": 6,
            "bbir": 32,
            "wmaid": 0,
            "4s": 22,
            "6s": 12,
            "ov": "28.00",
            "r": 247,
            "w": 6,
            "maid": 1,
            "nb": 1,
            "b": 168,
            "a": "41.16",
            "inns": 7,
            "m": 7
          },
          "fieldingStats": {
            "c": 4,
            "ro": 1,
            "s": 0,
            "inns": 3,
            "m": 7
          }
        },
        {
          "matchType": "IPLT20",
          "battingStats": {
            "sr": "144.44",
            "4s": 1,
            "6s": 0,
            "r": "13",
            "b": 9,
            "a": "13.00",
            "no": 2,
            "hs": "7*",
            "50s": 0,
            "100s": 0,
            "inns": 3,
            "m": 7
          },
          "bowlingStats": {
            "sr": "28.00",
            "d": 66,
            "e": "8.82",
            "bbiw": 2,
            "bbmr": 32,
            "ht": 0,
            "4w": 0,
            "bbmw": 2,
            "5w": 0,
            "10w": 0,
            "wb": 6,
            "bbir": 32,
            "wmaid": 0,
            "4s": 22,
            "6s": 12,
            "ov": "28.00",
            "r": 247,
            "w": 6,
            "maid": 1,
            "nb": 1,
            "b": 168,
            "a": "41.16",
            "inns": 7,
            "m": 7
          },
          "fieldingStats": {
            "c": 4,
            "ro": 1,
            "s": 0,
            "inns": 3,
            "m": 7
          }
        },
        {
          "matchType": "T20",
          "battingStats": {
            "sr": "144.44",
            "4s": 1,
            "6s": 0,
            "r": "13",
            "b": 9,
            "a": "13.00",
            "no": 2,
            "hs": "7*",
            "50s": 0,
            "100s": 0,
            "inns": 3,
            "m": 7
          },
          "bowlingStats": {
            "sr": "28.00",
            "d": 66,
            "e": "8.82",
            "bbiw": 2,
            "bbmr": 32,
            "ht": 0,
            "4w": 0,
            "bbmw": 2,
            "5w": 0,
            "10w": 0,
            "wb": 6,
            "bbir": 32,
            "wmaid": 0,
            "4s": 22,
            "6s": 12,
            "ov": "28.00",
            "r": 247,
            "w": 6,
            "maid": 1,
            "nb": 1,
            "b": 168,
            "a": "41.16",
            "inns": 7,
            "m": 7
          },
          "fieldingStats": {
            "c": 4,
            "ro": 1,
            "s": 0,
            "inns": 3,
            "m": 7
          }
        },
        {
          "matchType": "ALL",
          "battingStats": {
            "sr": "144.44",
            "4s": 1,
            "6s": 0,
            "r": "13",
            "b": 9,
            "a": "13.00",
            "no": 2,
            "hs": "7*",
            "50s": 0,
            "100s": 0,
            "inns": 3,
            "m": 7
          },
          "bowlingStats": {
            "sr": "28.00",
            "d": 66,
            "e": "8.82",
            "bbiw": 2,
            "bbmr": 32,
            "ht": 0,
            "4w": 0,
            "bbmw": 2,
            "5w": 0,
            "10w": 0,
            "wb": 6,
            "bbir": 32,
            "wmaid": 0,
            "4s": 22,
            "6s": 12,
            "ov": "28.00",
            "r": 247,
            "w": 6,
            "maid": 1,
            "nb": 1,
            "b": 168,
            "a": "41.16",
            "inns": 7,
            "m": 7
          },
          "fieldingStats": {
            "c": 4,
            "ro": 1,
            "s": 0,
            "inns": 3,
            "m": 7
          }
        }
      ]
    },
    {
      "player": {
        "rightHandedBat": true,
        "nationality": "Indian",
        "dateOfBirth": "1988/12/10",
        "fullName": "Dhawal Kulkarni",
        "id": 101
      },
      "stats": [
        {
          "matchType": "AGG",
          "battingStats": {
            "sr": "36.36",
            "4s": 0,
            "6s": 0,
            "r": "4",
            "b": 11,
            "a": "2.00",
            "no": 0,
            "hs": "3",
            "50s": 0,
            "100s": 0,
            "inns": 2,
            "m": 11
          },
          "bowlingStats": {
            "sr": "16.15",
            "d": 95,
            "e": "7.91",
            "bbiw": 2,
            "bbmr": 9,
            "ht": 0,
            "4w": 0,
            "bbmw": 2,
            "5w": 0,
            "10w": 0,
            "wb": 10,
            "bbir": 9,
            "wmaid": 1,
            "4s": 41,
            "6s": 4,
            "ov": "35.00",
            "r": 277,
            "w": 13,
            "maid": 1,
            "nb": 1,
            "b": 210,
            "a": "21.30",
            "inns": 11,
            "m": 11
          },
          "fieldingStats": {
            "c": 5,
            "ro": 0,
            "s": 0,
            "inns": 4,
            "m": 11
          }
        },
        {
          "matchType": "IPLT20",
          "battingStats": {
            "sr": "36.36",
            "4s": 0,
            "6s": 0,
            "r": "4",
            "b": 11,
            "a": "2.00",
            "no": 0,
            "hs": "3",
            "50s": 0,
            "100s": 0,
            "inns": 2,
            "m": 11
          },
          "bowlingStats": {
            "sr": "16.15",
            "d": 95,
            "e": "7.91",
            "bbiw": 2,
            "bbmr": 9,
            "ht": 0,
            "4w": 0,
            "bbmw": 2,
            "5w": 0,
            "10w": 0,
            "wb": 10,
            "bbir": 9,
            "wmaid": 1,
            "4s": 41,
            "6s": 4,
            "ov": "35.00",
            "r": 277,
            "w": 13,
            "maid": 1,
            "nb": 1,
            "b": 210,
            "a": "21.30",
            "inns": 11,
            "m": 11
          },
          "fieldingStats": {
            "c": 5,
            "ro": 0,
            "s": 0,
            "inns": 4,
            "m": 11
          }
        },
        {
          "matchType": "T20",
          "battingStats": {
            "sr": "36.36",
            "4s": 0,
            "6s": 0,
            "r": "4",
            "b": 11,
            "a": "2.00",
            "no": 0,
            "hs": "3",
            "50s": 0,
            "100s": 0,
            "inns": 2,
            "m": 11
          },
          "bowlingStats": {
            "sr": "16.15",
            "d": 95,
            "e": "7.91",
            "bbiw": 2,
            "bbmr": 9,
            "ht": 0,
            "4w": 0,
            "bbmw": 2,
            "5w": 0,
            "10w": 0,
            "wb": 10,
            "bbir": 9,
            "wmaid": 1,
            "4s": 41,
            "6s": 4,
            "ov": "35.00",
            "r": 277,
            "w": 13,
            "maid": 1,
            "nb": 1,
            "b": 210,
            "a": "21.30",
            "inns": 11,
            "m": 11
          },
          "fieldingStats": {
            "c": 5,
            "ro": 0,
            "s": 0,
            "inns": 4,
            "m": 11
          }
        },
        {
          "matchType": "ALL",
          "battingStats": {
            "sr": "36.36",
            "4s": 0,
            "6s": 0,
            "r": "4",
            "b": 11,
            "a": "2.00",
            "no": 0,
            "hs": "3",
            "50s": 0,
            "100s": 0,
            "inns": 2,
            "m": 11
          },
          "bowlingStats": {
            "sr": "16.15",
            "d": 95,
            "e": "7.91",
            "bbiw": 2,
            "bbmr": 9,
            "ht": 0,
            "4w": 0,
            "bbmw": 2,
            "5w": 0,
            "10w": 0,
            "wb": 10,
            "bbir": 9,
            "wmaid": 1,
            "4s": 41,
            "6s": 4,
            "ov": "35.00",
            "r": 277,
            "w": 13,
            "maid": 1,
            "nb": 1,
            "b": 210,
            "a": "21.30",
            "inns": 11,
            "m": 11
          },
          "fieldingStats": {
            "c": 5,
            "ro": 0,
            "s": 0,
            "inns": 4,
            "m": 11
          }
        }
      ]
    },
    {
      "player": {
        "nationality": "Indian",
        "dateOfBirth": "1983/10/08",
        "fullName": "Abhishek Nayar",
        "id": 66
      }
    },
    {
      "player": {
        "rightHandedBat": true,
        "nationality": "Australian",
        "dateOfBirth": "1991/02/12",
        "fullName": "Kane Richardson",
        "id": 798
      }
    },
    {
      "player": {
        "rightHandedBat": true,
        "nationality": "Australian",
        "dateOfBirth": "1987/01/30",
        "fullName": "Ben Cutting",
        "id": 913
      }
    },
    {
      "player": {
        "nationality": "Indian",
        "dateOfBirth": "1991/12/06",
        "fullName": "Karun Nair",
        "id": 276
      },
      "stats": [
        {
          "matchType": "AGG",
          "battingStats": {
            "sr": "124.82",
            "4s": 18,
            "6s": 5,
            "r": "181",
            "b": 145,
            "a": "16.45",
            "no": 1,
            "hs": "61",
            "50s": 1,
            "100s": 0,
            "inns": 12,
            "m": 14
          },
          "bowlingStats": {
            "sr": "-",
            "d": 0,
            "e": "-",
            "bbiw": 0,
            "bbmr": 0,
            "ht": 0,
            "4w": 0,
            "bbmw": 0,
            "5w": 0,
            "10w": 0,
            "wb": 0,
            "bbir": 0,
            "wmaid": 0,
            "4s": 0,
            "6s": 0,
            "ov": "-",
            "r": 0,
            "w": 0,
            "maid": 0,
            "nb": 0,
            "b": 0,
            "a": "-",
            "inns": 0,
            "m": 14
          },
          "fieldingStats": {
            "c": 3,
            "ro": 0,
            "s": 0,
            "inns": 3,
            "m": 14
          }
        },
        {
          "matchType": "IPLT20",
          "battingStats": {
            "sr": "124.82",
            "4s": 18,
            "6s": 5,
            "r": "181",
            "b": 145,
            "a": "16.45",
            "no": 1,
            "hs": "61",
            "50s": 1,
            "100s": 0,
            "inns": 12,
            "m": 14
          },
          "bowlingStats": {
            "sr": "-",
            "d": 0,
            "e": "-",
            "bbiw": 0,
            "bbmr": 0,
            "ht": 0,
            "4w": 0,
            "bbmw": 0,
            "5w": 0,
            "10w": 0,
            "wb": 0,
            "bbir": 0,
            "wmaid": 0,
            "4s": 0,
            "6s": 0,
            "ov": "-",
            "r": 0,
            "w": 0,
            "maid": 0,
            "nb": 0,
            "b": 0,
            "a": "-",
            "inns": 0,
            "m": 14
          },
          "fieldingStats": {
            "c": 3,
            "ro": 0,
            "s": 0,
            "inns": 3,
            "m": 14
          }
        },
        {
          "matchType": "T20",
          "battingStats": {
            "sr": "124.82",
            "4s": 18,
            "6s": 5,
            "r": "181",
            "b": 145,
            "a": "16.45",
            "no": 1,
            "hs": "61",
            "50s": 1,
            "100s": 0,
            "inns": 12,
            "m": 14
          },
          "bowlingStats": {
            "sr": "-",
            "d": 0,
            "e": "-",
            "bbiw": 0,
            "bbmr": 0,
            "ht": 0,
            "4w": 0,
            "bbmw": 0,
            "5w": 0,
            "10w": 0,
            "wb": 0,
            "bbir": 0,
            "wmaid": 0,
            "4s": 0,
            "6s": 0,
            "ov": "-",
            "r": 0,
            "w": 0,
            "maid": 0,
            "nb": 0,
            "b": 0,
            "a": "-",
            "inns": 0,
            "m": 14
          },
          "fieldingStats": {
            "c": 3,
            "ro": 0,
            "s": 0,
            "inns": 3,
            "m": 14
          }
        },
        {
          "matchType": "ALL",
          "battingStats": {
            "sr": "124.82",
            "4s": 18,
            "6s": 5,
            "r": "181",
            "b": 145,
            "a": "16.45",
            "no": 1,
            "hs": "61",
            "50s": 1,
            "100s": 0,
            "inns": 12,
            "m": 14
          },
          "bowlingStats": {
            "sr": "-",
            "d": 0,
            "e": "-",
            "bbiw": 0,
            "bbmr": 0,
            "ht": 0,
            "4w": 0,
            "bbmw": 0,
            "5w": 0,
            "10w": 0,
            "wb": 0,
            "bbir": 0,
            "wmaid": 0,
            "4s": 0,
            "6s": 0,
            "ov": "-",
            "r": 0,
            "w": 0,
            "maid": 0,
            "nb": 0,
            "b": 0,
            "a": "-",
            "inns": 0,
            "m": 14
          },
          "fieldingStats": {
            "c": 3,
            "ro": 0,
            "s": 0,
            "inns": 3,
            "m": 14
          }
        }
      ]
    },
    {
      "player": {
        "rightHandedBat": true,
        "nationality": "Indian",
        "dateOfBirth": "1995/04/19",
        "fullName": "Deepak Hooda",
        "id": 1556
      },
      "stats": [
        {
          "matchType": "AGG",
          "battingStats": {
            "sr": "158.94",
            "4s": 6,
            "6s": 11,
            "r": "151",
            "b": 95,
            "a": "16.77",
            "no": 0,
            "hs": "54",
            "50s": 1,
            "100s": 0,
            "inns": 9,
            "m": 14
          },
          "bowlingStats": {
            "sr": "91.00",
            "d": 25,
            "e": "8.50",
            "bbiw": 1,
            "bbmr": 35,
            "ht": 0,
            "4w": 0,
            "bbmw": 1,
            "5w": 0,
            "10w": 0,
            "wb": 6,
            "bbir": 35,
            "wmaid": 0,
            "4s": 10,
            "6s": 4,
            "ov": "15.16",
            "r": 129,
            "w": 1,
            "maid": 0,
            "nb": 0,
            "b": 91,
            "a": "129.00",
            "inns": 7,
            "m": 14
          },
          "fieldingStats": {
            "c": 1,
            "ro": 1,
            "s": 0,
            "inns": 1,
            "m": 14
          }
        },
        {
          "matchType": "IPLT20",
          "battingStats": {
            "sr": "158.94",
            "4s": 6,
            "6s": 11,
            "r": "151",
            "b": 95,
            "a": "16.77",
            "no": 0,
            "hs": "54",
            "50s": 1,
            "100s": 0,
            "inns": 9,
            "m": 14
          },
          "bowlingStats": {
            "sr": "91.00",
            "d": 25,
            "e": "8.50",
            "bbiw": 1,
            "bbmr": 35,
            "ht": 0,
            "4w": 0,
            "bbmw": 1,
            "5w": 0,
            "10w": 0,
            "wb": 6,
            "bbir": 35,
            "wmaid": 0,
            "4s": 10,
            "6s": 4,
            "ov": "15.16",
            "r": 129,
            "w": 1,
            "maid": 0,
            "nb": 0,
            "b": 91,
            "a": "129.00",
            "inns": 7,
            "m": 14
          },
          "fieldingStats": {
            "c": 1,
            "ro": 1,
            "s": 0,
            "inns": 1,
            "m": 14
          }
        },
        {
          "matchType": "T20",
          "battingStats": {
            "sr": "158.94",
            "4s": 6,
            "6s": 11,
            "r": "151",
            "b": 95,
            "a": "16.77",
            "no": 0,
            "hs": "54",
            "50s": 1,
            "100s": 0,
            "inns": 9,
            "m": 14
          },
          "bowlingStats": {
            "sr": "91.00",
            "d": 25,
            "e": "8.50",
            "bbiw": 1,
            "bbmr": 35,
            "ht": 0,
            "4w": 0,
            "bbmw": 1,
            "5w": 0,
            "10w": 0,
            "wb": 6,
            "bbir": 35,
            "wmaid": 0,
            "4s": 10,
            "6s": 4,
            "ov": "15.16",
            "r": 129,
            "w": 1,
            "maid": 0,
            "nb": 0,
            "b": 91,
            "a": "129.00",
            "inns": 7,
            "m": 14
          },
          "fieldingStats": {
            "c": 1,
            "ro": 1,
            "s": 0,
            "inns": 1,
            "m": 14
          }
        },
        {
          "matchType": "ALL",
          "battingStats": {
            "sr": "158.94",
            "4s": 6,
            "6s": 11,
            "r": "151",
            "b": 95,
            "a": "16.77",
            "no": 0,
            "hs": "54",
            "50s": 1,
            "100s": 0,
            "inns": 9,
            "m": 14
          },
          "bowlingStats": {
            "sr": "91.00",
            "d": 25,
            "e": "8.50",
            "bbiw": 1,
            "bbmr": 35,
            "ht": 0,
            "4w": 0,
            "bbmw": 1,
            "5w": 0,
            "10w": 0,
            "wb": 6,
            "bbir": 35,
            "wmaid": 0,
            "4s": 10,
            "6s": 4,
            "ov": "15.16",
            "r": 129,
            "w": 1,
            "maid": 0,
            "nb": 0,
            "b": 91,
            "a": "129.00",
            "inns": 7,
            "m": 14
          },
          "fieldingStats": {
            "c": 1,
            "ro": 1,
            "s": 0,
            "inns": 1,
            "m": 14
          }
        }
      ]
    },
    {
      "player": {
        "nationality": "Indian",
        "dateOfBirth": "1983/06/22",
        "fullName": "Dishant Yagnik",
        "id": 141
      }
    },
    {
      "player": {
        "nationality": "Indian",
        "dateOfBirth": "1983/05/09",
        "fullName": "Vikramjeet Malik",
        "id": 82
      }
    },
    {
      "player": {
        "nationality": "Indian",
        "dateOfBirth": "1991/04/20",
        "fullName": "Ankit Sharma",
        "id": 32
      },
      "stats": [
        {
          "matchType": "AGG",
          "battingStats": {
            "sr": "116.66",
            "4s": 1,
            "6s": 0,
            "r": "7",
            "b": 6,
            "a": "7.00",
            "no": 1,
            "hs": "7*",
            "50s": 0,
            "100s": 0,
            "inns": 2,
            "m": 4
          },
          "bowlingStats": {
            "sr": "28.00",
            "d": 29,
            "e": "8.14",
            "bbiw": 1,
            "bbmr": 26,
            "ht": 0,
            "4w": 0,
            "bbmw": 1,
            "5w": 0,
            "10w": 0,
            "wb": 2,
            "bbir": 26,
            "wmaid": 0,
            "4s": 11,
            "6s": 3,
            "ov": "14.00",
            "r": 114,
            "w": 3,
            "maid": 0,
            "nb": 0,
            "b": 84,
            "a": "38.00",
            "inns": 4,
            "m": 4
          },
          "fieldingStats": {
            "c": 2,
            "ro": 0,
            "s": 0,
            "inns": 2,
            "m": 4
          }
        },
        {
          "matchType": "IPLT20",
          "battingStats": {
            "sr": "116.66",
            "4s": 1,
            "6s": 0,
            "r": "7",
            "b": 6,
            "a": "7.00",
            "no": 1,
            "hs": "7*",
            "50s": 0,
            "100s": 0,
            "inns": 2,
            "m": 4
          },
          "bowlingStats": {
            "sr": "28.00",
            "d": 29,
            "e": "8.14",
            "bbiw": 1,
            "bbmr": 26,
            "ht": 0,
            "4w": 0,
            "bbmw": 1,
            "5w": 0,
            "10w": 0,
            "wb": 2,
            "bbir": 26,
            "wmaid": 0,
            "4s": 11,
            "6s": 3,
            "ov": "14.00",
            "r": 114,
            "w": 3,
            "maid": 0,
            "nb": 0,
            "b": 84,
            "a": "38.00",
            "inns": 4,
            "m": 4
          },
          "fieldingStats": {
            "c": 2,
            "ro": 0,
            "s": 0,
            "inns": 2,
            "m": 4
          }
        },
        {
          "matchType": "T20",
          "battingStats": {
            "sr": "116.66",
            "4s": 1,
            "6s": 0,
            "r": "7",
            "b": 6,
            "a": "7.00",
            "no": 1,
            "hs": "7*",
            "50s": 0,
            "100s": 0,
            "inns": 2,
            "m": 4
          },
          "bowlingStats": {
            "sr": "28.00",
            "d": 29,
            "e": "8.14",
            "bbiw": 1,
            "bbmr": 26,
            "ht": 0,
            "4w": 0,
            "bbmw": 1,
            "5w": 0,
            "10w": 0,
            "wb": 2,
            "bbir": 26,
            "wmaid": 0,
            "4s": 11,
            "6s": 3,
            "ov": "14.00",
            "r": 114,
            "w": 3,
            "maid": 0,
            "nb": 0,
            "b": 84,
            "a": "38.00",
            "inns": 4,
            "m": 4
          },
          "fieldingStats": {
            "c": 2,
            "ro": 0,
            "s": 0,
            "inns": 2,
            "m": 4
          }
        },
        {
          "matchType": "ALL",
          "battingStats": {
            "sr": "116.66",
            "4s": 1,
            "6s": 0,
            "r": "7",
            "b": 6,
            "a": "7.00",
            "no": 1,
            "hs": "7*",
            "50s": 0,
            "100s": 0,
            "inns": 2,
            "m": 4
          },
          "bowlingStats": {
            "sr": "28.00",
            "d": 29,
            "e": "8.14",
            "bbiw": 1,
            "bbmr": 26,
            "ht": 0,
            "4w": 0,
            "bbmw": 1,
            "5w": 0,
            "10w": 0,
            "wb": 2,
            "bbir": 26,
            "wmaid": 0,
            "4s": 11,
            "6s": 3,
            "ov": "14.00",
            "r": 114,
            "w": 3,
            "maid": 0,
            "nb": 0,
            "b": 84,
            "a": "38.00",
            "inns": 4,
            "m": 4
          },
          "fieldingStats": {
            "c": 2,
            "ro": 0,
            "s": 0,
            "inns": 2,
            "m": 4
          }
        }
      ]
    },
    {
      "player": {
        "nationality": "Indian",
        "dateOfBirth": "1993/05/20",
        "fullName": "Rahul Tewatia",
        "id": 1749
      },
      "stats": [
        {
          "matchType": "AGG",
          "battingStats": {
            "sr": "-",
            "4s": 0,
            "6s": 0,
            "r": "0",
            "a": "-",
            "no": 0,
            "hs": "0*",
            "50s": 0,
            "100s": 0,
            "inns": 0,
            "m": 1
          },
          "bowlingStats": {
            "sr": "18.00",
            "d": 6,
            "e": "10.33",
            "bbiw": 1,
            "bbmr": 31,
            "ht": 0,
            "4w": 0,
            "bbmw": 1,
            "5w": 0,
            "10w": 0,
            "wb": 0,
            "bbir": 31,
            "wmaid": 0,
            "4s": 2,
            "6s": 2,
            "ov": "3.00",
            "r": 31,
            "w": 1,
            "maid": 0,
            "nb": 0,
            "b": 18,
            "a": "31.00",
            "inns": 1,
            "m": 1
          },
          "fieldingStats": {
            "c": 0,
            "ro": 1,
            "s": 0,
            "inns": 1,
            "m": 1
          }
        },
        {
          "matchType": "IPLT20",
          "battingStats": {
            "sr": "-",
            "4s": 0,
            "6s": 0,
            "r": "0",
            "a": "-",
            "no": 0,
            "hs": "0*",
            "50s": 0,
            "100s": 0,
            "inns": 0,
            "m": 1
          },
          "bowlingStats": {
            "sr": "18.00",
            "d": 6,
            "e": "10.33",
            "bbiw": 1,
            "bbmr": 31,
            "ht": 0,
            "4w": 0,
            "bbmw": 1,
            "5w": 0,
            "10w": 0,
            "wb": 0,
            "bbir": 31,
            "wmaid": 0,
            "4s": 2,
            "6s": 2,
            "ov": "3.00",
            "r": 31,
            "w": 1,
            "maid": 0,
            "nb": 0,
            "b": 18,
            "a": "31.00",
            "inns": 1,
            "m": 1
          },
          "fieldingStats": {
            "c": 0,
            "ro": 1,
            "s": 0,
            "inns": 1,
            "m": 1
          }
        },
        {
          "matchType": "T20",
          "battingStats": {
            "sr": "-",
            "4s": 0,
            "6s": 0,
            "r": "0",
            "a": "-",
            "no": 0,
            "hs": "0*",
            "50s": 0,
            "100s": 0,
            "inns": 0,
            "m": 1
          },
          "bowlingStats": {
            "sr": "18.00",
            "d": 6,
            "e": "10.33",
            "bbiw": 1,
            "bbmr": 31,
            "ht": 0,
            "4w": 0,
            "bbmw": 1,
            "5w": 0,
            "10w": 0,
            "wb": 0,
            "bbir": 31,
            "wmaid": 0,
            "4s": 2,
            "6s": 2,
            "ov": "3.00",
            "r": 31,
            "w": 1,
            "maid": 0,
            "nb": 0,
            "b": 18,
            "a": "31.00",
            "inns": 1,
            "m": 1
          },
          "fieldingStats": {
            "c": 0,
            "ro": 1,
            "s": 0,
            "inns": 1,
            "m": 1
          }
        },
        {
          "matchType": "ALL",
          "battingStats": {
            "sr": "-",
            "4s": 0,
            "6s": 0,
            "r": "0",
            "a": "-",
            "no": 0,
            "hs": "0*",
            "50s": 0,
            "100s": 0,
            "inns": 0,
            "m": 1
          },
          "bowlingStats": {
            "sr": "18.00",
            "d": 6,
            "e": "10.33",
            "bbiw": 1,
            "bbmr": 31,
            "ht": 0,
            "4w": 0,
            "bbmw": 1,
            "5w": 0,
            "10w": 0,
            "wb": 0,
            "bbir": 31,
            "wmaid": 0,
            "4s": 2,
            "6s": 2,
            "ov": "3.00",
            "r": 31,
            "w": 1,
            "maid": 0,
            "nb": 0,
            "b": 18,
            "a": "31.00",
            "inns": 1,
            "m": 1
          },
          "fieldingStats": {
            "c": 0,
            "ro": 1,
            "s": 0,
            "inns": 1,
            "m": 1
          }
        }
      ]
    },
    {
      "player": {
        "rightHandedBat": true,
        "nationality": "Indian",
        "dateOfBirth": "1971/10/08",
        "fullName": "Pravin Tambe",
        "id": 1114
      },
      "stats": [
        {
          "matchType": "AGG",
          "battingStats": {
            "sr": "60.00",
            "4s": 0,
            "6s": 0,
            "r": "3",
            "b": 5,
            "a": "-",
            "no": 2,
            "hs": "2*",
            "50s": 0,
            "100s": 0,
            "inns": 2,
            "m": 10
          },
          "bowlingStats": {
            "sr": "29.14",
            "d": 69,
            "e": "7.82",
            "bbiw": 2,
            "bbmr": 21,
            "ht": 0,
            "4w": 0,
            "bbmw": 2,
            "5w": 0,
            "10w": 0,
            "wb": 0,
            "bbir": 21,
            "wmaid": 0,
            "4s": 17,
            "6s": 12,
            "ov": "34.00",
            "r": 266,
            "w": 7,
            "maid": 0,
            "nb": 0,
            "b": 204,
            "a": "38.00",
            "inns": 10,
            "m": 10
          },
          "fieldingStats": {
            "c": 1,
            "ro": 0,
            "s": 0,
            "inns": 1,
            "m": 10
          }
        },
        {
          "matchType": "IPLT20",
          "battingStats": {
            "sr": "60.00",
            "4s": 0,
            "6s": 0,
            "r": "3",
            "b": 5,
            "a": "-",
            "no": 2,
            "hs": "2*",
            "50s": 0,
            "100s": 0,
            "inns": 2,
            "m": 10
          },
          "bowlingStats": {
            "sr": "29.14",
            "d": 69,
            "e": "7.82",
            "bbiw": 2,
            "bbmr": 21,
            "ht": 0,
            "4w": 0,
            "bbmw": 2,
            "5w": 0,
            "10w": 0,
            "wb": 0,
            "bbir": 21,
            "wmaid": 0,
            "4s": 17,
            "6s": 12,
            "ov": "34.00",
            "r": 266,
            "w": 7,
            "maid": 0,
            "nb": 0,
            "b": 204,
            "a": "38.00",
            "inns": 10,
            "m": 10
          },
          "fieldingStats": {
            "c": 1,
            "ro": 0,
            "s": 0,
            "inns": 1,
            "m": 10
          }
        },
        {
          "matchType": "T20",
          "battingStats": {
            "sr": "60.00",
            "4s": 0,
            "6s": 0,
            "r": "3",
            "b": 5,
            "a": "-",
            "no": 2,
            "hs": "2*",
            "50s": 0,
            "100s": 0,
            "inns": 2,
            "m": 10
          },
          "bowlingStats": {
            "sr": "29.14",
            "d": 69,
            "e": "7.82",
            "bbiw": 2,
            "bbmr": 21,
            "ht": 0,
            "4w": 0,
            "bbmw": 2,
            "5w": 0,
            "10w": 0,
            "wb": 0,
            "bbir": 21,
            "wmaid": 0,
            "4s": 17,
            "6s": 12,
            "ov": "34.00",
            "r": 266,
            "w": 7,
            "maid": 0,
            "nb": 0,
            "b": 204,
            "a": "38.00",
            "inns": 10,
            "m": 10
          },
          "fieldingStats": {
            "c": 1,
            "ro": 0,
            "s": 0,
            "inns": 1,
            "m": 10
          }
        },
        {
          "matchType": "ALL",
          "battingStats": {
            "sr": "60.00",
            "4s": 0,
            "6s": 0,
            "r": "3",
            "b": 5,
            "a": "-",
            "no": 2,
            "hs": "2*",
            "50s": 0,
            "100s": 0,
            "inns": 2,
            "m": 10
          },
          "bowlingStats": {
            "sr": "29.14",
            "d": 69,
            "e": "7.82",
            "bbiw": 2,
            "bbmr": 21,
            "ht": 0,
            "4w": 0,
            "bbmw": 2,
            "5w": 0,
            "10w": 0,
            "wb": 0,
            "bbir": 21,
            "wmaid": 0,
            "4s": 17,
            "6s": 12,
            "ov": "34.00",
            "r": 266,
            "w": 7,
            "maid": 0,
            "nb": 0,
            "b": 204,
            "a": "38.00",
            "inns": 10,
            "m": 10
          },
          "fieldingStats": {
            "c": 1,
            "ro": 0,
            "s": 0,
            "inns": 1,
            "m": 10
          }
        }
      ]
    },
    {
      "player": {
        "rightHandedBat": true,
        "nationality": "South African",
        "dateOfBirth": "1987/04/30",
        "fullName": "Chris Morris",
        "id": 836
      },
      "stats": [
        {
          "matchType": "AGG",
          "battingStats": {
            "sr": "165.21",
            "4s": 3,
            "6s": 5,
            "r": "76",
            "b": 46,
            "a": "38.00",
            "no": 5,
            "hs": "34*",
            "50s": 0,
            "100s": 0,
            "inns": 7,
            "m": 11
          },
          "bowlingStats": {
            "sr": "19.38",
            "d": 113,
            "e": "7.40",
            "bbiw": 4,
            "bbmr": 23,
            "ht": 0,
            "4w": 1,
            "bbmw": 4,
            "5w": 0,
            "10w": 0,
            "wb": 11,
            "bbir": 23,
            "wmaid": 0,
            "4s": 31,
            "6s": 11,
            "ov": "42.00",
            "r": 311,
            "w": 13,
            "maid": 0,
            "nb": 0,
            "b": 252,
            "a": "23.92",
            "inns": 11,
            "m": 11
          },
          "fieldingStats": {
            "c": 3,
            "ro": 0,
            "s": 0,
            "inns": 3,
            "m": 11
          }
        },
        {
          "matchType": "IPLT20",
          "battingStats": {
            "sr": "165.21",
            "4s": 3,
            "6s": 5,
            "r": "76",
            "b": 46,
            "a": "38.00",
            "no": 5,
            "hs": "34*",
            "50s": 0,
            "100s": 0,
            "inns": 7,
            "m": 11
          },
          "bowlingStats": {
            "sr": "19.38",
            "d": 113,
            "e": "7.40",
            "bbiw": 4,
            "bbmr": 23,
            "ht": 0,
            "4w": 1,
            "bbmw": 4,
            "5w": 0,
            "10w": 0,
            "wb": 11,
            "bbir": 23,
            "wmaid": 0,
            "4s": 31,
            "6s": 11,
            "ov": "42.00",
            "r": 311,
            "w": 13,
            "maid": 0,
            "nb": 0,
            "b": 252,
            "a": "23.92",
            "inns": 11,
            "m": 11
          },
          "fieldingStats": {
            "c": 3,
            "ro": 0,
            "s": 0,
            "inns": 3,
            "m": 11
          }
        },
        {
          "matchType": "T20",
          "battingStats": {
            "sr": "165.21",
            "4s": 3,
            "6s": 5,
            "r": "76",
            "b": 46,
            "a": "38.00",
            "no": 5,
            "hs": "34*",
            "50s": 0,
            "100s": 0,
            "inns": 7,
            "m": 11
          },
          "bowlingStats": {
            "sr": "19.38",
            "d": 113,
            "e": "7.40",
            "bbiw": 4,
            "bbmr": 23,
            "ht": 0,
            "4w": 1,
            "bbmw": 4,
            "5w": 0,
            "10w": 0,
            "wb": 11,
            "bbir": 23,
            "wmaid": 0,
            "4s": 31,
            "6s": 11,
            "ov": "42.00",
            "r": 311,
            "w": 13,
            "maid": 0,
            "nb": 0,
            "b": 252,
            "a": "23.92",
            "inns": 11,
            "m": 11
          },
          "fieldingStats": {
            "c": 3,
            "ro": 0,
            "s": 0,
            "inns": 3,
            "m": 11
          }
        },
        {
          "matchType": "ALL",
          "battingStats": {
            "sr": "165.21",
            "4s": 3,
            "6s": 5,
            "r": "76",
            "b": 46,
            "a": "38.00",
            "no": 5,
            "hs": "34*",
            "50s": 0,
            "100s": 0,
            "inns": 7,
            "m": 11
          },
          "bowlingStats": {
            "sr": "19.38",
            "d": 113,
            "e": "7.40",
            "bbiw": 4,
            "bbmr": 23,
            "ht": 0,
            "4w": 1,
            "bbmw": 4,
            "5w": 0,
            "10w": 0,
            "wb": 11,
            "bbir": 23,
            "wmaid": 0,
            "4s": 31,
            "6s": 11,
            "ov": "42.00",
            "r": 311,
            "w": 13,
            "maid": 0,
            "nb": 0,
            "b": 252,
            "a": "23.92",
            "inns": 11,
            "m": 11
          },
          "fieldingStats": {
            "c": 3,
            "ro": 0,
            "s": 0,
            "inns": 3,
            "m": 11
          }
        }
      ]
    },
    {
      "player": {
        "rightHandedBat": true,
        "nationality": "Indian",
        "dateOfBirth": "1982/11/12",
        "fullName": "Dinesh Salunkhe",
        "id": 317
      }
    },
    {
      "player": {
        "nationality": "South African",
        "dateOfBirth": "1985/07/24",
        "fullName": "Juan Theron",
        "id": 183
      },
      "stats": [
        {
          "matchType": "AGG",
          "battingStats": {
            "sr": "100.00",
            "4s": 0,
            "6s": 0,
            "r": "1",
            "b": 1,
            "a": "-",
            "no": 1,
            "hs": "1*",
            "50s": 0,
            "100s": 0,
            "inns": 1,
            "m": 1
          },
          "bowlingStats": {
            "sr": "24.00",
            "d": 4,
            "e": "10.00",
            "bbiw": 1,
            "bbmr": 40,
            "ht": 0,
            "4w": 0,
            "bbmw": 1,
            "5w": 0,
            "10w": 0,
            "wb": 2,
            "bbir": 40,
            "wmaid": 0,
            "4s": 4,
            "6s": 1,
            "ov": "4.00",
            "r": 40,
            "w": 1,
            "maid": 0,
            "nb": 0,
            "b": 24,
            "a": "40.00",
            "inns": 1,
            "m": 1
          },
          "fieldingStats": {
            "c": 0,
            "ro": 0,
            "s": 0,
            "inns": 0,
            "m": 1
          }
        },
        {
          "matchType": "IPLT20",
          "battingStats": {
            "sr": "100.00",
            "4s": 0,
            "6s": 0,
            "r": "1",
            "b": 1,
            "a": "-",
            "no": 1,
            "hs": "1*",
            "50s": 0,
            "100s": 0,
            "inns": 1,
            "m": 1
          },
          "bowlingStats": {
            "sr": "24.00",
            "d": 4,
            "e": "10.00",
            "bbiw": 1,
            "bbmr": 40,
            "ht": 0,
            "4w": 0,
            "bbmw": 1,
            "5w": 0,
            "10w": 0,
            "wb": 2,
            "bbir": 40,
            "wmaid": 0,
            "4s": 4,
            "6s": 1,
            "ov": "4.00",
            "r": 40,
            "w": 1,
            "maid": 0,
            "nb": 0,
            "b": 24,
            "a": "40.00",
            "inns": 1,
            "m": 1
          },
          "fieldingStats": {
            "c": 0,
            "ro": 0,
            "s": 0,
            "inns": 0,
            "m": 1
          }
        },
        {
          "matchType": "T20",
          "battingStats": {
            "sr": "100.00",
            "4s": 0,
            "6s": 0,
            "r": "1",
            "b": 1,
            "a": "-",
            "no": 1,
            "hs": "1*",
            "50s": 0,
            "100s": 0,
            "inns": 1,
            "m": 1
          },
          "bowlingStats": {
            "sr": "24.00",
            "d": 4,
            "e": "10.00",
            "bbiw": 1,
            "bbmr": 40,
            "ht": 0,
            "4w": 0,
            "bbmw": 1,
            "5w": 0,
            "10w": 0,
            "wb": 2,
            "bbir": 40,
            "wmaid": 0,
            "4s": 4,
            "6s": 1,
            "ov": "4.00",
            "r": 40,
            "w": 1,
            "maid": 0,
            "nb": 0,
            "b": 24,
            "a": "40.00",
            "inns": 1,
            "m": 1
          },
          "fieldingStats": {
            "c": 0,
            "ro": 0,
            "s": 0,
            "inns": 0,
            "m": 1
          }
        },
        {
          "matchType": "ALL",
          "battingStats": {
            "sr": "100.00",
            "4s": 0,
            "6s": 0,
            "r": "1",
            "b": 1,
            "a": "-",
            "no": 1,
            "hs": "1*",
            "50s": 0,
            "100s": 0,
            "inns": 1,
            "m": 1
          },
          "bowlingStats": {
            "sr": "24.00",
            "d": 4,
            "e": "10.00",
            "bbiw": 1,
            "bbmr": 40,
            "ht": 0,
            "4w": 0,
            "bbmw": 1,
            "5w": 0,
            "10w": 0,
            "wb": 2,
            "bbir": 40,
            "wmaid": 0,
            "4s": 4,
            "6s": 1,
            "ov": "4.00",
            "r": 40,
            "w": 1,
            "maid": 0,
            "nb": 0,
            "b": 24,
            "a": "40.00",
            "inns": 1,
            "m": 1
          },
          "fieldingStats": {
            "c": 0,
            "ro": 0,
            "s": 0,
            "inns": 0,
            "m": 1
          }
        }
      ]
    },
    {
      "player": {
        "rightHandedBat": true,
        "nationality": "Indian",
        "dateOfBirth": "1985/08/21",
        "fullName": "Pradeep Sahu",
        "id": 2745
      }
    },
    {
      "player": {
        "nationality": "Indian",
        "dateOfBirth": "1992/12/10",
        "fullName": "Barinder Sran",
        "id": 2746
      },
      "stats": [
        {
          "matchType": "AGG",
          "battingStats": {
            "sr": "-",
            "4s": 0,
            "6s": 0,
            "r": "0",
            "a": "-",
            "no": 0,
            "hs": "0*",
            "50s": 0,
            "100s": 0,
            "inns": 0,
            "m": 1
          },
          "bowlingStats": {
            "sr": "-",
            "d": 5,
            "e": "11.66",
            "bbiw": 0,
            "bbmr": 35,
            "ht": 0,
            "4w": 0,
            "bbmw": 0,
            "5w": 0,
            "10w": 0,
            "wb": 1,
            "bbir": 35,
            "wmaid": 0,
            "4s": 5,
            "6s": 1,
            "ov": "3.00",
            "r": 35,
            "w": 0,
            "maid": 0,
            "nb": 1,
            "b": 18,
            "a": "-",
            "inns": 1,
            "m": 1
          },
          "fieldingStats": {
            "c": 0,
            "ro": 0,
            "s": 0,
            "inns": 0,
            "m": 1
          }
        },
        {
          "matchType": "IPLT20",
          "battingStats": {
            "sr": "-",
            "4s": 0,
            "6s": 0,
            "r": "0",
            "a": "-",
            "no": 0,
            "hs": "0*",
            "50s": 0,
            "100s": 0,
            "inns": 0,
            "m": 1
          },
          "bowlingStats": {
            "sr": "-",
            "d": 5,
            "e": "11.66",
            "bbiw": 0,
            "bbmr": 35,
            "ht": 0,
            "4w": 0,
            "bbmw": 0,
            "5w": 0,
            "10w": 0,
            "wb": 1,
            "bbir": 35,
            "wmaid": 0,
            "4s": 5,
            "6s": 1,
            "ov": "3.00",
            "r": 35,
            "w": 0,
            "maid": 0,
            "nb": 1,
            "b": 18,
            "a": "-",
            "inns": 1,
            "m": 1
          },
          "fieldingStats": {
            "c": 0,
            "ro": 0,
            "s": 0,
            "inns": 0,
            "m": 1
          }
        },
        {
          "matchType": "T20",
          "battingStats": {
            "sr": "-",
            "4s": 0,
            "6s": 0,
            "r": "0",
            "a": "-",
            "no": 0,
            "hs": "0*",
            "50s": 0,
            "100s": 0,
            "inns": 0,
            "m": 1
          },
          "bowlingStats": {
            "sr": "-",
            "d": 5,
            "e": "11.66",
            "bbiw": 0,
            "bbmr": 35,
            "ht": 0,
            "4w": 0,
            "bbmw": 0,
            "5w": 0,
            "10w": 0,
            "wb": 1,
            "bbir": 35,
            "wmaid": 0,
            "4s": 5,
            "6s": 1,
            "ov": "3.00",
            "r": 35,
            "w": 0,
            "maid": 0,
            "nb": 1,
            "b": 18,
            "a": "-",
            "inns": 1,
            "m": 1
          },
          "fieldingStats": {
            "c": 0,
            "ro": 0,
            "s": 0,
            "inns": 0,
            "m": 1
          }
        },
        {
          "matchType": "ALL",
          "battingStats": {
            "sr": "-",
            "4s": 0,
            "6s": 0,
            "r": "0",
            "a": "-",
            "no": 0,
            "hs": "0*",
            "50s": 0,
            "100s": 0,
            "inns": 0,
            "m": 1
          },
          "bowlingStats": {
            "sr": "-",
            "d": 5,
            "e": "11.66",
            "bbiw": 0,
            "bbmr": 35,
            "ht": 0,
            "4w": 0,
            "bbmw": 0,
            "5w": 0,
            "10w": 0,
            "wb": 1,
            "bbir": 35,
            "wmaid": 0,
            "4s": 5,
            "6s": 1,
            "ov": "3.00",
            "r": 35,
            "w": 0,
            "maid": 0,
            "nb": 1,
            "b": 18,
            "a": "-",
            "inns": 1,
            "m": 1
          },
          "fieldingStats": {
            "c": 0,
            "ro": 0,
            "s": 0,
            "inns": 0,
            "m": 1
          }
        }
      ]
    },
    {
      "player": {
        "nationality": "Indian",
        "dateOfBirth": "1991/10/20",
        "fullName": "Sagar Trivedi",
        "id": 2747
      }
    }
  ]
}