{
  "squads": [
    {
      "players": [
        {
          "names": [
            "MS Dhoni",
            "MS Dhoni"
          ],
          "dateOfBirth": 363312000000,
          "shortName": "MS Dhoni",
          "nationality": "Indian",
          "id": 1,
          "fullName": "MS Dhoni"
        },
        {
          "names": [
            "Ashish Nehra",
            "A Nehra"
          ],
          "dateOfBirth": 294192000000,
          "shortName": "A Nehra",
          "nationality": "Indian",
          "id": 115,
          "fullName": "Ashish Nehra"
        },
        {
          "names": [
            "Baba Aparajith",
            "B Aparajith"
          ],
          "dateOfBirth": 773625600000,
          "rightHandedBat": true,
          "shortName": "B Aparajith",
          "nationality": "Indian",
          "id": 1084,
          "fullName": "Baba Aparajith"
        },
        {
          "names": [
            "Brendon McCullum",
            "B McCullum"
          ],
          "dateOfBirth": 370396800000,
          "shortName": "B McCullum",
          "nationality": "New Zealander",
          "id": 202,
          "fullName": "Brendon McCullum"
        },
        {
          "names": [
            "Dwayne Bravo",
            "DJ Bravo"
          ],
          "dateOfBirth": 434332800000,
          "shortName": "DJ Bravo",
          "nationality": "West Indian",
          "id": 25,
          "fullName": "Dwayne Bravo"
        },
        {
          "names": [
            "Dwayne Smith",
            "DR Smith"
          ],
          "dateOfBirth": 418953600000,
          "shortName": "DR Smith",
          "nationality": "West Indian",
          "id": 413,
          "fullName": "Dwayne Smith"
        },
        {
          "names": [
            "Francois du Plessis",
            "F du Plessis"
          ],
          "dateOfBirth": 458524800000,
          "shortName": "F du Plessis",
          "nationality": "South African",
          "id": 24,
          "fullName": "Francois du Plessis"
        },
        {
          "names": [
            "Ishwar Pandey",
            "I Pandey"
          ],
          "dateOfBirth": 619142400000,
          "rightHandedBat": true,
          "shortName": "I Pandey",
          "nationality": "Indian",
          "id": 1090,
          "fullName": "Ishwar Pandey"
        },
        {
          "names": [
            "Matt Henry",
            "M Henry"
          ],
          "dateOfBirth": 692668800000,
          "rightHandedBat": true,
          "shortName": "M Henry",
          "nationality": "New Zealander",
          "id": 1505,
          "fullName": "Matt Henry"
        },
        {
          "names": [
            "Mithun Manhas",
            "M Manhas"
          ],
          "dateOfBirth": 308534400000,
          "shortName": "M Manhas",
          "nationality": "Indian",
          "id": 124,
          "fullName": "Mithun Manhas"
        },
        {
          "names": [
            "Mohit Sharma",
            "M Sharma"
          ],
          "dateOfBirth": 693100800000,
          "rightHandedBat": true,
          "shortName": "M Sharma",
          "nationality": "Indian",
          "id": 1107,
          "fullName": "Mohit Sharma"
        },
        {
          "names": [
            "Pawan Negi",
            "P Negi"
          ],
          "dateOfBirth": 410659200000,
          "shortName": "P Negi",
          "nationality": "Indian",
          "id": 53,
          "fullName": "Pawan Negi"
        },
        {
          "names": [
            "Ravichandran Ashwin",
            "R Ashwin"
          ],
          "dateOfBirth": 527299200000,
          "shortName": "R Ashwin",
          "nationality": "Indian",
          "id": 8,
          "fullName": "Ravichandran Ashwin"
        },
        {
          "names": [
            "Ravindra Jadeja",
            "R Jadeja"
          ],
          "dateOfBirth": 597369600000,
          "shortName": "R Jadeja",
          "nationality": "Indian",
          "id": 9,
          "fullName": "Ravindra Jadeja"
        },
        {
          "names": [
            "Samuel Badree",
            "S Badree"
          ],
          "dateOfBirth": 352944000000,
          "rightHandedBat": true,
          "shortName": "S Badree",
          "nationality": "West Indian",
          "id": 590,
          "fullName": "Samuel Badree"
        },
        {
          "names": [
            "Suresh Raina",
            "S Raina"
          ],
          "dateOfBirth": 533433600000,
          "shortName": "S Raina",
          "nationality": "Indian",
          "id": 14,
          "fullName": "Suresh Raina"
        },
        {
          "names": [
            "Ronit More",
            "R More"
          ],
          "dateOfBirth": 697766400000,
          "shortName": "R More",
          "nationality": "Indian",
          "id": 277,
          "fullName": "Ronit More"
        },
        {
          "names": [
            "Michael Hussey",
            "M Hussey"
          ],
          "dateOfBirth": 170380800000,
          "shortName": "M Hussey",
          "nationality": "Australian",
          "id": 20,
          "fullName": "Michael Hussey"
        },
        {
          "names": [
            "Rahul Sharma",
            "R Sharma"
          ],
          "dateOfBirth": 533692800000,
          "shortName": "R Sharma",
          "nationality": "Indian",
          "id": 126,
          "fullName": "Rahul Sharma"
        },
        {
          "names": [
            "Kyle Abbott",
            "K Abbott"
          ],
          "dateOfBirth": 550972800000,
          "rightHandedBat": true,
          "shortName": "K Abbott",
          "nationality": "South African",
          "id": 1105,
          "fullName": "Kyle Abbott"
        },
        {
          "names": [
            "Ankush Bains",
            "A Bains"
          ],
          "dateOfBirth": 819072000000,
          "rightHandedBat": true,
          "shortName": "A Bains",
          "nationality": "Indian",
          "id": 1558,
          "fullName": "Ankush Bains"
        },
        {
          "names": [
            "Irfan Pathan",
            "I Pathan"
          ],
          "dateOfBirth": 467683200000,
          "shortName": "I Pathan",
          "nationality": "Indian",
          "id": 49,
          "fullName": "Irfan Pathan"
        },
        {
          "names": [
            "Pratyush Singh",
            "P Singh"
          ],
          "dateOfBirth": 778636800000,
          "rightHandedBat": true,
          "shortName": "P Singh",
          "nationality": "Indian",
          "id": 2731,
          "fullName": "Pratyush Singh"
        },
        {
          "names": [
            "Andrew Tye",
            "A Tye"
          ],
          "dateOfBirth": 534729600000,
          "rightHandedBat": true,
          "shortName": "A Tye",
          "nationality": "Australian",
          "id": 1480,
          "fullName": "Andrew Tye"
        },
        {
          "names": [
            "Eklavya Dwivedi ",
            "E Dwivedi "
          ],
          "dateOfBirth": 585532800000,
          "shortName": "E Dwivedi ",
          "nationality": "Indian",
          "id": 118,
          "fullName": "Eklavya Dwivedi "
        }
      ],
      "team": {
        "shortName": "Super Kings",
        "abbreviation": "CSK",
        "primaryColor": "FDB913",
        "secondaryColor": "FFFFFF",
        "type": "m",
        "fullName": "Chennai Super Kings",
        "id": 1
      },
      "captainId": 1,
      "wicketKeeperId": 1,
      "id": 460
    },
    {
      "players": [
        {
          "names": [
            "Axar Patel",
            "A Patel"
          ],
          "dateOfBirth": 759024000000,
          "shortName": "A Patel",
          "nationality": "Indian",
          "id": 1113,
          "fullName": "Axar Patel"
        },
        {
          "names": [
            "Anureet Singh",
            "Anureet Singh"
          ],
          "dateOfBirth": 383529600000,
          "rightHandedBat": true,
          "shortName": "Anureet Singh",
          "nationality": "Indian",
          "id": 412,
          "fullName": "Anureet Singh"
        },
        {
          "names": [
            "Beuran Hendricks",
            "B Hendricks"
          ],
          "dateOfBirth": 644803200000,
          "rightHandedBat": true,
          "shortName": "B Hendricks",
          "nationality": "South African",
          "id": 1752,
          "fullName": "Beuran Hendricks"
        },
        {
          "names": [
            "David Miller",
            "D Miller"
          ],
          "dateOfBirth": 613440000000,
          "shortName": "D Miller",
          "nationality": "South African",
          "id": 187,
          "fullName": "David Miller"
        },
        {
          "names": [
            "George Bailey",
            "G Bailey"
          ],
          "dateOfBirth": 400204800000,
          "shortName": "G Bailey",
          "nationality": "Australian",
          "id": 19,
          "fullName": "George Bailey"
        },
        {
          "names": [
            "Glenn Maxwell",
            "G Maxwell"
          ],
          "dateOfBirth": 592790400000,
          "shortName": "G Maxwell",
          "nationality": "Australian",
          "id": 282,
          "fullName": "Glenn Maxwell"
        },
        {
          "names": [
            "Gurkeerat Mann Singh",
            "GM Singh"
          ],
          "dateOfBirth": 646617600000,
          "shortName": "GM Singh",
          "nationality": "Indian",
          "id": 253,
          "fullName": "Gurkeerat Mann Singh"
        },
        {
          "names": [
            "Karanveer Singh",
            "K Singh"
          ],
          "dateOfBirth": 563328000000,
          "rightHandedBat": true,
          "shortName": "K Singh",
          "nationality": "Indian",
          "id": 1743,
          "fullName": "Karanveer Singh"
        },
        {
          "names": [
            "Manan Vohra",
            "M Vohra"
          ],
          "dateOfBirth": 742953600000,
          "rightHandedBat": true,
          "shortName": "M Vohra",
          "nationality": "Indian",
          "id": 1085,
          "fullName": "Manan Vohra"
        },
        {
          "names": [
            "Mitchell Johnson",
            "M Johnson"
          ],
          "dateOfBirth": 373507200000,
          "rightHandedBat": true,
          "shortName": "M Johnson",
          "nationality": "Australian",
          "id": 213,
          "fullName": "Mitchell Johnson"
        },
        {
          "names": [
            "Parvinder Awana",
            "P Awana"
          ],
          "dateOfBirth": 522115200000,
          "shortName": "P Awana",
          "nationality": "Indian",
          "id": 254,
          "fullName": "Parvinder Awana"
        },
        {
          "names": [
            "Rishi Dhawan",
            "R Dhawan"
          ],
          "dateOfBirth": 635385600000,
          "rightHandedBat": true,
          "shortName": "R Dhawan",
          "nationality": "Indian",
          "id": 1088,
          "fullName": "Rishi Dhawan"
        },
        {
          "names": [
            "Sandeep Sharma",
            "Sandeep Sharma"
          ],
          "dateOfBirth": 737683200000,
          "rightHandedBat": true,
          "shortName": "Sandeep Sharma",
          "nationality": "Indian",
          "id": 1112,
          "fullName": "Sandeep Sharma"
        },
        {
          "names": [
            "Shardul Thakur",
            "S Thakur"
          ],
          "dateOfBirth": 687571200000,
          "rightHandedBat": true,
          "shortName": "S Thakur",
          "nationality": "Indian",
          "id": 1745,
          "fullName": "Shardul Thakur"
        },
        {
          "names": [
            "Shaun Marsh",
            "S Marsh"
          ],
          "dateOfBirth": 426556800000,
          "shortName": "S Marsh",
          "nationality": "Australian",
          "id": 191,
          "fullName": "Shaun Marsh"
        },
        {
          "names": [
            "Shivam Sharma",
            "Shivam Sharma"
          ],
          "dateOfBirth": 747532800000,
          "rightHandedBat": true,
          "shortName": "Shivam Sharma",
          "nationality": "Indian",
          "id": 1744,
          "fullName": "Shivam Sharma"
        },
        {
          "names": [
            "Thisara Perera",
            "T Perera"
          ],
          "dateOfBirth": 607564800000,
          "rightHandedBat": true,
          "shortName": "T Perera",
          "nationality": "Sri Lankan",
          "id": 215,
          "fullName": "Thisara Perera"
        },
        {
          "names": [
            "Virender Sehwag",
            "V Sehwag"
          ],
          "dateOfBirth": 277689600000,
          "shortName": "V Sehwag",
          "nationality": "Indian",
          "id": 45,
          "fullName": "Virender Sehwag"
        },
        {
          "names": [
            "Wriddhiman Saha",
            "W Saha"
          ],
          "dateOfBirth": 467424000000,
          "shortName": "W Saha",
          "nationality": "Indian",
          "id": 16,
          "fullName": "Wriddhiman Saha"
        },
        {
          "names": [
            "Murali Vijay",
            "M Vijay"
          ],
          "dateOfBirth": 449625600000,
          "shortName": "M Vijay",
          "nationality": "Indian",
          "id": 7,
          "fullName": "Murali Vijay"
        },
        {
          "names": [
            "Nikhil Naik",
            "N Naik"
          ],
          "dateOfBirth": 784339200000,
          "rightHandedBat": true,
          "shortName": "N Naik",
          "nationality": "Indian",
          "id": 2732,
          "fullName": "Nikhil Naik"
        },
        {
          "names": [
            "Yogesh Golwalkar",
            "Y Golwalkar"
          ],
          "dateOfBirth": 319248000000,
          "shortName": "Y Golwalkar",
          "nationality": "Indian",
          "id": 2733,
          "fullName": "Yogesh Golwalkar"
        }
      ],
      "team": {
        "shortName": "Kings XI",
        "abbreviation": "KXIP",
        "primaryColor": "DA1F3D",
        "secondaryColor": "FFFFFF",
        "type": "m",
        "fullName": "Kings XI Punjab",
        "id": 4
      },
      "captainId": 19,
      "wicketKeeperId": 16,
      "id": 461
    },
    {
      "players": [
        {
          "names": [
            "JP Duminy",
            "JP Duminy"
          ],
          "dateOfBirth": 450748800000,
          "shortName": "JP Duminy",
          "nationality": "South African",
          "id": 182,
          "fullName": "JP Duminy"
        },
        {
          "names": [
            "Mohammed Shami",
            "M Shami"
          ],
          "dateOfBirth": 636940800000,
          "shortName": "M Shami",
          "nationality": "Indian",
          "id": 94,
          "fullName": "Mohammed Shami"
        },
        {
          "names": [
            "Quinton de Kock",
            "Q de Kock"
          ],
          "dateOfBirth": 724550400000,
          "shortName": "Q de Kock",
          "nationality": "South African",
          "id": 834,
          "fullName": "Quinton de Kock"
        },
        {
          "names": [
            "Manoj Tiwary",
            "M Tiwary"
          ],
          "dateOfBirth": 500774400000,
          "shortName": "M Tiwary",
          "nationality": "Indian",
          "id": 89,
          "fullName": "Manoj Tiwary"
        },
        {
          "names": [
            "Kedar Jadhav",
            "K Jadhav"
          ],
          "dateOfBirth": 480643200000,
          "rightHandedBat": true,
          "shortName": "K Jadhav",
          "nationality": "Indian",
          "id": 297,
          "fullName": "Kedar Jadhav"
        },
        {
          "names": [
            "Mayank Agarwal",
            "M Agarwal"
          ],
          "dateOfBirth": 666835200000,
          "shortName": "M Agarwal",
          "nationality": "Indian",
          "id": 158,
          "fullName": "Mayank Agarwal"
        },
        {
          "names": [
            "Shahbaz Nadeem",
            "S Nadeem"
          ],
          "dateOfBirth": 618883200000,
          "shortName": "S Nadeem",
          "nationality": "Indian",
          "id": 57,
          "fullName": "Shahbaz Nadeem"
        },
        {
          "names": [
            "Saurabh Tiwary",
            "S Tiwary"
          ],
          "dateOfBirth": 630979200000,
          "shortName": "S Tiwary",
          "nationality": "Indian",
          "id": 163,
          "fullName": "Saurabh Tiwary"
        },
        {
          "names": [
            "Jayant Yadav",
            "J Yadav"
          ],
          "dateOfBirth": 632966400000,
          "rightHandedBat": true,
          "shortName": "J Yadav",
          "nationality": "Indian",
          "id": 1740,
          "fullName": "Jayant Yadav"
        },
        {
          "names": [
            "Imran Tahir",
            "I Tahir"
          ],
          "dateOfBirth": 291340800000,
          "rightHandedBat": true,
          "shortName": "I Tahir",
          "nationality": "South African",
          "id": 898,
          "fullName": "Imran Tahir"
        },
        {
          "names": [
            "Nathan Coulter-Nile",
            "N Coulter-Nile"
          ],
          "dateOfBirth": 560908800000,
          "rightHandedBat": true,
          "shortName": "N Coulter-Nile",
          "nationality": "Australian",
          "id": 840,
          "fullName": "Nathan Coulter-Nile"
        },
        {
          "names": [
            "Angelo Mathews",
            "A Mathews"
          ],
          "dateOfBirth": 549590400000,
          "shortName": "A Mathews",
          "nationality": "Sri Lankan",
          "id": 217,
          "fullName": "Angelo Mathews"
        },
        {
          "names": [
            "Yuvraj Singh",
            "Y Singh"
          ],
          "dateOfBirth": 376963200000,
          "rightHandedBat": true,
          "shortName": "Y Singh",
          "nationality": "Indian",
          "id": 113,
          "fullName": "Yuvraj Singh"
        },
        {
          "names": [
            "Amit Mishra",
            "A Mishra"
          ],
          "dateOfBirth": 406944000000,
          "shortName": "A Mishra",
          "nationality": "Indian",
          "id": 30,
          "fullName": "Amit Mishra"
        },
        {
          "names": [
            "Jaydev Unadkat",
            "J Unadkat"
          ],
          "dateOfBirth": 687744000000,
          "shortName": "J Unadkat",
          "nationality": "Indian",
          "id": 86,
          "fullName": "Jaydev Unadkat"
        },
        {
          "names": [
            "Gurinder Sandhu",
            "G Sandhu"
          ],
          "dateOfBirth": 729648000000,
          "shortName": "G Sandhu",
          "nationality": "Australian",
          "id": 951,
          "fullName": "Gurinder Sandhu"
        },
        {
          "names": [
            "Shreyas Iyer",
            "S Iyer"
          ],
          "dateOfBirth": 786672000000,
          "rightHandedBat": true,
          "shortName": "S Iyer",
          "nationality": "Indian",
          "id": 1563,
          "fullName": "Shreyas Iyer"
        },
        {
          "names": [
            "CM Gautam",
            "CM Gautam"
          ],
          "dateOfBirth": 510624000000,
          "shortName": "CM Gautam",
          "nationality": "Indian",
          "id": 155,
          "fullName": "CM Gautam"
        },
        {
          "names": [
            "Travis Head",
            "TM Head"
          ],
          "dateOfBirth": 757123200000,
          "shortName": "TM Head",
          "nationality": "Australian",
          "id": 1020,
          "fullName": "Travis Head"
        },
        {
          "names": [
            "Srikar Bharat",
            "S Bharat"
          ],
          "dateOfBirth": 749606400000,
          "rightHandedBat": true,
          "shortName": "S Bharat",
          "nationality": "Indian",
          "id": 2734,
          "fullName": "Srikar Bharat"
        },
        {
          "names": [
            "Albie Morkel",
            "A Morkel"
          ],
          "dateOfBirth": 360979200000,
          "shortName": "A Morkel",
          "nationality": "South African",
          "id": 26,
          "fullName": "Albie Morkel"
        },
        {
          "names": [
            "Marcus Stoinis",
            "MP Stoinis"
          ],
          "dateOfBirth": 619228800000,
          "rightHandedBat": true,
          "shortName": "MP Stoinis",
          "nationality": "Australian",
          "id": 964,
          "fullName": "Marcus Stoinis"
        },
        {
          "names": [
            "Zaheer Khan",
            "Z Khan"
          ],
          "dateOfBirth": 276566400000,
          "shortName": "Z Khan",
          "nationality": "Indian",
          "id": 165,
          "fullName": "Zaheer Khan"
        },
        {
          "names": [
            "KK Jiyas",
            "KK Jiyas"
          ],
          "dateOfBirth": 688003200000,
          "shortName": "KK Jiyas",
          "nationality": "Indian",
          "id": 2735,
          "fullName": "KK Jiyas"
        },
        {
          "names": [
            "Domnic Joseph",
            "D Joseph"
          ],
          "dateOfBirth": 352944000000,
          "rightHandedBat": true,
          "shortName": "D Joseph",
          "nationality": "Indian",
          "id": 2736,
          "fullName": "Domnic Joseph"
        }
      ],
      "team": {
        "shortName": "Daredevils",
        "abbreviation": "DD",
        "primaryColor": "B22E2A",
        "secondaryColor": "FFFFFF",
        "type": "m",
        "fullName": "Delhi Daredevils",
        "id": 3
      },
      "captainId": 182,
      "id": 462
    },
    {
      "players": [
        {
          "names": [
            "Rohit Sharma",
            "RG Sharma"
          ],
          "dateOfBirth": 546739200000,
          "rightHandedBat": true,
          "shortName": "RG Sharma",
          "nationality": "Indian",
          "id": 107,
          "fullName": "Rohit Sharma"
        },
        {
          "names": [
            "Lasith Malinga",
            "L Malinga"
          ],
          "dateOfBirth": 430876800000,
          "rightHandedBat": true,
          "shortName": "L Malinga",
          "nationality": "Sri Lankan",
          "id": 211,
          "fullName": "Lasith Malinga"
        },
        {
          "names": [
            "Kieron Pollard",
            "K Pollard"
          ],
          "dateOfBirth": 547776000000,
          "rightHandedBat": true,
          "shortName": "K Pollard",
          "nationality": "West Indian",
          "id": 210,
          "fullName": "Kieron Pollard"
        },
        {
          "names": [
            "Ambati Rayudu",
            "A Rayudu"
          ],
          "dateOfBirth": 496281600000,
          "rightHandedBat": true,
          "shortName": "A Rayudu",
          "nationality": "Indian",
          "id": 100,
          "fullName": "Ambati Rayudu"
        },
        {
          "names": [
            "Harbhajan Singh",
            "H Singh"
          ],
          "dateOfBirth": 331430400000,
          "rightHandedBat": true,
          "shortName": "H Singh",
          "nationality": "Indian",
          "id": 103,
          "fullName": "Harbhajan Singh"
        },
        {
          "names": [
            "Aditya Tare",
            "A Tare"
          ],
          "dateOfBirth": 1330300800000,
          "rightHandedBat": true,
          "shortName": "A Tare",
          "nationality": "Indian",
          "id": 99,
          "fullName": "Aditya Tare"
        },
        {
          "names": [
            "Jasprit Bumrah",
            "J Bumrah"
          ],
          "dateOfBirth": 755136000000,
          "rightHandedBat": true,
          "shortName": "J Bumrah",
          "nationality": "Indian",
          "id": 1124,
          "fullName": "Jasprit Bumrah"
        },
        {
          "names": [
            "Marchant de Lange",
            "M de Lange"
          ],
          "dateOfBirth": 655776000000,
          "shortName": "M de Lange",
          "nationality": "South African",
          "id": 204,
          "fullName": "Marchant de Lange"
        },
        {
          "names": [
            "Pawan Suyal",
            "P Suyal"
          ],
          "dateOfBirth": 624412800000,
          "rightHandedBat": true,
          "shortName": "P Suyal",
          "nationality": "Indian",
          "id": 105,
          "fullName": "Pawan Suyal"
        },
        {
          "names": [
            "Shreyas Gopal",
            "S Gopal"
          ],
          "dateOfBirth": 747100800000,
          "rightHandedBat": true,
          "shortName": "S Gopal",
          "nationality": "Indian",
          "id": 1748,
          "fullName": "Shreyas Gopal"
        },
        {
          "names": [
            "Lendl Simmons",
            "L Simmons"
          ],
          "dateOfBirth": 475459200000,
          "rightHandedBat": true,
          "shortName": "L Simmons",
          "nationality": "West Indian",
          "id": 595,
          "fullName": "Lendl Simmons"
        },
        {
          "names": [
            "Pragyan Ojha",
            "P Ojha"
          ],
          "dateOfBirth": 1330300800000,
          "rightHandedBat": true,
          "shortName": "P Ojha",
          "nationality": "Indian",
          "id": 106,
          "fullName": "Pragyan Ojha"
        },
        {
          "names": [
            "Mitchell McClenaghan",
            "M McClenaghan"
          ],
          "dateOfBirth": 518832000000,
          "shortName": "M McClenaghan",
          "nationality": "New Zealander",
          "id": 730,
          "fullName": "Mitchell McClenaghan"
        },
        {
          "names": [
            "Abhimanyu Mithun",
            "A Mithun"
          ],
          "dateOfBirth": 625276800000,
          "shortName": "A Mithun",
          "nationality": "Indian",
          "id": 151,
          "fullName": "Abhimanyu Mithun"
        },
        {
          "names": [
            "Aiden Blizzard",
            "A Blizzard"
          ],
          "dateOfBirth": 457142400000,
          "shortName": "A Blizzard",
          "nationality": "Australian",
          "id": 205,
          "fullName": "Aiden Blizzard"
        },
        {
          "names": [
            "Akshay Wakhare",
            "A Wakhare"
          ],
          "dateOfBirth": 497145600000,
          "rightHandedBat": true,
          "shortName": "A Wakhare",
          "nationality": "Indian",
          "id": 2737,
          "fullName": "Akshay Wakhare"
        },
        {
          "names": [
            "Nitish Rana",
            "N Rana"
          ],
          "dateOfBirth": 756950400000,
          "shortName": "N Rana",
          "nationality": "Indian",
          "id": 2738,
          "fullName": "Nitish Rana"
        },
        {
          "names": [
            "Siddhesh Lad",
            "SD Lad"
          ],
          "dateOfBirth": 706579200000,
          "rightHandedBat": true,
          "shortName": "SD Lad",
          "nationality": "Indian",
          "id": 2739,
          "fullName": "Siddhesh Lad"
        },
        {
          "names": [
            "Hardik Pandya",
            "H Pandya"
          ],
          "dateOfBirth": 750297600000,
          "rightHandedBat": true,
          "shortName": "H Pandya",
          "nationality": "Indian",
          "id": 2740,
          "fullName": "Hardik Pandya"
        },
        {
          "names": [
            "Jagadeesha Suchith",
            "J Suchith"
          ],
          "dateOfBirth": 758678400000,
          "shortName": "J Suchith",
          "nationality": "Indian",
          "id": 2741,
          "fullName": "Jagadeesha Suchith"
        },
        {
          "names": [
            "Unmukt Chand",
            "U Chand"
          ],
          "dateOfBirth": 733104000000,
          "shortName": "U Chand",
          "nationality": "Indian",
          "id": 60,
          "fullName": "Unmukt Chand"
        },
        {
          "names": [
            "Vinay Kumar",
            "V Kumar"
          ],
          "dateOfBirth": 445392000000,
          "shortName": "V Kumar",
          "nationality": "Indian",
          "id": 166,
          "fullName": "Vinay Kumar"
        },
        {
          "names": [
            "Parthiv Patel",
            "P Patel"
          ],
          "dateOfBirth": 479174400000,
          "shortName": "P Patel",
          "nationality": "Indian",
          "id": 44,
          "fullName": "Parthiv Patel"
        },
        {
          "names": [
            "Colin Munro",
            "C Munro"
          ],
          "dateOfBirth": 542419200000,
          "shortName": "C Munro",
          "nationality": "New Zealander",
          "id": 773,
          "fullName": "Colin Munro"
        },
        {
          "names": [
            "Ben Hilfenhaus",
            "B Hilfenhaus"
          ],
          "dateOfBirth": 416534400000,
          "shortName": "B Hilfenhaus",
          "nationality": "Australian",
          "id": 17,
          "fullName": "Ben Hilfenhaus"
        },
        {
          "names": [
            "Alex Hales",
            "A Hales"
          ],
          "dateOfBirth": 599788800000,
          "rightHandedBat": true,
          "shortName": "A Hales",
          "nationality": "English",
          "id": 511,
          "fullName": "Alex Hales"
        },
        {
          "names": [
            "Corey Anderson",
            "C Anderson"
          ],
          "dateOfBirth": 661046400000,
          "shortName": "C Anderson",
          "nationality": "New Zealander",
          "id": 968,
          "fullName": "Corey Anderson"
        },
        {
          "names": [
            "Aaron Finch",
            "A Finch"
          ],
          "dateOfBirth": 532569600000,
          "shortName": "A Finch",
          "nationality": "Australian",
          "id": 167,
          "fullName": "Aaron Finch"
        },
        {
          "names": [
            "Josh Hazlewood",
            "J Hazlewood"
          ],
          "dateOfBirth": 663292800000,
          "shortName": "J Hazlewood",
          "nationality": "Australian",
          "id": 857,
          "fullName": "Josh Hazlewood"
        }
      ],
      "team": {
        "shortName": "Mumbai",
        "abbreviation": "MI",
        "primaryColor": "00AEEF",
        "secondaryColor": "FFFFFF",
        "type": "m",
        "fullName": "Mumbai Indians",
        "id": 6
      },
      "captainId": 107,
      "wicketKeeperId": 100,
      "id": 463
    },
    {
      "players": [
        {
          "names": [
            "Gautam Gambhir",
            "G Gambhir"
          ],
          "dateOfBirth": 371865600000,
          "shortName": "G Gambhir",
          "nationality": "Indian",
          "id": 84,
          "fullName": "Gautam Gambhir"
        },
        {
          "names": [
            "Sunil Narine",
            "S Narine"
          ],
          "dateOfBirth": 580608000000,
          "shortName": "S Narine",
          "nationality": "West Indian",
          "id": 203,
          "fullName": "Sunil Narine"
        },
        {
          "names": [
            "Robin Uthappa",
            "R Uthappa"
          ],
          "dateOfBirth": 500515200000,
          "shortName": "R Uthappa",
          "nationality": "Indian",
          "id": 127,
          "fullName": "Robin Uthappa"
        },
        {
          "names": [
            "Piyush Chawla",
            "P Chawla"
          ],
          "dateOfBirth": 598924800000,
          "shortName": "P Chawla",
          "nationality": "Indian",
          "id": 76,
          "fullName": "Piyush Chawla"
        },
        {
          "names": [
            "Yusuf Pathan",
            "Y Pathan"
          ],
          "dateOfBirth": 406339200000,
          "shortName": "Y Pathan",
          "nationality": "Indian",
          "id": 96,
          "fullName": "Yusuf Pathan"
        },
        {
          "names": [
            "Shakib Al Hasan",
            "S Al Hasan"
          ],
          "dateOfBirth": 543542400000,
          "shortName": "S Al Hasan",
          "nationality": "Bangladeshi",
          "id": 201,
          "fullName": "Shakib Al Hasan"
        },
        {
          "names": [
            "Morne Morkel",
            "M Morkel"
          ],
          "dateOfBirth": 465868800000,
          "shortName": "M Morkel",
          "nationality": "South African",
          "id": 169,
          "fullName": "Morne Morkel"
        },
        {
          "names": [
            "Umesh Yadav",
            "U Yadav"
          ],
          "dateOfBirth": 562118400000,
          "shortName": "U Yadav",
          "nationality": "Indian",
          "id": 59,
          "fullName": "Umesh Yadav"
        },
        {
          "names": [
            "Manish Pandey",
            "M Pandey"
          ],
          "dateOfBirth": 621388800000,
          "shortName": "M Pandey",
          "nationality": "Indian",
          "id": 123,
          "fullName": "Manish Pandey"
        },
        {
          "names": [
            "Pat Cummins",
            "P Cummins"
          ],
          "dateOfBirth": 736819200000,
          "rightHandedBat": true,
          "shortName": "P Cummins",
          "nationality": "Australian",
          "id": 488,
          "fullName": "Pat Cummins"
        },
        {
          "names": [
            "Ryan ten Doeschate",
            "R ten Doeschate"
          ],
          "dateOfBirth": 331171200000,
          "shortName": "R ten Doeschate",
          "nationality": "Dutch",
          "id": 200,
          "fullName": "Ryan ten Doeschate"
        },
        {
          "names": [
            "Suryakumar Yadav",
            "S Yadav"
          ],
          "dateOfBirth": 653270400000,
          "rightHandedBat": true,
          "shortName": "S Yadav",
          "nationality": "Indian",
          "id": 108,
          "fullName": "Suryakumar Yadav"
        },
        {
          "names": [
            "Andre Russell",
            "A Russell"
          ],
          "dateOfBirth": 578275200000,
          "shortName": "A Russell",
          "nationality": "West Indian",
          "id": 177,
          "fullName": "Andre Russell"
        },
        {
          "names": [
            "Veer Pratap Singh",
            "VP Singh"
          ],
          "dateOfBirth": 704851200000,
          "shortName": "VP Singh",
          "nationality": "Indian",
          "id": 250,
          "fullName": "Veer Pratap Singh"
        },
        {
          "names": [
            "Kuldeep Yadav",
            "K Yadav"
          ],
          "dateOfBirth": 787363200000,
          "rightHandedBat": true,
          "shortName": "K Yadav",
          "nationality": "Indian",
          "id": 261,
          "fullName": "Kuldeep Yadav"
        },
        {
          "names": [
            "Brad Hogg",
            "B Hogg"
          ],
          "dateOfBirth": 34646400000,
          "shortName": "B Hogg",
          "nationality": "Australian",
          "id": 231,
          "fullName": "Brad Hogg"
        },
        {
          "names": [
            "Sumit Narwal",
            "S Narwal"
          ],
          "dateOfBirth": 387763200000,
          "shortName": "S Narwal",
          "nationality": "Indian",
          "id": 149,
          "fullName": "Sumit Narwal"
        },
        {
          "names": [
            "Sheldon Jackson",
            "S Jackson"
          ],
          "dateOfBirth": 528163200000,
          "rightHandedBat": true,
          "shortName": "S Jackson",
          "nationality": "Indian",
          "id": 1116,
          "fullName": "Sheldon Jackson"
        },
        {
          "names": [
            "Aditya Garhwal",
            "A Garhwal"
          ],
          "dateOfBirth": 829526400000,
          "rightHandedBat": true,
          "shortName": "A Garhwal",
          "nationality": "Indian",
          "id": 2742,
          "fullName": "Aditya Garhwal"
        },
        {
          "names": [
            "KC Cariappa",
            "KC Cariappa"
          ],
          "dateOfBirth": 766195200000,
          "rightHandedBat": true,
          "shortName": "KC Cariappa",
          "nationality": "Indian",
          "id": 2743,
          "fullName": "KC Cariappa"
        },
        {
          "names": [
            "Vaibhav Rawal",
            "V Rawal"
          ],
          "dateOfBirth": 689644800000,
          "shortName": "V Rawal",
          "nationality": "Indian",
          "id": 2744,
          "fullName": "Vaibhav Rawal"
        },
        {
          "names": [
            "Azhar Mahmood",
            "A Mahmood"
          ],
          "dateOfBirth": 162777600000,
          "shortName": "A Mahmood",
          "nationality": "English",
          "id": 194,
          "fullName": "Azhar Mahmood"
        },
        {
          "names": [
            "Johan Botha",
            "J Botha"
          ],
          "dateOfBirth": 389145600000,
          "shortName": "J Botha",
          "nationality": "South African",
          "id": 224,
          "fullName": "Johan Botha"
        },
        {
          "names": [
            "Chris Lynn",
            "C Lynn"
          ],
          "dateOfBirth": 639705600000,
          "shortName": "C Lynn",
          "nationality": "Australian",
          "id": 179,
          "fullName": "Chris Lynn"
        },
        {
          "names": [
            "Jimmy Neesham",
            "J Neesham"
          ],
          "dateOfBirth": 653529600000,
          "shortName": "J Neesham",
          "nationality": "New Zealander",
          "id": 971,
          "fullName": "Jimmy Neesham"
        }
      ],
      "team": {
        "shortName": "Knight Riders",
        "abbreviation": "KKR",
        "primaryColor": "6F2C91",
        "secondaryColor": "FFFFFF",
        "type": "m",
        "fullName": "Kolkata Knight Riders",
        "id": 5
      },
      "captainId": 84,
      "wicketKeeperId": 127,
      "id": 464
    },
    {
      "players": [
        {
          "names": [
            "Shane Watson",
            "S Watson"
          ],
          "dateOfBirth": 361584000000,
          "rightHandedBat": true,
          "shortName": "S Watson",
          "nationality": "Australian",
          "id": 227,
          "fullName": "Shane Watson"
        },
        {
          "names": [
            "Stuart Binny",
            "S Binny"
          ],
          "dateOfBirth": 455068800000,
          "shortName": "S Binny",
          "nationality": "Indian",
          "id": 148,
          "fullName": "Stuart Binny"
        },
        {
          "names": [
            "James Faulkner",
            "J Faulkner"
          ],
          "dateOfBirth": 641347200000,
          "shortName": "J Faulkner",
          "nationality": "Australian",
          "id": 193,
          "fullName": "James Faulkner"
        },
        {
          "names": [
            "Ajinkya Rahane",
            "A Rahane"
          ],
          "dateOfBirth": 581558400000,
          "rightHandedBat": true,
          "shortName": "A Rahane",
          "nationality": "Indian",
          "id": 135,
          "fullName": "Ajinkya Rahane"
        },
        {
          "names": [
            "Sanju Samson",
            "S Samson"
          ],
          "dateOfBirth": 784512000000,
          "shortName": "S Samson",
          "nationality": "Indian",
          "id": 258,
          "fullName": "Sanju Samson"
        },
        {
          "names": [
            "Steve Smith",
            "S Smith"
          ],
          "dateOfBirth": 612748800000,
          "shortName": "S Smith",
          "nationality": "Australian",
          "id": 271,
          "fullName": "Steve Smith"
        },
        {
          "names": [
            "Rajat Bhatia",
            "R Bhatia"
          ],
          "dateOfBirth": 309398400000,
          "shortName": "R Bhatia",
          "nationality": "Indian",
          "id": 92,
          "fullName": "Rajat Bhatia"
        },
        {
          "names": [
            "Tim Southee",
            "T Southee"
          ],
          "dateOfBirth": 597801600000,
          "rightHandedBat": true,
          "shortName": "T Southee",
          "nationality": "New Zealander",
          "id": 307,
          "fullName": "Tim Southee"
        },
        {
          "names": [
            "Dhawal Kulkarni",
            "D Kulkarni"
          ],
          "dateOfBirth": 597715200000,
          "rightHandedBat": true,
          "shortName": "D Kulkarni",
          "nationality": "Indian",
          "id": 101,
          "fullName": "Dhawal Kulkarni"
        },
        {
          "names": [
            "Abhishek Nayar",
            "A Nayar"
          ],
          "dateOfBirth": 434419200000,
          "shortName": "A Nayar",
          "nationality": "Indian",
          "id": 66,
          "fullName": "Abhishek Nayar"
        },
        {
          "names": [
            "Kane Richardson",
            "K Richardson"
          ],
          "dateOfBirth": 666316800000,
          "rightHandedBat": true,
          "shortName": "K Richardson",
          "nationality": "Australian",
          "id": 798,
          "fullName": "Kane Richardson"
        },
        {
          "names": [
            "Ben Cutting",
            "B Cutting"
          ],
          "dateOfBirth": 538963200000,
          "rightHandedBat": true,
          "shortName": "B Cutting",
          "nationality": "Australian",
          "id": 913,
          "fullName": "Ben Cutting"
        },
        {
          "names": [
            "Karun Nair",
            "K Nair"
          ],
          "dateOfBirth": 691977600000,
          "shortName": "K Nair",
          "nationality": "Indian",
          "id": 276,
          "fullName": "Karun Nair"
        },
        {
          "names": [
            "Deepak Hooda",
            "D Hooda"
          ],
          "dateOfBirth": 798249600000,
          "rightHandedBat": true,
          "shortName": "D Hooda",
          "nationality": "Indian",
          "id": 1556,
          "fullName": "Deepak Hooda"
        },
        {
          "names": [
            "Dishant Yagnik",
            "D Yagnik"
          ],
          "dateOfBirth": 425088000000,
          "shortName": "D Yagnik",
          "nationality": "Indian",
          "id": 141,
          "fullName": "Dishant Yagnik"
        },
        {
          "names": [
            "Vikramjeet Malik",
            "V Malik"
          ],
          "dateOfBirth": 421286400000,
          "shortName": "V Malik",
          "nationality": "Indian",
          "id": 82,
          "fullName": "Vikramjeet Malik"
        },
        {
          "names": [
            "Ankit Sharma",
            "A Sharma"
          ],
          "dateOfBirth": 672105600000,
          "shortName": "A Sharma",
          "nationality": "Indian",
          "id": 32,
          "fullName": "Ankit Sharma"
        },
        {
          "names": [
            "Rahul Tewatia",
            "R Tewatia"
          ],
          "dateOfBirth": 737856000000,
          "shortName": "R Tewatia",
          "nationality": "Indian",
          "id": 1749,
          "fullName": "Rahul Tewatia"
        },
        {
          "names": [
            "Pravin Tambe",
            "P Tambe"
          ],
          "dateOfBirth": 55728000000,
          "rightHandedBat": true,
          "shortName": "P Tambe",
          "nationality": "Indian",
          "id": 1114,
          "fullName": "Pravin Tambe"
        },
        {
          "names": [
            "Chris Morris",
            "C Morris"
          ],
          "dateOfBirth": 546739200000,
          "rightHandedBat": true,
          "shortName": "C Morris",
          "nationality": "South African",
          "id": 836,
          "fullName": "Chris Morris"
        },
        {
          "names": [
            "Dinesh Salunkhe",
            "D Salunkhe"
          ],
          "dateOfBirth": 405907200000,
          "rightHandedBat": true,
          "shortName": "D Salunkhe",
          "nationality": "Indian",
          "id": 317,
          "fullName": "Dinesh Salunkhe"
        },
        {
          "names": [
            "Juan Theron",
            "J Theron"
          ],
          "dateOfBirth": 491011200000,
          "shortName": "J Theron",
          "nationality": "South African",
          "id": 183,
          "fullName": "Juan Theron"
        },
        {
          "names": [
            "Pardeep Sahu",
            "P Sahu"
          ],
          "dateOfBirth": 493430400000,
          "rightHandedBat": true,
          "shortName": "P Sahu",
          "nationality": "Indian",
          "id": 2745,
          "fullName": "Pardeep Sahu"
        },
        {
          "names": [
            "Barinder Sran",
            "B Sran"
          ],
          "dateOfBirth": 723945600000,
          "shortName": "B Sran",
          "nationality": "Indian",
          "id": 2746,
          "fullName": "Barinder Sran"
        },
        {
          "names": [
            "Sagar Trivedi",
            "SV Trivedi"
          ],
          "dateOfBirth": 687916800000,
          "shortName": "SV Trivedi",
          "nationality": "Indian",
          "id": 2747,
          "fullName": "Sagar Trivedi"
        }
      ],
      "team": {
        "shortName": "Royals",
        "abbreviation": "RR",
        "primaryColor": "004B8C",
        "secondaryColor": "FFFFFF",
        "type": "m",
        "fullName": "Rajasthan Royals",
        "id": 8
      },
      "captainId": 271,
      "wicketKeeperId": 258,
      "id": 465
    },
    {
      "players": [
        {
          "names": [
            "Virat Kohli",
            "V Kohli"
          ],
          "dateOfBirth": 594691200000,
          "shortName": "V Kohli",
          "nationality": "Indian",
          "id": 164,
          "fullName": "Virat Kohli"
        },
        {
          "names": [
            "AB de Villiers",
            "AB de Villiers"
          ],
          "dateOfBirth": 445824000000,
          "shortName": "AB de Villiers",
          "nationality": "South African",
          "id": 233,
          "fullName": "AB de Villiers"
        },
        {
          "names": [
            "Chris Gayle",
            "C Gayle"
          ],
          "dateOfBirth": 306720000000,
          "shortName": "C Gayle",
          "nationality": "West Indian",
          "id": 236,
          "fullName": "Chris Gayle"
        },
        {
          "names": [
            "Mitchell Starc",
            "M Starc"
          ],
          "dateOfBirth": 633657600000,
          "rightHandedBat": true,
          "shortName": "M Starc",
          "nationality": "Australian",
          "id": 490,
          "fullName": "Mitchell Starc"
        },
        {
          "names": [
            "Nic Maddinson",
            "N Maddinson"
          ],
          "dateOfBirth": 693273600000,
          "shortName": "N Maddinson",
          "nationality": "Australian",
          "id": 858,
          "fullName": "Nic Maddinson"
        },
        {
          "names": [
            "Varun Aaron",
            "V Aaron"
          ],
          "dateOfBirth": 625622400000,
          "shortName": "V Aaron",
          "nationality": "Indian",
          "id": 61,
          "fullName": "Varun Aaron"
        },
        {
          "names": [
            "Ashok Dinda",
            "A Dinda"
          ],
          "dateOfBirth": 449020800000,
          "shortName": "A Dinda",
          "nationality": "Indian",
          "id": 48,
          "fullName": "Ashok Dinda"
        },
        {
          "names": [
            "Harshal Patel",
            "H Patel"
          ],
          "dateOfBirth": 659318400000,
          "shortName": "H Patel",
          "nationality": "Indian",
          "id": 157,
          "fullName": "Harshal Patel"
        },
        {
          "names": [
            "Vijay Zol",
            "V Zol"
          ],
          "dateOfBirth": 785548800000,
          "shortName": "V Zol",
          "nationality": "Indian",
          "id": 278,
          "fullName": "Vijay Zol"
        },
        {
          "names": [
            "Abu Nechim",
            "A Nechim"
          ],
          "dateOfBirth": 594691200000,
          "rightHandedBat": true,
          "shortName": "A Nechim",
          "nationality": "Indian",
          "id": 98,
          "fullName": "Abu Nechim"
        },
        {
          "names": [
            "Sandeep Warrier",
            "S Warrier"
          ],
          "dateOfBirth": 670723200000,
          "rightHandedBat": true,
          "shortName": "S Warrier",
          "nationality": "Indian",
          "id": 1092,
          "fullName": "Sandeep Warrier"
        },
        {
          "names": [
            "Yogesh Takawale",
            "Y Takawale"
          ],
          "dateOfBirth": 468460800000,
          "rightHandedBat": true,
          "shortName": "Y Takawale",
          "nationality": "Indian",
          "id": 1750,
          "fullName": "Yogesh Takawale"
        },
        {
          "names": [
            "Yuzvendra Chahal",
            "Y Chahal"
          ],
          "dateOfBirth": 648691200000,
          "rightHandedBat": true,
          "shortName": "Y Chahal",
          "nationality": "Indian",
          "id": 111,
          "fullName": "Yuzvendra Chahal"
        },
        {
          "names": [
            "Rilee Rossouw",
            "R Rossouw"
          ],
          "dateOfBirth": 623894400000,
          "shortName": "R Rossouw",
          "nationality": "South African",
          "id": 239,
          "fullName": "Rilee Rossouw"
        },
        {
          "names": [
            "Iqbal Abdulla",
            "I Abdulla"
          ],
          "dateOfBirth": 628560000000,
          "shortName": "I Abdulla",
          "nationality": "Indian",
          "id": 85,
          "fullName": "Iqbal Abdulla"
        },
        {
          "names": [
            "Manvinder Bisla",
            "M Bisla"
          ],
          "dateOfBirth": 472953600000,
          "shortName": "M Bisla",
          "nationality": "Indian",
          "id": 90,
          "fullName": "Manvinder Bisla"
        },
        {
          "names": [
            "Mandeep Singh",
            "M Singh"
          ],
          "dateOfBirth": 693014400000,
          "shortName": "M Singh",
          "nationality": "Indian",
          "id": 72,
          "fullName": "Mandeep Singh"
        },
        {
          "names": [
            "Dinesh Karthik",
            "D Karthik"
          ],
          "dateOfBirth": 486432000000,
          "rightHandedBat": true,
          "shortName": "D Karthik",
          "nationality": "Indian",
          "id": 102,
          "fullName": "Dinesh Karthik"
        },
        {
          "names": [
            "Subramaniam Badrinath",
            "S Badrinath"
          ],
          "dateOfBirth": 336441600000,
          "shortName": "S Badrinath",
          "nationality": "Indian",
          "id": 12,
          "fullName": "Subramaniam Badrinath"
        },
        {
          "names": [
            "Darren Sammy",
            "D Sammy"
          ],
          "dateOfBirth": 440726400000,
          "rightHandedBat": true,
          "shortName": "D Sammy",
          "nationality": "West Indian",
          "id": 589,
          "fullName": "Darren Sammy"
        },
        {
          "names": [
            "Sean Abbott",
            "S Abbott"
          ],
          "dateOfBirth": 699321600000,
          "rightHandedBat": true,
          "shortName": "S Abbott",
          "nationality": "Australian",
          "id": 942,
          "fullName": "Sean Abbott"
        },
        {
          "names": [
            "David Wiese",
            "D Wiese"
          ],
          "dateOfBirth": 485222400000,
          "rightHandedBat": true,
          "shortName": "D Wiese",
          "nationality": "South African",
          "id": 869,
          "fullName": "David Wiese"
        },
        {
          "names": [
            "Sarfaraz Khan",
            "S Khan"
          ],
          "dateOfBirth": 877478400000,
          "rightHandedBat": true,
          "shortName": "S Khan",
          "nationality": "Indian",
          "id": 1564,
          "fullName": "Sarfaraz Khan"
        },
        {
          "names": [
            "Jalaj Saxena",
            "J Saxena"
          ],
          "dateOfBirth": 534988800000,
          "rightHandedBat": true,
          "shortName": "J Saxena",
          "nationality": "Indian",
          "id": 1087,
          "fullName": "Jalaj Saxena"
        },
        {
          "names": [
            "Shishir Bhavane",
            "S Bhavane"
          ],
          "dateOfBirth": 685670400000,
          "shortName": "S Bhavane",
          "nationality": "Indian",
          "id": 2748,
          "fullName": "Shishir Bhavane"
        },
        {
          "names": [
            "Sreenath Aravind",
            "S Aravind"
          ],
          "dateOfBirth": 450230400000,
          "shortName": "S Aravind",
          "nationality": "Indian",
          "id": 162,
          "fullName": "Sreenath Aravind"
        },
        {
          "names": [
            "Adam Milne",
            "A Milne"
          ],
          "dateOfBirth": 703123200000,
          "rightHandedBat": true,
          "shortName": "A Milne",
          "nationality": "New Zealander",
          "id": 434,
          "fullName": "Adam Milne"
        }
      ],
      "team": {
        "shortName": "Challengers",
        "abbreviation": "RCB",
        "primaryColor": "F1901D",
        "secondaryColor": "FFFFFF",
        "type": "m",
        "fullName": "Royal Challengers Bangalore",
        "id": 9
      },
      "captainId": 164,
      "wicketKeeperId": 233,
      "id": 466
    },
    {
      "players": [
        {
          "names": [
            "David Warner",
            "D Warner"
          ],
          "dateOfBirth": 530755200000,
          "shortName": "D Warner",
          "nationality": "Australian",
          "id": 170,
          "fullName": "David Warner"
        },
        {
          "names": [
            "Shikhar Dhawan",
            "S Dhawan"
          ],
          "dateOfBirth": 502588800000,
          "shortName": "S Dhawan",
          "nationality": "Indian",
          "id": 41,
          "fullName": "Shikhar Dhawan"
        },
        {
          "names": [
            "Dale Steyn",
            "D Steyn"
          ],
          "dateOfBirth": 425520000000,
          "shortName": "D Steyn",
          "nationality": "South African",
          "id": 180,
          "fullName": "Dale Steyn"
        },
        {
          "names": [
            "Bhuvneshwar Kumar",
            "B Kumar"
          ],
          "dateOfBirth": 660355200000,
          "shortName": "B Kumar",
          "nationality": "Indian",
          "id": 116,
          "fullName": "Bhuvneshwar Kumar"
        },
        {
          "names": [
            "Ishant Sharma",
            "I Sharma"
          ],
          "dateOfBirth": 589161600000,
          "rightHandedBat": true,
          "shortName": "I Sharma",
          "nationality": "Indian",
          "id": 38,
          "fullName": "Ishant Sharma"
        },
        {
          "names": [
            "Moises Henriques",
            "M Henriques"
          ],
          "dateOfBirth": 539136000000,
          "rightHandedBat": true,
          "shortName": "M Henriques",
          "nationality": "Australian",
          "id": 388,
          "fullName": "Moises Henriques"
        },
        {
          "names": [
            "Lokesh Rahul",
            "L Rahul"
          ],
          "dateOfBirth": 703555200000,
          "rightHandedBat": true,
          "shortName": "L Rahul",
          "nationality": "Indian",
          "id": 1125,
          "fullName": "Lokesh Rahul"
        },
        {
          "names": [
            "Parveez Rasool",
            "P Rasool"
          ],
          "dateOfBirth": 603331200000,
          "rightHandedBat": true,
          "shortName": "P Rasool",
          "nationality": "Indian",
          "id": 1093,
          "fullName": "Parveez Rasool"
        },
        {
          "names": [
            "Naman Ojha",
            "N Ojha"
          ],
          "dateOfBirth": 427507200000,
          "shortName": "N Ojha",
          "nationality": "Indian",
          "id": 52,
          "fullName": "Naman Ojha"
        },
        {
          "names": [
            "Ashish Reddy",
            "AA Reddy"
          ],
          "dateOfBirth": 351820800000,
          "shortName": "AA Reddy",
          "nationality": "Indian",
          "id": 34,
          "fullName": "Ashish Reddy"
        },
        {
          "names": [
            "Ricky Bhui",
            "R Bhui"
          ],
          "dateOfBirth": 843955200000,
          "rightHandedBat": true,
          "shortName": "R Bhui",
          "nationality": "Indian",
          "id": 1555,
          "fullName": "Ricky Bhui"
        },
        {
          "names": [
            "Chama Milind",
            "C Milind"
          ],
          "dateOfBirth": 778636800000,
          "shortName": "C Milind",
          "nationality": "Indian",
          "id": 1751,
          "fullName": "Chama Milind"
        },
        {
          "names": [
            "Karn Sharma",
            "K Sharma"
          ],
          "dateOfBirth": 561945600000,
          "shortName": "K Sharma",
          "nationality": "Indian",
          "id": 1118,
          "fullName": "Karn Sharma"
        },
        {
          "names": [
            "Kane Williamson",
            "K Williamson"
          ],
          "dateOfBirth": 650073600000,
          "rightHandedBat": true,
          "shortName": "K Williamson",
          "nationality": "New Zealander",
          "id": 440,
          "fullName": "Kane Williamson"
        },
        {
          "names": [
            "Kevin Pietersen",
            "K Pietersen"
          ],
          "dateOfBirth": 330912000000,
          "shortName": "K Pietersen",
          "nationality": "English",
          "id": 172,
          "fullName": "Kevin Pietersen"
        },
        {
          "names": [
            "Eoin Morgan",
            "E Morgan"
          ],
          "dateOfBirth": 526694400000,
          "shortName": "E Morgan",
          "nationality": "English",
          "id": 197,
          "fullName": "Eoin Morgan"
        },
        {
          "names": [
            "Ravi Bopara",
            "R Bopara"
          ],
          "dateOfBirth": 484012800000,
          "rightHandedBat": true,
          "shortName": "R Bopara",
          "nationality": "English",
          "id": 374,
          "fullName": "Ravi Bopara"
        },
        {
          "names": [
            "Trent Boult",
            "T Boult"
          ],
          "dateOfBirth": 617068800000,
          "rightHandedBat": true,
          "shortName": "T Boult",
          "nationality": "New Zealander",
          "id": 969,
          "fullName": "Trent Boult"
        },
        {
          "names": [
            "Praveen Kumar",
            "P Kumar"
          ],
          "dateOfBirth": 528595200000,
          "shortName": "P Kumar",
          "nationality": "Indian",
          "id": 77,
          "fullName": "Praveen Kumar"
        },
        {
          "names": [
            "Hanuma Vihari",
            "H Vihari"
          ],
          "dateOfBirth": 750470400000,
          "rightHandedBat": true,
          "shortName": "H Vihari",
          "nationality": "Indian",
          "id": 1117,
          "fullName": "Hanuma Vihari"
        },
        {
          "names": [
            "Prasanth Padmanabhan",
            "P Padmanabhan"
          ],
          "dateOfBirth": 485568000000,
          "shortName": "P Padmanabhan",
          "nationality": "Indian",
          "id": 1122,
          "fullName": "Prasanth Padmanabhan"
        },
        {
          "names": [
            "Siddarth Kaul",
            "S Kaul"
          ],
          "dateOfBirth": 643075200000,
          "rightHandedBat": true,
          "shortName": "S Kaul",
          "nationality": "Indian",
          "id": 1086,
          "fullName": "Siddarth Kaul"
        },
        {
          "names": [
            "Bipul Sharma",
            "B Sharma"
          ],
          "dateOfBirth": 433555200000,
          "shortName": "B Sharma",
          "nationality": "Indian",
          "id": 69,
          "fullName": "Bipul Sharma"
        },
        {
          "names": [
            "Laxmi Ratan Shukla",
            "L Ratan Shukla"
          ],
          "dateOfBirth": 357955200000,
          "shortName": "L Ratan Shukla",
          "nationality": "Indian",
          "id": 88,
          "fullName": "Laxmi Ratan Shukla"
        }
      ],
      "team": {
        "shortName": "Sunrisers",
        "abbreviation": "SRH",
        "primaryColor": "FF9C00",
        "secondaryColor": "FFFFFF",
        "type": "m",
        "fullName": "Sunrisers Hyderabad",
        "id": 62
      },
      "captainId": 170,
      "id": 467
    }
  ],
  "tournamentId": {
    "name": "ipl2015",
    "id": 2785
  }
}