{"fragment":7,"updateTime":1428514884000,"matchId":{"id":3226,"name":"ipl2015-01 - KKR vs. MI","matchIdName":"ipl2015-01"},"commentaries":[{"bbcode":"V Kumar to S Yadav. He hits a great shot, that has gone all the way","thisOver":"6","progress":{"innings":2,"over":13,"ball":2},"subtype":"BBCode","countingProgress":{"innings":2,"over":12,"ball":2},"bowlerId":166,"nonfacingBatsmanId":84,"facingBatsmanId":108,"autoText":"V Kumar to S Yadav. He hits a great shot, that has gone all the way","message":{"text":null},"tags":["six"],"timestamp":1428513206000,"id":1154392,"time":"17:12","updateTime":1428513138818,"sequence":300.5,"type":"Auto"},{"bbcode":"[b]Six! [/b]Yadav's second ball travels the distance! He flicks with ease up and over fine leg, what a brute! ","subtype":"BBCode","message":{"text":"<p><strong>Six! </strong>Yadav's second ball travels the distance! He flicks with ease up and over fine leg, what a brute!&nbsp;</p>"},"tags":[],"timestamp":1428513186000,"id":1154393,"time":"17:12","updateTime":1428513158864,"sequence":301.5,"type":"Manual"},{"bbcode":"V Kumar to S Yadav, %SPEED% good length just outside off stump. He picks up a single","thisOver":"1","progress":{"innings":2,"over":13,"ball":3},"speed":37.0384177511096,"subtype":"BBCode","countingProgress":{"innings":2,"over":12,"ball":3},"bowlerId":166,"nonfacingBatsmanId":84,"facingBatsmanId":108,"autoText":"V Kumar to S Yadav, %SPEED% good length just outside off stump. He picks up a single","message":{"text":null},"tags":[],"timestamp":1428513258000,"id":1154394,"time":"17:13","updateTime":1428513184395,"sequence":302.5,"type":"Auto"},{"bbcode":"[b]Alan Wilkins: [/b][i]\"Outrageous!\" [/i]","subtype":"BBCode","message":{"text":"<p><strong>Alan Wilkins:&nbsp;</strong><em>\"Outrageous!\"&nbsp;</em></p>"},"tags":[],"timestamp":1428513209000,"id":1154395,"time":"17:13","updateTime":1428513209092,"sequence":303.5,"type":"Manual"},{"bbcode":"V Kumar to G Gambhir, %SPEED% short length on off stump. He picks up a single","thisOver":"1","progress":{"innings":2,"over":13,"ball":4},"speed":35.7419054893142,"subtype":"BBCode","countingProgress":{"innings":2,"over":12,"ball":4},"bowlerId":166,"nonfacingBatsmanId":108,"facingBatsmanId":84,"autoText":"V Kumar to G Gambhir, %SPEED% short length on off stump. He picks up a single","message":{"text":null},"tags":[],"timestamp":1428513258000,"id":1154396,"time":"17:13","updateTime":1428513224645,"sequence":304.5,"type":"Auto"},{"bbcode":"V Kumar to S Yadav, %SPEED% short length just outside off stump. He plays and misses","thisOver":"1","progress":{"innings":2,"over":13,"ball":5},"speed":35.8565467130296,"subtype":"BBCode","countingProgress":{"innings":2,"over":12,"ball":5},"bowlerId":166,"nonfacingBatsmanId":84,"facingBatsmanId":108,"autoText":"V Kumar to S Yadav, %SPEED% short length just outside off stump. He plays and misses","message":{"text":null},"tags":[],"timestamp":1428513329000,"id":1154397,"time":"17:14","updateTime":1428513272951,"sequence":305.5,"type":"Auto"},{"bbcode":"V Kumar to G Gambhir, no run, %SPEED% short length just outside off stump. He doesn't offer a shot","thisOver":".","progress":{"innings":2,"over":13,"ball":6},"speed":35.87709779791,"subtype":"BBCode","countingProgress":{"innings":2,"over":12,"ball":6},"bowlerId":166,"nonfacingBatsmanId":108,"facingBatsmanId":84,"autoText":"V Kumar to G Gambhir, no run, %SPEED% short length just outside off stump. He doesn't offer a shot","message":{"text":null},"tags":[],"timestamp":1428513391000,"id":1154403,"time":"17:15","updateTime":1428513303257,"sequence":308.5,"type":"Auto"},{"innings":2,"over":13,"overRuns":9,"overWickets":0,"inningsRuns":107,"inningsWickets":2,"inningsAllOut":false,"team":{"id":5,"fullName":"Kolkata Knight Riders","shortName":"Knight Riders","abbreviation":"KKR","primaryColor":"6F2C91","secondaryColor":"FFFFFF","type":"m"},"batsmanSummaries":[{"batsman":{"id":84,"fullName":"Gautam Gambhir","shortName":"G Gambhir","nationality":"Indian","rightHandedBat":false,"dateOfBirth":371865600000,"names":["Gautam Gambhir","G Gambhir"]},"runs":47,"balls":38,"fours":5,"sixes":1},{"batsman":{"id":108,"fullName":"Suryakumar Yadav","shortName":"S Yadav","nationality":"Indian","rightHandedBat":true,"dateOfBirth":653270400000,"names":["Suryakumar Yadav","S Yadav"]},"runs":8,"balls":4,"fours":0,"sixes":1}],"activeBatsman":108,"bowlerSummary":{"bowler":{"id":166,"fullName":"Vinay Kumar","shortName":"V Kumar","nationality":"Indian","rightHandedBat":false,"dateOfBirth":445392000000,"names":["Vinay Kumar","V Kumar"]},"overs":"3","runs":16,"wickets":0,"maidens":0},"inningsBalls":78,"inningsMaxBalls":120,"inningsTarget":169,"message":{"text":null},"tags":[],"timestamp":1428513303000,"id":1154404,"time":"17:15","updateTime":1428513303426,"sequence":309.5,"type":"Eov"},{"subtype":"EmbeddedTweet","tweetjson":{"created_at":"Wed Apr 08 17:13:53 +0000 2015","id":585853081088163840,"id_str":"585853081088163840","text":"What a pickup shot from Suryakumar Yadav #Effortless #KKRvsMI  #IPL8","source":"<a href=\"http://twitter.com\" rel=\"nofollow\">Twitter Web Client</a>","truncated":false,"in_reply_to_status_id":null,"in_reply_to_status_id_str":null,"in_reply_to_user_id":null,"in_reply_to_user_id_str":null,"in_reply_to_screen_name":null,"user":{"id":405419301,"id_str":"405419301","name":"Gautham AnandKumar","screen_name":"Gauthamak2590","location":"Chennai, Tamil Nadu, India","profile_location":null,"description":"Like to watch and play Cricket, Football , Basketball and Watch movies and TV series :) (y)","url":null,"entities":{"description":{"urls":[]}},"protected":false,"followers_count":55,"friends_count":712,"listed_count":0,"created_at":"Sat Nov 05 08:54:54 +0000 2011","favourites_count":69,"utc_offset":19800,"time_zone":"Chennai","geo_enabled":false,"verified":false,"statuses_count":728,"lang":"en","contributors_enabled":false,"is_translator":false,"is_translation_enabled":false,"profile_background_color":"C0DEED","profile_background_image_url":"http://pbs.twimg.com/profile_background_images/579746183574237187/PVTe0Fsi.jpg","profile_background_image_url_https":"https://pbs.twimg.com/profile_background_images/579746183574237187/PVTe0Fsi.jpg","profile_background_tile":true,"profile_image_url":"http://pbs.twimg.com/profile_images/579746347026272256/SD8Py1L8_normal.jpg","profile_image_url_https":"https://pbs.twimg.com/profile_images/579746347026272256/SD8Py1L8_normal.jpg","profile_banner_url":"https://pbs.twimg.com/profile_banners/405419301/1427793110","profile_link_color":"0084B4","profile_sidebar_border_color":"FFFFFF","profile_sidebar_fill_color":"DDEEF6","profile_text_color":"0D010D","profile_use_background_image":true,"default_profile":false,"default_profile_image":false,"following":false,"follow_request_sent":false,"notifications":false},"geo":null,"coordinates":null,"place":null,"contributors":null,"retweet_count":0,"favorite_count":0,"entities":{"hashtags":[{"text":"Effortless","indices":[41,52]},{"text":"KKRvsMI","indices":[53,61]},{"text":"IPL8","indices":[63,68]}],"symbols":[],"user_mentions":[],"urls":[]},"favorited":false,"retweeted":false,"lang":"en"},"message":{"text":"<blockquote class=\"twitter-tweet\" data-partner=\"tweetdeck\">\n<p>What a pickup shot from Suryakumar Yadav <a href=\"https://twitter.com/hashtag/Effortless?src=hash\">#Effortless</a> <a href=\"https://twitter.com/hashtag/KKRvsMI?src=hash\">#KKRvsMI</a> <a href=\"https://twitter.com/hashtag/IPL8?src=hash\">#IPL8</a></p>\n&mdash; Gautham AnandKumar (@Gauthamak2590) <a href=\"https://twitter.com/Gauthamak2590/status/585853081088163840\">April 8, 2015</a></blockquote>\n<script charset=\"utf-8\" type=\"text/javascript\" src=\"http://platform.twitter.com/widgets.js\"></script>"},"tags":[],"timestamp":1428513370000,"id":1154407,"time":"17:16","updateTime":1428513361490,"sequence":310.0,"type":"Manual"},{"bbcode":"H Singh to S Yadav, %SPEED% good length just outside off stump. He picks up a single","thisOver":"1","progress":{"innings":2,"over":14,"ball":1},"speed":25.1419402360676,"subtype":"BBCode","countingProgress":{"innings":2,"over":13,"ball":1},"bowlerId":103,"nonfacingBatsmanId":84,"facingBatsmanId":108,"autoText":"H Singh to S Yadav, %SPEED% good length just outside off stump. He picks up a single","message":{"text":null},"tags":[],"timestamp":1428513452000,"id":1154408,"time":"17:16","updateTime":1428513361554,"sequence":310.5,"type":"Auto"},{"bbcode":"H Singh to G Gambhir, %SPEED% full length just outside off stump. He plays and misses","thisOver":"4","progress":{"innings":2,"over":14,"ball":2},"speed":24.9419141575394,"subtype":"BBCode","countingProgress":{"innings":2,"over":13,"ball":2},"bowlerId":103,"nonfacingBatsmanId":108,"facingBatsmanId":84,"autoText":"H Singh to G Gambhir, %SPEED% full length just outside off stump. He plays and misses","message":{"text":null},"tags":["four"],"timestamp":1428513452000,"id":1154411,"time":"17:16","updateTime":1428513386004,"sequence":311.5,"type":"Auto"},{"bbcode":"[b]50 for Gautam Gambhir[/b]","subtype":"BBCode","message":{"text":"<p><strong>50 for Gautam Gambhir</strong></p>"},"tags":[],"timestamp":1428513459000,"id":1154413,"time":"17:17","updateTime":1428513456635,"sequence":312.0,"type":"Manual"},{"bbcode":"[b]Dropped![/b] Four! A lucky way to go to 50! Gambhir fizzes a straight drive through the hands of Harbhajan and it still makes the fence. He is leading his team to victory with this innings","subtype":"BBCode","message":{"text":"<p><strong>Dropped!</strong> Four! A lucky way to go to 50! Gambhir fizzes a straight drive through the hands of Harbhajan and it still makes the fence. He is leading his team to victory with this innings</p>"},"tags":[],"timestamp":1428513470000,"id":1154412,"time":"17:17","updateTime":1428513447084,"sequence":312.5,"type":"Manual"},{"bbcode":"H Singh to G Gambhir, %SPEED% good length just outside off stump. He picks up a single","thisOver":"1","progress":{"innings":2,"over":14,"ball":3},"speed":25.6593652212785,"subtype":"BBCode","countingProgress":{"innings":2,"over":13,"ball":3},"bowlerId":103,"nonfacingBatsmanId":108,"facingBatsmanId":84,"autoText":"H Singh to G Gambhir, %SPEED% good length just outside off stump. He picks up a single","message":{"text":null},"tags":[],"timestamp":1428513576000,"id":1154415,"time":"17:17","updateTime":1428513479268,"sequence":313.5,"type":"Auto"},{"bbcode":"H Singh to S Yadav, %SPEED% good length on middle stump. He picks up a single","thisOver":"1","progress":{"innings":2,"over":14,"ball":4},"speed":25.4677906443278,"subtype":"BBCode","countingProgress":{"innings":2,"over":13,"ball":4},"bowlerId":103,"nonfacingBatsmanId":84,"facingBatsmanId":108,"autoText":"H Singh to S Yadav, %SPEED% good length on middle stump. He picks up a single","message":{"text":null},"tags":[],"timestamp":1428513576000,"id":1154416,"time":"17:18","updateTime":1428513509472,"sequence":314.5,"type":"Auto"},{"bbcode":"H Singh to G Gambhir, %SPEED% short length on off stump. He plays and misses","thisOver":"1","progress":{"innings":2,"over":14,"ball":5},"speed":25.2123379526151,"subtype":"BBCode","countingProgress":{"innings":2,"over":13,"ball":5},"bowlerId":103,"nonfacingBatsmanId":108,"facingBatsmanId":84,"autoText":"H Singh to G Gambhir, %SPEED% short length on off stump. He plays and misses","message":{"text":null},"tags":[],"timestamp":1428513627000,"id":1154417,"time":"17:18","updateTime":1428513539382,"sequence":315.5,"type":"Auto"},{"bbcode":"H Singh to S Yadav, %SPEED% short length going down leg. He picks up two","thisOver":"2","progress":{"innings":2,"over":14,"ball":6},"speed":35.87709779791,"subtype":"BBCode","countingProgress":{"innings":2,"over":13,"ball":6},"bowlerId":103,"nonfacingBatsmanId":84,"facingBatsmanId":108,"autoText":"H Singh to S Yadav, %SPEED% short length going down leg. He picks up two","message":{"text":null},"tags":[],"timestamp":1428513627000,"id":1154418,"time":"17:19","updateTime":1428513569431,"sequence":316.5,"type":"Auto"},{"bbcode":"[b]Alan Wilkins: [/b][i]\"I am surprised Harbhajan hasn't come around the wicket...\"[/i]","subtype":"BBCode","message":{"text":"<p><strong>Alan Wilkins:&nbsp;</strong><em>\"I am surprised Harbhajan hasn't come around the wicket...\"</em></p>"},"tags":[],"timestamp":1428513602000,"id":1154420,"time":"17:19","updateTime":1428513598586,"sequence":317.0,"type":"Manual"},{"innings":2,"over":14,"overRuns":10,"overWickets":0,"inningsRuns":117,"inningsWickets":2,"inningsAllOut":false,"team":{"id":5,"fullName":"Kolkata Knight Riders","shortName":"Knight Riders","abbreviation":"KKR","primaryColor":"6F2C91","secondaryColor":"FFFFFF","type":"m"},"batsmanSummaries":[{"batsman":{"id":108,"fullName":"Suryakumar Yadav","shortName":"S Yadav","nationality":"Indian","rightHandedBat":true,"dateOfBirth":653270400000,"names":["Suryakumar Yadav","S Yadav"]},"runs":12,"balls":7,"fours":0,"sixes":1},{"batsman":{"id":84,"fullName":"Gautam Gambhir","shortName":"G Gambhir","nationality":"Indian","rightHandedBat":false,"dateOfBirth":371865600000,"names":["Gautam Gambhir","G Gambhir"]},"runs":53,"balls":41,"fours":6,"sixes":1}],"activeBatsman":84,"bowlerSummary":{"bowler":{"id":103,"fullName":"Harbhajan Singh","shortName":"H Singh","nationality":"Indian","rightHandedBat":true,"dateOfBirth":331430400000,"names":["Harbhajan Singh","H Singh"]},"overs":"4","runs":38,"wickets":1,"maidens":0},"inningsBalls":84,"inningsMaxBalls":120,"inningsTarget":169,"message":{"text":null},"tags":[],"timestamp":1428513569000,"id":1154419,"time":"17:19","updateTime":1428513569586,"sequence":317.5,"type":"Eov"},{"bbcode":"J Bumrah to G Gambhir, %SPEED% full length just outside off stump. He hits a nice boundary","thisOver":"4","progress":{"innings":2,"over":15,"ball":1},"speed":35.3178130559016,"subtype":"BBCode","countingProgress":{"innings":2,"over":14,"ball":1},"bowlerId":1124,"nonfacingBatsmanId":108,"facingBatsmanId":84,"autoText":"J Bumrah to G Gambhir, %SPEED% full length just outside off stump. He hits a nice boundary","message":{"text":null},"tags":["four"],"timestamp":1428513739000,"id":1154422,"time":"17:21","updateTime":1428513662892,"sequence":318.5,"type":"Auto"},{"bbcode":"Four! Gambhir anticipates the full delivery and picks his spot over mid on. Clever placement from the KKR skipper","subtype":"BBCode","message":{"text":"<p>Four! Gambhir anticipates the full delivery and picks his spot over mid on. Clever placement from the KKR skipper</p>"},"tags":[],"timestamp":1428513699000,"id":1154423,"time":"17:21","updateTime":1428513671328,"sequence":319.5,"type":"Manual"},{"bbcode":"J Bumrah to G Gambhir, [b]WICKET!!! G Gambhir is out[/b] c Ambati Rayudu b Jasprit Bumrah","thisOver":"W","progress":{"innings":2,"over":15,"ball":2},"speed":34.0634778721502,"subtype":"BBCode","countingProgress":{"innings":2,"over":14,"ball":2},"bowlerId":1124,"nonfacingBatsmanId":108,"facingBatsmanId":84,"autoText":"J Bumrah to G Gambhir, <b>WICKET!!! G Gambhir is out</b> c Ambati Rayudu b Jasprit Bumrah","message":{"text":null},"tags":["wicket"],"timestamp":1428513762000,"id":1154424,"time":"17:21","updateTime":1428513708591,"sequence":320.5,"type":"Auto"},{"bbcode":"[b]Wicket![/b] Mumbai Indians get a much needed wicket! The ball gets big on Gambhir who looked to pull to leg, it takes his top edge and picks out the fielder at deep square leg. The men in blue need more of that!","subtype":"BBCode","message":{"text":"<p><strong>Wicket!</strong> Mumbai Indians get a much needed wicket! The ball gets big on Gambhir who looked to pull to leg, it takes his top edge and picks out the fielder at deep square leg. The men in blue need more of that!</p>"},"tags":[],"timestamp":1428513832000,"id":1154426,"time":"17:23","updateTime":1428513826801,"sequence":321.0,"type":"Manual"},{"bbcode":"J Bumrah to S Yadav, %SPEED% good length on middle stump. He hits a great shot, that has gone all the way","thisOver":"6","progress":{"innings":2,"over":15,"ball":3},"speed":36.9079844349031,"subtype":"BBCode","countingProgress":{"innings":2,"over":14,"ball":3},"bowlerId":1124,"nonfacingBatsmanId":96,"facingBatsmanId":108,"autoText":"J Bumrah to S Yadav, %SPEED% good length on middle stump. He hits a great shot, that has gone all the way","message":{"text":null},"tags":["six"],"timestamp":1428513923000,"id":1154425,"time":"17:23","updateTime":1428513820963,"sequence":321.5,"type":"Auto"},{"bbcode":"[b]Six! [/b]A flick of the wrists and lofted, up and over square leg. He has a lovely flow of the bat with that stroke, marvelous to watch!","subtype":"BBCode","message":{"text":"<p><strong>Six!&nbsp;</strong>A flick of the wrists and lofted, up and over square leg. He has a lovely flow of the bat with that stroke, marvelous to watch!</p>"},"tags":[],"timestamp":1428513874000,"id":1154429,"time":"17:23","updateTime":1428513837647,"sequence":322.5,"type":"Manual"},{"bbcode":"J Bumrah to S Yadav, %SPEED% good length just outside off stump. He picks up a single","thisOver":"1","progress":{"innings":2,"over":15,"ball":4},"speed":37.3815414977347,"subtype":"BBCode","countingProgress":{"innings":2,"over":14,"ball":4},"bowlerId":1124,"nonfacingBatsmanId":96,"facingBatsmanId":108,"autoText":"J Bumrah to S Yadav, %SPEED% good length just outside off stump. He picks up a single","message":{"text":null},"tags":[],"timestamp":1428513923000,"id":1154430,"time":"17:24","updateTime":1428513865641,"sequence":323.5,"type":"Auto"},{"bbcode":"J Bumrah to Y Pathan, no run, %SPEED% short length just outside off stump. He doesn't offer a shot","thisOver":".","progress":{"innings":2,"over":15,"ball":5},"speed":36.1914991074697,"subtype":"BBCode","countingProgress":{"innings":2,"over":14,"ball":5},"bowlerId":1124,"nonfacingBatsmanId":108,"facingBatsmanId":96,"autoText":"J Bumrah to Y Pathan, no run, %SPEED% short length just outside off stump. He doesn't offer a shot","message":{"text":null},"tags":[],"timestamp":1428513974000,"id":1154431,"time":"17:25","updateTime":1428513926031,"sequence":324.5,"type":"Auto"},{"bbcode":"J Bumrah to Y Pathan, %SPEED% short length on leg stump. He picks up a single","thisOver":"1","progress":{"innings":2,"over":15,"ball":6},"speed":36.592956857463,"subtype":"BBCode","countingProgress":{"innings":2,"over":14,"ball":6},"bowlerId":1124,"nonfacingBatsmanId":108,"facingBatsmanId":96,"autoText":"J Bumrah to Y Pathan, %SPEED% short length on leg stump. He picks up a single","message":{"text":null},"tags":[],"timestamp":1428514047000,"id":1154432,"time":"17:25","updateTime":1428513950289,"sequence":325.5,"type":"Auto"},{"innings":2,"over":15,"overRuns":12,"overWickets":1,"inningsRuns":129,"inningsWickets":3,"inningsAllOut":false,"team":{"id":5,"fullName":"Kolkata Knight Riders","shortName":"Knight Riders","abbreviation":"KKR","primaryColor":"6F2C91","secondaryColor":"FFFFFF","type":"m"},"batsmanSummaries":[{"batsman":{"id":96,"fullName":"Yusuf Pathan","shortName":"Y Pathan","nationality":"Indian","rightHandedBat":false,"dateOfBirth":406339200000,"names":["Yusuf Pathan","Y Pathan"]},"runs":1,"balls":2,"fours":0,"sixes":0},{"batsman":{"id":108,"fullName":"Suryakumar Yadav","shortName":"S Yadav","nationality":"Indian","rightHandedBat":true,"dateOfBirth":653270400000,"names":["Suryakumar Yadav","S Yadav"]},"runs":19,"balls":9,"fours":0,"sixes":2}],"activeBatsman":96,"bowlerSummary":{"bowler":{"id":1124,"fullName":"Jasprit Bumrah","shortName":"J Bumrah","nationality":"Indian","rightHandedBat":true,"dateOfBirth":755136000000,"names":["Jasprit Bumrah","J Bumrah"]},"overs":"2","runs":18,"wickets":1,"maidens":0},"inningsBalls":90,"inningsMaxBalls":120,"inningsTarget":169,"message":{"text":null},"tags":[],"timestamp":1428513950000,"id":1154433,"time":"17:25","updateTime":1428513950522,"sequence":326.5,"type":"Eov"},{"mediaId":"4160910438001","endpointUrlHq1":"http://brightcove.vo.llnwd.net/v1/uds/pd/3588749423001/201504/1289/3588749423001_4160924278001_2ND-INN-2ND-WKT.mp4","endpointUrlHq2":"http://brightcove.vo.llnwd.net/v1/uds/pd/3588749423001/201504/1289/3588749423001_4160924270001_2ND-INN-2ND-WKT.mp4","endpointUrlAlt":"http://c.brightcove.com/services/mobile/streaming/index/rendition.m3u8?assetId=4160915879001","title":"M1: KKR vs MI – Manish Pandey Wicket","largeThumbnail":"http://brightcove.vo.llnwd.net/v1/unsecured/media/3588749423001/201504/721/3588749423001_4160910387001_video-still-for-video-4160910438001.jpg?pubId=3588749423001","duration":25520,"endpointUrl":"http://brightcove.vo.llnwd.net/v1/uds/pd/3588749423001/201504/305/3588749423001_4160922227001_2ND-INN-2ND-WKT.mp4","smallThumbnail":"http://brightcove.vo.llnwd.net/v1/unsecured/media/3588749423001/201504/3721/3588749423001_4160910386001_thumbnail-for-video-4160910438001.jpg?pubId=3588749423001","description":"2ND_INN_2ND_WKT","endpointUrlMq":"http://brightcove.vo.llnwd.net/v1/uds/pd/3588749423001/201504/2425/3588749423001_4160927480001_2ND-INN-2ND-WKT.mp4","endpointUrlHq3":"http://brightcove.vo.llnwd.net/v1/uds/pd/3588749423001/201504/2991/3588749423001_4160922207001_2ND-INN-2ND-WKT.mp4","publishDate":1428513360064,"message":{"text":null},"tags":["account:iplt20","kkr","2015","match:ipl2015-01","ipl2015","IPL 2015","innings 2","feature","over 12","wicket","ball 6","channel:ipl-match-centre","mi","playerid 123","ipl2015-01"],"timestamp":1428514864000,"id":1154434,"time":"17:26","updateTime":1428514012549,"sequence":327.5,"type":"Video"},{"bbcode":"L Malinga to Y Pathan, no run, %SPEED% good length on off stump. He doesn't offer a shot","thisOver":".","progress":{"innings":2,"over":16,"ball":1},"speed":38.2925531697578,"subtype":"BBCode","countingProgress":{"innings":2,"over":15,"ball":1},"bowlerId":211,"nonfacingBatsmanId":108,"facingBatsmanId":96,"autoText":"L Malinga to Y Pathan, no run, %SPEED% good length on off stump. He doesn't offer a shot","message":{"text":null},"tags":[],"timestamp":1428514100000,"id":1154435,"time":"17:27","updateTime":1428514028425,"sequence":328.5,"type":"Auto"},{"bbcode":"L Malinga to Y Pathan, no run, %SPEED% short length outside off stump. He plays and misses","thisOver":".","progress":{"innings":2,"over":16,"ball":2},"speed":38.5485454144672,"subtype":"BBCode","countingProgress":{"innings":2,"over":15,"ball":2},"bowlerId":211,"nonfacingBatsmanId":108,"facingBatsmanId":96,"autoText":"L Malinga to Y Pathan, no run, %SPEED% short length outside off stump. He plays and misses","message":{"text":null},"tags":[],"timestamp":1428514063000,"id":1154436,"time":"17:27","updateTime":1428514059850,"sequence":329.5,"type":"Auto"},{"bbcode":"L Malinga to Y Pathan, no run, %SPEED% short length outside off stump. He doesn't offer a shot","thisOver":".","progress":{"innings":2,"over":16,"ball":3},"speed":38.5175152316786,"subtype":"BBCode","countingProgress":{"innings":2,"over":15,"ball":3},"bowlerId":211,"nonfacingBatsmanId":108,"facingBatsmanId":96,"autoText":"L Malinga to Y Pathan, no run, %SPEED% short length outside off stump. He doesn't offer a shot","message":{"text":null},"tags":[],"timestamp":1428514162000,"id":1154437,"time":"17:28","updateTime":1428514097731,"sequence":330.5,"type":"Auto"},{"bbcode":"[b]Alan Wilkins: [/b][i]\"Malinga is looking back at his best.\"[/i]","subtype":"BBCode","message":{"text":"<p><strong>Alan Wilkins:&nbsp;</strong><em>\"Malinga is looking back at his best.\"</em></p>"},"tags":[],"timestamp":1428514127000,"id":1154438,"time":"17:28","updateTime":1428514127296,"sequence":331.5,"type":"Manual"},{"bbcode":"L Malinga to Y Pathan, %SPEED% short length outside off stump. He picks up a single","thisOver":"1","progress":{"innings":2,"over":16,"ball":4},"speed":37.6787805820875,"subtype":"BBCode","countingProgress":{"innings":2,"over":15,"ball":4},"bowlerId":211,"nonfacingBatsmanId":108,"facingBatsmanId":96,"autoText":"L Malinga to Y Pathan, %SPEED% short length outside off stump. He picks up a single","message":{"text":null},"tags":[],"timestamp":1428514258000,"id":1154439,"time":"17:28","updateTime":1428514136653,"sequence":332.5,"type":"Auto"},{"bbcode":"L Malinga to S Yadav, no run, %SPEED% short length going down leg. He plays and misses","thisOver":".","progress":{"innings":2,"over":16,"ball":5},"speed":37.2820742065266,"subtype":"BBCode","countingProgress":{"innings":2,"over":15,"ball":5},"bowlerId":211,"nonfacingBatsmanId":96,"facingBatsmanId":108,"autoText":"L Malinga to S Yadav, no run, %SPEED% short length going down leg. He plays and misses","message":{"text":null},"tags":[],"timestamp":1428514299000,"id":1154440,"time":"17:30","updateTime":1428514209082,"sequence":333.5,"type":"Auto"},{"bbcode":"L Malinga to S Yadav, %SPEED% full length going down leg. He picks up a single","thisOver":"1","progress":{"innings":2,"over":16,"ball":6},"speed":36.6598249142104,"subtype":"BBCode","countingProgress":{"innings":2,"over":15,"ball":6},"bowlerId":211,"nonfacingBatsmanId":96,"facingBatsmanId":108,"autoText":"L Malinga to S Yadav, %SPEED% full length going down leg. He picks up a single","message":{"text":null},"tags":[],"timestamp":1428514299000,"id":1154441,"time":"17:30","updateTime":1428514245446,"sequence":334.5,"type":"Auto"},{"innings":2,"over":16,"overRuns":2,"overWickets":0,"inningsRuns":131,"inningsWickets":3,"inningsAllOut":false,"team":{"id":5,"fullName":"Kolkata Knight Riders","shortName":"Knight Riders","abbreviation":"KKR","primaryColor":"6F2C91","secondaryColor":"FFFFFF","type":"m"},"batsmanSummaries":[{"batsman":{"id":108,"fullName":"Suryakumar Yadav","shortName":"S Yadav","nationality":"Indian","rightHandedBat":true,"dateOfBirth":653270400000,"names":["Suryakumar Yadav","S Yadav"]},"runs":20,"balls":11,"fours":0,"sixes":2},{"batsman":{"id":96,"fullName":"Yusuf Pathan","shortName":"Y Pathan","nationality":"Indian","rightHandedBat":false,"dateOfBirth":406339200000,"names":["Yusuf Pathan","Y Pathan"]},"runs":2,"balls":6,"fours":0,"sixes":0}],"activeBatsman":108,"bowlerSummary":{"bowler":{"id":211,"fullName":"Lasith Malinga","shortName":"L Malinga","nationality":"Sri Lankan","rightHandedBat":true,"dateOfBirth":430876800000,"names":["Lasith Malinga","L Malinga"]},"overs":"3","runs":13,"wickets":0,"maidens":0},"inningsBalls":96,"inningsMaxBalls":120,"inningsTarget":169,"message":{"text":null},"tags":[],"timestamp":1428514245000,"id":1154442,"time":"17:30","updateTime":1428514245614,"sequence":335.5,"type":"Eov"},{"bbcode":"Malinga showing why he is one of the best death bowlers in the world, just two from the over and it takes us to a timeout. We are in for a great finish here in Kolkata with the Knight Riders needing 9.50 runs per over... who will win?","subtype":"BBCode","message":{"text":"<p>Malinga showing why he is one of the best death bowlers in the world, just two from the over and it takes us to a timeout. We are in for a great finish here in Kolkata with the Knight Riders needing 9.50 runs per over... who will win?</p>"},"tags":[],"timestamp":1428514336000,"id":1154443,"time":"17:32","updateTime":1428514336446,"sequence":336.5,"type":"Manual"},{"bbcode":"J Bumrah to S Yadav, Wide delivery","thisOver":"1Wd","progress":{"innings":2,"over":17,"ball":1},"speed":-1.0,"subtype":"BBCode","countingProgress":{"innings":2,"over":16,"ball":1},"bowlerId":1124,"nonfacingBatsmanId":96,"facingBatsmanId":108,"autoText":"J Bumrah to S Yadav, Wide delivery","message":{"text":null},"tags":[],"timestamp":1428514442000,"id":1154444,"time":"17:33","updateTime":1428514437795,"sequence":337.5,"type":"Auto"},{"bbcode":"J Bumrah to S Yadav, no run. He plays and misses","thisOver":".","progress":{"innings":2,"over":17,"ball":2},"speed":-1.0,"subtype":"BBCode","countingProgress":{"innings":2,"over":16,"ball":1},"bowlerId":1124,"nonfacingBatsmanId":96,"facingBatsmanId":108,"autoText":"J Bumrah to S Yadav, no run. He plays and misses","message":{"text":null},"tags":[],"timestamp":1428514470000,"id":1154445,"time":"17:34","updateTime":1428514467222,"sequence":338.5,"type":"Auto"},{"bbcode":"J Bumrah to S Yadav. He hits a great shot, that has gone all the way","thisOver":"6","progress":{"innings":2,"over":17,"ball":3},"speed":-1.0,"subtype":"BBCode","countingProgress":{"innings":2,"over":16,"ball":2},"bowlerId":1124,"nonfacingBatsmanId":96,"facingBatsmanId":108,"autoText":"J Bumrah to S Yadav. He hits a great shot, that has gone all the way","message":{"text":null},"tags":["six"],"timestamp":1428514587000,"id":1154446,"time":"17:35","updateTime":1428514508529,"sequence":339.5,"type":"Auto"},{"bbcode":"[b]Six![/b] What a shot! A textbook cricket shot over extra cover and into the adoring fans. Wow!","subtype":"BBCode","message":{"text":"<p><strong>Six!</strong> What a shot! A textbook cricket shot over extra cover and into the adoring fans. Wow!</p>"},"tags":[],"timestamp":1428514542000,"id":1154448,"time":"17:35","updateTime":1428514537566,"sequence":340.0,"type":"Manual"},{"bbcode":"J Bumrah to S Yadav, no run, %SPEED% short length just outside off stump. He plays and misses","thisOver":".","progress":{"innings":2,"over":17,"ball":4},"speed":35.2455468030017,"subtype":"BBCode","countingProgress":{"innings":2,"over":16,"ball":3},"bowlerId":1124,"nonfacingBatsmanId":96,"facingBatsmanId":108,"autoText":"J Bumrah to S Yadav, no run, %SPEED% short length just outside off stump. He plays and misses","message":{"text":null},"tags":[],"timestamp":1428514587000,"id":1154447,"time":"17:35","updateTime":1428514532689,"sequence":340.5,"type":"Auto"},{"bbcode":"J Bumrah to S Yadav, %SPEED% full toss going down leg. He hits a great shot, that has gone all the way","thisOver":"6","progress":{"innings":2,"over":17,"ball":5},"speed":34.7373635179198,"subtype":"BBCode","countingProgress":{"innings":2,"over":16,"ball":4},"bowlerId":1124,"nonfacingBatsmanId":96,"facingBatsmanId":108,"autoText":"J Bumrah to S Yadav, %SPEED% full toss going down leg. He hits a great shot, that has gone all the way","message":{"text":null},"tags":["six"],"timestamp":1428514649000,"id":1154451,"time":"17:36","updateTime":1428514597302,"sequence":341.5,"type":"Auto"},{"bbcode":"[b]Six![/b] Sweet, sweet timing! Picked up off leg stump and hit over 90 metres back into the mid wicket stands","subtype":"BBCode","message":{"text":"<p><strong>Six!</strong> Sweet, sweet timing! Picked up off leg stump and hit over 90 metres back into the mid wicket stands</p>"},"tags":[],"timestamp":1428514659000,"id":1154453,"time":"17:37","updateTime":1428514657180,"sequence":342.0,"type":"Manual"},{"bbcode":"J Bumrah to S Yadav, %SPEED% short length just outside off stump. He picks up a single","thisOver":"1","progress":{"innings":2,"over":17,"ball":6},"speed":35.5957678339576,"subtype":"BBCode","countingProgress":{"innings":2,"over":16,"ball":5},"bowlerId":1124,"nonfacingBatsmanId":96,"facingBatsmanId":108,"autoText":"J Bumrah to S Yadav, %SPEED% short length just outside off stump. He picks up a single","message":{"text":null},"tags":[],"timestamp":1428514699000,"id":1154452,"time":"17:37","updateTime":1428514637773,"sequence":342.5,"type":"Auto"},{"bbcode":"J Bumrah to Y Pathan, %SPEED% short length on off stump. He hits a great shot, that has gone all the way","thisOver":"6","progress":{"innings":2,"over":17,"ball":7},"speed":36.6391200156499,"subtype":"BBCode","countingProgress":{"innings":2,"over":16,"ball":6},"bowlerId":1124,"nonfacingBatsmanId":108,"facingBatsmanId":96,"autoText":"J Bumrah to Y Pathan, %SPEED% short length on off stump. He hits a great shot, that has gone all the way","message":{"text":null},"tags":["six"],"timestamp":1428514761000,"id":1154455,"time":"17:37","updateTime":1428514676441,"sequence":343.5,"type":"Auto"},{"bbcode":"[b]Six! [/b]Boomrah! The MI bowler is flat batted for the third six over mid wicket. That is the over that turns the game!","subtype":"BBCode","message":{"text":"<p><strong>Six!&nbsp;</strong>Boomrah! The MI bowler is flat batted for the third six over mid wicket. That is the over that turns the game!</p>"},"tags":[],"timestamp":1428514742000,"id":1154457,"time":"17:38","updateTime":1428514706318,"sequence":344.0,"type":"Manual"},{"innings":2,"over":17,"overRuns":20,"overWickets":0,"inningsRuns":151,"inningsWickets":3,"inningsAllOut":false,"team":{"id":5,"fullName":"Kolkata Knight Riders","shortName":"Knight Riders","abbreviation":"KKR","primaryColor":"6F2C91","secondaryColor":"FFFFFF","type":"m"},"batsmanSummaries":[{"batsman":{"id":96,"fullName":"Yusuf Pathan","shortName":"Y Pathan","nationality":"Indian","rightHandedBat":false,"dateOfBirth":406339200000,"names":["Yusuf Pathan","Y Pathan"]},"runs":8,"balls":7,"fours":0,"sixes":1},{"batsman":{"id":108,"fullName":"Suryakumar Yadav","shortName":"S Yadav","nationality":"Indian","rightHandedBat":true,"dateOfBirth":653270400000,"names":["Suryakumar Yadav","S Yadav"]},"runs":33,"balls":16,"fours":0,"sixes":4}],"activeBatsman":108,"bowlerSummary":{"bowler":{"id":1124,"fullName":"Jasprit Bumrah","shortName":"J Bumrah","nationality":"Indian","rightHandedBat":true,"dateOfBirth":755136000000,"names":["Jasprit Bumrah","J Bumrah"]},"overs":"3","runs":38,"wickets":1,"maidens":0},"inningsBalls":102,"inningsMaxBalls":120,"inningsTarget":169,"message":{"text":null},"tags":[],"timestamp":1428514676000,"id":1154456,"time":"17:37","updateTime":1428514676617,"sequence":344.5,"type":"Eov"},{"bbcode":"L Malinga to S Yadav, %SPEED% full length on middle stump. He picks up a single","thisOver":"1","progress":{"innings":2,"over":18,"ball":1},"speed":37.5055878408583,"subtype":"BBCode","countingProgress":{"innings":2,"over":17,"ball":1},"bowlerId":211,"nonfacingBatsmanId":96,"facingBatsmanId":108,"autoText":"L Malinga to S Yadav, %SPEED% full length on middle stump. He picks up a single","message":{"text":null},"tags":[],"timestamp":1428514833000,"id":1154459,"time":"17:39","updateTime":1428514753153,"sequence":345.5,"type":"Auto"},{"bbcode":"L Malinga to Y Pathan, %SPEED% short length going down leg. He hits a nice boundary","thisOver":"4","progress":{"innings":2,"over":18,"ball":2},"speed":36.7009387572642,"subtype":"BBCode","countingProgress":{"innings":2,"over":17,"ball":2},"bowlerId":211,"nonfacingBatsmanId":108,"facingBatsmanId":96,"autoText":"L Malinga to Y Pathan, %SPEED% short length going down leg. He hits a nice boundary","message":{"text":null},"tags":["four"],"timestamp":1428514884000,"id":1154460,"time":"17:40","updateTime":1428514802363,"sequence":346.5,"type":"Auto"},{"bbcode":"Four! Head still and flicked fine on the leg side, KKR finishing in style!","subtype":"BBCode","message":{"text":"<p>Four! Head still and flicked fine on the leg side, KKR finishing in style!</p>"},"tags":[],"timestamp":1428514840000,"id":1154461,"time":"17:40","updateTime":1428514810190,"sequence":347.5,"type":"Manual"},{"bbcode":"L Malinga to Y Pathan, no run. He plays and misses","thisOver":".","progress":{"innings":2,"over":18,"ball":3},"speed":-1.0,"subtype":"BBCode","countingProgress":{"innings":2,"over":17,"ball":3},"bowlerId":211,"nonfacingBatsmanId":108,"facingBatsmanId":96,"autoText":"L Malinga to Y Pathan, no run. He plays and misses","message":{"text":null},"tags":[],"timestamp":1428514848000,"id":1154462,"time":"17:40","updateTime":1428514844217,"sequence":348.5,"type":"Auto"}]}