[{"dataType":"tweet-history","scope":"ipl-mi-battle","metadata":null,"writtenAt":1487548406881,"data":[{"resolution":{"value":1,"unit":"MINUTE","msValue":60000,"maxBuckets":10},"maximum":3,"buckets":[{"label":"23:42","msValue":1487547720000,"count":1},{"label":"23:43","msValue":1487547780000,"count":1},{"label":"23:44","msValue":1487547840000,"count":1},{"label":"23:45","msValue":1487547900000,"count":1},{"label":"23:46","msValue":1487547960000,"count":1},{"label":"23:48","msValue":1487548080000,"count":1},{"label":"23:50","msValue":1487548200000,"count":3}]},{"resolution":{"value":1,"unit":"DAY","msValue":86400000,"maxBuckets":1},"maximum":1375,"buckets":[{"label":"Sun 19 Feb","msValue":1487462400000,"count":1375}]}]}]