{"fragment":6,"updateTime":1431886431000,"matchId":{"id":3281,"name":"ipl2015-56 - SRH vs. MI","matchIdName":"ipl2015-56"},"commentaries":[{"bbcode":"P Kumar to P Patel, Wide delivery","thisOver":"1Wd","progress":{"innings":2,"over":7,"ball":5},"subtype":"BBCode","countingProgress":{"innings":2,"over":6,"ball":5},"bowlerId":77,"nonfacingBatsmanId":595,"facingBatsmanId":44,"autoText":"P Kumar to P Patel, Wide delivery","message":{"text":null},"tags":[],"timestamp":1431886431000,"id":1196515,"time":"16:59","updateTime":1431881942691,"sequence":250.0,"type":"Auto"},{"bbcode":"P Kumar to P Patel, %SPEED% short length outside off stump. He picks up a single","thisOver":"1","progress":{"innings":2,"over":7,"ball":6},"speed":35.1256304641435,"subtype":"BBCode","countingProgress":{"innings":2,"over":6,"ball":5},"bowlerId":77,"nonfacingBatsmanId":595,"facingBatsmanId":44,"autoText":"P Kumar to P Patel, %SPEED% short length outside off stump. He picks up a single","message":{"text":null},"tags":[],"timestamp":1431882028000,"id":1196516,"time":"16:59","updateTime":1431881976806,"sequence":251.0,"type":"Auto"},{"bbcode":"P Kumar to L Simmons, 2 leg byes","thisOver":"2Lb","progress":{"innings":2,"over":7,"ball":7},"speed":32.7300733553363,"subtype":"BBCode","countingProgress":{"innings":2,"over":6,"ball":6},"bowlerId":77,"nonfacingBatsmanId":44,"facingBatsmanId":595,"autoText":"P Kumar to L Simmons, 2 leg byes","message":{"text":null},"tags":[],"timestamp":1431882040000,"id":1196517,"time":"17:00","updateTime":1431882038781,"sequence":252.0,"type":"Auto"},{"innings":2,"over":7,"overRuns":9,"overWickets":0,"inningsRuns":47,"inningsWickets":0,"inningsAllOut":false,"team":{"id":6,"fullName":"Mumbai Indians","shortName":"Mumbai","abbreviation":"MI","primaryColor":"00AEEF","secondaryColor":"FFFFFF","type":"m"},"batsmanSummaries":[{"batsman":{"id":595,"fullName":"Lendl Simmons","shortName":"L Simmons","nationality":"West Indian","rightHandedBat":true,"dateOfBirth":475459200000,"names":["Lendl Simmons","L Simmons"]},"runs":21,"balls":25,"fours":3,"sixes":0},{"batsman":{"id":44,"fullName":"Parthiv Patel","shortName":"P Patel","nationality":"Indian","rightHandedBat":false,"dateOfBirth":479174400000,"names":["Parthiv Patel","P Patel"]},"runs":21,"balls":17,"fours":4,"sixes":0}],"activeBatsman":44,"bowlerSummary":{"bowler":{"id":77,"fullName":"Praveen Kumar","shortName":"P Kumar","nationality":"Indian","rightHandedBat":false,"dateOfBirth":528595200000,"names":["Praveen Kumar","P Kumar"]},"overs":"2","runs":13,"wickets":0,"maidens":0},"inningsBalls":42,"inningsMaxBalls":120,"inningsTarget":114,"message":{"text":null},"tags":[],"timestamp":1431882038000,"id":1196518,"time":"17:00","updateTime":1431882038975,"sequence":253.0,"type":"Eov"},{"bbcode":"M Henriques to P Patel, %SPEED% good length on middle stump. He hits a nice boundary","thisOver":"4","progress":{"innings":2,"over":8,"ball":1},"speed":36.559904702568,"subtype":"BBCode","countingProgress":{"innings":2,"over":7,"ball":1},"bowlerId":388,"nonfacingBatsmanId":595,"facingBatsmanId":44,"autoText":"M Henriques to P Patel, %SPEED% good length on middle stump. He hits a nice boundary","message":{"text":null},"tags":["four"],"timestamp":1431882189000,"id":1196519,"time":"17:01","updateTime":1431882116658,"sequence":254.0,"type":"Auto"},{"bbcode":"Four! The MI 50 comes up as Parthiv nurdles one round the corner for four. MI looking solid","subtype":"BBCode","message":{"text":"<p>Four! The MI 50 comes up as Parthiv nurdles one round the corner for four. MI looking solid</p>"},"tags":[],"timestamp":1431882157000,"id":1196520,"time":"17:02","updateTime":1431882129605,"sequence":255.0,"type":"Manual"},{"bbcode":"M Henriques to P Patel, %SPEED% short length outside off stump. He picks up a single","thisOver":"1","progress":{"innings":2,"over":8,"ball":2},"speed":29.847723494197,"subtype":"BBCode","countingProgress":{"innings":2,"over":7,"ball":2},"bowlerId":388,"nonfacingBatsmanId":595,"facingBatsmanId":44,"autoText":"M Henriques to P Patel, %SPEED% short length outside off stump. He picks up a single","message":{"text":null},"tags":[],"timestamp":1431882189000,"id":1196521,"time":"17:02","updateTime":1431882154432,"sequence":256.0,"type":"Auto"},{"bbcode":"M Henriques to L Simmons, %SPEED% full length outside off stump. He plays and misses","thisOver":"1","progress":{"innings":2,"over":8,"ball":3},"speed":36.4788930368114,"subtype":"BBCode","countingProgress":{"innings":2,"over":7,"ball":3},"bowlerId":388,"nonfacingBatsmanId":44,"facingBatsmanId":595,"autoText":"M Henriques to L Simmons, %SPEED% full length outside off stump. He plays and misses","message":{"text":null},"tags":[],"timestamp":1431882271000,"id":1196522,"time":"17:03","updateTime":1431882199799,"sequence":257.0,"type":"Auto"},{"bbcode":"M Henriques to P Patel, %SPEED% good length just outside off stump. He picks up a single","thisOver":"1","progress":{"innings":2,"over":8,"ball":4},"speed":31.5119141497469,"subtype":"BBCode","countingProgress":{"innings":2,"over":7,"ball":4},"bowlerId":388,"nonfacingBatsmanId":595,"facingBatsmanId":44,"autoText":"M Henriques to P Patel, %SPEED% good length just outside off stump. He picks up a single","message":{"text":null},"tags":[],"timestamp":1431882322000,"id":1196523,"time":"17:04","updateTime":1431882243303,"sequence":258.0,"type":"Auto"},{"bbcode":"M Henriques to L Simmons, %SPEED% good length on middle stump. He picks up a single","thisOver":"1","progress":{"innings":2,"over":8,"ball":5},"speed":36.2754359132426,"subtype":"BBCode","countingProgress":{"innings":2,"over":7,"ball":5},"bowlerId":388,"nonfacingBatsmanId":44,"facingBatsmanId":595,"autoText":"M Henriques to L Simmons, %SPEED% good length on middle stump. He picks up a single","message":{"text":null},"tags":[],"timestamp":1431882322000,"id":1196524,"time":"17:04","updateTime":1431882275693,"sequence":259.0,"type":"Auto"},{"bbcode":"M Henriques to P Patel. He plays and misses","thisOver":"1","progress":{"innings":2,"over":8,"ball":6},"subtype":"BBCode","countingProgress":{"innings":2,"over":7,"ball":6},"bowlerId":388,"nonfacingBatsmanId":595,"facingBatsmanId":44,"autoText":"M Henriques to P Patel. He plays and misses","message":{"text":null},"tags":[],"timestamp":1431886431000,"id":1196525,"time":"17:05","updateTime":1431882314055,"sequence":260.0,"type":"Auto"},{"innings":2,"over":8,"overRuns":9,"overWickets":0,"inningsRuns":56,"inningsWickets":0,"inningsAllOut":false,"team":{"id":6,"fullName":"Mumbai Indians","shortName":"Mumbai","abbreviation":"MI","primaryColor":"00AEEF","secondaryColor":"FFFFFF","type":"m"},"batsmanSummaries":[{"batsman":{"id":44,"fullName":"Parthiv Patel","shortName":"P Patel","nationality":"Indian","rightHandedBat":false,"dateOfBirth":479174400000,"names":["Parthiv Patel","P Patel"]},"runs":28,"balls":21,"fours":5,"sixes":0},{"batsman":{"id":595,"fullName":"Lendl Simmons","shortName":"L Simmons","nationality":"West Indian","rightHandedBat":true,"dateOfBirth":475459200000,"names":["Lendl Simmons","L Simmons"]},"runs":23,"balls":27,"fours":3,"sixes":0}],"activeBatsman":44,"bowlerSummary":{"bowler":{"id":388,"fullName":"Moises Henriques","shortName":"M Henriques","nationality":"Australian","rightHandedBat":true,"dateOfBirth":539136000000,"names":["Moises Henriques","M Henriques"]},"overs":"2","runs":10,"wickets":0,"maidens":0},"inningsBalls":48,"inningsMaxBalls":120,"inningsTarget":114,"message":{"text":null},"tags":[],"timestamp":1431882314000,"id":1196526,"time":"17:05","updateTime":1431882314174,"sequence":261.0,"type":"Eov"},{"bbcode":"Steyn's back as MI are nearly half way there; SRH are living on a wing and a prayer.","subtype":"BBCode","message":{"text":"<p>Steyn's back as MI are nearly half way there; SRH are living on a wing and a prayer.</p>"},"tags":[],"timestamp":1431882428000,"id":1196527,"time":"17:07","updateTime":1431882420637,"sequence":262.0,"type":"Manual"},{"bbcode":"D Steyn to P Patel, %SPEED% full length outside off stump. He plays and misses","thisOver":"4","progress":{"innings":2,"over":9,"ball":1},"speed":39.2512153997001,"subtype":"BBCode","countingProgress":{"innings":2,"over":8,"ball":1},"bowlerId":180,"nonfacingBatsmanId":595,"facingBatsmanId":44,"autoText":"D Steyn to P Patel, %SPEED% full length outside off stump. He plays and misses","message":{"text":null},"tags":["four"],"timestamp":1431882495000,"id":1196528,"time":"17:07","updateTime":1431882447772,"sequence":263.0,"type":"Auto"},{"bbcode":"Four! Close! MI's luck is in! Outside edge from Parthiv, and it flies to where first slip would have been and it runs away for four","subtype":"BBCode","message":{"text":"<p>Four! Close! MI's luck is in! Outside edge from Parthiv, and it flies to where first slip would have been and it runs away for four</p>"},"tags":[],"timestamp":1431882498000,"id":1196530,"time":"17:08","updateTime":1431882482061,"sequence":263.5,"type":"Manual"},{"bbcode":"D Steyn to P Patel, %SPEED% good length just outside off stump. He picks up a single","thisOver":"1","progress":{"innings":2,"over":9,"ball":2},"speed":39.030760808015,"subtype":"BBCode","countingProgress":{"innings":2,"over":8,"ball":2},"bowlerId":180,"nonfacingBatsmanId":595,"facingBatsmanId":44,"autoText":"D Steyn to P Patel, %SPEED% good length just outside off stump. He picks up a single","message":{"text":null},"tags":[],"timestamp":1431882566000,"id":1196529,"time":"17:08","updateTime":1431882480368,"sequence":264.0,"type":"Auto"},{"bbcode":"D Steyn to L Simmons, %SPEED% short length just outside off stump. He picks up a single","thisOver":"1","progress":{"innings":2,"over":9,"ball":3},"speed":40.1877514528386,"subtype":"BBCode","countingProgress":{"innings":2,"over":8,"ball":3},"bowlerId":180,"nonfacingBatsmanId":44,"facingBatsmanId":595,"autoText":"D Steyn to L Simmons, %SPEED% short length just outside off stump. He picks up a single","message":{"text":null},"tags":[],"timestamp":1431882627000,"id":1196533,"time":"17:08","updateTime":1431882535878,"sequence":265.0,"type":"Auto"},{"bbcode":"D Steyn to P Patel, %SPEED% good length on off stump. He picks up a single","thisOver":"1","progress":{"innings":2,"over":9,"ball":4},"speed":39.713036838088,"subtype":"BBCode","countingProgress":{"innings":2,"over":8,"ball":4},"bowlerId":180,"nonfacingBatsmanId":595,"facingBatsmanId":44,"autoText":"D Steyn to P Patel, %SPEED% good length on off stump. He picks up a single","message":{"text":null},"tags":[],"timestamp":1431882678000,"id":1196534,"time":"17:09","updateTime":1431882589585,"sequence":266.0,"type":"Auto"},{"bbcode":"D Steyn to L Simmons, Wide delivery","thisOver":"1Wd","progress":{"innings":2,"over":9,"ball":5},"speed":38.9173698096867,"subtype":"BBCode","countingProgress":{"innings":2,"over":8,"ball":5},"bowlerId":180,"nonfacingBatsmanId":44,"facingBatsmanId":595,"autoText":"D Steyn to L Simmons, Wide delivery","message":{"text":null},"tags":[],"timestamp":1431882635000,"id":1196535,"time":"17:10","updateTime":1431882633466,"sequence":267.0,"type":"Auto"},{"bbcode":"D Steyn to L Simmons. He plays and misses","thisOver":"1","progress":{"innings":2,"over":9,"ball":6},"subtype":"BBCode","countingProgress":{"innings":2,"over":8,"ball":5},"bowlerId":180,"nonfacingBatsmanId":44,"facingBatsmanId":595,"autoText":"D Steyn to L Simmons. He plays and misses","message":{"text":null},"tags":[],"timestamp":1431886430000,"id":1196536,"time":"17:11","updateTime":1431882671115,"sequence":268.0,"type":"Auto"},{"bbcode":"D Steyn to P Patel, no run, %SPEED% full length outside off stump. He doesn't offer a shot","thisOver":".","progress":{"innings":2,"over":9,"ball":7},"speed":39.6066160035762,"subtype":"BBCode","countingProgress":{"innings":2,"over":8,"ball":6},"bowlerId":180,"nonfacingBatsmanId":595,"facingBatsmanId":44,"autoText":"D Steyn to P Patel, no run, %SPEED% full length outside off stump. He doesn't offer a shot","message":{"text":null},"tags":[],"timestamp":1431882799000,"id":1196537,"time":"17:11","updateTime":1431882713343,"sequence":269.0,"type":"Auto"},{"bbcode":"Close! Nearly a chance! Parthiv nearly picks out short cover, but it just drops short","subtype":"BBCode","message":{"text":"<p>Close! Nearly a chance! Parthiv nearly picks out short cover, but it just drops short</p>"},"tags":[],"timestamp":1431882760000,"id":1196539,"time":"17:12","updateTime":1431882758441,"sequence":269.5,"type":"Manual"},{"innings":2,"over":9,"overRuns":9,"overWickets":0,"inningsRuns":65,"inningsWickets":0,"inningsAllOut":false,"team":{"id":6,"fullName":"Mumbai Indians","shortName":"Mumbai","abbreviation":"MI","primaryColor":"00AEEF","secondaryColor":"FFFFFF","type":"m"},"batsmanSummaries":[{"batsman":{"id":44,"fullName":"Parthiv Patel","shortName":"P Patel","nationality":"Indian","rightHandedBat":false,"dateOfBirth":479174400000,"names":["Parthiv Patel","P Patel"]},"runs":34,"balls":25,"fours":6,"sixes":0},{"batsman":{"id":595,"fullName":"Lendl Simmons","shortName":"L Simmons","nationality":"West Indian","rightHandedBat":true,"dateOfBirth":475459200000,"names":["Lendl Simmons","L Simmons"]},"runs":25,"balls":29,"fours":3,"sixes":0}],"activeBatsman":595,"bowlerSummary":{"bowler":{"id":180,"fullName":"Dale Steyn","shortName":"D Steyn","nationality":"South African","rightHandedBat":false,"dateOfBirth":425520000000,"names":["Dale Steyn","D Steyn"]},"overs":"3","runs":27,"wickets":0,"maidens":0},"inningsBalls":54,"inningsMaxBalls":120,"inningsTarget":114,"message":{"text":null},"tags":[],"timestamp":1431882713000,"id":1196538,"time":"17:11","updateTime":1431882713531,"sequence":270.0,"type":"Eov"},{"bbcode":"Strategic Timeout time. It's all too easy for MI at the moment. SRH will need something special from here.","subtype":"BBCode","message":{"text":"<p>Strategic Timeout time. It's all too easy for MI at the moment. SRH will need something special from here.</p>"},"tags":[],"timestamp":1431882810000,"id":1196541,"time":"17:13","updateTime":1431882810058,"sequence":271.0,"type":"Manual"},{"bbcode":"K Sharma to L Simmons, %SPEED% good length outside off stump. He hits a nice boundary","thisOver":"4","progress":{"innings":2,"over":10,"ball":1},"speed":23.4008891198351,"subtype":"BBCode","countingProgress":{"innings":2,"over":9,"ball":1},"bowlerId":1118,"nonfacingBatsmanId":44,"facingBatsmanId":595,"autoText":"K Sharma to L Simmons, %SPEED% good length outside off stump. He hits a nice boundary","message":{"text":null},"tags":["four"],"timestamp":1431882983000,"id":1196542,"time":"17:15","updateTime":1431882932907,"sequence":272.0,"type":"Auto"},{"bbcode":"Four! Lovely placement from Simmons, as he cuts past point for four","subtype":"BBCode","message":{"text":"<p>Four! Lovely placement from Simmons, as he cuts past point for four</p>"},"tags":[],"timestamp":1431882961000,"id":1196543,"time":"17:15","updateTime":1431882951745,"sequence":273.0,"type":"Manual"},{"bbcode":"K Sharma to L Simmons, %SPEED% short length just outside off stump. He picks up a single","thisOver":"1","progress":{"innings":2,"over":10,"ball":2},"speed":23.3748260544386,"subtype":"BBCode","countingProgress":{"innings":2,"over":9,"ball":2},"bowlerId":1118,"nonfacingBatsmanId":44,"facingBatsmanId":595,"autoText":"K Sharma to L Simmons, %SPEED% short length just outside off stump. He picks up a single","message":{"text":null},"tags":[],"timestamp":1431883054000,"id":1196544,"time":"17:15","updateTime":1431882956884,"sequence":274.0,"type":"Auto"},{"bbcode":"K Sharma to P Patel, no run, %SPEED% good length just outside off stump. He plays and misses","thisOver":".","progress":{"innings":2,"over":10,"ball":3},"speed":23.9750824228253,"subtype":"BBCode","countingProgress":{"innings":2,"over":9,"ball":3},"bowlerId":1118,"nonfacingBatsmanId":595,"facingBatsmanId":44,"autoText":"K Sharma to P Patel, no run, %SPEED% good length just outside off stump. He plays and misses","message":{"text":null},"tags":[],"timestamp":1431883001000,"id":1196545,"time":"17:16","updateTime":1431882997317,"sequence":275.0,"type":"Auto"},{"bbcode":"Close! Karn beats the outside edge, and there's a missed stumping as Naman can't collect","subtype":"BBCode","message":{"text":"<p>Close! Karn beats the outside edge, and there's a missed stumping as Naman can't collect</p>"},"tags":[],"timestamp":1431883035000,"id":1196547,"time":"17:17","updateTime":1431883034027,"sequence":275.5,"type":"Manual"},{"bbcode":"K Sharma to P Patel, 1 bye","thisOver":"1B","progress":{"innings":2,"over":10,"ball":4},"speed":22.8990994815959,"subtype":"BBCode","countingProgress":{"innings":2,"over":9,"ball":4},"bowlerId":1118,"nonfacingBatsmanId":595,"facingBatsmanId":44,"autoText":"K Sharma to P Patel, 1 bye","message":{"text":null},"tags":[],"timestamp":1431883023000,"id":1196546,"time":"17:17","updateTime":1431883023161,"sequence":276.0,"type":"Auto"},{"bbcode":"K Sharma to L Simmons, no run, %SPEED% good length on middle stump. He doesn't offer a shot","thisOver":".","progress":{"innings":2,"over":10,"ball":5},"speed":26.7576932571559,"subtype":"BBCode","countingProgress":{"innings":2,"over":9,"ball":5},"bowlerId":1118,"nonfacingBatsmanId":44,"facingBatsmanId":595,"autoText":"K Sharma to L Simmons, no run, %SPEED% good length on middle stump. He doesn't offer a shot","message":{"text":null},"tags":[],"timestamp":1431883105000,"id":1196549,"time":"17:17","updateTime":1431883041145,"sequence":277.0,"type":"Auto"},{"bbcode":"K Sharma to L Simmons, %SPEED% short length on off stump. He picks up two","thisOver":"2","progress":{"innings":2,"over":10,"ball":6},"speed":23.3161176853354,"subtype":"BBCode","countingProgress":{"innings":2,"over":9,"ball":6},"bowlerId":1118,"nonfacingBatsmanId":44,"facingBatsmanId":595,"autoText":"K Sharma to L Simmons, %SPEED% short length on off stump. He picks up two","message":{"text":null},"tags":[],"timestamp":1431883105000,"id":1196550,"time":"17:17","updateTime":1431883068013,"sequence":278.0,"type":"Auto"},{"innings":2,"over":10,"overRuns":8,"overWickets":0,"inningsRuns":73,"inningsWickets":0,"inningsAllOut":false,"team":{"id":6,"fullName":"Mumbai Indians","shortName":"Mumbai","abbreviation":"MI","primaryColor":"00AEEF","secondaryColor":"FFFFFF","type":"m"},"batsmanSummaries":[{"batsman":{"id":595,"fullName":"Lendl Simmons","shortName":"L Simmons","nationality":"West Indian","rightHandedBat":true,"dateOfBirth":475459200000,"names":["Lendl Simmons","L Simmons"]},"runs":32,"balls":33,"fours":4,"sixes":0},{"batsman":{"id":44,"fullName":"Parthiv Patel","shortName":"P Patel","nationality":"Indian","rightHandedBat":false,"dateOfBirth":479174400000,"names":["Parthiv Patel","P Patel"]},"runs":34,"balls":27,"fours":6,"sixes":0}],"activeBatsman":44,"bowlerSummary":{"bowler":{"id":1118,"fullName":"Karn Sharma","shortName":"K Sharma","nationality":"Indian","rightHandedBat":false,"dateOfBirth":561945600000,"names":["Karn Sharma","K Sharma"]},"overs":"1","runs":7,"wickets":0,"maidens":0},"inningsBalls":60,"inningsMaxBalls":120,"inningsTarget":114,"message":{"text":null},"tags":[],"timestamp":1431883068000,"id":1196551,"time":"17:17","updateTime":1431883068294,"sequence":279.0,"type":"Eov"},{"bbcode":"M Henriques to P Patel, %SPEED% short length outside off stump. He hits a nice boundary","thisOver":"4","progress":{"innings":2,"over":11,"ball":1},"speed":29.7604776962745,"subtype":"BBCode","countingProgress":{"innings":2,"over":10,"ball":1},"bowlerId":388,"nonfacingBatsmanId":595,"facingBatsmanId":44,"autoText":"M Henriques to P Patel, %SPEED% short length outside off stump. He hits a nice boundary","message":{"text":null},"tags":["four"],"timestamp":1431883227000,"id":1196552,"time":"17:19","updateTime":1431883158354,"sequence":280.0,"type":"Auto"},{"bbcode":"Four! Power from the pocket rocket! Henriques tries to go short, Parthiv steps out and slaps it down the ground","subtype":"BBCode","message":{"text":"<p>Four! Power from the pocket rocket! Henriques tries to go short, Parthiv steps out and slaps it down the ground</p>"},"tags":[],"timestamp":1431883194000,"id":1196553,"time":"17:19","updateTime":1431883167099,"sequence":281.0,"type":"Manual"},{"bbcode":"M Henriques to P Patel, no run, %SPEED% short length outside off stump. He doesn't offer a shot","thisOver":".","progress":{"innings":2,"over":11,"ball":2},"speed":31.7674389240074,"subtype":"BBCode","countingProgress":{"innings":2,"over":10,"ball":2},"bowlerId":388,"nonfacingBatsmanId":595,"facingBatsmanId":44,"autoText":"M Henriques to P Patel, no run, %SPEED% short length outside off stump. He doesn't offer a shot","message":{"text":null},"tags":[],"timestamp":1431883227000,"id":1196554,"time":"17:19","updateTime":1431883187538,"sequence":282.0,"type":"Auto"},{"bbcode":"M Henriques to P Patel, no run, %SPEED% full length outside off stump. He doesn't offer a shot","thisOver":".","progress":{"innings":2,"over":11,"ball":3},"speed":36.8719594785151,"subtype":"BBCode","countingProgress":{"innings":2,"over":10,"ball":3},"bowlerId":388,"nonfacingBatsmanId":595,"facingBatsmanId":44,"autoText":"M Henriques to P Patel, no run, %SPEED% full length outside off stump. He doesn't offer a shot","message":{"text":null},"tags":[],"timestamp":1431883277000,"id":1196555,"time":"17:20","updateTime":1431883214594,"sequence":283.0,"type":"Auto"},{"bbcode":"M Henriques to P Patel, %SPEED% good length outside off stump. He picks up a single","thisOver":"1","progress":{"innings":2,"over":11,"ball":4},"speed":36.0876402517744,"subtype":"BBCode","countingProgress":{"innings":2,"over":10,"ball":4},"bowlerId":388,"nonfacingBatsmanId":595,"facingBatsmanId":44,"autoText":"M Henriques to P Patel, %SPEED% good length outside off stump. He picks up a single","message":{"text":null},"tags":[],"timestamp":1431883277000,"id":1196556,"time":"17:20","updateTime":1431883247883,"sequence":284.0,"type":"Auto"},{"bbcode":"M Henriques to L Simmons, Wide delivery","thisOver":"1Wd","progress":{"innings":2,"over":11,"ball":5},"subtype":"BBCode","countingProgress":{"innings":2,"over":10,"ball":5},"bowlerId":388,"nonfacingBatsmanId":44,"facingBatsmanId":595,"autoText":"M Henriques to L Simmons, Wide delivery","message":{"text":null},"tags":[],"timestamp":1431886430000,"id":1196557,"time":"17:21","updateTime":1431883295446,"sequence":285.0,"type":"Auto"},{"bbcode":"M Henriques to L Simmons, no run, %SPEED% short length on middle stump. He doesn't offer a shot","thisOver":".","progress":{"innings":2,"over":11,"ball":6},"speed":36.7489906884788,"subtype":"BBCode","countingProgress":{"innings":2,"over":10,"ball":5},"bowlerId":388,"nonfacingBatsmanId":44,"facingBatsmanId":595,"autoText":"M Henriques to L Simmons, no run, %SPEED% short length on middle stump. He doesn't offer a shot","message":{"text":null},"tags":[],"timestamp":1431883409000,"id":1196558,"time":"17:22","updateTime":1431883326315,"sequence":286.0,"type":"Auto"},{"bbcode":"M Henriques to L Simmons, %SPEED% short length on middle stump. He picks up a single","thisOver":"1","progress":{"innings":2,"over":11,"ball":7},"speed":29.3042515228366,"subtype":"BBCode","countingProgress":{"innings":2,"over":10,"ball":6},"bowlerId":388,"nonfacingBatsmanId":44,"facingBatsmanId":595,"autoText":"M Henriques to L Simmons, %SPEED% short length on middle stump. He picks up a single","message":{"text":null},"tags":[],"timestamp":1431883409000,"id":1196559,"time":"17:22","updateTime":1431883361129,"sequence":287.0,"type":"Auto"},{"innings":2,"over":11,"overRuns":7,"overWickets":0,"inningsRuns":80,"inningsWickets":0,"inningsAllOut":false,"team":{"id":6,"fullName":"Mumbai Indians","shortName":"Mumbai","abbreviation":"MI","primaryColor":"00AEEF","secondaryColor":"FFFFFF","type":"m"},"batsmanSummaries":[{"batsman":{"id":595,"fullName":"Lendl Simmons","shortName":"L Simmons","nationality":"West Indian","rightHandedBat":true,"dateOfBirth":475459200000,"names":["Lendl Simmons","L Simmons"]},"runs":33,"balls":35,"fours":4,"sixes":0},{"batsman":{"id":44,"fullName":"Parthiv Patel","shortName":"P Patel","nationality":"Indian","rightHandedBat":false,"dateOfBirth":479174400000,"names":["Parthiv Patel","P Patel"]},"runs":39,"balls":31,"fours":7,"sixes":0}],"activeBatsman":595,"bowlerSummary":{"bowler":{"id":388,"fullName":"Moises Henriques","shortName":"M Henriques","nationality":"Australian","rightHandedBat":true,"dateOfBirth":539136000000,"names":["Moises Henriques","M Henriques"]},"overs":"3","runs":17,"wickets":0,"maidens":0},"inningsBalls":66,"inningsMaxBalls":120,"inningsTarget":114,"message":{"text":null},"tags":[],"timestamp":1431883361000,"id":1196560,"time":"17:22","updateTime":1431883361299,"sequence":288.0,"type":"Eov"},{"bbcode":"K Sharma to L Simmons, %SPEED% short length just outside off stump. He picks up a single","thisOver":"1","progress":{"innings":2,"over":12,"ball":1},"speed":24.005364327224,"subtype":"BBCode","countingProgress":{"innings":2,"over":11,"ball":1},"bowlerId":1118,"nonfacingBatsmanId":44,"facingBatsmanId":595,"autoText":"K Sharma to L Simmons, %SPEED% short length just outside off stump. He picks up a single","message":{"text":null},"tags":[],"timestamp":1431883470000,"id":1196561,"time":"17:23","updateTime":1431883416625,"sequence":289.0,"type":"Auto"},{"bbcode":"K Sharma to P Patel, %SPEED% good length just outside off stump. He hits a nice boundary","thisOver":"4","progress":{"innings":2,"over":12,"ball":2},"speed":22.3542666560467,"subtype":"BBCode","countingProgress":{"innings":2,"over":11,"ball":2},"bowlerId":1118,"nonfacingBatsmanId":595,"facingBatsmanId":44,"autoText":"K Sharma to P Patel, %SPEED% good length just outside off stump. He hits a nice boundary","message":{"text":null},"tags":["four"],"timestamp":1431883522000,"id":1196562,"time":"17:24","updateTime":1431883445445,"sequence":290.0,"type":"Auto"},{"bbcode":"Four! Parthiv brings out the reverse sweep to get four past short third man","subtype":"BBCode","message":{"text":"<p>Four! Parthiv brings out the reverse sweep to get four past short third man</p>"},"tags":[],"timestamp":1431883472000,"id":1196563,"time":"17:24","updateTime":1431883472050,"sequence":291.0,"type":"Manual"},{"bbcode":"K Sharma to P Patel, %SPEED% good length just outside off stump. He hits a nice boundary","thisOver":"4","progress":{"innings":2,"over":12,"ball":3},"speed":22.5004880193679,"subtype":"BBCode","countingProgress":{"innings":2,"over":11,"ball":3},"bowlerId":1118,"nonfacingBatsmanId":595,"facingBatsmanId":44,"autoText":"K Sharma to P Patel, %SPEED% good length just outside off stump. He hits a nice boundary","message":{"text":null},"tags":["four"],"timestamp":1431883522000,"id":1196564,"time":"17:24","updateTime":1431883478624,"sequence":292.0,"type":"Auto"},{"bbcode":"Four! Great finesse once more from Parthiv, as he plays a very late dab down to third man for four more","subtype":"BBCode","message":{"text":"<p>Four! Great finesse once more from Parthiv, as he plays a very late dab down to third man for four more</p>"},"tags":[],"timestamp":1431883511000,"id":1196565,"time":"17:24","updateTime":1431883488599,"sequence":293.0,"type":"Manual"},{"bbcode":"K Sharma to P Patel, %SPEED% full length on leg stump. He picks up a single","thisOver":"1","progress":{"innings":2,"over":12,"ball":4},"speed":23.2822951623786,"subtype":"BBCode","countingProgress":{"innings":2,"over":11,"ball":4},"bowlerId":1118,"nonfacingBatsmanId":595,"facingBatsmanId":44,"autoText":"K Sharma to P Patel, %SPEED% full length on leg stump. He picks up a single","message":{"text":null},"tags":[],"timestamp":1431883583000,"id":1196566,"time":"17:25","updateTime":1431883513550,"sequence":294.0,"type":"Auto"},{"bbcode":"K Sharma to L Simmons, %SPEED% short length on off stump. He hits a great shot, that has gone all the way","thisOver":"6","progress":{"innings":2,"over":12,"ball":5},"speed":23.0234007034352,"subtype":"BBCode","countingProgress":{"innings":2,"over":11,"ball":5},"bowlerId":1118,"nonfacingBatsmanId":44,"facingBatsmanId":595,"autoText":"K Sharma to L Simmons, %SPEED% short length on off stump. He hits a great shot, that has gone all the way","message":{"text":null},"tags":["six"],"timestamp":1431883633000,"id":1196567,"time":"17:25","updateTime":1431883537663,"sequence":295.0,"type":"Auto"},{"bbcode":"[b]Six![/b] Short and there to be smacked and Simmons doesn't miss out! Hammers it over mid-wicket","subtype":"BBCode","message":{"text":"<p><strong>Six!</strong> Short and there to be smacked and Simmons doesn't miss out! Hammers it over mid-wicket</p>"},"tags":[],"timestamp":1431883612000,"id":1196568,"time":"17:26","updateTime":1431883564169,"sequence":296.0,"type":"Manual"},{"bbcode":"K Sharma to L Simmons, %SPEED% good length just outside off stump. He hits a great shot, that has gone all the way","thisOver":"6","progress":{"innings":2,"over":12,"ball":6},"speed":25.8109313039933,"subtype":"BBCode","countingProgress":{"innings":2,"over":11,"ball":6},"bowlerId":1118,"nonfacingBatsmanId":44,"facingBatsmanId":595,"autoText":"K Sharma to L Simmons, %SPEED% good length just outside off stump. He hits a great shot, that has gone all the way","message":{"text":null},"tags":["six"],"timestamp":1431883633000,"id":1196569,"time":"17:26","updateTime":1431883575422,"sequence":297.0,"type":"Auto"},{"bbcode":"[b]Six![/b] Mooooo! Slog sweep over cow corner, and the 100 comes up","subtype":"BBCode","message":{"text":"<p><strong>Six!</strong> Mooooo! Slog sweep over cow corner, and the 100 comes up</p>"},"tags":[],"timestamp":1431883604000,"id":1196571,"time":"17:26","updateTime":1431883602506,"sequence":297.5,"type":"Manual"},{"innings":2,"over":12,"overRuns":22,"overWickets":0,"inningsRuns":102,"inningsWickets":0,"inningsAllOut":false,"team":{"id":6,"fullName":"Mumbai Indians","shortName":"Mumbai","abbreviation":"MI","primaryColor":"00AEEF","secondaryColor":"FFFFFF","type":"m"},"batsmanSummaries":[{"batsman":{"id":595,"fullName":"Lendl Simmons","shortName":"L Simmons","nationality":"West Indian","rightHandedBat":true,"dateOfBirth":475459200000,"names":["Lendl Simmons","L Simmons"]},"runs":46,"balls":38,"fours":4,"sixes":2},{"batsman":{"id":44,"fullName":"Parthiv Patel","shortName":"P Patel","nationality":"Indian","rightHandedBat":false,"dateOfBirth":479174400000,"names":["Parthiv Patel","P Patel"]},"runs":48,"balls":34,"fours":9,"sixes":0}],"activeBatsman":44,"bowlerSummary":{"bowler":{"id":1118,"fullName":"Karn Sharma","shortName":"K Sharma","nationality":"Indian","rightHandedBat":false,"dateOfBirth":561945600000,"names":["Karn Sharma","K Sharma"]},"overs":"2","runs":29,"wickets":0,"maidens":0},"inningsBalls":72,"inningsMaxBalls":120,"inningsTarget":114,"message":{"text":null},"tags":[],"timestamp":1431883575000,"id":1196570,"time":"17:26","updateTime":1431883575632,"sequence":298.0,"type":"Eov"},{"subtype":"EmbeddedTweet","tweetjson":{"created_at":"Sun May 17 17:27:12 +0000 2015","id":599989559158394881,"id_str":"599989559158394881","text":"400 runs for Simmons in this #IPL. He scored 394 runs in #IPL2014 in just 8 games.","source":"<a href=\"http://twitter.com\" rel=\"nofollow\">Twitter Web Client</a>","truncated":false,"in_reply_to_status_id":null,"in_reply_to_status_id_str":null,"in_reply_to_user_id":null,"in_reply_to_user_id_str":null,"in_reply_to_screen_name":null,"user":{"id":475102875,"id_str":"475102875","name":"Sampath","screen_name":"SAMPATH_B24","location":"Hyderabad, India","description":"Proud Indian | An Atheist who believes in Sachin | Cricket is my Drug | Time pass Cricket Stats Finder | @Cricketracker| #ForeverCricCrazy | #TeamForeverAlone |","url":null,"entities":{"description":{"urls":[]}},"protected":false,"followers_count":1271,"friends_count":377,"listed_count":40,"created_at":"Thu Jan 26 17:53:44 +0000 2012","favourites_count":159,"utc_offset":19800,"time_zone":"Chennai","geo_enabled":false,"verified":false,"statuses_count":58290,"lang":"en","contributors_enabled":false,"is_translator":false,"is_translation_enabled":false,"profile_background_color":"0D87D8","profile_background_image_url":"http://pbs.twimg.com/profile_background_images/846960750/e339156faf71d514fc7f7a5c7dc43be4.jpeg","profile_background_image_url_https":"https://pbs.twimg.com/profile_background_images/846960750/e339156faf71d514fc7f7a5c7dc43be4.jpeg","profile_background_tile":true,"profile_image_url":"http://pbs.twimg.com/profile_images/593492153537552385/pJSJ5D_-_normal.jpg","profile_image_url_https":"https://pbs.twimg.com/profile_images/593492153537552385/pJSJ5D_-_normal.jpg","profile_banner_url":"https://pbs.twimg.com/profile_banners/475102875/1400746156","profile_link_color":"0D87D8","profile_sidebar_border_color":"FFFFFF","profile_sidebar_fill_color":"A6FFEA","profile_text_color":"91F2DD","profile_use_background_image":true,"default_profile":false,"default_profile_image":false,"following":false,"follow_request_sent":false,"notifications":false},"geo":null,"coordinates":null,"place":null,"contributors":null,"retweet_count":1,"favorite_count":0,"entities":{"hashtags":[{"text":"IPL","indices":[29,33]},{"text":"IPL2014","indices":[57,65]}],"symbols":[],"user_mentions":[],"urls":[]},"favorited":false,"retweeted":false,"lang":"en"},"message":{"text":"<blockquote class=\"twitter-tweet\" data-partner=\"tweetdeck\">\n<p lang=\"en\" dir=\"ltr\">400 runs for Simmons in this <a href=\"https://twitter.com/hashtag/IPL?src=hash\">#IPL</a>. He scored 394 runs in <a href=\"https://twitter.com/hashtag/IPL2014?src=hash\">#IPL2014</a> in just 8 games.</p>\n&mdash; Sampath (@SAMPATH_B24) <a href=\"https://twitter.com/SAMPATH_B24/status/599989559158394881\">May 17, 2015</a></blockquote>\n<script charset=\"utf-8\" type=\"text/javascript\" src=\"http://platform.twitter.com/widgets.js\"></script>"},"tags":[],"timestamp":1431883711000,"id":1196575,"time":"17:28","updateTime":1431883705964,"sequence":298.5,"type":"Manual"},{"bbcode":"B Kumar to P Patel. He picks up a single","thisOver":"1","progress":{"innings":2,"over":13,"ball":1},"subtype":"BBCode","countingProgress":{"innings":2,"over":12,"ball":1},"bowlerId":116,"nonfacingBatsmanId":595,"facingBatsmanId":44,"autoText":"B Kumar to P Patel. He picks up a single","message":{"text":null},"tags":[],"timestamp":1431886430000,"id":1196573,"time":"17:27","updateTime":1431883653970,"sequence":299.0,"type":"Auto"}]}