{"squadId":467,"totalVotes":7901,"players":[{"id":170,"voteCount":7514,"fullName":"David Warner","shortName":"D Warner"},{"id":41,"voteCount":7156,"fullName":"Shikhar Dhawan","shortName":"S Dhawan"},{"id":116,"voteCount":6950,"fullName":"Bhuvneshwar Kumar","shortName":"B Kumar"},{"id":52,"voteCount":6797,"fullName":"Naman Ojha","shortName":"N Ojha"},{"id":1118,"voteCount":6350,"fullName":"Karn Sharma","shortName":"K Sharma"},{"id":77,"voteCount":5808,"fullName":"Praveen Kumar","shortName":"P Kumar"},{"id":388,"voteCount":5450,"fullName":"Moises Henriques","shortName":"M Henriques"},{"id":1125,"voteCount":4632,"fullName":"Lokesh Rahul","shortName":"L Rahul"},{"id":180,"voteCount":4438,"fullName":"Dale Steyn","shortName":"D Steyn"},{"id":197,"voteCount":4178,"fullName":"Eoin Morgan","shortName":"E Morgan"},{"id":969,"voteCount":4100,"fullName":"Trent Boult","shortName":"T Boult"},{"id":38,"voteCount":3354,"fullName":"Ishant Sharma","shortName":"I Sharma"},{"id":34,"voteCount":3244,"fullName":"Ashish Reddy","shortName":"AA Reddy"},{"id":69,"voteCount":2198,"fullName":"Bipul Sharma","shortName":"B Sharma"},{"id":1117,"voteCount":1919,"fullName":"Hanuma Vihari","shortName":"H Vihari"},{"id":374,"voteCount":1885,"fullName":"Ravi Bopara","shortName":"R Bopara"},{"id":1093,"voteCount":1484,"fullName":"Parveez Rasool","shortName":"P Rasool"},{"id":172,"voteCount":1366,"fullName":"Kevin Pietersen","shortName":"K Pietersen"},{"id":440,"voteCount":868,"fullName":"Kane Williamson","shortName":"K Williamson"},{"id":1555,"voteCount":566,"fullName":"Ricky Bhui","shortName":"R Bhui"},{"id":1086,"voteCount":463,"fullName":"Siddarth Kaul","shortName":"S Kaul"},{"id":1122,"voteCount":380,"fullName":"Prasanth Padmanabhan","shortName":"P Padmanabhan"},{"id":1751,"voteCount":334,"fullName":"Chama Milind","shortName":"C Milind"}]}