{"squadId":463,"totalVotes":9079,"players":[{"id":107,"voteCount":8463,"fullName":"Rohit Sharma","shortName":"RG Sharma"},{"id":210,"voteCount":8428,"fullName":"Kieron Pollard","shortName":"K Pollard"},{"id":211,"voteCount":8169,"fullName":"Lasith Malinga","shortName":"L Malinga"},{"id":103,"voteCount":8081,"fullName":"Harbhajan Singh","shortName":"H Singh"},{"id":100,"voteCount":7762,"fullName":"Ambati Rayudu","shortName":"A Rayudu"},{"id":595,"voteCount":7420,"fullName":"Lendl Simmons","shortName":"L Simmons"},{"id":44,"voteCount":6953,"fullName":"Parthiv Patel","shortName":"P Patel"},{"id":166,"voteCount":6428,"fullName":"Vinay Kumar","shortName":"V Kumar"},{"id":2740,"voteCount":6295,"fullName":"Hardik Pandya","shortName":"H Pandya"},{"id":730,"voteCount":5551,"fullName":"Mitchell McClenaghan","shortName":"M McClenaghan"},{"id":2741,"voteCount":4853,"fullName":"Jagadeesha Suchith","shortName":"J Suchith"},{"id":60,"voteCount":2906,"fullName":"Unmukt Chand","shortName":"U Chand"},{"id":106,"voteCount":2079,"fullName":"Pragyan Ojha","shortName":"P Ojha"},{"id":99,"voteCount":2042,"fullName":"Aditya Tare","shortName":"A Tare"},{"id":1124,"voteCount":1732,"fullName":"Jasprit Bumrah","shortName":"J Bumrah"},{"id":17,"voteCount":977,"fullName":"Ben Hilfenhaus","shortName":"B Hilfenhaus"},{"id":151,"voteCount":630,"fullName":"Abhimanyu Mithun","shortName":"A Mithun"},{"id":105,"voteCount":594,"fullName":"Pawan Suyal","shortName":"P Suyal"},{"id":1748,"voteCount":586,"fullName":"Shreyas Gopal","shortName":"S Gopal"},{"id":204,"voteCount":537,"fullName":"Marchant de Lange","shortName":"M de Lange"},{"id":205,"voteCount":465,"fullName":"Aiden Blizzard","shortName":"A Blizzard"},{"id":511,"voteCount":414,"fullName":"Alex Hales","shortName":"A Hales"},{"id":2738,"voteCount":347,"fullName":"Nitish Rana","shortName":"N Rana"},{"id":2737,"voteCount":288,"fullName":"Akshay Wakhare","shortName":"A Wakhare"},{"id":2739,"voteCount":239,"fullName":"Siddhesh Lad","shortName":"SD Lad"},{"id":773,"voteCount":222,"fullName":"Colin Munro","shortName":"C Munro"}]}