{"matchInfo":{"description":"Match 56","matchType":"IPLT20","teams":[{"id":3773,"players":[{"names":["David Warner","D Warner"],"dateOfBirth":530755200000,"id":170,"fullName":"David Warner","shortName":"D Warner","nationality":"Australian"},{"names":["Shikhar Dhawan","S Dhawan"],"dateOfBirth":502588800000,"id":41,"fullName":"Shikhar Dhawan","shortName":"S Dhawan","nationality":"Indian"},{"names":["Moises Henriques","M Henriques"],"rightHandedBat":true,"dateOfBirth":539136000000,"id":388,"fullName":"Moises Henriques","shortName":"M Henriques","nationality":"Australian"},{"names":["Naman Ojha","N Ojha"],"dateOfBirth":427507200000,"id":52,"fullName":"Naman Ojha","shortName":"N Ojha","nationality":"Indian"},{"names":["Lokesh Rahul","L Rahul"],"rightHandedBat":true,"dateOfBirth":703555200000,"id":1125,"fullName":"Lokesh Rahul","shortName":"L Rahul","nationality":"Indian"},{"names":["Eoin Morgan","E Morgan"],"dateOfBirth":526694400000,"id":197,"fullName":"Eoin Morgan","shortName":"E Morgan","nationality":"English"},{"names":["Ashish Reddy","AA Reddy"],"dateOfBirth":351820800000,"id":34,"fullName":"Ashish Reddy","shortName":"AA Reddy","nationality":"Indian"},{"names":["Karn Sharma","K Sharma"],"dateOfBirth":561945600000,"id":1118,"fullName":"Karn Sharma","shortName":"K Sharma","nationality":"Indian"},{"names":["Praveen Kumar","P Kumar"],"dateOfBirth":528595200000,"id":77,"fullName":"Praveen Kumar","shortName":"P Kumar","nationality":"Indian"},{"names":["Bhuvneshwar Kumar","B Kumar"],"dateOfBirth":660355200000,"id":116,"fullName":"Bhuvneshwar Kumar","shortName":"B Kumar","nationality":"Indian"},{"names":["Dale Steyn","D Steyn"],"dateOfBirth":425520000000,"id":180,"fullName":"Dale Steyn","shortName":"D Steyn","nationality":"South African"}],"team":{"type":"m","fullName":"Sunrisers Hyderabad","shortName":"Sunrisers","abbreviation":"SRH","primaryColor":"FF9C00","secondaryColor":"FFFFFF","id":62},"wicketKeeper":{"names":["Naman Ojha","N Ojha"],"dateOfBirth":427507200000,"id":52,"fullName":"Naman Ojha","shortName":"N Ojha","nationality":"Indian"},"captain":{"names":["David Warner","D Warner"],"dateOfBirth":530755200000,"id":170,"fullName":"David Warner","shortName":"D Warner","nationality":"Australian"}},{"id":3772,"players":[{"names":["Lendl Simmons","L Simmons"],"rightHandedBat":true,"dateOfBirth":475459200000,"id":595,"fullName":"Lendl Simmons","shortName":"L Simmons","nationality":"West Indian"},{"names":["Parthiv Patel","P Patel"],"dateOfBirth":479174400000,"id":44,"fullName":"Parthiv Patel","shortName":"P Patel","nationality":"Indian"},{"names":["Hardik Pandya","H Pandya"],"rightHandedBat":true,"dateOfBirth":750297600000,"id":2740,"fullName":"Hardik Pandya","shortName":"H Pandya","nationality":"Indian"},{"names":["Rohit Sharma","RG Sharma"],"rightHandedBat":true,"dateOfBirth":546739200000,"id":107,"fullName":"Rohit Sharma","shortName":"RG Sharma","nationality":"Indian"},{"names":["Ambati Rayudu","A Rayudu"],"rightHandedBat":true,"dateOfBirth":496281600000,"id":100,"fullName":"Ambati Rayudu","shortName":"A Rayudu","nationality":"Indian"},{"names":["Kieron Pollard","K Pollard"],"rightHandedBat":true,"dateOfBirth":547776000000,"id":210,"fullName":"Kieron Pollard","shortName":"K Pollard","nationality":"West Indian"},{"names":["Harbhajan Singh","H Singh"],"rightHandedBat":true,"dateOfBirth":331430400000,"id":103,"fullName":"Harbhajan Singh","shortName":"H Singh","nationality":"Indian"},{"names":["Jagadeesha Suchith","J Suchith"],"dateOfBirth":758678400000,"id":2741,"fullName":"Jagadeesha Suchith","shortName":"J Suchith","nationality":"Indian"},{"names":["Lasith Malinga","L Malinga"],"rightHandedBat":true,"dateOfBirth":430876800000,"id":211,"fullName":"Lasith Malinga","shortName":"L Malinga","nationality":"Sri Lankan"},{"names":["Vinay Kumar","V Kumar"],"dateOfBirth":445392000000,"id":166,"fullName":"Vinay Kumar","shortName":"V Kumar","nationality":"Indian"},{"names":["Mitchell McClenaghan","M McClenaghan"],"dateOfBirth":518832000000,"id":730,"fullName":"Mitchell McClenaghan","shortName":"M McClenaghan","nationality":"New Zealander"}],"team":{"type":"m","fullName":"Mumbai Indians","shortName":"Mumbai","abbreviation":"MI","primaryColor":"00AEEF","secondaryColor":"FFFFFF","id":6},"wicketKeeper":{"names":["Parthiv Patel","P Patel"],"dateOfBirth":479174400000,"id":44,"fullName":"Parthiv Patel","shortName":"P Patel","nationality":"Indian"},"captain":{"names":["Rohit Sharma","RG Sharma"],"rightHandedBat":true,"dateOfBirth":546739200000,"id":107,"fullName":"Rohit Sharma","shortName":"RG Sharma","nationality":"Indian"}}],"venue":{"id":10,"country":"India","fullName":"Rajiv Gandhi International Cricket Stadium","shortName":"RGI Stadium","city":"Hyderabad"},"matchDate":"2015-05-17T20:00:00+0530","battingOrder":[0,1],"additionalInfo":{"toss.elected":"Sunrisers Hyderabad, who chose to bat","match.video.id":"4241409323001","stats.link":"http://www.iplt20.com/news/2015/more-news/6866/quick-stats-m56-srh-vs-mi","match.summary":"","photostream.link":"http://www.iplt20.com/photos/304/ipl-2015-match-56-srh-v-mi","mom.video.id":"4241409320001","home.team.fan.total":"7009","notes.1.1":"Powerplay - 29 runs, 3 wickets","away.team.fan.total":"10404","notes.1.2":"SRH: 50 runs in 8.6 overs","umpire.name.3":"Anil Chaudhary","notes.1.3":"SRH: 100 runs in 18.3 overs","umpire.name.4":"A Nand Kishore","umpire.name.1":"Chris Gaffaney","notes.1.4":"Innings Break: SRH - 113/10 in 20 overs","umpire.name.2":"Krishnaraj Srinath","highlights.link":"http://www.iplt20.com/videos/media/id/4241409323001/m56-srh-vs-mi-match-highlights","result.playerofthematch":"Mitchell McClenaghan","mom.video.thumb":"http://brightcove.vo.llnwd.net/v1/unsecured/media/3588749423001/201505/2330/3588749423001_4241424648001_video-still-for-video-4241409320001.jpg?pubId=3588749423001","interview.link":"http://www.iplt20.com/news/2015/features/6859/rohit-promises-fearlessness-in-playoffs","sixes.video.id":"4241409316001","interview.thumb":"http://static2.iplt20.com/cms/media/images/320x213/44149.jpg","referee.name":"Roshan Mahanama","match.video.thumb":"http://brightcove.vo.llnwd.net/v1/unsecured/media/3588749423001/201505/2330/3588749423001_4241424652001_video-still-for-video-4241409323001.jpg?pubId=3588749423001","stats.thumb":"http://static2.iplt20.com/cms/media/images/320x213/44152.jpg","toss.winner":"Sunrisers Hyderabad","notes.2.5":"1st Wicket: 100 runs in 72 balls (Lendl Simmons 46, Parthiv Patel 48)","sixes.video.thumb":"http://brightcove.vo.llnwd.net/v1/unsecured/media/3588749423001/201505/1902/3588749423001_4241424629001_video-still-for-video-4241409316001.jpg?pubId=3588749423001","notes.2.6":"Parthiv Patel: 50 off 36 balls (9 x fours)","notes.2.3":"1st Wicket: 50 runs in 43 balls (Lendl Simmons 21, Parthiv Patel 25)","report.thumb":"http://static2.iplt20.com/cms/media/images/320x213/44125.jpg","notes.2.4":"MI: 100 runs in 11.6 overs","notes.2.1":"Powerplay - 38 runs, 0 wickets","report.link":"http://www.iplt20.com/news/2015/match-reports/6855/report-m56-srh-vs-mi","notes.2.2":"MI: 50 runs in 7.1 overs"},"oversLimit":20,"matchState":"C","isLimitedOvers":true,"matchStatus":{"text":"Mumbai Indians won by 9 wickets","outcome":"B"},"matchSummary":"","tournamentLabel":"IPL 2015"},"matchId":{"tournamentId":{"name":"ipl2015","id":2785},"name":"ipl2015-56","id":3281,"parentId":{"name":"ipl2015","id":2785}},"innings":[{"inningsNumber":1,"scorecard":{"runs":113,"extras":{"wideRuns":4,"legByeRuns":2},"battingStats":[{"mod":{"text":"c Kieron Pollard b Mitchell McClenaghan","dismissedBp":{"over":2,"innings":1,"ball":1},"countingBp":{"over":2,"innings":1,"ball":1},"bowlerId":730,"additionalPlayerIds":[210],"dismissedMethod":"ct"},"playerId":170,"r":6,"b":5,"sr":"120.00","4s":1,"6s":0},{"mod":{"text":"b Lasith Malinga","dismissedBp":{"over":1,"innings":1,"ball":6},"countingBp":{"over":1,"innings":1,"ball":6},"bowlerId":211,"dismissedMethod":"b"},"playerId":41,"r":1,"b":2,"sr":"50.00","4s":0,"6s":0},{"mod":{"text":"st Parthiv Patel b Jagadeesha Suchith","dismissedBp":{"over":10,"innings":1,"ball":2},"countingBp":{"over":10,"innings":1,"ball":2},"bowlerId":2741,"additionalPlayerIds":[44],"dismissedMethod":"st"},"playerId":388,"r":11,"b":19,"sr":"57.89","4s":1,"6s":0},{"mod":{"text":"c Lendl Simmons b Mitchell McClenaghan","dismissedBp":{"over":6,"innings":1,"ball":3},"countingBp":{"over":6,"innings":1,"ball":3},"bowlerId":730,"additionalPlayerIds":[595],"dismissedMethod":"ct"},"playerId":197,"r":9,"b":14,"sr":"64.28","4s":1,"6s":0},{"mod":{"text":"b Harbhajan Singh","dismissedBp":{"over":13,"innings":1,"ball":1},"countingBp":{"over":13,"innings":1,"ball":1},"bowlerId":103,"dismissedMethod":"b"},"playerId":1125,"r":25,"b":24,"sr":"104.16","4s":2,"6s":0},{"mod":{"text":"c Rohit Sharma b Jagadeesha Suchith","dismissedBp":{"over":10,"innings":1,"ball":3},"countingBp":{"over":10,"innings":1,"ball":3},"bowlerId":2741,"additionalPlayerIds":[107],"dismissedMethod":"ct"},"playerId":52,"r":0,"b":1,"sr":"0.00","4s":0,"6s":0},{"mod":{"text":"c Jagadeesha Suchith b Lasith Malinga","dismissedBp":{"over":18,"innings":1,"ball":3},"countingBp":{"over":18,"innings":1,"ball":3},"bowlerId":211,"additionalPlayerIds":[2741],"dismissedMethod":"ct"},"playerId":1118,"r":15,"b":21,"sr":"71.42","4s":0,"6s":0},{"mod":{"text":"c Vinay Kumar b Kieron Pollard","dismissedBp":{"over":16,"innings":1,"ball":4},"countingBp":{"over":16,"innings":1,"ball":4},"bowlerId":210,"additionalPlayerIds":[166],"dismissedMethod":"ct"},"playerId":34,"r":17,"b":15,"sr":"113.33","4s":0,"6s":1},{"mod":{"text":"c Hardik Pandya b Mitchell McClenaghan","dismissedBp":{"over":17,"innings":1,"ball":3},"countingBp":{"over":17,"innings":1,"ball":3},"bowlerId":730,"additionalPlayerIds":[2740],"dismissedMethod":"ct"},"playerId":116,"r":0,"b":2,"sr":"0.00","4s":0,"6s":0},{"mod":{"text":"run out (Hardik Pandya)","dismissedBp":{"over":20,"innings":1,"ball":6},"countingBp":{"over":20,"innings":1,"ball":6},"bowlerId":210,"additionalPlayerIds":[2740],"dismissedMethod":"ro"},"playerId":77,"r":4,"b":6,"sr":"66.66","4s":0,"6s":0},{"playerId":180,"r":19,"b":11,"sr":"172.72","4s":3,"6s":0}],"bowlingStats":[{"playerId":211,"r":17,"w":2,"ov":"4","d":12,"maid":0,"e":"4.25","wd":1,"nb":0},{"playerId":730,"r":16,"w":3,"ov":"4","d":14,"maid":0,"e":"4.00","wd":1,"nb":0},{"playerId":166,"r":21,"w":0,"ov":"3","d":6,"maid":0,"e":"7.00","wd":0,"nb":0},{"playerId":2741,"r":14,"w":2,"ov":"3","d":8,"maid":0,"e":"4.66","wd":0,"nb":0},{"playerId":2740,"r":11,"w":0,"ov":"1","d":2,"maid":0,"e":"11.00","wd":2,"nb":0},{"playerId":103,"r":18,"w":1,"ov":"3","d":6,"maid":0,"e":"6.00","wd":0,"nb":0},{"playerId":210,"r":14,"w":1,"ov":"2","d":3,"maid":0,"e":"7.00","wd":0,"nb":0}],"allOut":true,"wkts":10,"fow":[{"bp":{"over":1,"innings":1,"ball":6},"playerId":41,"r":7,"w":1},{"bp":{"over":2,"innings":1,"ball":1},"playerId":170,"r":7,"w":2},{"bp":{"over":6,"innings":1,"ball":3},"playerId":197,"r":23,"w":3},{"bp":{"over":10,"innings":1,"ball":2},"playerId":388,"r":51,"w":4},{"bp":{"over":10,"innings":1,"ball":3},"playerId":52,"r":51,"w":5},{"bp":{"over":13,"innings":1,"ball":1},"playerId":1125,"r":61,"w":6},{"bp":{"over":16,"innings":1,"ball":4},"playerId":34,"r":84,"w":7},{"bp":{"over":17,"innings":1,"ball":3},"playerId":116,"r":86,"w":8},{"bp":{"over":18,"innings":1,"ball":3},"playerId":1118,"r":91,"w":9},{"bp":{"over":20,"innings":1,"ball":6},"playerId":77,"r":113,"w":10}]},"overProgress":"20","runRate":"5.65","overHistory":[{"ovNo":1,"ovBalls":["1","1","4",".","1","W"]},{"ovNo":2,"ovBalls":["W",".",".",".","1Wd",".","."]},{"ovNo":3,"ovBalls":["1Wd",".",".",".","1",".","."]},{"ovNo":4,"ovBalls":[".",".",".","1","1","1"]},{"ovNo":5,"ovBalls":[".","1","4","1","1","1"]},{"ovNo":6,"ovBalls":["2",".","W","4","1Lb","1"]},{"ovNo":7,"ovBalls":["1",".","1",".",".","1"]},{"ovNo":8,"ovBalls":["4","1",".","1",".","1"]},{"ovNo":9,"ovBalls":[".","1Wd","2",".","1Wd","4","2","1"]},{"ovNo":10,"ovBalls":["1","W","W","1","2","."]},{"ovNo":11,"ovBalls":["1","1",".","1","1","."]},{"ovNo":12,"ovBalls":[".","1","1","1",".","."]},{"ovNo":13,"ovBalls":["W","2",".",".","1","1"]},{"ovNo":14,"ovBalls":["1","1","1","2",".","."]},{"ovNo":15,"ovBalls":["1",".","1","1","6","1"]},{"ovNo":16,"ovBalls":["1","1","2","W","1","."]},{"ovNo":17,"ovBalls":[".","1","W","1","1","2"]},{"ovNo":18,"ovBalls":["1",".","W",".","1","1"]},{"ovNo":19,"ovBalls":[".","4","4","1","1Lb","1"]},{"ovNo":20,"ovBalls":[".","4","2","1","1","1W"]}]},{"inningsNumber":2,"scorecard":{"runs":114,"extras":{"wideRuns":5,"byeRuns":1,"legByeRuns":2},"battingStats":[{"mod":{"text":"c Shikhar Dhawan b Karn Sharma","dismissedBp":{"over":14,"innings":2,"ball":2},"countingBp":{"over":14,"innings":2,"ball":2},"bowlerId":1118,"additionalPlayerIds":[41],"dismissedMethod":"ct"},"playerId":595,"r":48,"b":44,"sr":"109.09","4s":4,"6s":2},{"playerId":44,"r":51,"b":37,"sr":"137.83","4s":9,"6s":0},{"playerId":107,"r":7,"b":2,"sr":"350.00","4s":0,"6s":1}],"bowlingStats":[{"playerId":180,"r":27,"w":0,"ov":"3","d":5,"maid":0,"e":"9.00","wd":1,"nb":0},{"playerId":116,"r":16,"w":0,"ov":"3","d":10,"maid":0,"e":"5.33","wd":1,"nb":0},{"playerId":77,"r":13,"w":0,"ov":"2","d":7,"maid":0,"e":"6.50","wd":2,"nb":0},{"playerId":388,"r":17,"w":0,"ov":"3","d":8,"maid":0,"e":"5.66","wd":1,"nb":0},{"playerId":1118,"r":38,"w":1,"ov":"2.5","d":4,"maid":0,"e":"13.41","wd":0,"nb":0}],"wkts":1,"fow":[{"bp":{"over":14,"innings":2,"ball":2},"playerId":595,"r":106,"w":1}]},"overProgress":"13.5","runRate":"8.24","overHistory":[{"ovNo":1,"ovBalls":[".","1","4",".",".","."]},{"ovNo":2,"ovBalls":[".",".","1Wd",".",".","1","1"]},{"ovNo":3,"ovBalls":["1","4","1","1","4","2"]},{"ovNo":4,"ovBalls":["1",".","1","4",".","4"]},{"ovNo":5,"ovBalls":[".","4","1","1Wd",".",".","."]},{"ovNo":6,"ovBalls":[".",".",".",".","1","."]},{"ovNo":7,"ovBalls":[".",".","1","4","1Wd","1","2Lb"]},{"ovNo":8,"ovBalls":["4","1","1","1","1","1"]},{"ovNo":9,"ovBalls":["4","1","1","1","1Wd","1","."]},{"ovNo":10,"ovBalls":["4","1",".","1B",".","2"]},{"ovNo":11,"ovBalls":["4",".",".","1","1Wd",".","1"]},{"ovNo":12,"ovBalls":["1","4","4","1","6","6"]},{"ovNo":13,"ovBalls":["1",".",".",".","2","."]},{"ovNo":14,"ovBalls":["1","W","6","1","1"]}]}],"currentState":{"phase":"C","facingBatsman":107,"nonFacingBatsman":44,"currentInningsIndex":1,"currentPartnership":8,"currentBowler":1118,"currentBatsmen":[44,107],"recentOvers":[{"ovNo":9,"ovBalls":["4","1","1","1","1Wd","1","."]},{"ovNo":10,"ovBalls":["4","1",".","1B",".","2"]},{"ovNo":11,"ovBalls":["4",".",".","1","1Wd",".","1"]},{"ovNo":12,"ovBalls":["1","4","4","1","6","6"]},{"ovNo":13,"ovBalls":["1",".",".",".","2","."]},{"ovNo":14,"ovBalls":["1","W","6","1","1"]}]}}