{"fragment":7,"updateTime":1429292862000,"matchId":{"id":3237,"name":"ipl2015-12 - MI vs. CSK","matchIdName":"ipl2015-12"},"commentaries":[{"bbcode":"V Kumar to F du Plessis, no run. He doesn't offer a shot","thisOver":".","progress":{"innings":2,"over":9,"ball":1},"speed":-1.0,"subtype":"BBCode","countingProgress":{"innings":2,"over":8,"ball":1},"bowlerId":166,"nonfacingBatsmanId":14,"facingBatsmanId":24,"autoText":"V Kumar to F du Plessis, no run. He doesn't offer a shot","message":{"text":null},"tags":[],"timestamp":1429291610000,"id":1163955,"time":"17:18","updateTime":1429291104964,"sequence":300.0,"type":"Auto"},{"bbcode":"V Kumar to F du Plessis, %SPEED% short length just outside off stump. He picks up a single","thisOver":"1","progress":{"innings":2,"over":9,"ball":2},"speed":34.3440450709693,"subtype":"BBCode","countingProgress":{"innings":2,"over":8,"ball":2},"bowlerId":166,"nonfacingBatsmanId":14,"facingBatsmanId":24,"autoText":"V Kumar to F du Plessis, %SPEED% short length just outside off stump. He picks up a single","message":{"text":null},"tags":[],"timestamp":1429291610000,"id":1163960,"time":"17:19","updateTime":1429291169824,"sequence":301.0,"type":"Auto"},{"bbcode":"V Kumar to S Raina, %SPEED% short length just outside off stump. He picks up a single","thisOver":"1","progress":{"innings":2,"over":9,"ball":3},"speed":34.644134938311,"subtype":"BBCode","countingProgress":{"innings":2,"over":8,"ball":3},"bowlerId":166,"nonfacingBatsmanId":24,"facingBatsmanId":14,"autoText":"V Kumar to S Raina, %SPEED% short length just outside off stump. He picks up a single","message":{"text":null},"tags":[],"timestamp":1429291611000,"id":1163962,"time":"17:20","updateTime":1429291217278,"sequence":302.0,"type":"Auto"},{"bbcode":"V Kumar to F du Plessis, no run, %SPEED% short length outside off stump. He plays and misses","thisOver":".","progress":{"innings":2,"over":9,"ball":4},"speed":34.1663855136048,"subtype":"BBCode","countingProgress":{"innings":2,"over":8,"ball":4},"bowlerId":166,"nonfacingBatsmanId":14,"facingBatsmanId":24,"autoText":"V Kumar to F du Plessis, no run, %SPEED% short length outside off stump. He plays and misses","message":{"text":null},"tags":[],"timestamp":1429291611000,"id":1163963,"time":"17:20","updateTime":1429291217302,"sequence":303.0,"type":"Auto"},{"bbcode":"V Kumar to F du Plessis, no run, %SPEED% good length outside off stump. He plays and misses","thisOver":".","progress":{"innings":2,"over":9,"ball":5},"speed":34.3375732744321,"subtype":"BBCode","countingProgress":{"innings":2,"over":8,"ball":5},"bowlerId":166,"nonfacingBatsmanId":14,"facingBatsmanId":24,"autoText":"V Kumar to F du Plessis, no run, %SPEED% good length outside off stump. He plays and misses","message":{"text":null},"tags":[],"timestamp":1429291612000,"id":1163966,"time":"17:21","updateTime":1429291278121,"sequence":304.0,"type":"Auto"},{"bbcode":"V Kumar to F du Plessis, %SPEED% short length just outside off stump. He hits a nice boundary","thisOver":"4","progress":{"innings":2,"over":9,"ball":6},"speed":35.975040480994,"subtype":"BBCode","countingProgress":{"innings":2,"over":8,"ball":6},"bowlerId":166,"nonfacingBatsmanId":14,"facingBatsmanId":24,"autoText":"V Kumar to F du Plessis, %SPEED% short length just outside off stump. He hits a nice boundary","message":{"text":null},"tags":["four"],"timestamp":1429291613000,"id":1163968,"time":"17:22","updateTime":1429291352167,"sequence":305.0,"type":"Auto"},{"bbcode":"Four! Faf comes down the pitch and drives wide of mid off!","subtype":"BBCode","message":{"text":"<p>Four! Faf comes down the pitch and drives wide of mid off!</p>"},"tags":[],"timestamp":1429291360000,"id":1163970,"time":"17:22","updateTime":1429291359559,"sequence":305.5,"type":"Manual"},{"innings":2,"over":9,"overRuns":6,"overWickets":0,"inningsRuns":121,"inningsWickets":2,"inningsAllOut":false,"team":{"id":1,"fullName":"Chennai Super Kings","shortName":"Super Kings","abbreviation":"CSK","primaryColor":"FDB913","secondaryColor":"FFFFFF","type":"m"},"batsmanSummaries":[{"batsman":{"id":24,"fullName":"Francois du Plessis","shortName":"F du Plessis","nationality":"South African","rightHandedBat":false,"dateOfBirth":458524800000,"names":["Francois du Plessis","F du Plessis"]},"runs":5,"balls":5,"fours":1,"sixes":0},{"batsman":{"id":14,"fullName":"Suresh Raina","shortName":"S Raina","nationality":"Indian","rightHandedBat":false,"dateOfBirth":533433600000,"names":["Suresh Raina","S Raina"]},"runs":1,"balls":1,"fours":0,"sixes":0}],"activeBatsman":14,"bowlerSummary":{"bowler":{"id":166,"fullName":"Vinay Kumar","shortName":"V Kumar","nationality":"Indian","rightHandedBat":false,"dateOfBirth":445392000000,"names":["Vinay Kumar","V Kumar"]},"overs":"1","runs":6,"wickets":0,"maidens":0},"inningsBalls":54,"inningsMaxBalls":120,"inningsTarget":184,"message":{"text":null},"tags":[],"timestamp":1429291352000,"id":1163969,"time":"17:22","updateTime":1429291352343,"sequence":306.0,"type":"Eov"},{"subtype":"EmbeddedTweet","tweetjson":{"created_at":"Fri Apr 17 17:20:54 +0000 2015","id":589116336439107584,"id_str":"589116336439107584","text":"How many times you see a team chasing over 180 and requiring less than run a bowl with 12 overs to go.#MIvCSK #PepsiIPL","source":"<a href=\"http://twitter.com/download/android\" rel=\"nofollow\">Twitter for Android</a>","truncated":false,"in_reply_to_status_id":null,"in_reply_to_status_id_str":null,"in_reply_to_user_id":null,"in_reply_to_user_id_str":null,"in_reply_to_screen_name":null,"user":{"id":2909985367,"id_str":"2909985367","name":"Sagar Saigal","screen_name":"sagar_saigal","location":"","profile_location":null,"description":"","url":null,"entities":{"description":{"urls":[]}},"protected":false,"followers_count":13,"friends_count":80,"listed_count":2,"created_at":"Tue Nov 25 12:01:54 +0000 2014","favourites_count":41,"utc_offset":null,"time_zone":null,"geo_enabled":true,"verified":false,"statuses_count":117,"lang":"en","contributors_enabled":false,"is_translator":false,"is_translation_enabled":false,"profile_background_color":"C0DEED","profile_background_image_url":"http://abs.twimg.com/images/themes/theme1/bg.png","profile_background_image_url_https":"https://abs.twimg.com/images/themes/theme1/bg.png","profile_background_tile":false,"profile_image_url":"http://pbs.twimg.com/profile_images/588675181100412928/fd5g07AA_normal.jpg","profile_image_url_https":"https://pbs.twimg.com/profile_images/588675181100412928/fd5g07AA_normal.jpg","profile_link_color":"0084B4","profile_sidebar_border_color":"C0DEED","profile_sidebar_fill_color":"DDEEF6","profile_text_color":"333333","profile_use_background_image":true,"default_profile":true,"default_profile_image":false,"following":false,"follow_request_sent":false,"notifications":false},"geo":null,"coordinates":null,"place":null,"contributors":null,"retweet_count":0,"favorite_count":0,"entities":{"hashtags":[{"text":"MIvCSK","indices":[102,109]},{"text":"PepsiIPL","indices":[110,119]}],"symbols":[],"user_mentions":[],"urls":[]},"favorited":false,"retweeted":false,"lang":"en"},"message":{"text":"<blockquote class=\"twitter-tweet\" data-partner=\"tweetdeck\">\n<p>How many times you see a team chasing over 180 and requiring less than run a bowl with 12 overs to go.<a href=\"https://twitter.com/hashtag/MIvCSK?src=hash\">#MIvCSK</a> <a href=\"https://twitter.com/hashtag/PepsiIPL?src=hash\">#PepsiIPL</a></p>\n&mdash; Sagar Saigal (@sagar_saigal) <a href=\"https://twitter.com/sagar_saigal/status/589116336439107584\">April 17, 2015</a></blockquote>\n<script charset=\"utf-8\" type=\"text/javascript\" src=\"http://platform.twitter.com/widgets.js\"></script>"},"tags":[],"timestamp":1429291363000,"id":1163972,"time":"17:22","updateTime":1429291363944,"sequence":307.0,"type":"Manual"},{"bbcode":"H Singh to S Raina, %SPEED% full length going down leg. He picks up a single","thisOver":"1","progress":{"innings":2,"over":10,"ball":1},"speed":24.6033843524704,"subtype":"BBCode","countingProgress":{"innings":2,"over":9,"ball":1},"bowlerId":103,"nonfacingBatsmanId":24,"facingBatsmanId":14,"autoText":"H Singh to S Raina, %SPEED% full length going down leg. He picks up a single","message":{"text":null},"tags":[],"timestamp":1429291613000,"id":1163974,"time":"17:23","updateTime":1429291403635,"sequence":308.0,"type":"Auto"},{"bbcode":"H Singh to F du Plessis, %SPEED% good length on middle stump. He picks up a single","thisOver":"1","progress":{"innings":2,"over":10,"ball":2},"speed":22.1890603614208,"subtype":"BBCode","countingProgress":{"innings":2,"over":9,"ball":2},"bowlerId":103,"nonfacingBatsmanId":14,"facingBatsmanId":24,"autoText":"H Singh to F du Plessis, %SPEED% good length on middle stump. He picks up a single","message":{"text":null},"tags":[],"timestamp":1429291614000,"id":1163977,"time":"17:24","updateTime":1429291455234,"sequence":309.0,"type":"Auto"},{"bbcode":"H Singh to S Raina, no run, %SPEED% good length outside off stump. He doesn't offer a shot","thisOver":".","progress":{"innings":2,"over":10,"ball":3},"speed":24.1749505014693,"subtype":"BBCode","countingProgress":{"innings":2,"over":9,"ball":3},"bowlerId":103,"nonfacingBatsmanId":24,"facingBatsmanId":14,"autoText":"H Singh to S Raina, no run, %SPEED% good length outside off stump. He doesn't offer a shot","message":{"text":null},"tags":[],"timestamp":1429291615000,"id":1163979,"time":"17:25","updateTime":1429291516529,"sequence":310.0,"type":"Auto"},{"bbcode":"H Singh to S Raina, %SPEED% good length just outside off stump. He picks up a single","thisOver":"1","progress":{"innings":2,"over":10,"ball":4},"speed":22.0072536745921,"subtype":"BBCode","countingProgress":{"innings":2,"over":9,"ball":4},"bowlerId":103,"nonfacingBatsmanId":24,"facingBatsmanId":14,"autoText":"H Singh to S Raina, %SPEED% good length just outside off stump. He picks up a single","message":{"text":null},"tags":[],"timestamp":1429291616000,"id":1163980,"time":"17:25","updateTime":1429291516543,"sequence":311.0,"type":"Auto"},{"bbcode":"H Singh to F du Plessis, %SPEED% good length on middle stump. He hits a nice boundary","thisOver":"4","progress":{"innings":2,"over":10,"ball":5},"speed":25.2606585105596,"subtype":"BBCode","countingProgress":{"innings":2,"over":9,"ball":5},"bowlerId":103,"nonfacingBatsmanId":14,"facingBatsmanId":24,"autoText":"H Singh to F du Plessis, %SPEED% good length on middle stump. He hits a nice boundary","message":{"text":null},"tags":["four"],"timestamp":1429291617000,"id":1163981,"time":"17:25","updateTime":1429291516560,"sequence":312.0,"type":"Auto"},{"bbcode":"Four! Clever from Faf, ramps the full delivery up over short fine leg!","subtype":"BBCode","message":{"text":"<p>Four! Clever from Faf, ramps the full delivery up over short fine leg!</p>"},"tags":[],"timestamp":1429291545000,"id":1163982,"time":"17:25","updateTime":1429291545314,"sequence":313.0,"type":"Manual"},{"bbcode":"H Singh to F du Plessis, no run, %SPEED% good length outside off stump. He plays and misses","thisOver":".","progress":{"innings":2,"over":10,"ball":6},"speed":22.741441581304,"subtype":"BBCode","countingProgress":{"innings":2,"over":9,"ball":6},"bowlerId":103,"nonfacingBatsmanId":14,"facingBatsmanId":24,"autoText":"H Singh to F du Plessis, no run, %SPEED% good length outside off stump. He plays and misses","message":{"text":null},"tags":[],"timestamp":1429291618000,"id":1163985,"time":"17:26","updateTime":1429291588058,"sequence":314.0,"type":"Auto"},{"innings":2,"over":10,"overRuns":7,"overWickets":0,"inningsRuns":128,"inningsWickets":2,"inningsAllOut":false,"team":{"id":1,"fullName":"Chennai Super Kings","shortName":"Super Kings","abbreviation":"CSK","primaryColor":"FDB913","secondaryColor":"FFFFFF","type":"m"},"batsmanSummaries":[{"batsman":{"id":24,"fullName":"Francois du Plessis","shortName":"F du Plessis","nationality":"South African","rightHandedBat":false,"dateOfBirth":458524800000,"names":["Francois du Plessis","F du Plessis"]},"runs":10,"balls":8,"fours":2,"sixes":0},{"batsman":{"id":14,"fullName":"Suresh Raina","shortName":"S Raina","nationality":"Indian","rightHandedBat":false,"dateOfBirth":533433600000,"names":["Suresh Raina","S Raina"]},"runs":3,"balls":4,"fours":0,"sixes":0}],"activeBatsman":14,"bowlerSummary":{"bowler":{"id":103,"fullName":"Harbhajan Singh","shortName":"H Singh","nationality":"Indian","rightHandedBat":true,"dateOfBirth":331430400000,"names":["Harbhajan Singh","H Singh"]},"overs":"3","runs":33,"wickets":2,"maidens":0},"inningsBalls":60,"inningsMaxBalls":120,"inningsTarget":184,"message":{"text":null},"tags":[],"timestamp":1429291588000,"id":1163986,"time":"17:26","updateTime":1429291588267,"sequence":315.0,"type":"Eov"},{"bbcode":"L Malinga to S Raina, %SPEED% short length on off stump. He picks up a single","thisOver":"1","progress":{"innings":2,"over":11,"ball":1},"speed":36.7830333309525,"subtype":"BBCode","countingProgress":{"innings":2,"over":10,"ball":1},"bowlerId":211,"nonfacingBatsmanId":24,"facingBatsmanId":14,"autoText":"L Malinga to S Raina, %SPEED% short length on off stump. He picks up a single","message":{"text":null},"tags":[],"timestamp":1429291639000,"id":1163987,"time":"17:27","updateTime":1429291620642,"sequence":316.0,"type":"Auto"},{"bbcode":"L Malinga to F du Plessis, %SPEED% short length outside off stump. He picks up a single","thisOver":"1","progress":{"innings":2,"over":11,"ball":2},"speed":37.0787663841662,"subtype":"BBCode","countingProgress":{"innings":2,"over":10,"ball":2},"bowlerId":211,"nonfacingBatsmanId":14,"facingBatsmanId":24,"autoText":"L Malinga to F du Plessis, %SPEED% short length outside off stump. He picks up a single","message":{"text":null},"tags":[],"timestamp":1429291805000,"id":1163991,"time":"17:28","updateTime":1429291690622,"sequence":317.0,"type":"Auto"},{"bbcode":"L Malinga to S Raina, Wide delivery","thisOver":"1Wd","progress":{"innings":2,"over":11,"ball":3},"speed":36.4682352670473,"subtype":"BBCode","countingProgress":{"innings":2,"over":10,"ball":3},"bowlerId":211,"nonfacingBatsmanId":24,"facingBatsmanId":14,"autoText":"L Malinga to S Raina, Wide delivery","message":{"text":null},"tags":[],"timestamp":1429291808000,"id":1163994,"time":"17:29","updateTime":1429291764824,"sequence":318.0,"type":"Auto"},{"bbcode":"L Malinga to S Raina, %SPEED% short length just outside off stump. He picks up a single","thisOver":"1","progress":{"innings":2,"over":11,"ball":4},"speed":37.348959511723,"subtype":"BBCode","countingProgress":{"innings":2,"over":10,"ball":3},"bowlerId":211,"nonfacingBatsmanId":24,"facingBatsmanId":14,"autoText":"L Malinga to S Raina, %SPEED% short length just outside off stump. He picks up a single","message":{"text":null},"tags":[],"timestamp":1429291811000,"id":1163995,"time":"17:29","updateTime":1429291764849,"sequence":319.0,"type":"Auto"},{"bbcode":"L Malinga to F du Plessis, no run, %SPEED% full length just outside off stump. He doesn't offer a shot","thisOver":".","progress":{"innings":2,"over":11,"ball":5},"speed":33.4769202871115,"subtype":"BBCode","countingProgress":{"innings":2,"over":10,"ball":4},"bowlerId":211,"nonfacingBatsmanId":14,"facingBatsmanId":24,"autoText":"L Malinga to F du Plessis, no run, %SPEED% full length just outside off stump. He doesn't offer a shot","message":{"text":null},"tags":[],"timestamp":1429291825000,"id":1163997,"time":"17:30","updateTime":1429291818213,"sequence":320.0,"type":"Auto"},{"bbcode":"L Malinga to F du Plessis, no run, %SPEED% full length outside off stump. He plays and misses","thisOver":".","progress":{"innings":2,"over":11,"ball":6},"speed":34.0187863634211,"subtype":"BBCode","countingProgress":{"innings":2,"over":10,"ball":5},"bowlerId":211,"nonfacingBatsmanId":14,"facingBatsmanId":24,"autoText":"L Malinga to F du Plessis, no run, %SPEED% full length outside off stump. He plays and misses","message":{"text":null},"tags":[],"timestamp":1429291844000,"id":1163999,"time":"17:30","updateTime":1429291841037,"sequence":321.0,"type":"Auto"},{"bbcode":"L Malinga to F du Plessis, no run, %SPEED% full length outside off stump. He doesn't offer a shot","thisOver":".","progress":{"innings":2,"over":11,"ball":7},"speed":33.3840151632581,"subtype":"BBCode","countingProgress":{"innings":2,"over":10,"ball":6},"bowlerId":211,"nonfacingBatsmanId":14,"facingBatsmanId":24,"autoText":"L Malinga to F du Plessis, no run, %SPEED% full length outside off stump. He doesn't offer a shot","message":{"text":null},"tags":[],"timestamp":1429291876000,"id":1164000,"time":"17:30","updateTime":1429291845695,"sequence":322.0,"type":"Auto"},{"innings":2,"over":11,"overRuns":4,"overWickets":0,"inningsRuns":132,"inningsWickets":2,"inningsAllOut":false,"team":{"id":1,"fullName":"Chennai Super Kings","shortName":"Super Kings","abbreviation":"CSK","primaryColor":"FDB913","secondaryColor":"FFFFFF","type":"m"},"batsmanSummaries":[{"batsman":{"id":24,"fullName":"Francois du Plessis","shortName":"F du Plessis","nationality":"South African","rightHandedBat":false,"dateOfBirth":458524800000,"names":["Francois du Plessis","F du Plessis"]},"runs":11,"balls":12,"fours":2,"sixes":0},{"batsman":{"id":14,"fullName":"Suresh Raina","shortName":"S Raina","nationality":"Indian","rightHandedBat":false,"dateOfBirth":533433600000,"names":["Suresh Raina","S Raina"]},"runs":5,"balls":6,"fours":0,"sixes":0}],"activeBatsman":14,"bowlerSummary":{"bowler":{"id":211,"fullName":"Lasith Malinga","shortName":"L Malinga","nationality":"Sri Lankan","rightHandedBat":true,"dateOfBirth":430876800000,"names":["Lasith Malinga","L Malinga"]},"overs":"3","runs":37,"wickets":0,"maidens":0},"inningsBalls":66,"inningsMaxBalls":120,"inningsTarget":184,"message":{"text":null},"tags":[],"timestamp":1429291845000,"id":1164001,"time":"17:30","updateTime":1429291845853,"sequence":323.0,"type":"Eov"},{"bbcode":"H Singh to S Raina, no run, %SPEED% good length outside off stump. He doesn't offer a shot","thisOver":".","progress":{"innings":2,"over":12,"ball":1},"speed":26.1298665112919,"subtype":"BBCode","countingProgress":{"innings":2,"over":11,"ball":1},"bowlerId":103,"nonfacingBatsmanId":24,"facingBatsmanId":14,"autoText":"H Singh to S Raina, no run, %SPEED% good length outside off stump. He doesn't offer a shot","message":{"text":null},"tags":[],"timestamp":1429291905000,"id":1164003,"time":"17:31","updateTime":1429291890102,"sequence":324.0,"type":"Auto"},{"bbcode":"H Singh to S Raina, %SPEED% good length on middle stump. He hits a great shot, that has gone all the way","thisOver":"6","progress":{"innings":2,"over":12,"ball":2},"speed":22.5519671999337,"subtype":"BBCode","countingProgress":{"innings":2,"over":11,"ball":2},"bowlerId":103,"nonfacingBatsmanId":24,"facingBatsmanId":14,"autoText":"H Singh to S Raina, %SPEED% good length on middle stump. He hits a great shot, that has gone all the way","message":{"text":null},"tags":["six"],"timestamp":1429291947000,"id":1164005,"time":"17:31","updateTime":1429291913066,"sequence":325.0,"type":"Auto"},{"bbcode":"[b]Six![/b] Raina shuffles down the track and launches into one over long on for six more!","subtype":"BBCode","message":{"text":"<p><strong>Six!</strong> Raina shuffles down the track and launches into one over long on for six more!</p>"},"tags":[],"timestamp":1429291935000,"id":1164006,"time":"17:32","updateTime":1429291935584,"sequence":326.0,"type":"Manual"},{"bbcode":"H Singh to S Raina, no run, %SPEED% good length outside off stump. He plays and misses","thisOver":".","progress":{"innings":2,"over":12,"ball":3},"speed":24.4979102909072,"subtype":"BBCode","countingProgress":{"innings":2,"over":11,"ball":3},"bowlerId":103,"nonfacingBatsmanId":24,"facingBatsmanId":14,"autoText":"H Singh to S Raina, no run, %SPEED% good length outside off stump. He plays and misses","message":{"text":null},"tags":[],"timestamp":1429292023000,"id":1164009,"time":"17:33","updateTime":1429291992101,"sequence":327.0,"type":"Auto"},{"bbcode":"H Singh to S Raina, no run, %SPEED% good length on middle stump. He doesn't offer a shot","thisOver":".","progress":{"innings":2,"over":12,"ball":4},"speed":26.4320793292693,"subtype":"BBCode","countingProgress":{"innings":2,"over":11,"ball":4},"bowlerId":103,"nonfacingBatsmanId":24,"facingBatsmanId":14,"autoText":"H Singh to S Raina, no run, %SPEED% good length on middle stump. He doesn't offer a shot","message":{"text":null},"tags":[],"timestamp":1429292095000,"id":1164010,"time":"17:33","updateTime":1429292012336,"sequence":328.0,"type":"Auto"},{"bbcode":"H Singh to S Raina, %SPEED% short length outside off stump. He hits a nice boundary","thisOver":"4","progress":{"innings":2,"over":12,"ball":5},"speed":25.7082414781596,"subtype":"BBCode","countingProgress":{"innings":2,"over":11,"ball":5},"bowlerId":103,"nonfacingBatsmanId":24,"facingBatsmanId":14,"autoText":"H Singh to S Raina, %SPEED% short length outside off stump. He hits a nice boundary","message":{"text":null},"tags":["four"],"timestamp":1429292130000,"id":1164013,"time":"17:34","updateTime":1429292044461,"sequence":329.0,"type":"Auto"},{"bbcode":"Four! Delicate late cut from Raina, clever cricket!","subtype":"BBCode","message":{"text":"<p>Four! Delicate late cut from Raina, clever cricket!</p>"},"tags":[],"timestamp":1429292059000,"id":1164014,"time":"17:34","updateTime":1429292059693,"sequence":330.0,"type":"Manual"},{"bbcode":"H Singh to S Raina. He defends","thisOver":"1","progress":{"innings":2,"over":12,"ball":6},"subtype":"BBCode","countingProgress":{"innings":2,"over":11,"ball":6},"bowlerId":103,"nonfacingBatsmanId":24,"facingBatsmanId":14,"autoText":"H Singh to S Raina. He defends","message":{"text":null},"tags":[],"timestamp":1429292088000,"id":1164019,"time":"17:34","updateTime":1429292073643,"sequence":330.5,"type":"Auto"},{"innings":2,"over":12,"overRuns":11,"overWickets":0,"inningsRuns":143,"inningsWickets":2,"inningsAllOut":false,"team":{"id":1,"fullName":"Chennai Super Kings","shortName":"Super Kings","abbreviation":"CSK","primaryColor":"FDB913","secondaryColor":"FFFFFF","type":"m"},"batsmanSummaries":[{"batsman":{"id":14,"fullName":"Suresh Raina","shortName":"S Raina","nationality":"Indian","rightHandedBat":false,"dateOfBirth":533433600000,"names":["Suresh Raina","S Raina"]},"runs":16,"balls":12,"fours":1,"sixes":1},{"batsman":{"id":24,"fullName":"Francois du Plessis","shortName":"F du Plessis","nationality":"South African","rightHandedBat":false,"dateOfBirth":458524800000,"names":["Francois du Plessis","F du Plessis"]},"runs":11,"balls":12,"fours":2,"sixes":0}],"activeBatsman":14,"bowlerSummary":{"bowler":{"id":103,"fullName":"Harbhajan Singh","shortName":"H Singh","nationality":"Indian","rightHandedBat":true,"dateOfBirth":331430400000,"names":["Harbhajan Singh","H Singh"]},"overs":"4","runs":44,"wickets":2,"maidens":0},"inningsBalls":72,"inningsMaxBalls":120,"inningsTarget":184,"message":{"text":null},"tags":[],"timestamp":1429292098000,"id":1164020,"time":"17:34","updateTime":1429292073790,"sequence":330.75,"type":"Eov"},{"mediaId":"4179650606001","endpointUrlHq1":"http://brightcove.vo.llnwd.net/v1/uds/pd/3588749423001/201504/476/3588749423001_4179725121001_CSK-1ST-WKT.mp4","endpointUrlHq2":"http://brightcove.vo.llnwd.net/v1/uds/pd/3588749423001/201504/2596/3588749423001_4179722174001_CSK-1ST-WKT.mp4","endpointUrlAlt":"http://c.brightcove.com/services/mobile/streaming/index/rendition.m3u8?assetId=4179722664001","title":"M12: MI vs CSK – Brendon McCullum Wicket","largeThumbnail":"http://brightcove.vo.llnwd.net/v1/unsecured/media/3588749423001/201504/756/3588749423001_4179725127001_vs-5531404ae4b0651f2abf54d6-767904724001.jpg?pubId=3588749423001","duration":25450,"endpointUrl":"http://brightcove.vo.llnwd.net/v1/uds/pd/3588749423001/201504/3756/3588749423001_4179725148001_CSK-1ST-WKT.mp4","smallThumbnail":"http://brightcove.vo.llnwd.net/v1/unsecured/media/3588749423001/201504/3756/3588749423001_4179725128001_th-5531404ae4b0651f2abf54d6-767904724001.jpg?pubId=3588749423001","description":null,"endpointUrlMq":"http://brightcove.vo.llnwd.net/v1/uds/pd/3588749423001/201504/2756/3588749423001_4179725141001_CSK-1ST-WKT.mp4","endpointUrlHq3":"http://brightcove.vo.llnwd.net/v1/uds/pd/3588749423001/201504/1508/3588749423001_4179721038001_CSK-1ST-WKT.mp4","publishDate":1429291071164,"message":{"text":null},"tags":["account:iplt20","match:ipl2015-12","2015","over 8","ipl2015","IPL 2015","innings 2","ball 2","wicket","ipl2015-12","channel:ipl-match-centre","csk","mi","playerid 202"],"timestamp":1429292061000,"id":1164015,"time":"17:34","updateTime":1429292061334,"sequence":331.0,"type":"Video"},{"mediaId":"4179650607001","endpointUrlHq1":"http://brightcove.vo.llnwd.net/v1/uds/pd/3588749423001/201504/1756/3588749423001_4179725130001_CSK-6TH-SIX.mp4","endpointUrlHq2":"http://brightcove.vo.llnwd.net/v1/uds/pd/3588749423001/201504/3188/3588749423001_4179720728001_CSK-6TH-SIX.mp4","endpointUrlAlt":"http://c.brightcove.com/services/mobile/streaming/index/rendition.m3u8?assetId=4179720718001","title":"M12: MI vs CSK – Dwayne Smith Six","largeThumbnail":"http://brightcove.vo.llnwd.net/v1/unsecured/media/3588749423001/201504/756/3588749423001_4179725131001_vs-55314077e4b0651f2abf54e0-672293880001.jpg?pubId=3588749423001","duration":28360,"endpointUrl":"http://brightcove.vo.llnwd.net/v1/uds/pd/3588749423001/201504/3508/3588749423001_4179721044001_CSK-6TH-SIX.mp4","smallThumbnail":"http://brightcove.vo.llnwd.net/v1/unsecured/media/3588749423001/201504/3756/3588749423001_4179725132001_th-55314077e4b0651f2abf54e0-672293880001.jpg?pubId=3588749423001","description":null,"endpointUrlMq":"http://brightcove.vo.llnwd.net/v1/uds/pd/3588749423001/201504/668/3588749423001_4179726242001_CSK-6TH-SIX.mp4","endpointUrlHq3":"http://brightcove.vo.llnwd.net/v1/uds/pd/3588749423001/201504/1372/3588749423001_4179726041001_CSK-6TH-SIX.mp4","publishDate":1429291118678,"message":{"text":null},"tags":["account:iplt20","match:ipl2015-12","2015","over 8","ipl2015","six","IPL 2015","playerid 413","innings 2","ball 3","ipl2015-12","channel:ipl-match-centre","csk","mi"],"timestamp":1429292061000,"id":1164016,"time":"17:34","updateTime":1429292061382,"sequence":332.0,"type":"Video"},{"mediaId":"4179650608001","endpointUrlHq1":"http://brightcove.vo.llnwd.net/v1/uds/pd/3588749423001/201504/2508/3588749423001_4179721051001_CSK-5TH-SIX.mp4","endpointUrlHq2":"http://brightcove.vo.llnwd.net/v1/uds/pd/3588749423001/201504/108/3588749423001_4179722691001_CSK-5TH-SIX.mp4","endpointUrlAlt":"http://c.brightcove.com/services/mobile/streaming/index/rendition.m3u8?assetId=4179725160001","title":"M12: MI vs CSK – Brendon McCullum Six","largeThumbnail":"http://brightcove.vo.llnwd.net/v1/unsecured/media/3588749423001/201504/2508/3588749423001_4179721055001_vs-55314077e4b0651f2abf54ea-1592194022001.jpg?pubId=3588749423001","duration":25600,"endpointUrl":"http://brightcove.vo.llnwd.net/v1/uds/pd/3588749423001/201504/508/3588749423001_4179721033001_CSK-5TH-SIX.mp4","smallThumbnail":"http://brightcove.vo.llnwd.net/v1/unsecured/media/3588749423001/201504/3508/3588749423001_4179721056001_th-55314077e4b0651f2abf54ea-1592194022001.jpg?pubId=3588749423001","description":"CSK_5TH_SIX","endpointUrlMq":"http://brightcove.vo.llnwd.net/v1/uds/pd/3588749423001/201504/3508/3588749423001_4179721040001_CSK-5TH-SIX.mp4","endpointUrlHq3":"http://brightcove.vo.llnwd.net/v1/uds/pd/3588749423001/201504/724/3588749423001_4179721071001_CSK-5TH-SIX.mp4","publishDate":1429291119391,"message":{"text":null},"tags":["account:iplt20","over 7","match:ipl2015-12","2015","ipl2015","six","IPL 2015","innings 2","ball 5","ipl2015-12","channel:ipl-match-centre","csk","mi","playerid 202"],"timestamp":1429292061000,"id":1164017,"time":"17:34","updateTime":1429292061432,"sequence":333.0,"type":"Video"},{"mediaId":"4179650613001","endpointUrlHq1":"http://brightcove.vo.llnwd.net/v1/uds/pd/3588749423001/201504/3468/3588749423001_4179730235001_CSK-2ND-WKT.mp4","endpointUrlHq2":"http://brightcove.vo.llnwd.net/v1/uds/pd/3588749423001/201504/588/3588749423001_4179735459001_CSK-2ND-WKT.mp4","endpointUrlAlt":"http://c.brightcove.com/services/mobile/streaming/index/rendition.m3u8?assetId=4179728239001","title":"M12: MI vs CSK – Dwayne Smith Wicket","largeThumbnail":"http://brightcove.vo.llnwd.net/v1/unsecured/media/3588749423001/201504/2764/3588749423001_4179730236001_vs-553141bae4b0651f2abf54f4-767904723001.jpg?pubId=3588749423001","duration":25480,"endpointUrl":"http://brightcove.vo.llnwd.net/v1/uds/pd/3588749423001/201504/268/3588749423001_4179732808001_CSK-2ND-WKT.mp4","smallThumbnail":"http://brightcove.vo.llnwd.net/v1/unsecured/media/3588749423001/201504/1764/3588749423001_4179730237001_th-553141bae4b0651f2abf54f4-767904723001.jpg?pubId=3588749423001","description":null,"endpointUrlMq":"http://brightcove.vo.llnwd.net/v1/uds/pd/3588749423001/201504/268/3588749423001_4179732800001_CSK-2ND-WKT.mp4","endpointUrlHq3":"http://brightcove.vo.llnwd.net/v1/uds/pd/3588749423001/201504/2268/3588749423001_4179732802001_CSK-2ND-WKT.mp4","publishDate":1429291439012,"message":{"text":null},"tags":["account:iplt20","match:ipl2015-12","2015","over 8","ipl2015","IPL 2015","playerid 413","innings 2","wicket","ball 6","ipl2015-12","channel:ipl-match-centre","csk","mi"],"timestamp":1429292061000,"id":1164018,"time":"17:34","updateTime":1429292061482,"sequence":334.0,"type":"Video"},{"bbcode":"L Malinga to S Raina, %SPEED% short length just outside off stump. He picks up a single","thisOver":"1","progress":{"innings":2,"over":13,"ball":1},"speed":32.2397836790538,"subtype":"BBCode","countingProgress":{"innings":2,"over":12,"ball":1},"bowlerId":211,"nonfacingBatsmanId":24,"facingBatsmanId":14,"autoText":"L Malinga to S Raina, %SPEED% short length just outside off stump. He picks up a single","message":{"text":null},"tags":[],"timestamp":1429292206000,"id":1164025,"time":"17:35","updateTime":1429292124640,"sequence":335.0,"type":"Auto"},{"bbcode":"L Malinga to F du Plessis, [b]WICKET!!! F du Plessis is out[/b] b Lasith Malinga","thisOver":"W","progress":{"innings":2,"over":13,"ball":2},"speed":36.2805018115986,"subtype":"BBCode","countingProgress":{"innings":2,"over":12,"ball":2},"bowlerId":211,"nonfacingBatsmanId":14,"facingBatsmanId":24,"autoText":"L Malinga to F du Plessis, <b>WICKET!!! F du Plessis is out</b> b Lasith Malinga","message":{"text":null},"tags":["wicket"],"timestamp":1429292206000,"id":1164027,"time":"17:36","updateTime":1429292171399,"sequence":337.0,"type":"Auto"},{"bbcode":"[b]Wicket! [/b]Bowled him! The perfect yorker from Malinga is straight through du Plessis into middle stump!","subtype":"BBCode","message":{"text":"<p><strong>Wicket! </strong>Bowled him! The perfect yorker from Malinga is straight through du Plessis into middle stump!</p>"},"tags":[],"timestamp":1429292232000,"id":1164030,"time":"17:37","updateTime":1429292232388,"sequence":338.0,"type":"Manual"},{"bbcode":"L Malinga to MS Dhoni, %SPEED% full length just outside off stump. He picks up a single","thisOver":"1","progress":{"innings":2,"over":13,"ball":3},"speed":38.6748365133643,"subtype":"BBCode","countingProgress":{"innings":2,"over":12,"ball":3},"bowlerId":211,"nonfacingBatsmanId":14,"facingBatsmanId":1,"autoText":"L Malinga to MS Dhoni, %SPEED% full length just outside off stump. He picks up a single","message":{"text":null},"tags":[],"timestamp":1429292365000,"id":1164035,"time":"17:38","updateTime":1429292298015,"sequence":339.0,"type":"Auto"},{"bbcode":"L Malinga to S Raina, %SPEED% short length on off stump. He picks up a single","thisOver":"1","progress":{"innings":2,"over":13,"ball":4},"speed":37.1214408758258,"subtype":"BBCode","countingProgress":{"innings":2,"over":12,"ball":4},"bowlerId":211,"nonfacingBatsmanId":1,"facingBatsmanId":14,"autoText":"L Malinga to S Raina, %SPEED% short length on off stump. He picks up a single","message":{"text":null},"tags":[],"timestamp":1429292416000,"id":1164037,"time":"17:39","updateTime":1429292352732,"sequence":340.0,"type":"Auto"},{"bbcode":"L Malinga to MS Dhoni, no run, %SPEED% full toss on off stump. He doesn't offer a shot","thisOver":".","progress":{"innings":2,"over":13,"ball":5},"speed":33.6965912028823,"subtype":"BBCode","countingProgress":{"innings":2,"over":12,"ball":5},"bowlerId":211,"nonfacingBatsmanId":14,"facingBatsmanId":1,"autoText":"L Malinga to MS Dhoni, no run, %SPEED% full toss on off stump. He doesn't offer a shot","message":{"text":null},"tags":[],"timestamp":1429292496000,"id":1164038,"time":"17:39","updateTime":1429292385780,"sequence":341.0,"type":"Auto"},{"bbcode":"L Malinga to MS Dhoni, no run, %SPEED% short length just outside off stump. He doesn't offer a shot","thisOver":".","progress":{"innings":2,"over":13,"ball":6},"speed":37.3124779357318,"subtype":"BBCode","countingProgress":{"innings":2,"over":12,"ball":6},"bowlerId":211,"nonfacingBatsmanId":14,"facingBatsmanId":1,"autoText":"L Malinga to MS Dhoni, no run, %SPEED% short length just outside off stump. He doesn't offer a shot","message":{"text":null},"tags":[],"timestamp":1429292508000,"id":1164042,"time":"17:41","updateTime":1429292477104,"sequence":342.0,"type":"Auto"},{"innings":2,"over":13,"overRuns":3,"overWickets":1,"inningsRuns":146,"inningsWickets":3,"inningsAllOut":false,"team":{"id":1,"fullName":"Chennai Super Kings","shortName":"Super Kings","abbreviation":"CSK","primaryColor":"FDB913","secondaryColor":"FFFFFF","type":"m"},"batsmanSummaries":[{"batsman":{"id":1,"fullName":"MS Dhoni","shortName":"MS Dhoni","nationality":"Indian","rightHandedBat":false,"dateOfBirth":363312000000,"names":["MS Dhoni","MS Dhoni"]},"runs":1,"balls":3,"fours":0,"sixes":0},{"batsman":{"id":14,"fullName":"Suresh Raina","shortName":"S Raina","nationality":"Indian","rightHandedBat":false,"dateOfBirth":533433600000,"names":["Suresh Raina","S Raina"]},"runs":18,"balls":14,"fours":1,"sixes":1}],"activeBatsman":14,"bowlerSummary":{"bowler":{"id":211,"fullName":"Lasith Malinga","shortName":"L Malinga","nationality":"Sri Lankan","rightHandedBat":true,"dateOfBirth":430876800000,"names":["Lasith Malinga","L Malinga"]},"overs":"4","runs":40,"wickets":1,"maidens":0},"inningsBalls":78,"inningsMaxBalls":120,"inningsTarget":184,"message":{"text":null},"tags":[],"timestamp":1429292477000,"id":1164043,"time":"17:41","updateTime":1429292477263,"sequence":343.0,"type":"Eov"},{"bbcode":"V Kumar to S Raina. He hits a nice boundary","thisOver":"4","progress":{"innings":2,"over":14,"ball":1},"speed":-1.0,"subtype":"BBCode","countingProgress":{"innings":2,"over":13,"ball":1},"bowlerId":166,"nonfacingBatsmanId":1,"facingBatsmanId":14,"autoText":"V Kumar to S Raina. He hits a nice boundary","message":{"text":null},"tags":["four"],"timestamp":1429292598000,"id":1164045,"time":"17:41","updateTime":1429292512684,"sequence":344.0,"type":"Auto"},{"bbcode":"Four! Right in the slot, shot on leg stump and Raina pulls it away behind square with ease!","subtype":"BBCode","message":{"text":"<p>Four! Right in the slot, shot on leg stump and Raina pulls it away behind square with ease!</p>"},"tags":[],"timestamp":1429292543000,"id":1164046,"time":"17:42","updateTime":1429292543235,"sequence":345.0,"type":"Manual"},{"bbcode":"V Kumar to S Raina, no run, %SPEED% short length just outside off stump. He doesn't offer a shot","thisOver":".","progress":{"innings":2,"over":14,"ball":2},"speed":34.8753828250876,"subtype":"BBCode","countingProgress":{"innings":2,"over":13,"ball":2},"bowlerId":166,"nonfacingBatsmanId":1,"facingBatsmanId":14,"autoText":"V Kumar to S Raina, no run, %SPEED% short length just outside off stump. He doesn't offer a shot","message":{"text":null},"tags":[],"timestamp":1429292746000,"id":1164050,"time":"17:43","updateTime":1429292598831,"sequence":346.0,"type":"Auto"},{"bbcode":"V Kumar to S Raina, no run, %SPEED% full length outside off stump. He plays and misses","thisOver":".","progress":{"innings":2,"over":14,"ball":3},"speed":33.6100517705924,"subtype":"BBCode","countingProgress":{"innings":2,"over":13,"ball":3},"bowlerId":166,"nonfacingBatsmanId":1,"facingBatsmanId":14,"autoText":"V Kumar to S Raina, no run, %SPEED% full length outside off stump. He plays and misses","message":{"text":null},"tags":[],"timestamp":1429292747000,"id":1164051,"time":"17:44","updateTime":1429292659548,"sequence":347.0,"type":"Auto"},{"bbcode":"V Kumar to S Raina. He hits a great shot, that has gone all the way","thisOver":"6","progress":{"innings":2,"over":14,"ball":4},"speed":-1.0,"subtype":"BBCode","countingProgress":{"innings":2,"over":13,"ball":4},"bowlerId":166,"nonfacingBatsmanId":1,"facingBatsmanId":14,"autoText":"V Kumar to S Raina. He hits a great shot, that has gone all the way","message":{"text":null},"tags":["six"],"timestamp":1429292862000,"id":1164052,"time":"17:45","updateTime":1429292731061,"sequence":348.0,"type":"Auto"},{"bbcode":"[b]Six![/b] Short and Raina pulls from outside off into the crowd at mid-wicket! What a noise that made off the bat!","subtype":"BBCode","message":{"text":"<p><strong>Six!</strong> Short and Raina pulls from outside off into the crowd at mid-wicket! What a noise that made off the bat!</p>"},"tags":[],"timestamp":1429292753000,"id":1164056,"time":"17:45","updateTime":1429292751882,"sequence":348.5,"type":"Manual"},{"bbcode":"V Kumar to S Raina, %SPEED% short length just outside off stump. He picks up a single","thisOver":"1","progress":{"innings":2,"over":14,"ball":5},"speed":36.1102072982822,"subtype":"BBCode","countingProgress":{"innings":2,"over":13,"ball":5},"bowlerId":166,"nonfacingBatsmanId":1,"facingBatsmanId":14,"autoText":"V Kumar to S Raina, %SPEED% short length just outside off stump. He picks up a single","message":{"text":null},"tags":[],"timestamp":1429292749000,"id":1164053,"time":"17:45","updateTime":1429292731080,"sequence":349.0,"type":"Auto"}]}