[{"dataType":"tweet-history","scope":"ipl-csk-battle","metadata":null,"writtenAt":1434022577400,"data":[{"resolution":{"value":1,"unit":"MINUTE","msValue":60000,"maxBuckets":10},"maximum":3,"buckets":[{"label":"11:22","msValue":1434021720000,"count":3},{"label":"11:23","msValue":1434021780000,"count":1},{"label":"11:30","msValue":1434022200000,"count":1}]},{"resolution":{"value":1,"unit":"DAY","msValue":86400000,"maxBuckets":1},"maximum":55,"buckets":[{"label":"Thu 11 Jun","msValue":1433980800000,"count":55}]}]}]