{"squadId":460,"totalVotes":2537,"players":[{"id":1,"voteCount":2440,"fullName":"MS Dhoni","shortName":"MS Dhoni"},{"id":202,"voteCount":2395,"fullName":"Brendon McCullum","shortName":"B McCullum"},{"id":8,"voteCount":2349,"fullName":"Ravichandran Ashwin","shortName":"R Ashwin"},{"id":14,"voteCount":2347,"fullName":"Suresh Raina","shortName":"S Raina"},{"id":25,"voteCount":2268,"fullName":"Dwayne Bravo","shortName":"DJ Bravo"},{"id":1107,"voteCount":2251,"fullName":"Mohit Sharma","shortName":"M Sharma"},{"id":9,"voteCount":2232,"fullName":"Ravindra Jadeja","shortName":"R Jadeja"},{"id":24,"voteCount":2178,"fullName":"Francois du Plessis","shortName":"F du Plessis"},{"id":413,"voteCount":2099,"fullName":"Dwayne Smith","shortName":"DR Smith"},{"id":115,"voteCount":2051,"fullName":"Ashish Nehra","shortName":"A Nehra"},{"id":1090,"voteCount":1610,"fullName":"Ishwar Pandey","shortName":"I Pandey"},{"id":49,"voteCount":807,"fullName":"Irfan Pathan","shortName":"I Pathan"},{"id":20,"voteCount":355,"fullName":"Michael Hussey","shortName":"M Hussey"},{"id":126,"voteCount":335,"fullName":"Rahul Sharma","shortName":"R Sharma"},{"id":1105,"voteCount":174,"fullName":"Kyle Abbott","shortName":"K Abbott"},{"id":124,"voteCount":139,"fullName":"Mithun Manhas","shortName":"M Manhas"},{"id":53,"voteCount":138,"fullName":"Pawan Negi","shortName":"P Negi"},{"id":1084,"voteCount":132,"fullName":"Baba Aparajith","shortName":"B Aparajith"},{"id":2731,"voteCount":75,"fullName":"Pratyush Singh","shortName":"P Singh"},{"id":1505,"voteCount":72,"fullName":"Matt Henry","shortName":"M Henry"},{"id":590,"voteCount":66,"fullName":"Samuel Badree","shortName":"S Badree"},{"id":277,"voteCount":59,"fullName":"Ronit More","shortName":"R More"},{"id":1558,"voteCount":44,"fullName":"Ankush Bains","shortName":"A Bains"},{"id":118,"voteCount":37,"fullName":"Eklavya Dwivedi ","shortName":"E Dwivedi "},{"id":1480,"voteCount":23,"fullName":"Andrew Tye","shortName":"A Tye"}]}