{"squadId":463,"totalVotes":2053,"players":[{"id":107,"voteCount":1948,"fullName":"Rohit Sharma","shortName":"RG Sharma"},{"id":210,"voteCount":1881,"fullName":"Kieron Pollard","shortName":"K Pollard"},{"id":968,"voteCount":1794,"fullName":"Corey Anderson","shortName":"C Anderson"},{"id":103,"voteCount":1736,"fullName":"Harbhajan Singh","shortName":"H Singh"},{"id":211,"voteCount":1684,"fullName":"Lasith Malinga","shortName":"L Malinga"},{"id":166,"voteCount":1528,"fullName":"Vinay Kumar","shortName":"V Kumar"},{"id":100,"voteCount":1321,"fullName":"Ambati Rayudu","shortName":"A Rayudu"},{"id":44,"voteCount":1287,"fullName":"Parthiv Patel","shortName":"P Patel"},{"id":595,"voteCount":1278,"fullName":"Lendl Simmons","shortName":"L Simmons"},{"id":2741,"voteCount":1103,"fullName":"Jagadeesha Suchitch","shortName":"J Suchitch"},{"id":99,"voteCount":874,"fullName":"Aditya Tare","shortName":"A Tare"},{"id":60,"voteCount":826,"fullName":"Unmukt Chand","shortName":"U Chand"},{"id":106,"voteCount":779,"fullName":"Pragyan Ojha","shortName":"P Ojha"},{"id":105,"voteCount":609,"fullName":"Pawan Suyal","shortName":"P Suyal"},{"id":1124,"voteCount":510,"fullName":"Jasprit Bumrah","shortName":"J Bumrah"},{"id":1748,"voteCount":453,"fullName":"Shreyas Gopal","shortName":"S Gopal"},{"id":857,"voteCount":323,"fullName":"Josh Hazlewood","shortName":"J Hazlewood"},{"id":167,"voteCount":321,"fullName":"Aaron Finch","shortName":"A Finch"},{"id":151,"voteCount":224,"fullName":"Abhimanyu Mithun","shortName":"A Mithun"},{"id":205,"voteCount":127,"fullName":"Aiden Blizzard","shortName":"A Blizzard"},{"id":2739,"voteCount":98,"fullName":"Siddhesh Lad","shortName":"SD Lad"},{"id":730,"voteCount":90,"fullName":"Mitchell McClenaghan","shortName":"M McClenaghan"},{"id":2737,"voteCount":71,"fullName":"Akshay Wakhare","shortName":"A Wakhare"},{"id":2740,"voteCount":59,"fullName":"Hardik Pandya","shortName":"H Pandya"},{"id":2738,"voteCount":58,"fullName":"Nitish Rana","shortName":"N Rana"},{"id":204,"voteCount":38,"fullName":"Marchant de Lange","shortName":"M de Lange"}]}