{"fragment":7,"updateTime":1429183559000,"matchId":{"id":3235,"name":"ipl2015-10 - KXIP vs. DD","matchIdName":"ipl2015-10"},"commentaries":[{"bbcode":"A Patel to M Agarwal, no run, %SPEED% full toss just outside off stump. He doesn't offer a shot","thisOver":".","progress":{"innings":2,"over":14,"ball":3},"speed":27.4516618474652,"subtype":"BBCode","countingProgress":{"innings":2,"over":13,"ball":3},"bowlerId":1113,"nonfacingBatsmanId":113,"facingBatsmanId":158,"autoText":"A Patel to M Agarwal, no run, %SPEED% full toss just outside off stump. He doesn't offer a shot","message":{"text":null},"tags":[],"timestamp":1429118728000,"id":1160782,"time":"17:24","updateTime":1429118640644,"sequence":300.5,"type":"Auto"},{"bbcode":"A Patel to M Agarwal, %SPEED% short length just outside off stump. He picks up a single","thisOver":"1","progress":{"innings":2,"over":14,"ball":4},"speed":24.407688869021,"subtype":"BBCode","countingProgress":{"innings":2,"over":13,"ball":4},"bowlerId":1113,"nonfacingBatsmanId":113,"facingBatsmanId":158,"autoText":"A Patel to M Agarwal, %SPEED% short length just outside off stump. He picks up a single","message":{"text":null},"tags":[],"timestamp":1429118728000,"id":1160783,"time":"17:24","updateTime":1429118661048,"sequence":301.5,"type":"Auto"},{"bbcode":"A Patel to Y Singh, %SPEED% full toss on middle stump. He picks up two","thisOver":"2","progress":{"innings":2,"over":14,"ball":5},"speed":27.3731417359724,"subtype":"BBCode","countingProgress":{"innings":2,"over":13,"ball":5},"bowlerId":1113,"nonfacingBatsmanId":158,"facingBatsmanId":113,"autoText":"A Patel to Y Singh, %SPEED% full toss on middle stump. He picks up two","message":{"text":null},"tags":[],"timestamp":1429118728000,"id":1160786,"time":"17:24","updateTime":1429118691601,"sequence":302.5,"type":"Auto"},{"bbcode":"A Patel to Y Singh, no run, %SPEED% good length outside off stump. He doesn't offer a shot","thisOver":".","progress":{"innings":2,"over":14,"ball":6},"speed":28.1818058920416,"subtype":"BBCode","countingProgress":{"innings":2,"over":13,"ball":6},"bowlerId":1113,"nonfacingBatsmanId":158,"facingBatsmanId":113,"autoText":"A Patel to Y Singh, no run, %SPEED% good length outside off stump. He doesn't offer a shot","message":{"text":null},"tags":[],"timestamp":1429118789000,"id":1160787,"time":"17:25","updateTime":1429118722348,"sequence":303.5,"type":"Auto"},{"innings":2,"over":14,"overRuns":5,"overWickets":0,"inningsRuns":102,"inningsWickets":2,"inningsAllOut":false,"team":{"id":3,"fullName":"Delhi Daredevils","shortName":"Daredevils","abbreviation":"DD","primaryColor":"B22E2A","secondaryColor":"FFFFFF","type":"m"},"batsmanSummaries":[{"batsman":{"id":113,"fullName":"Yuvraj Singh","shortName":"Y Singh","nationality":"Indian","rightHandedBat":true,"dateOfBirth":376963200000,"names":["Yuvraj Singh","Y Singh"]},"runs":31,"balls":27,"fours":5,"sixes":0},{"batsman":{"id":158,"fullName":"Mayank Agarwal","shortName":"M Agarwal","nationality":"Indian","rightHandedBat":false,"dateOfBirth":666835200000,"names":["Mayank Agarwal","M Agarwal"]},"runs":38,"balls":33,"fours":3,"sixes":1}],"activeBatsman":158,"bowlerSummary":{"bowler":{"id":1113,"fullName":"Axar Patel","shortName":"A Patel","nationality":"Indian","rightHandedBat":false,"dateOfBirth":759024000000,"names":["Axar Patel","A Patel"]},"overs":"2","runs":7,"wickets":0,"maidens":0},"inningsBalls":84,"inningsMaxBalls":120,"inningsTarget":166,"message":{"text":null},"tags":[],"timestamp":1429183559000,"id":1160788,"time":"17:25","updateTime":1429118722493,"sequence":304.5,"type":"Eov"},{"bbcode":"M Johnson to M Agarwal, %SPEED% good length just outside off stump. He hits a nice boundary","thisOver":"4","progress":{"innings":2,"over":15,"ball":1},"speed":40.0536432722396,"subtype":"BBCode","countingProgress":{"innings":2,"over":14,"ball":1},"bowlerId":213,"nonfacingBatsmanId":113,"facingBatsmanId":158,"autoText":"M Johnson to M Agarwal, %SPEED% good length just outside off stump. He hits a nice boundary","message":{"text":null},"tags":["four"],"timestamp":1429118891000,"id":1160793,"time":"17:27","updateTime":1429118855155,"sequence":305.5,"type":"Auto"},{"bbcode":"Four! Beautiful placement from Agarwal, delays the stroke and gets it past backward point!","subtype":"BBCode","message":{"text":"<p>Four! Beautiful placement from Agarwal, delays the stroke and gets it past backward point!</p>"},"tags":[],"timestamp":1429118885000,"id":1160794,"time":"17:28","updateTime":1429118885310,"sequence":306.5,"type":"Manual"},{"bbcode":"M Johnson to M Agarwal, %SPEED% full length outside off stump. He plays and misses","thisOver":"1","progress":{"innings":2,"over":15,"ball":2},"speed":39.7854269110416,"subtype":"BBCode","countingProgress":{"innings":2,"over":14,"ball":2},"bowlerId":213,"nonfacingBatsmanId":113,"facingBatsmanId":158,"autoText":"M Johnson to M Agarwal, %SPEED% full length outside off stump. He plays and misses","message":{"text":null},"tags":[],"timestamp":1429118975000,"id":1160796,"time":"17:28","updateTime":1429118898332,"sequence":307.5,"type":"Auto"},{"bbcode":"[b]Dropped! [/b]Agarwal skies one, Sandeep sprints in from deep point but puts it down on the dive as he hits the deck!","subtype":"BBCode","message":{"text":"<p><strong>Dropped!&nbsp;</strong>Agarwal skies one, Sandeep sprints in from deep point but puts it down on the dive as he hits the deck!</p>"},"tags":[],"timestamp":1429118930000,"id":1160797,"time":"17:28","updateTime":1429118930786,"sequence":308.5,"type":"Manual"},{"bbcode":"M Johnson to Y Singh, %SPEED% short length going down leg. He picks up a single","thisOver":"1","progress":{"innings":2,"over":15,"ball":3},"speed":39.5364351452875,"subtype":"BBCode","countingProgress":{"innings":2,"over":14,"ball":3},"bowlerId":213,"nonfacingBatsmanId":158,"facingBatsmanId":113,"autoText":"M Johnson to Y Singh, %SPEED% short length going down leg. He picks up a single","message":{"text":null},"tags":[],"timestamp":1429119028000,"id":1160799,"time":"17:29","updateTime":1429118959646,"sequence":309.5,"type":"Auto"},{"bbcode":"M Johnson to M Agarwal, %SPEED% full length outside off stump. He plays and misses","thisOver":"4","progress":{"innings":2,"over":15,"ball":4},"speed":35.3063619768987,"subtype":"BBCode","countingProgress":{"innings":2,"over":14,"ball":4},"bowlerId":213,"nonfacingBatsmanId":113,"facingBatsmanId":158,"autoText":"M Johnson to M Agarwal, %SPEED% full length outside off stump. He plays and misses","message":{"text":null},"tags":["four"],"timestamp":1429119076000,"id":1160803,"time":"17:29","updateTime":1429118992420,"sequence":310.5,"type":"Auto"},{"bbcode":"Four! Agarwal with a huge edge on the drive that flies up over short third man!","subtype":"BBCode","message":{"text":"<p>Four! Agarwal with a huge edge on the drive that flies up over short third man!</p>"},"tags":[],"timestamp":1429119029000,"id":1160804,"time":"17:30","updateTime":1429119029107,"sequence":311.5,"type":"Manual"},{"bbcode":"M Johnson to M Agarwal, Wide delivery","thisOver":"1Wd","progress":{"innings":2,"over":15,"ball":5},"speed":39.9642378185069,"subtype":"BBCode","countingProgress":{"innings":2,"over":14,"ball":5},"bowlerId":213,"nonfacingBatsmanId":113,"facingBatsmanId":158,"autoText":"M Johnson to M Agarwal, Wide delivery","message":{"text":null},"tags":[],"timestamp":1429119041000,"id":1160805,"time":"17:30","updateTime":1429119041623,"sequence":312.5,"type":"Auto"},{"bbcode":"M Johnson to M Agarwal, %SPEED% short length going down leg. He hits a great shot, that has gone all the way","thisOver":"6","progress":{"innings":2,"over":15,"ball":6},"speed":41.0371032632991,"subtype":"BBCode","countingProgress":{"innings":2,"over":14,"ball":5},"bowlerId":213,"nonfacingBatsmanId":113,"facingBatsmanId":158,"autoText":"M Johnson to M Agarwal, %SPEED% short length going down leg. He hits a great shot, that has gone all the way","message":{"text":null},"tags":["six"],"timestamp":1429119138000,"id":1160807,"time":"17:31","updateTime":1429119079899,"sequence":313.5,"type":"Auto"},{"bbcode":"[b]50 for Mayank Agarwal[/b]","subtype":"BBCode","message":{"text":"<p><strong>50 for Mayank Agarwal</strong></p>"},"tags":[],"timestamp":1429119379000,"id":1160833,"time":"17:36","updateTime":1429119369685,"sequence":314.0,"type":"Manual"},{"bbcode":"[b]Six![/b] Brilliant from Agarwal to reach his half century! Lofts the short ball up over backward square on the pull!","subtype":"BBCode","message":{"text":"<p><strong>Six!</strong> Brilliant from Agarwal to reach his half century! Lofts the short ball up over backward square on the pull!</p>"},"tags":[],"timestamp":1429119158000,"id":1160809,"time":"17:31","updateTime":1429119116888,"sequence":314.5,"type":"Manual"},{"bbcode":"M Johnson to M Agarwal, %SPEED% full length on off stump. He picks up a single","thisOver":"1","progress":{"innings":2,"over":15,"ball":7},"speed":36.924377686557,"subtype":"BBCode","countingProgress":{"innings":2,"over":14,"ball":6},"bowlerId":213,"nonfacingBatsmanId":113,"facingBatsmanId":158,"autoText":"M Johnson to M Agarwal, %SPEED% full length on off stump. He picks up a single","message":{"text":null},"tags":[],"timestamp":1429119209000,"id":1160811,"time":"17:32","updateTime":1429119133938,"sequence":315.5,"type":"Auto"},{"innings":2,"over":15,"overRuns":18,"overWickets":0,"inningsRuns":120,"inningsWickets":2,"inningsAllOut":false,"team":{"id":3,"fullName":"Delhi Daredevils","shortName":"Daredevils","abbreviation":"DD","primaryColor":"B22E2A","secondaryColor":"FFFFFF","type":"m"},"batsmanSummaries":[{"batsman":{"id":158,"fullName":"Mayank Agarwal","shortName":"M Agarwal","nationality":"Indian","rightHandedBat":false,"dateOfBirth":666835200000,"names":["Mayank Agarwal","M Agarwal"]},"runs":54,"balls":38,"fours":5,"sixes":2},{"batsman":{"id":113,"fullName":"Yuvraj Singh","shortName":"Y Singh","nationality":"Indian","rightHandedBat":true,"dateOfBirth":376963200000,"names":["Yuvraj Singh","Y Singh"]},"runs":32,"balls":28,"fours":5,"sixes":0}],"activeBatsman":158,"bowlerSummary":{"bowler":{"id":213,"fullName":"Mitchell Johnson","shortName":"M Johnson","nationality":"Australian","rightHandedBat":true,"dateOfBirth":373507200000,"names":["Mitchell Johnson","M Johnson"]},"overs":"4","runs":42,"wickets":0,"maidens":0},"inningsBalls":90,"inningsMaxBalls":120,"inningsTarget":166,"message":{"text":null},"tags":[],"timestamp":1429183559000,"id":1160812,"time":"17:32","updateTime":1429119134116,"sequence":316.5,"type":"Eov"},{"bbcode":"Wow, Johnson has been taken to the cleaners for 18 there, 46 required from the last 5","subtype":"BBCode","message":{"text":"<p>Wow, Johnson has been taken to the cleaners for 18 there, 46 required from the last 5</p>"},"tags":[],"timestamp":1429119171000,"id":1160814,"time":"17:32","updateTime":1429119171300,"sequence":317.5,"type":"Manual"},{"bbcode":"A Patel to M Agarwal, %SPEED% full length just outside off stump. He picks up a single","thisOver":"1","progress":{"innings":2,"over":16,"ball":1},"speed":27.7139433046979,"subtype":"BBCode","countingProgress":{"innings":2,"over":15,"ball":1},"bowlerId":1113,"nonfacingBatsmanId":113,"facingBatsmanId":158,"autoText":"A Patel to M Agarwal, %SPEED% full length just outside off stump. He picks up a single","message":{"text":null},"tags":[],"timestamp":1429119261000,"id":1160815,"time":"17:33","updateTime":1429119197336,"sequence":318.5,"type":"Auto"},{"bbcode":"A Patel to Y Singh, no run, %SPEED% short length outside off stump. He doesn't offer a shot","thisOver":".","progress":{"innings":2,"over":16,"ball":2},"speed":26.7971541924102,"subtype":"BBCode","countingProgress":{"innings":2,"over":15,"ball":2},"bowlerId":1113,"nonfacingBatsmanId":158,"facingBatsmanId":113,"autoText":"A Patel to Y Singh, no run, %SPEED% short length outside off stump. He doesn't offer a shot","message":{"text":null},"tags":[],"timestamp":1429119261000,"id":1160817,"time":"17:33","updateTime":1429119222381,"sequence":319.5,"type":"Auto"},{"bbcode":"A Patel to Y Singh, %SPEED% good length outside off stump. He hits a great shot, that has gone all the way","thisOver":"6","progress":{"innings":2,"over":16,"ball":3},"speed":27.8546542325955,"subtype":"BBCode","countingProgress":{"innings":2,"over":15,"ball":3},"bowlerId":1113,"nonfacingBatsmanId":158,"facingBatsmanId":113,"autoText":"A Patel to Y Singh, %SPEED% good length outside off stump. He hits a great shot, that has gone all the way","message":{"text":null},"tags":["six"],"timestamp":1429119322000,"id":1160818,"time":"17:33","updateTime":1429119235663,"sequence":320.5,"type":"Auto"},{"bbcode":"[b]Six![/b] In the arc and Yuvraj finds the crowd over long on with ease!","subtype":"BBCode","message":{"text":"<p><strong>Six!</strong> In the arc and Yuvraj finds the crowd over long on with ease!</p>"},"tags":[],"timestamp":1429119276000,"id":1160821,"time":"17:34","updateTime":1429119271947,"sequence":320.75,"type":"Manual"},{"bbcode":"A Patel to Y Singh. He picks up a single down to fine leg","thisOver":"1","progress":{"innings":2,"over":16,"ball":4},"speed":-1.0,"subtype":"BBCode","countingProgress":{"innings":2,"over":15,"ball":4},"bowlerId":1113,"nonfacingBatsmanId":158,"facingBatsmanId":113,"autoText":"A Patel to Y Singh. He picks up a single down to fine leg","message":{"text":null},"tags":[],"timestamp":1429119275000,"id":1160822,"time":"17:34","updateTime":1429119272919,"sequence":321.0,"type":"Auto"},{"bbcode":"A Patel to Y Singh, %SPEED% short length just outside off stump. He picks up a single","thisOver":"1","progress":{"innings":2,"over":16,"ball":4},"speed":28.8504478811337,"subtype":"BBCode","countingProgress":{"innings":2,"over":15,"ball":4},"bowlerId":1113,"nonfacingBatsmanId":158,"facingBatsmanId":113,"autoText":"A Patel to Y Singh, %SPEED% short length just outside off stump. He picks up a single","message":{"text":null},"tags":[],"timestamp":1429119322000,"id":1160823,"time":"17:34","updateTime":1429119275310,"sequence":322.5,"type":"Auto"},{"bbcode":"A Patel to M Agarwal, %SPEED% good length on middle stump. He picks up a single","thisOver":"1","progress":{"innings":2,"over":16,"ball":5},"speed":26.3573130076077,"subtype":"BBCode","countingProgress":{"innings":2,"over":15,"ball":5},"bowlerId":1113,"nonfacingBatsmanId":113,"facingBatsmanId":158,"autoText":"A Patel to M Agarwal, %SPEED% good length on middle stump. He picks up a single","message":{"text":null},"tags":[],"timestamp":1429119322000,"id":1160825,"time":"17:34","updateTime":1429119295355,"sequence":323.5,"type":"Auto"},{"bbcode":"A Patel to Y Singh, %SPEED% good length just outside off stump. He hits a great shot, that has gone all the way","thisOver":"6","progress":{"innings":2,"over":16,"ball":6},"speed":28.1981181995143,"subtype":"BBCode","countingProgress":{"innings":2,"over":15,"ball":6},"bowlerId":1113,"nonfacingBatsmanId":158,"facingBatsmanId":113,"autoText":"A Patel to Y Singh, %SPEED% good length just outside off stump. He hits a great shot, that has gone all the way","message":{"text":null},"tags":["six"],"timestamp":1429119394000,"id":1160827,"time":"17:35","updateTime":1429119318110,"sequence":324.5,"type":"Auto"},{"bbcode":"[b]Six![/b] Another six from Yuvraj! On the slog sweep this time and they are cruising now!","subtype":"BBCode","message":{"text":"<p><strong>Six!</strong> Another six from Yuvraj! On the slog sweep this time and they are cruising now!</p>"},"tags":[],"timestamp":1429119355000,"id":1160829,"time":"17:35","updateTime":1429119353805,"sequence":325.0,"type":"Manual"},{"innings":2,"over":16,"overRuns":15,"overWickets":0,"inningsRuns":135,"inningsWickets":2,"inningsAllOut":false,"team":{"id":3,"fullName":"Delhi Daredevils","shortName":"Daredevils","abbreviation":"DD","primaryColor":"B22E2A","secondaryColor":"FFFFFF","type":"m"},"batsmanSummaries":[{"batsman":{"id":113,"fullName":"Yuvraj Singh","shortName":"Y Singh","nationality":"Indian","rightHandedBat":true,"dateOfBirth":376963200000,"names":["Yuvraj Singh","Y Singh"]},"runs":45,"balls":32,"fours":5,"sixes":2},{"batsman":{"id":158,"fullName":"Mayank Agarwal","shortName":"M Agarwal","nationality":"Indian","rightHandedBat":false,"dateOfBirth":666835200000,"names":["Mayank Agarwal","M Agarwal"]},"runs":56,"balls":40,"fours":5,"sixes":2}],"activeBatsman":158,"bowlerSummary":{"bowler":{"id":1113,"fullName":"Axar Patel","shortName":"A Patel","nationality":"Indian","rightHandedBat":false,"dateOfBirth":759024000000,"names":["Axar Patel","A Patel"]},"overs":"3","runs":22,"wickets":0,"maidens":0},"inningsBalls":96,"inningsMaxBalls":120,"inningsTarget":166,"message":{"text":null},"tags":[],"timestamp":1429183559000,"id":1160828,"time":"17:35","updateTime":1429119318231,"sequence":325.5,"type":"Eov"},{"bbcode":"Strategic Timeout - Delhi should cruise from home but you never know with them! They have lost their last 11 games remember...","subtype":"BBCode","message":{"text":"<p>Strategic Timeout - Delhi should cruise from home but you never know with them! They have lost their last 11 games remember...</p>"},"tags":[],"timestamp":1429119487000,"id":1160836,"time":"17:36","updateTime":1429119387532,"sequence":326.5,"type":"Manual"},{"subtype":"EmbeddedTweet","tweetjson":{"created_at":"Wed Apr 15 17:38:02 +0000 2015","id":588395873471725568,"id_str":"588395873471725568","text":"George Bailey has got this all wrong. Bowled out MJ too early. Should have brought back SIngh when Youvraj got in. Bad errors. #KXIPvDD","source":"<a href=\"http://twitter.com\" rel=\"nofollow\">Twitter Web Client</a>","truncated":false,"in_reply_to_status_id":null,"in_reply_to_status_id_str":null,"in_reply_to_user_id":null,"in_reply_to_user_id_str":null,"in_reply_to_screen_name":null,"user":{"id":2341174836,"id_str":"2341174836","name":"James Davies","screen_name":"JDSHandicapping","location":"United Kingdom","profile_location":null,"description":"Professional Sport Handicapper & bettor, trader (Football, Cricket and Soccer) freelancer - Sports Writer & in general a cool guy. WCCC ,CCFC & NYJ #jetsnation","url":null,"entities":{"description":{"urls":[]}},"protected":false,"followers_count":305,"friends_count":78,"listed_count":5,"created_at":"Thu Feb 13 01:16:33 +0000 2014","favourites_count":1134,"utc_offset":3600,"time_zone":"Casablanca","geo_enabled":false,"verified":false,"statuses_count":2566,"lang":"en-gb","contributors_enabled":false,"is_translator":false,"is_translation_enabled":false,"profile_background_color":"C0DEED","profile_background_image_url":"http://abs.twimg.com/images/themes/theme1/bg.png","profile_background_image_url_https":"https://abs.twimg.com/images/themes/theme1/bg.png","profile_background_tile":false,"profile_image_url":"http://pbs.twimg.com/profile_images/471814352140398592/ufVfFmyf_normal.jpeg","profile_image_url_https":"https://pbs.twimg.com/profile_images/471814352140398592/ufVfFmyf_normal.jpeg","profile_link_color":"0084B4","profile_sidebar_border_color":"C0DEED","profile_sidebar_fill_color":"DDEEF6","profile_text_color":"333333","profile_use_background_image":true,"default_profile":true,"default_profile_image":false,"following":false,"follow_request_sent":false,"notifications":false},"geo":null,"coordinates":null,"place":null,"contributors":null,"retweet_count":0,"favorite_count":0,"entities":{"hashtags":[{"text":"KXIPvDD","indices":[127,135]}],"symbols":[],"user_mentions":[],"urls":[]},"favorited":false,"retweeted":false,"lang":"en"},"message":{"text":"<blockquote class=\"twitter-tweet\" data-partner=\"tweetdeck\">\n<p>George Bailey has got this all wrong. Bowled out MJ too early. Should have brought back SIngh when Youvraj got in. Bad errors. <a href=\"https://twitter.com/hashtag/KXIPvDD?src=hash\">#KXIPvDD</a></p>\n&mdash; James Davies (@JDSHandicapping) <a href=\"https://twitter.com/JDSHandicapping/status/588395873471725568\">April 15, 2015</a></blockquote>\n<script charset=\"utf-8\" type=\"text/javascript\" src=\"http://platform.twitter.com/widgets.js\"></script>"},"tags":[],"timestamp":1429119507000,"id":1160839,"time":"17:38","updateTime":1429119507653,"sequence":327.5,"type":"Manual"},{"bbcode":"Anureet Singh to M Agarwal, %SPEED% short length going down leg. He picks up a single","thisOver":"1","progress":{"innings":2,"over":17,"ball":1},"speed":33.6820654189545,"subtype":"BBCode","countingProgress":{"innings":2,"over":16,"ball":1},"bowlerId":412,"nonfacingBatsmanId":113,"facingBatsmanId":158,"autoText":"Anureet Singh to M Agarwal, %SPEED% short length going down leg. He picks up a single","message":{"text":null},"tags":[],"timestamp":1429119561000,"id":1160840,"time":"17:38","updateTime":1429119524095,"sequence":328.5,"type":"Auto"},{"bbcode":"Anureet Singh to Y Singh, %SPEED% full length on leg stump. He hits a great shot, that has gone all the way","thisOver":"6","progress":{"innings":2,"over":17,"ball":2},"speed":38.4853785393395,"subtype":"BBCode","countingProgress":{"innings":2,"over":16,"ball":2},"bowlerId":412,"nonfacingBatsmanId":158,"facingBatsmanId":113,"autoText":"Anureet Singh to Y Singh, %SPEED% full length on leg stump. He hits a great shot, that has gone all the way","message":{"text":null},"tags":["six"],"timestamp":1429119686000,"id":1160843,"time":"17:40","updateTime":1429119608371,"sequence":329.5,"type":"Auto"},{"bbcode":"[b]50 for Yuvraj Singh[/b]","subtype":"BBCode","message":{"text":"<p><strong>50 for Yuvraj Singh</strong></p>"},"tags":[],"timestamp":1429119624000,"id":1160846,"time":"17:40","updateTime":1429119624304,"sequence":330.5,"type":"Manual"},{"bbcode":"[b]Six! [/b]Yuvraj is setting Pune alight! Just a flick off the pads flies way back over deep mid-wicket!","subtype":"BBCode","message":{"text":"<p><strong>Six!&nbsp;</strong>Yuvraj is setting Pune alight! Just a flick off the pads flies way back over deep mid-wicket!</p>"},"tags":[],"timestamp":1429119650000,"id":1160848,"time":"17:40","updateTime":1429119650331,"sequence":331.5,"type":"Manual"},{"bbcode":"Anureet Singh to Y Singh, %SPEED% short length outside off stump. He picks up a single","thisOver":"1","progress":{"innings":2,"over":17,"ball":3},"speed":34.957532409477,"subtype":"BBCode","countingProgress":{"innings":2,"over":16,"ball":3},"bowlerId":412,"nonfacingBatsmanId":158,"facingBatsmanId":113,"autoText":"Anureet Singh to Y Singh, %SPEED% short length outside off stump. He picks up a single","message":{"text":null},"tags":[],"timestamp":1429119737000,"id":1160849,"time":"17:41","updateTime":1429119663730,"sequence":332.5,"type":"Auto"},{"bbcode":"Anureet Singh to M Agarwal, Wide delivery","thisOver":"1Wd","progress":{"innings":2,"over":17,"ball":4},"speed":37.4192289540488,"subtype":"BBCode","countingProgress":{"innings":2,"over":16,"ball":4},"bowlerId":412,"nonfacingBatsmanId":113,"facingBatsmanId":158,"autoText":"Anureet Singh to M Agarwal, Wide delivery","message":{"text":null},"tags":[],"timestamp":1429119699000,"id":1160850,"time":"17:41","updateTime":1429119697564,"sequence":333.5,"type":"Auto"},{"bbcode":"Anureet Singh to M Agarwal, %SPEED% short length on off stump. He hits a nice boundary","thisOver":"4","progress":{"innings":2,"over":17,"ball":5},"speed":36.1645060348681,"subtype":"BBCode","countingProgress":{"innings":2,"over":16,"ball":4},"bowlerId":412,"nonfacingBatsmanId":113,"facingBatsmanId":158,"autoText":"Anureet Singh to M Agarwal, %SPEED% short length on off stump. He hits a nice boundary","message":{"text":null},"tags":["four"],"timestamp":1429119798000,"id":1160852,"time":"17:42","updateTime":1429119731676,"sequence":334.5,"type":"Auto"},{"bbcode":"Four! Agarwal pulls out to deep mid-wicket but Maxwell can't cut it off! Should have done better there!","subtype":"BBCode","message":{"text":"<p>Four! Agarwal pulls out to deep mid-wicket but Maxwell can't cut it off! Should have done better there!</p>"},"tags":[],"timestamp":1429119763000,"id":1160854,"time":"17:42","updateTime":1429119763297,"sequence":335.5,"type":"Manual"},{"bbcode":"Anureet Singh to M Agarwal, no run, %SPEED% full length just outside off stump. He doesn't offer a shot","thisOver":".","progress":{"innings":2,"over":17,"ball":6},"speed":35.225748770675,"subtype":"BBCode","countingProgress":{"innings":2,"over":16,"ball":5},"bowlerId":412,"nonfacingBatsmanId":113,"facingBatsmanId":158,"autoText":"Anureet Singh to M Agarwal, no run, %SPEED% full length just outside off stump. He doesn't offer a shot","message":{"text":null},"tags":[],"timestamp":1429119840000,"id":1160855,"time":"17:42","updateTime":1429119767915,"sequence":336.5,"type":"Auto"},{"bbcode":"Anureet Singh to M Agarwal, %SPEED% full toss on leg stump. He picks up a single","thisOver":"1","progress":{"innings":2,"over":17,"ball":7},"speed":37.2927081951099,"subtype":"BBCode","countingProgress":{"innings":2,"over":16,"ball":6},"bowlerId":412,"nonfacingBatsmanId":113,"facingBatsmanId":158,"autoText":"Anureet Singh to M Agarwal, %SPEED% full toss on leg stump. He picks up a single","message":{"text":null},"tags":[],"timestamp":1429119921000,"id":1160859,"time":"17:44","updateTime":1429119881173,"sequence":337.5,"type":"Auto"},{"innings":2,"over":17,"overRuns":14,"overWickets":0,"inningsRuns":149,"inningsWickets":2,"inningsAllOut":false,"team":{"id":3,"fullName":"Delhi Daredevils","shortName":"Daredevils","abbreviation":"DD","primaryColor":"B22E2A","secondaryColor":"FFFFFF","type":"m"},"batsmanSummaries":[{"batsman":{"id":158,"fullName":"Mayank Agarwal","shortName":"M Agarwal","nationality":"Indian","rightHandedBat":false,"dateOfBirth":666835200000,"names":["Mayank Agarwal","M Agarwal"]},"runs":62,"balls":44,"fours":6,"sixes":2},{"batsman":{"id":113,"fullName":"Yuvraj Singh","shortName":"Y Singh","nationality":"Indian","rightHandedBat":true,"dateOfBirth":376963200000,"names":["Yuvraj Singh","Y Singh"]},"runs":52,"balls":34,"fours":5,"sixes":3}],"activeBatsman":158,"bowlerSummary":{"bowler":{"id":412,"fullName":"Anureet Singh","shortName":"Anureet Singh","nationality":"Indian","rightHandedBat":true,"dateOfBirth":383529600000,"names":["Anureet Singh","Anureet Singh"]},"overs":"3","runs":29,"wickets":0,"maidens":0},"inningsBalls":102,"inningsMaxBalls":120,"inningsTarget":166,"message":{"text":null},"tags":[],"timestamp":1429183559000,"id":1160860,"time":"17:44","updateTime":1429119881364,"sequence":338.5,"type":"Eov"},{"bbcode":"17 required from the last 18 balls...","subtype":"BBCode","message":{"text":"<p>17 required from the last 18 balls...</p>"},"tags":[],"timestamp":1429119951000,"id":1160864,"time":"17:45","updateTime":1429119951297,"sequence":339.5,"type":"Manual"},{"bbcode":"R Dhawan to M Agarwal, %SPEED% full length just outside off stump. He picks up a single","thisOver":"1","progress":{"innings":2,"over":18,"ball":1},"speed":36.4553037693638,"subtype":"BBCode","countingProgress":{"innings":2,"over":17,"ball":1},"bowlerId":1088,"nonfacingBatsmanId":113,"facingBatsmanId":158,"autoText":"R Dhawan to M Agarwal, %SPEED% full length just outside off stump. He picks up a single","message":{"text":null},"tags":[],"timestamp":1429120033000,"id":1160866,"time":"17:46","updateTime":1429119968993,"sequence":340.5,"type":"Auto"},{"bbcode":"R Dhawan to Y Singh, Wide delivery","thisOver":"1Wd","progress":{"innings":2,"over":18,"ball":2},"speed":36.1995870192577,"subtype":"BBCode","countingProgress":{"innings":2,"over":17,"ball":2},"bowlerId":1088,"nonfacingBatsmanId":158,"facingBatsmanId":113,"autoText":"R Dhawan to Y Singh, Wide delivery","message":{"text":null},"tags":[],"timestamp":1429120012000,"id":1160868,"time":"17:46","updateTime":1429120012010,"sequence":341.5,"type":"Auto"},{"bbcode":"R Dhawan to Y Singh, no run, %SPEED% full length outside off stump. He plays and misses","thisOver":".","progress":{"innings":2,"over":18,"ball":3},"speed":36.4774251229325,"subtype":"BBCode","countingProgress":{"innings":2,"over":17,"ball":2},"bowlerId":1088,"nonfacingBatsmanId":158,"facingBatsmanId":113,"autoText":"R Dhawan to Y Singh, no run, %SPEED% full length outside off stump. He plays and misses","message":{"text":null},"tags":[],"timestamp":1429120057000,"id":1160874,"time":"17:47","updateTime":1429120053137,"sequence":342.5,"type":"Auto"},{"bbcode":"R Dhawan to Y Singh, Wide delivery","thisOver":"1Wd","progress":{"innings":2,"over":18,"ball":4},"speed":35.4492624050067,"subtype":"BBCode","countingProgress":{"innings":2,"over":17,"ball":3},"bowlerId":1088,"nonfacingBatsmanId":158,"facingBatsmanId":113,"autoText":"R Dhawan to Y Singh, Wide delivery","message":{"text":null},"tags":[],"timestamp":1429120092000,"id":1160876,"time":"17:48","updateTime":1429120089904,"sequence":343.5,"type":"Auto"},{"bbcode":"R Dhawan to Y Singh, %SPEED% full length outside off stump. He picks up a single","thisOver":"1","progress":{"innings":2,"over":18,"ball":5},"speed":35.6543205588505,"subtype":"BBCode","countingProgress":{"innings":2,"over":17,"ball":3},"bowlerId":1088,"nonfacingBatsmanId":158,"facingBatsmanId":113,"autoText":"R Dhawan to Y Singh, %SPEED% full length outside off stump. He picks up a single","message":{"text":null},"tags":[],"timestamp":1429120226000,"id":1160877,"time":"17:48","updateTime":1429120138998,"sequence":344.5,"type":"Auto"},{"bbcode":"Yuvraj drives out to deep extra cover to bring up the 150 for Delhi and the 100 partnership!","subtype":"BBCode","message":{"text":"<p>Yuvraj drives out to deep extra cover to bring up the 150 for Delhi and the 100 partnership!</p>"},"tags":[],"timestamp":1429120183000,"id":1160880,"time":"17:49","updateTime":1429120181568,"sequence":345.0,"type":"Manual"},{"bbcode":"R Dhawan to M Agarwal, %SPEED% full toss on off stump. He picks up a single","thisOver":"1","progress":{"innings":2,"over":18,"ball":6},"speed":35.8937089053054,"subtype":"BBCode","countingProgress":{"innings":2,"over":17,"ball":4},"bowlerId":1088,"nonfacingBatsmanId":113,"facingBatsmanId":158,"autoText":"R Dhawan to M Agarwal, %SPEED% full toss on off stump. He picks up a single","message":{"text":null},"tags":[],"timestamp":1429120226000,"id":1160879,"time":"17:49","updateTime":1429120174252,"sequence":345.5,"type":"Auto"},{"bbcode":"R Dhawan to Y Singh, %SPEED% full length outside off stump. He picks up a single","thisOver":"1","progress":{"innings":2,"over":18,"ball":7},"speed":37.1486610978989,"subtype":"BBCode","countingProgress":{"innings":2,"over":17,"ball":5},"bowlerId":1088,"nonfacingBatsmanId":158,"facingBatsmanId":113,"autoText":"R Dhawan to Y Singh, %SPEED% full length outside off stump. He picks up a single","message":{"text":null},"tags":[],"timestamp":1429120287000,"id":1160883,"time":"17:50","updateTime":1429120206906,"sequence":346.5,"type":"Auto"},{"bbcode":"R Dhawan to M Agarwal, %SPEED% good length outside off stump. He hits a nice boundary","thisOver":"4","progress":{"innings":2,"over":18,"ball":8},"speed":35.9409924005364,"subtype":"BBCode","countingProgress":{"innings":2,"over":17,"ball":6},"bowlerId":1088,"nonfacingBatsmanId":113,"facingBatsmanId":158,"autoText":"R Dhawan to M Agarwal, %SPEED% good length outside off stump. He hits a nice boundary","message":{"text":null},"tags":["four"],"timestamp":1429120287000,"id":1160884,"time":"17:50","updateTime":1429120238140,"sequence":347.5,"type":"Auto"},{"bbcode":"[b]Dropped![/b] Four! Agarwal drives in the air inside out, a great effort from Anureet running round in the deep but he can only get a finger on it at full stretch!","subtype":"BBCode","message":{"text":"<p><strong>Dropped!</strong> Four! Agarwal drives in the air inside out, a great effort from Anureet running round in the deep but he can only get a finger on it at full stretch!</p>"},"tags":[],"timestamp":1429120288000,"id":1160888,"time":"17:51","updateTime":1429120286968,"sequence":348.0,"type":"Manual"},{"innings":2,"over":18,"overRuns":10,"overWickets":0,"inningsRuns":159,"inningsWickets":2,"inningsAllOut":false,"team":{"id":3,"fullName":"Delhi Daredevils","shortName":"Daredevils","abbreviation":"DD","primaryColor":"B22E2A","secondaryColor":"FFFFFF","type":"m"},"batsmanSummaries":[{"batsman":{"id":158,"fullName":"Mayank Agarwal","shortName":"M Agarwal","nationality":"Indian","rightHandedBat":false,"dateOfBirth":666835200000,"names":["Mayank Agarwal","M Agarwal"]},"runs":68,"balls":47,"fours":7,"sixes":2},{"batsman":{"id":113,"fullName":"Yuvraj Singh","shortName":"Y Singh","nationality":"Indian","rightHandedBat":true,"dateOfBirth":376963200000,"names":["Yuvraj Singh","Y Singh"]},"runs":54,"balls":37,"fours":5,"sixes":3}],"activeBatsman":113,"bowlerSummary":{"bowler":{"id":1088,"fullName":"Rishi Dhawan","shortName":"R Dhawan","nationality":"Indian","rightHandedBat":true,"dateOfBirth":635385600000,"names":["Rishi Dhawan","R Dhawan"]},"overs":"3","runs":23,"wickets":0,"maidens":0},"inningsBalls":108,"inningsMaxBalls":120,"inningsTarget":166,"message":{"text":null},"tags":[],"timestamp":1429183559000,"id":1160885,"time":"17:50","updateTime":1429120238819,"sequence":348.5,"type":"Eov"},{"bbcode":"Delhi on the verge here, 7 from 12...","subtype":"BBCode","message":{"text":"<p>Delhi on the verge here, 7 from 12...</p>"},"tags":[],"timestamp":1429120297000,"id":1160890,"time":"17:51","updateTime":1429120297980,"sequence":349.5,"type":"Manual"}]}