[{"dataType":"tweet-history","scope":"ipl-dd-battle","metadata":null,"writtenAt":1487548511932,"data":[{"resolution":{"value":1,"unit":"MINUTE","msValue":60000,"maxBuckets":10},"maximum":1,"buckets":[{"label":"23:47","msValue":1487548020000,"count":1},{"label":"23:49","msValue":1487548140000,"count":1},{"label":"23:52","msValue":1487548320000,"count":1}]},{"resolution":{"value":1,"unit":"DAY","msValue":86400000,"maxBuckets":1},"maximum":440,"buckets":[{"label":"Sun 19 Feb","msValue":1487462400000,"count":440}]}]}]