{"squadId":461,"totalVotes":2399,"players":[{"id":45,"voteCount":2231,"fullName":"Virender Sehwag","shortName":"V Sehwag"},{"id":282,"voteCount":2184,"fullName":"Glenn Maxwell","shortName":"G Maxwell"},{"id":19,"voteCount":2178,"fullName":"George Bailey","shortName":"G Bailey"},{"id":187,"voteCount":2151,"fullName":"David Miller","shortName":"D Miller"},{"id":213,"voteCount":2111,"fullName":"Mitchell Johnson","shortName":"M Johnson"},{"id":7,"voteCount":2049,"fullName":"Murali Vijay","shortName":"M Vijay"},{"id":16,"voteCount":2029,"fullName":"Wriddhiman Saha","shortName":"W Saha"},{"id":1113,"voteCount":2017,"fullName":"Axar Patel","shortName":"A Patel"},{"id":1112,"voteCount":1950,"fullName":"Sandeep Sharma","shortName":"Sandeep Sharma"},{"id":412,"voteCount":1674,"fullName":"Anureet Singh","shortName":"Anureet Singh"},{"id":1088,"voteCount":1319,"fullName":"Rishi Dhawan","shortName":"R Dhawan"},{"id":1085,"voteCount":949,"fullName":"Manan Vohra","shortName":"M Vohra"},{"id":254,"voteCount":445,"fullName":"Parvinder Awana","shortName":"P Awana"},{"id":1743,"voteCount":368,"fullName":"Karanveer Singh","shortName":"K Singh"},{"id":191,"voteCount":175,"fullName":"Shaun Marsh","shortName":"S Marsh"},{"id":253,"voteCount":173,"fullName":"Gurkeerat Mann Singh","shortName":"GM Singh"},{"id":1744,"voteCount":154,"fullName":"Shivam Sharma","shortName":"Shivam Sharma"},{"id":215,"voteCount":144,"fullName":"Thisara Perera","shortName":"T Perera"},{"id":2732,"voteCount":121,"fullName":"Nikhil Naik","shortName":"N Naik"},{"id":1745,"voteCount":105,"fullName":"Shardul Thakur","shortName":"S Thakur"},{"id":2733,"voteCount":56,"fullName":"Yogesh Golwalkar","shortName":"Y Golwalkar"},{"id":1752,"voteCount":53,"fullName":"Beuran Hendricks","shortName":"B Hendricks"}]}