{"squadId":462,"totalVotes":1527,"players":[{"id":182,"voteCount":1435,"fullName":"JP Duminy","shortName":"JP Duminy"},{"id":113,"voteCount":1396,"fullName":"Yuvraj Singh","shortName":"Y Singh"},{"id":898,"voteCount":1256,"fullName":"Imran Tahir","shortName":"I Tahir"},{"id":30,"voteCount":1186,"fullName":"Amit Mishra","shortName":"A Mishra"},{"id":158,"voteCount":1125,"fullName":"Mayank Agarwal","shortName":"M Agarwal"},{"id":297,"voteCount":1045,"fullName":"Kedar Jadhav","shortName":"K Jadhav"},{"id":217,"voteCount":960,"fullName":"Angelo Mathews","shortName":"A Mathews"},{"id":89,"voteCount":946,"fullName":"Manoj Tiwary","shortName":"M Tiwary"},{"id":1563,"voteCount":868,"fullName":"Shreyas Iyer","shortName":"S Iyer"},{"id":840,"voteCount":848,"fullName":"Nathan Coulter-Nile","shortName":"N Coulter-Nile"},{"id":26,"voteCount":816,"fullName":"Albie Morkel","shortName":"A Morkel"},{"id":94,"voteCount":812,"fullName":"Mohammed Shami","shortName":"M Shami"},{"id":86,"voteCount":636,"fullName":"Jaidev Unadkat","shortName":"J Unadkat"},{"id":165,"voteCount":566,"fullName":"Zaheer Khan","shortName":"Z Khan"},{"id":155,"voteCount":456,"fullName":"CM Gautam","shortName":"CM Gautam"},{"id":834,"voteCount":372,"fullName":"Quinton de Kock","shortName":"Q de Kock"},{"id":2736,"voteCount":303,"fullName":"Domnic Joseph","shortName":"D Joseph"},{"id":57,"voteCount":291,"fullName":"Shahbaz Nadeem","shortName":"S Nadeem"},{"id":163,"voteCount":259,"fullName":"Saurabh Tiwary","shortName":"S Tiwary"},{"id":1740,"voteCount":215,"fullName":"Jayant Yadav","shortName":"J Yadav"},{"id":2734,"voteCount":50,"fullName":"Srikar Bharat","shortName":"S Bharat"},{"id":951,"voteCount":42,"fullName":"Gurinder Sandhu","shortName":"G Sandhu"},{"id":2735,"voteCount":25,"fullName":"KK Jiyas","shortName":"KK Jiyas"},{"id":964,"voteCount":17,"fullName":"Markus Stoinis","shortName":"MP Stoinis"},{"id":1020,"voteCount":13,"fullName":"Travis Head","shortName":"TM Head"}]}