{"matchInfo":{"description":"Match 10","matchType":"IPLT20","teams":[{"id":3665,"players":[{"names":["Murali Vijay","M Vijay"],"dateOfBirth":449625600000,"id":7,"fullName":"Murali Vijay","shortName":"M Vijay","nationality":"Indian"},{"names":["Virender Sehwag","V Sehwag"],"dateOfBirth":277689600000,"id":45,"fullName":"Virender Sehwag","shortName":"V Sehwag","nationality":"Indian"},{"names":["Glenn Maxwell","G Maxwell"],"dateOfBirth":592790400000,"id":282,"fullName":"Glenn Maxwell","shortName":"G Maxwell","nationality":"Australian"},{"names":["David Miller","D Miller"],"dateOfBirth":613440000000,"id":187,"fullName":"David Miller","shortName":"D Miller","nationality":"South African"},{"names":["George Bailey","G Bailey"],"dateOfBirth":400204800000,"id":19,"fullName":"George Bailey","shortName":"G Bailey","nationality":"Australian"},{"names":["Wriddhiman Saha","W Saha"],"dateOfBirth":467424000000,"id":16,"fullName":"Wriddhiman Saha","shortName":"W Saha","nationality":"Indian"},{"names":["Rishi Dhawan","R Dhawan"],"rightHandedBat":true,"dateOfBirth":635385600000,"id":1088,"fullName":"Rishi Dhawan","shortName":"R Dhawan","nationality":"Indian"},{"names":["Mitchell Johnson","M Johnson"],"rightHandedBat":true,"dateOfBirth":373507200000,"id":213,"fullName":"Mitchell Johnson","shortName":"M Johnson","nationality":"Australian"},{"names":["Axar Patel","A Patel"],"dateOfBirth":759024000000,"id":1113,"fullName":"Axar Patel","shortName":"A Patel","nationality":"Indian"},{"names":["Anureet Singh","Anureet Singh"],"rightHandedBat":true,"dateOfBirth":383529600000,"id":412,"fullName":"Anureet Singh","shortName":"Anureet Singh","nationality":"Indian"},{"names":["Sandeep Sharma","Sandeep Sharma"],"rightHandedBat":true,"dateOfBirth":737683200000,"id":1112,"fullName":"Sandeep Sharma","shortName":"Sandeep Sharma","nationality":"Indian"}],"team":{"type":"m","fullName":"Kings XI Punjab","shortName":"Kings XI","abbreviation":"KXIP","primaryColor":"DA1F3D","secondaryColor":"FFFFFF","id":4},"wicketKeeper":{"names":["Wriddhiman Saha","W Saha"],"dateOfBirth":467424000000,"id":16,"fullName":"Wriddhiman Saha","shortName":"W Saha","nationality":"Indian"},"captain":{"names":["George Bailey","G Bailey"],"dateOfBirth":400204800000,"id":19,"fullName":"George Bailey","shortName":"G Bailey","nationality":"Australian"}},{"id":3664,"players":[{"names":["Mayank Agarwal","M Agarwal"],"dateOfBirth":666835200000,"id":158,"fullName":"Mayank Agarwal","shortName":"M Agarwal","nationality":"Indian"},{"names":["Shreyas Iyer","S Iyer"],"rightHandedBat":true,"dateOfBirth":786672000000,"id":1563,"fullName":"Shreyas Iyer","shortName":"S Iyer","nationality":"Indian"},{"names":["JP Duminy","JP Duminy"],"dateOfBirth":450748800000,"id":182,"fullName":"JP Duminy","shortName":"JP Duminy","nationality":"South African"},{"names":["Yuvraj Singh","Y Singh"],"rightHandedBat":true,"dateOfBirth":376963200000,"id":113,"fullName":"Yuvraj Singh","shortName":"Y Singh","nationality":"Indian"},{"names":["Angelo Mathews","A Mathews"],"dateOfBirth":549590400000,"id":217,"fullName":"Angelo Mathews","shortName":"A Mathews","nationality":"Sri Lankan"},{"names":["Manoj Tiwary","M Tiwary"],"dateOfBirth":500774400000,"id":89,"fullName":"Manoj Tiwary","shortName":"M Tiwary","nationality":"Indian"},{"names":["Kedar Jadhav","K Jadhav"],"rightHandedBat":true,"dateOfBirth":480643200000,"id":297,"fullName":"Kedar Jadhav","shortName":"K Jadhav","nationality":"Indian"},{"names":["Nathan Coulter-Nile","N Coulter-Nile"],"rightHandedBat":true,"dateOfBirth":560908800000,"id":840,"fullName":"Nathan Coulter-Nile","shortName":"N Coulter-Nile","nationality":"Australian"},{"names":["Amit Mishra","A Mishra"],"dateOfBirth":406944000000,"id":30,"fullName":"Amit Mishra","shortName":"A Mishra","nationality":"Indian"},{"names":["Imran Tahir","I Tahir"],"rightHandedBat":true,"dateOfBirth":291340800000,"id":898,"fullName":"Imran Tahir","shortName":"I Tahir","nationality":"South African"},{"names":["Domnic Joseph","D Joseph"],"rightHandedBat":true,"dateOfBirth":352944000000,"id":2736,"fullName":"Domnic Joseph","shortName":"D Joseph","nationality":"Indian"}],"team":{"type":"m","fullName":"Delhi Daredevils","shortName":"Daredevils","abbreviation":"DD","primaryColor":"B22E2A","secondaryColor":"FFFFFF","id":3},"wicketKeeper":{"names":["Kedar Jadhav","K Jadhav"],"rightHandedBat":true,"dateOfBirth":480643200000,"id":297,"fullName":"Kedar Jadhav","shortName":"K Jadhav","nationality":"Indian"},"captain":{"names":["JP Duminy","JP Duminy"],"dateOfBirth":450748800000,"id":182,"fullName":"JP Duminy","shortName":"JP Duminy","nationality":"South African"}}],"venue":{"id":7,"country":"India","fullName":"MCA International Stadium","shortName":"MCA International Stadium","city":"Pune"},"matchDate":"2015-04-15T20:00:00+0530","battingOrder":[0,1],"additionalInfo":{"toss.elected":"Kings XI Punjab, who chose to bat","match.video.id":"4175257924001","stats.link":"http://www.iplt20.com/news/2015/more-news/5990/quick-stats-m10-kxip-vs-dd","match.summary":"","photostream.link":"http://www.iplt20.com/photos/258/ipl-2015-match-10-kxip-v-dd","mom.video.id":"4175257949001","home.team.fan.total":"8353","notes.1.1":"Powerplay 1 - 41 runs, 1 wicket","away.team.fan.total":"7631","notes.1.2":"KXIP: 50 runs in 7.4 overs","umpire.name.3":"O Nandan","notes.1.3":"2nd Wicket: 50 runs in 36 balls (Virender Sehwag 24, Wriddhiman Saha 24)","umpire.name.4":"Nitin Menon","umpire.name.1":"Chris Gaffaney","notes.1.4":"KXIP: 100 runs in 12.5 overs","umpire.name.2":"Krishnaraj Srinath","notes.1.5":"KXIP: 150 runs in 18.2 overs","notes.1.6":"Innings Break: KXIP - 165/7 in 20 overs","highlights.link":"http://www.iplt20.com/videos/media/id/4175257924001/m10-kxip-vs-dd-match-highlights","result.playerofthematch":"Mayank Agarwal","mom.video.thumb":"http://brightcove.vo.llnwd.net/v1/unsecured/media/3588749423001/201504/2669/3588749423001_4175416327001_vs-552eba3be4b0651f2abf4a6a-672293881001.jpg?pubId=3588749423001","interview.link":"http://www.iplt20.com/news/2015/features/5996/team-decided-to-fight-until-the-last-ball-axar","sixes.video.id":"4175257910001","interview.thumb":"http://static2.iplt20.com/cms/media/images/320x213/35963.jpg","referee.name":"Graeme La Brooy","match.video.thumb":"http://brightcove.vo.llnwd.net/v1/unsecured/media/3588749423001/201504/3997/3588749423001_4175305021001_video-still-for-video-4175257924001.jpg?pubId=3588749423001","stats.thumb":"http://static2.iplt20.com/cms/media/images/320x213/35952.jpg","notes.2.7":"3rd Wicket: 100 runs in 61 balls (Mayank Agarwal 41, Yuvraj Singh 54)","toss.winner":"Kings XI Punjab","notes.2.5":"Maywank Agarwal: 50 off 37 balls (5 x fours, 2 x sixes)","sixes.video.thumb":"http://brightcove.vo.llnwd.net/v1/unsecured/media/3588749423001/201504/997/3588749423001_4175305018001_video-still-for-video-4175257910001.jpg?pubId=3588749423001","notes.2.6":"DD: 150 runs in 17.1 overs","notes.2.3":"Yuvraj Singh: 50 off 33 balls (5 x fours, 3 x sixes)","notes.2.4":"3rd Wicket: 50 runs in 41 balls (Mayank Agarwal 20, Yuvraj Singh 32)","report.thumb":"http://static2.iplt20.com/cms/media/images/320x213/35949.jpg","notes.2.1":"Powerplay 1 - 47 runs, 1 wicket","notes.2.2":"DD: 50 runs in 6.5 overs","report.link":"http://www.iplt20.com/news/2015/more-news/5986/report-m10-kxip-vs-dd"},"oversLimit":20,"matchState":"C","isLimitedOvers":true,"matchStatus":{"text":"Delhi Daredevils won by 5 wickets","outcome":"B"},"matchSummary":"","tournamentLabel":"IPL 2015"},"matchId":{"tournamentId":{"name":"ipl2015","id":2785},"name":"ipl2015-10","id":3235,"parentId":{"name":"ipl2015","id":2785}},"innings":[{"inningsNumber":1,"scorecard":{"runs":165,"extras":{"wideRuns":6,"legByeRuns":2},"battingStats":[{"mod":{"text":"c JP Duminy b Angelo Mathews","dismissedBp":{"over":5,"innings":1,"ball":6},"countingBp":{"over":5,"innings":1,"ball":6},"bowlerId":217,"additionalPlayerIds":[182],"dismissedMethod":"ct"},"playerId":7,"r":19,"b":18,"sr":"105.55","4s":2,"6s":1},{"mod":{"text":"c Nathan Coulter-Nile b JP Duminy","dismissedBp":{"over":15,"innings":1,"ball":7},"countingBp":{"over":15,"innings":1,"ball":6},"bowlerId":182,"additionalPlayerIds":[840],"dismissedMethod":"ct"},"playerId":45,"r":47,"b":41,"sr":"114.63","4s":4,"6s":2},{"mod":{"text":"b Amit Mishra","dismissedBp":{"over":14,"innings":1,"ball":5},"countingBp":{"over":14,"innings":1,"ball":5},"bowlerId":30,"dismissedMethod":"b"},"playerId":16,"r":39,"b":28,"sr":"139.28","4s":0,"6s":3},{"mod":{"text":"b JP Duminy","dismissedBp":{"over":17,"innings":1,"ball":7},"countingBp":{"over":17,"innings":1,"ball":6},"bowlerId":182,"dismissedMethod":"b"},"playerId":187,"r":5,"b":7,"sr":"71.42","4s":0,"6s":0},{"mod":{"text":"c Manoj Tiwary b Imran Tahir","dismissedBp":{"over":16,"innings":1,"ball":6},"countingBp":{"over":16,"innings":1,"ball":6},"bowlerId":898,"additionalPlayerIds":[89],"dismissedMethod":"ct"},"playerId":282,"r":15,"b":5,"sr":"300.00","4s":0,"6s":2},{"mod":{"text":"c Shreyas Iyer b Imran Tahir","dismissedBp":{"over":20,"innings":1,"ball":5},"countingBp":{"over":20,"innings":1,"ball":5},"bowlerId":898,"additionalPlayerIds":[1563],"dismissedMethod":"ct"},"playerId":19,"r":19,"b":11,"sr":"172.72","4s":1,"6s":1},{"mod":{"text":"c Angelo Mathews b Imran Tahir","dismissedBp":{"over":20,"innings":1,"ball":6},"countingBp":{"over":20,"innings":1,"ball":6},"bowlerId":898,"additionalPlayerIds":[217],"dismissedMethod":"ct"},"playerId":1113,"r":13,"b":10,"sr":"130.00","4s":0,"6s":1},{"playerId":1088,"r":0,"b":0,"4s":0,"6s":0}],"bowlingStats":[{"playerId":840,"r":14,"w":0,"ov":"3","e":"4.66","nb":0,"d":13,"maid":0,"wd":1},{"playerId":2736,"r":24,"w":0,"ov":"3","e":"8.00","nb":0,"d":8,"maid":0,"wd":0},{"playerId":217,"r":23,"w":1,"ov":"3","e":"7.66","nb":0,"d":7,"maid":0,"wd":1},{"playerId":30,"r":34,"w":1,"ov":"4","e":"8.50","nb":0,"d":5,"maid":0,"wd":1},{"playerId":898,"r":43,"w":3,"ov":"4","e":"10.75","nb":0,"d":6,"maid":0,"wd":0},{"playerId":113,"r":9,"w":0,"ov":"1","e":"9.00","nb":0,"d":0,"maid":0,"wd":1},{"playerId":182,"r":16,"w":2,"ov":"2","e":"8.00","nb":0,"d":4,"maid":0,"wd":2}],"wkts":7,"fow":[{"bp":{"over":5,"innings":1,"ball":6},"playerId":7,"r":33,"w":1},{"bp":{"over":14,"innings":1,"ball":5},"playerId":16,"r":104,"w":2},{"bp":{"over":15,"innings":1,"ball":6},"playerId":45,"r":115,"w":3},{"bp":{"over":16,"innings":1,"ball":6},"playerId":282,"r":131,"w":4},{"bp":{"over":17,"innings":1,"ball":6},"playerId":187,"r":137,"w":5},{"bp":{"over":20,"innings":1,"ball":5},"playerId":19,"r":165,"w":6},{"bp":{"over":20,"innings":1,"ball":6},"playerId":1113,"r":165,"w":7}]},"overProgress":"20","runRate":"8.25","overHistory":[{"ovNo":1,"ovBalls":[".",".",".",".","1","."]},{"ovNo":2,"ovBalls":[".","4",".",".",".","6"]},{"ovNo":3,"ovBalls":[".",".","1Wd",".",".",".","4"]},{"ovNo":4,"ovBalls":["2","1","1","2Lb","1","1"]},{"ovNo":5,"ovBalls":["4",".","1","4",".","W"]},{"ovNo":6,"ovBalls":[".",".",".","1","1","6"]},{"ovNo":7,"ovBalls":[".",".","1","1Wd",".","1","1"]},{"ovNo":8,"ovBalls":["1","1","1Wd","1","2","1","."]},{"ovNo":9,"ovBalls":["2","1","6","4","4","1"]},{"ovNo":10,"ovBalls":[".","1",".","1","1","."]},{"ovNo":11,"ovBalls":["1","1","1","6",".","1"]},{"ovNo":12,"ovBalls":["2","2","1","1","1Wd","1","1"]},{"ovNo":13,"ovBalls":[".",".","1","6","1","."]},{"ovNo":14,"ovBalls":["1","1","1","1","W","1"]},{"ovNo":15,"ovBalls":["1","1","1","1Wd",".","6","W"]},{"ovNo":16,"ovBalls":["2","6","1","1","6","W"]},{"ovNo":17,"ovBalls":["2","1",".","1Wd","1","1","W"]},{"ovNo":18,"ovBalls":["1","1","1",".","1","2"]},{"ovNo":19,"ovBalls":["6","1","6","1","1","4"]},{"ovNo":20,"ovBalls":[".","2","1",".","W","W"]}]},{"inningsNumber":2,"scorecard":{"runs":169,"extras":{"noBallRuns":1,"wideRuns":7,"legByeRuns":3},"battingStats":[{"mod":{"text":"b Anureet Singh","dismissedBp":{"over":19,"innings":2,"ball":3},"countingBp":{"over":19,"innings":2,"ball":3},"bowlerId":412,"dismissedMethod":"b"},"playerId":158,"r":68,"b":48,"sr":"141.66","4s":7,"6s":2},{"mod":{"text":"c Anureet Singh b Sandeep Sharma","dismissedBp":{"over":3,"innings":2,"ball":7},"countingBp":{"over":3,"innings":2,"ball":5},"bowlerId":1112,"additionalPlayerIds":[412],"dismissedMethod":"ct"},"playerId":1563,"r":6,"b":5,"sr":"120.00","4s":1,"6s":0},{"mod":{"text":"run out (Axar Patel)","dismissedBp":{"over":8,"innings":2,"ball":2},"countingBp":{"over":8,"innings":2,"ball":2},"bowlerId":1113,"additionalPlayerIds":[1113],"dismissedMethod":"ro"},"playerId":182,"r":21,"b":19,"sr":"110.52","4s":3,"6s":0},{"mod":{"text":"c Sandeep Sharma b Anureet Singh","dismissedBp":{"over":19,"innings":2,"ball":2},"countingBp":{"over":19,"innings":2,"ball":2},"bowlerId":412,"additionalPlayerIds":[1112],"dismissedMethod":"ct"},"playerId":113,"r":54,"b":39,"sr":"138.46","4s":5,"6s":3},{"playerId":217,"r":6,"b":4,"sr":"150.00","4s":1,"6s":0},{"mod":{"text":"c Anureet Singh b Axar Patel","dismissedBp":{"over":20,"innings":2,"ball":3},"countingBp":{"over":20,"innings":2,"ball":3},"bowlerId":1113,"additionalPlayerIds":[412],"dismissedMethod":"ct"},"playerId":297,"r":3,"b":5,"sr":"60.00","4s":0,"6s":0},{"playerId":89,"r":0,"b":0,"4s":0,"6s":0}],"bowlingStats":[{"playerId":1112,"r":30,"w":1,"ov":"4","e":"7.50","nb":0,"d":12,"maid":0,"wd":3},{"playerId":412,"r":33,"w":2,"ov":"4","e":"8.25","nb":1,"d":12,"maid":0,"wd":1},{"playerId":213,"r":42,"w":0,"ov":"4","e":"10.50","nb":0,"d":6,"maid":0,"wd":1},{"playerId":1088,"r":23,"w":0,"ov":"3","e":"7.66","nb":0,"d":5,"maid":0,"wd":2},{"playerId":1113,"r":28,"w":1,"ov":"3.5","e":"7.30","nb":0,"d":9,"maid":0,"wd":0},{"playerId":282,"r":10,"w":0,"ov":"1","e":"10.00","nb":0,"d":1,"maid":0,"wd":0}],"wkts":5,"fow":[{"bp":{"over":3,"innings":2,"ball":5},"playerId":1563,"r":23,"w":1},{"bp":{"over":8,"innings":2,"ball":2},"playerId":182,"r":53,"w":2},{"bp":{"over":19,"innings":2,"ball":2},"playerId":113,"r":159,"w":3},{"bp":{"over":19,"innings":2,"ball":3},"playerId":158,"r":159,"w":4},{"bp":{"over":20,"innings":2,"ball":3},"playerId":297,"r":165,"w":5}]},"overProgress":"19.5","runRate":"8.52","overHistory":[{"ovNo":1,"ovBalls":[".",".","4","2",".","1"]},{"ovNo":2,"ovBalls":[".",".","4","4",".","."]},{"ovNo":3,"ovBalls":["1Wd","1Wd",".","4",".","2","W","1Wd","."]},{"ovNo":4,"ovBalls":[".",".","4",".","1","2"]},{"ovNo":5,"ovBalls":[".","1","1","4","2","1"]},{"ovNo":6,"ovBalls":["4","1",".","1",".","1"]},{"ovNo":7,"ovBalls":[".",".","1","1","1","2"]},{"ovNo":8,"ovBalls":["1Lb","W","1",".","1","1"]},{"ovNo":9,"ovBalls":["1","4","1Lb","1",".","1"]},{"ovNo":10,"ovBalls":[".",".",".","4",".","1"]},{"ovNo":11,"ovBalls":["4","1","1","4",".","."]},{"ovNo":12,"ovBalls":["1","1","6",".","1","1"]},{"ovNo":13,"ovBalls":["4",".",".","2","1","1"]},{"ovNo":14,"ovBalls":["1","1Lb",".","1","2","."]},{"ovNo":15,"ovBalls":["4","1","1","4","1Wd","6","1"]},{"ovNo":16,"ovBalls":["1",".","6","1","1","6"]},{"ovNo":17,"ovBalls":["1","6","1","1Wd","4",".","1"]},{"ovNo":18,"ovBalls":["1","1Wd",".","1Wd","1","1","1","4"]},{"ovNo":19,"ovBalls":[".","W","W",".","1","2Nb","1"]},{"ovNo":20,"ovBalls":["1","1","W",".","4"]}]}],"currentState":{"phase":"C","facingBatsman":217,"nonFacingBatsman":89,"currentInningsIndex":1,"currentPartnership":4,"currentBowler":1113,"currentBatsmen":[217,89],"recentOvers":[{"ovNo":15,"ovBalls":["4","1","1","4","1Wd","6","1"]},{"ovNo":16,"ovBalls":["1",".","6","1","1","6"]},{"ovNo":17,"ovBalls":["1","6","1","1Wd","4",".","1"]},{"ovNo":18,"ovBalls":["1","1Wd",".","1Wd","1","1","1","4"]},{"ovNo":19,"ovBalls":[".","W","W",".","1","2Nb","1"]},{"ovNo":20,"ovBalls":["1","1","W",".","4"]}]}}