{"fragment":7,"updateTime":1428687389000,"matchId":{"id":3228,"name":"ipl2015-03 - KXIP vs. RR","matchIdName":"ipl2015-03"},"commentaries":[{"bbcode":"S Binny to D Miller, %SPEED% good length outside off stump. He hits a nice boundary","thisOver":"4","progress":{"innings":2,"over":11,"ball":2},"speed":34.7960838638933,"subtype":"BBCode","countingProgress":{"innings":2,"over":10,"ball":2},"bowlerId":148,"nonfacingBatsmanId":1113,"facingBatsmanId":187,"autoText":"S Binny to D Miller, %SPEED% good length outside off stump. He hits a nice boundary","message":{"text":null},"tags":["four"],"timestamp":1428685942000,"id":1155403,"time":"17:11","updateTime":1428685883120,"sequence":300.0,"type":"Auto"},{"bbcode":"Four! Lovely timing from Miller, whips it away off his pads past mid on!","subtype":"BBCode","message":{"text":"<p>Four! Lovely timing from Miller, whips it away off his pads past mid on!</p>"},"tags":[],"timestamp":1428685903000,"id":1155404,"time":"17:11","updateTime":1428685903541,"sequence":301.0,"type":"Manual"},{"bbcode":"S Binny to D Miller, %SPEED% short length outside off stump. He plays and misses","thisOver":"4","progress":{"innings":2,"over":11,"ball":3},"speed":35.8453896430812,"subtype":"BBCode","countingProgress":{"innings":2,"over":10,"ball":3},"bowlerId":148,"nonfacingBatsmanId":1113,"facingBatsmanId":187,"autoText":"S Binny to D Miller, %SPEED% short length outside off stump. He plays and misses","message":{"text":null},"tags":["four"],"timestamp":1428685992000,"id":1155405,"time":"17:12","updateTime":1428685920564,"sequence":302.0,"type":"Auto"},{"bbcode":"Close! Four! Good short ball from Binny, Miller is onto it late but the top edge just gets up over Samson and away for four more!","subtype":"BBCode","message":{"text":"<p>Close! Four! Good short ball from Binny, Miller is onto it late but the top edge just gets up over Samson and away for four more!</p>"},"tags":[],"timestamp":1428685977000,"id":1155406,"time":"17:12","updateTime":1428685948133,"sequence":303.0,"type":"Manual"},{"bbcode":"S Binny to D Miller, %SPEED% short length outside off stump. He picks up two","thisOver":"2","progress":{"innings":2,"over":11,"ball":4},"speed":37.7618325899282,"subtype":"BBCode","countingProgress":{"innings":2,"over":10,"ball":4},"bowlerId":148,"nonfacingBatsmanId":1113,"facingBatsmanId":187,"autoText":"S Binny to D Miller, %SPEED% short length outside off stump. He picks up two","message":{"text":null},"tags":[],"timestamp":1428685992000,"id":1155407,"time":"17:12","updateTime":1428685963784,"sequence":304.0,"type":"Auto"},{"bbcode":"S Binny to D Miller, no run, %SPEED% good length outside off stump. He plays and misses","thisOver":".","progress":{"innings":2,"over":11,"ball":5},"speed":34.9498794440997,"subtype":"BBCode","countingProgress":{"innings":2,"over":10,"ball":5},"bowlerId":148,"nonfacingBatsmanId":1113,"facingBatsmanId":187,"autoText":"S Binny to D Miller, no run, %SPEED% good length outside off stump. He plays and misses","message":{"text":null},"tags":[],"timestamp":1428686003000,"id":1155408,"time":"17:13","updateTime":1428686003000,"sequence":305.0,"type":"Auto"},{"bbcode":"S Binny to D Miller, no run, %SPEED% good length on middle stump. He plays and misses","thisOver":".","progress":{"innings":2,"over":11,"ball":6},"speed":35.3419601730157,"subtype":"BBCode","countingProgress":{"innings":2,"over":10,"ball":6},"bowlerId":148,"nonfacingBatsmanId":1113,"facingBatsmanId":187,"autoText":"S Binny to D Miller, no run, %SPEED% good length on middle stump. He plays and misses","message":{"text":null},"tags":[],"timestamp":1428686128000,"id":1155409,"time":"17:13","updateTime":1428686038174,"sequence":306.0,"type":"Auto"},{"innings":2,"over":11,"overRuns":11,"overWickets":0,"inningsRuns":77,"inningsWickets":4,"inningsAllOut":false,"team":{"id":4,"fullName":"Kings XI Punjab","shortName":"Kings XI","abbreviation":"KXIP","primaryColor":"DA1F3D","secondaryColor":"FFFFFF","type":"m"},"batsmanSummaries":[{"batsman":{"id":187,"fullName":"David Miller","shortName":"D Miller","nationality":"South African","rightHandedBat":false,"dateOfBirth":613440000000,"names":["David Miller","D Miller"]},"runs":10,"balls":11,"fours":2,"sixes":0},{"batsman":{"id":1113,"fullName":"Axar Patel","shortName":"A Patel","nationality":"Indian","rightHandedBat":false,"dateOfBirth":759024000000,"names":["Axar Patel","A Patel"]},"runs":11,"balls":13,"fours":1,"sixes":0}],"activeBatsman":1113,"bowlerSummary":{"bowler":{"id":148,"fullName":"Stuart Binny","shortName":"S Binny","nationality":"Indian","rightHandedBat":false,"dateOfBirth":455068800000,"names":["Stuart Binny","S Binny"]},"overs":"2","runs":15,"wickets":0,"maidens":0},"inningsBalls":66,"inningsMaxBalls":120,"inningsTarget":163,"message":{"text":null},"tags":[],"timestamp":1428686038000,"id":1155410,"time":"17:13","updateTime":1428686038352,"sequence":307.0,"type":"Eov"},{"bbcode":"P Tambe to A Patel, %SPEED% good length on middle stump. He picks up a single","thisOver":"1","progress":{"innings":2,"over":12,"ball":1},"speed":28.383454486104,"subtype":"BBCode","countingProgress":{"innings":2,"over":11,"ball":1},"bowlerId":1114,"nonfacingBatsmanId":187,"facingBatsmanId":1113,"autoText":"P Tambe to A Patel, %SPEED% good length on middle stump. He picks up a single","message":{"text":null},"tags":[],"timestamp":1428686173000,"id":1155411,"time":"17:14","updateTime":1428686091527,"sequence":308.0,"type":"Auto"},{"bbcode":"P Tambe to D Miller, %SPEED% good length on leg stump. He picks up a single","thisOver":"1","progress":{"innings":2,"over":12,"ball":2},"speed":24.9126406826542,"subtype":"BBCode","countingProgress":{"innings":2,"over":11,"ball":2},"bowlerId":1114,"nonfacingBatsmanId":1113,"facingBatsmanId":187,"autoText":"P Tambe to D Miller, %SPEED% good length on leg stump. He picks up a single","message":{"text":null},"tags":[],"timestamp":1428686173000,"id":1155412,"time":"17:15","updateTime":1428686124897,"sequence":309.0,"type":"Auto"},{"bbcode":"P Tambe to A Patel, %SPEED% good length on off stump. He picks up a single","thisOver":"1","progress":{"innings":2,"over":12,"ball":3},"speed":24.8527000594101,"subtype":"BBCode","countingProgress":{"innings":2,"over":11,"ball":3},"bowlerId":1114,"nonfacingBatsmanId":187,"facingBatsmanId":1113,"autoText":"P Tambe to A Patel, %SPEED% good length on off stump. He picks up a single","message":{"text":null},"tags":[],"timestamp":1428686250000,"id":1155413,"time":"17:15","updateTime":1428686147872,"sequence":310.0,"type":"Auto"},{"bbcode":"P Tambe to D Miller, no run, %SPEED% good length on middle stump. He doesn't offer a shot","thisOver":".","progress":{"innings":2,"over":12,"ball":4},"speed":25.2641968945022,"subtype":"BBCode","countingProgress":{"innings":2,"over":11,"ball":4},"bowlerId":1114,"nonfacingBatsmanId":1113,"facingBatsmanId":187,"autoText":"P Tambe to D Miller, no run, %SPEED% good length on middle stump. He doesn't offer a shot","message":{"text":null},"tags":[],"timestamp":1428686250000,"id":1155414,"time":"17:16","updateTime":1428686171177,"sequence":311.0,"type":"Auto"},{"bbcode":"P Tambe to D Miller, %SPEED% good length on leg stump. He picks up a single","thisOver":"1","progress":{"innings":2,"over":12,"ball":5},"speed":25.7630602692481,"subtype":"BBCode","countingProgress":{"innings":2,"over":11,"ball":5},"bowlerId":1114,"nonfacingBatsmanId":1113,"facingBatsmanId":187,"autoText":"P Tambe to D Miller, %SPEED% good length on leg stump. He picks up a single","message":{"text":null},"tags":[],"timestamp":1428686250000,"id":1155415,"time":"17:16","updateTime":1428686195263,"sequence":312.0,"type":"Auto"},{"bbcode":"P Tambe to A Patel, no run, %SPEED% full toss on off stump. He doesn't offer a shot","thisOver":".","progress":{"innings":2,"over":12,"ball":6},"speed":25.6661390909558,"subtype":"BBCode","countingProgress":{"innings":2,"over":11,"ball":6},"bowlerId":1114,"nonfacingBatsmanId":187,"facingBatsmanId":1113,"autoText":"P Tambe to A Patel, no run, %SPEED% full toss on off stump. He doesn't offer a shot","message":{"text":null},"tags":[],"timestamp":1428686301000,"id":1155416,"time":"17:16","updateTime":1428686216562,"sequence":313.0,"type":"Auto"},{"innings":2,"over":12,"overRuns":4,"overWickets":0,"inningsRuns":81,"inningsWickets":4,"inningsAllOut":false,"team":{"id":4,"fullName":"Kings XI Punjab","shortName":"Kings XI","abbreviation":"KXIP","primaryColor":"DA1F3D","secondaryColor":"FFFFFF","type":"m"},"batsmanSummaries":[{"batsman":{"id":1113,"fullName":"Axar Patel","shortName":"A Patel","nationality":"Indian","rightHandedBat":false,"dateOfBirth":759024000000,"names":["Axar Patel","A Patel"]},"runs":13,"balls":16,"fours":1,"sixes":0},{"batsman":{"id":187,"fullName":"David Miller","shortName":"D Miller","nationality":"South African","rightHandedBat":false,"dateOfBirth":613440000000,"names":["David Miller","D Miller"]},"runs":12,"balls":14,"fours":2,"sixes":0}],"activeBatsman":187,"bowlerSummary":{"bowler":{"id":1114,"fullName":"Pravin Tambe","shortName":"P Tambe","nationality":"Indian","rightHandedBat":true,"dateOfBirth":55728000000,"names":["Pravin Tambe","P Tambe"]},"overs":"2","runs":12,"wickets":0,"maidens":0},"inningsBalls":72,"inningsMaxBalls":120,"inningsTarget":163,"message":{"text":null},"tags":[],"timestamp":1428686216000,"id":1155417,"time":"17:16","updateTime":1428686216820,"sequence":314.0,"type":"Eov"},{"bbcode":"T Southee to D Miller, no run, %SPEED% short length on middle stump. He plays and misses","thisOver":".","progress":{"innings":2,"over":13,"ball":1},"speed":36.8190175689574,"subtype":"BBCode","countingProgress":{"innings":2,"over":12,"ball":1},"bowlerId":307,"nonfacingBatsmanId":1113,"facingBatsmanId":187,"autoText":"T Southee to D Miller, no run, %SPEED% short length on middle stump. He plays and misses","message":{"text":null},"tags":[],"timestamp":1428686276000,"id":1155418,"time":"17:17","updateTime":1428686274019,"sequence":315.0,"type":"Auto"},{"bbcode":"T Southee to D Miller, %SPEED% short length on middle stump. He hits a nice boundary","thisOver":"4","progress":{"innings":2,"over":13,"ball":2},"speed":38.3549396513187,"subtype":"BBCode","countingProgress":{"innings":2,"over":12,"ball":2},"bowlerId":307,"nonfacingBatsmanId":1113,"facingBatsmanId":187,"autoText":"T Southee to D Miller, %SPEED% short length on middle stump. He hits a nice boundary","message":{"text":null},"tags":["four"],"timestamp":1428686353000,"id":1155419,"time":"17:18","updateTime":1428686310998,"sequence":316.0,"type":"Auto"},{"bbcode":"Four! Miller on the pull and he finds the gap beautifully on the leg side!","subtype":"BBCode","message":{"text":"<p>Four! Miller on the pull and he finds the gap beautifully on the leg side!</p>"},"tags":[],"timestamp":1428686336000,"id":1155420,"time":"17:18","updateTime":1428686336164,"sequence":317.0,"type":"Manual"},{"bbcode":"T Southee to D Miller, no run, %SPEED% good length just outside off stump. He doesn't offer a shot","thisOver":".","progress":{"innings":2,"over":13,"ball":3},"speed":37.0938357726294,"subtype":"BBCode","countingProgress":{"innings":2,"over":12,"ball":3},"bowlerId":307,"nonfacingBatsmanId":1113,"facingBatsmanId":187,"autoText":"T Southee to D Miller, no run, %SPEED% good length just outside off stump. He doesn't offer a shot","message":{"text":null},"tags":[],"timestamp":1428686416000,"id":1155421,"time":"17:19","updateTime":1428686348199,"sequence":318.0,"type":"Auto"},{"bbcode":"T Southee to D Miller, %SPEED% good length outside off stump. He hits a great shot, that has gone all the way","thisOver":"6","progress":{"innings":2,"over":13,"ball":4},"speed":31.3276711936686,"subtype":"BBCode","countingProgress":{"innings":2,"over":12,"ball":4},"bowlerId":307,"nonfacingBatsmanId":1113,"facingBatsmanId":187,"autoText":"T Southee to D Miller, %SPEED% good length outside off stump. He hits a great shot, that has gone all the way","message":{"text":null},"tags":["six"],"timestamp":1428686479000,"id":1155422,"time":"17:19","updateTime":1428686381417,"sequence":319.0,"type":"Auto"},{"bbcode":"[b]Six![/b] FETCH! In the arc and Miller sends it way back into the crowd over mid-wicket!","subtype":"BBCode","message":{"text":"<p><strong>Six!</strong> FETCH! In the arc and Miller sends it way back into the crowd over mid-wicket!</p>"},"tags":[],"timestamp":1428686410000,"id":1155423,"time":"17:20","updateTime":1428686410619,"sequence":320.0,"type":"Manual"},{"bbcode":"T Southee to D Miller, no run, %SPEED% good length just outside off stump. He plays and misses","thisOver":".","progress":{"innings":2,"over":13,"ball":5},"speed":37.4795496889081,"subtype":"BBCode","countingProgress":{"innings":2,"over":12,"ball":5},"bowlerId":307,"nonfacingBatsmanId":1113,"facingBatsmanId":187,"autoText":"T Southee to D Miller, no run, %SPEED% good length just outside off stump. He plays and misses","message":{"text":null},"tags":[],"timestamp":1428686433000,"id":1155424,"time":"17:20","updateTime":1428686426738,"sequence":321.0,"type":"Auto"},{"bbcode":"T Southee to D Miller, %SPEED% short length just outside off stump. He picks up a single","thisOver":"1","progress":{"innings":2,"over":13,"ball":6},"speed":37.7653485413358,"subtype":"BBCode","countingProgress":{"innings":2,"over":12,"ball":6},"bowlerId":307,"nonfacingBatsmanId":1113,"facingBatsmanId":187,"autoText":"T Southee to D Miller, %SPEED% short length just outside off stump. He picks up a single","message":{"text":null},"tags":[],"timestamp":1428686542000,"id":1155425,"time":"17:21","updateTime":1428686461857,"sequence":322.0,"type":"Auto"},{"innings":2,"over":13,"overRuns":11,"overWickets":0,"inningsRuns":92,"inningsWickets":4,"inningsAllOut":false,"team":{"id":4,"fullName":"Kings XI Punjab","shortName":"Kings XI","abbreviation":"KXIP","primaryColor":"DA1F3D","secondaryColor":"FFFFFF","type":"m"},"batsmanSummaries":[{"batsman":{"id":187,"fullName":"David Miller","shortName":"D Miller","nationality":"South African","rightHandedBat":false,"dateOfBirth":613440000000,"names":["David Miller","D Miller"]},"runs":23,"balls":20,"fours":3,"sixes":1},{"batsman":{"id":1113,"fullName":"Axar Patel","shortName":"A Patel","nationality":"Indian","rightHandedBat":false,"dateOfBirth":759024000000,"names":["Axar Patel","A Patel"]},"runs":13,"balls":16,"fours":1,"sixes":0}],"activeBatsman":187,"bowlerSummary":{"bowler":{"id":307,"fullName":"Tim Southee","shortName":"T Southee","nationality":"New Zealander","rightHandedBat":true,"dateOfBirth":597801600000,"names":["Tim Southee","T Southee"]},"overs":"3","runs":33,"wickets":1,"maidens":0},"inningsBalls":78,"inningsMaxBalls":120,"inningsTarget":163,"message":{"text":null},"tags":[],"timestamp":1428686462000,"id":1155426,"time":"17:21","updateTime":1428686462021,"sequence":323.0,"type":"Eov"},{"bbcode":"Strategic Timeout - So we are down to the last 7 overs and Kings XI need 71 from them at just over 10 an over. Miller has a serious record chasing in IPL cricket and you feel he is going to have to take his team home if the are to win this one. Royals just ahead at the moment.","subtype":"BBCode","message":{"text":"<p>Strategic Timeout - So we are down to the last 7 overs and Kings XI need 71 from them at just over 10 an over. Miller has a serious record chasing in IPL cricket and you feel he is going to have to take his team home if the are to win this one. Royals just ahead at the moment.</p>"},"tags":[],"timestamp":1428686561000,"id":1155427,"time":"17:22","updateTime":1428686561085,"sequence":324.0,"type":"Manual"},{"subtype":"EmbeddedTweet","tweetjson":{"created_at":"Fri Apr 10 17:22:26 +0000 2015","id":586580005469061120,"id_str":"586580005469061120","text":"C'mon @DavidMillerSA12 You can make it.. U're the last hope!! #KXIPvRR #PepsiIPL","source":"<a href=\"http://twitter.com\" rel=\"nofollow\">Twitter Web Client</a>","truncated":false,"in_reply_to_status_id":null,"in_reply_to_status_id_str":null,"in_reply_to_user_id":null,"in_reply_to_user_id_str":null,"in_reply_to_screen_name":null,"user":{"id":132212674,"id_str":"132212674","name":"Bibul kumar","screen_name":"bibulkumar","location":"Bhubaneswar","profile_location":null,"description":"Meeting the deadlines is a common thing but beating the deadlines is my exception","url":null,"entities":{"description":{"urls":[]}},"protected":false,"followers_count":21,"friends_count":92,"listed_count":0,"created_at":"Mon Apr 12 16:08:23 +0000 2010","favourites_count":62,"utc_offset":null,"time_zone":null,"geo_enabled":true,"verified":false,"statuses_count":131,"lang":"en","contributors_enabled":false,"is_translator":false,"is_translation_enabled":false,"profile_background_color":"352726","profile_background_image_url":"http://abs.twimg.com/images/themes/theme5/bg.gif","profile_background_image_url_https":"https://abs.twimg.com/images/themes/theme5/bg.gif","profile_background_tile":false,"profile_image_url":"http://pbs.twimg.com/profile_images/470573717190225920/oOkKiUEr_normal.jpeg","profile_image_url_https":"https://pbs.twimg.com/profile_images/470573717190225920/oOkKiUEr_normal.jpeg","profile_banner_url":"https://pbs.twimg.com/profile_banners/132212674/1425202222","profile_link_color":"D02B55","profile_sidebar_border_color":"829D5E","profile_sidebar_fill_color":"99CC33","profile_text_color":"3E4415","profile_use_background_image":true,"default_profile":false,"default_profile_image":false,"following":false,"follow_request_sent":false,"notifications":false},"geo":null,"coordinates":null,"place":null,"contributors":null,"retweet_count":0,"favorite_count":0,"entities":{"hashtags":[{"text":"KXIPvRR","indices":[62,70]},{"text":"PepsiIPL","indices":[71,80]}],"symbols":[],"user_mentions":[{"screen_name":"DavidMillerSA12","name":"David Miller","id":239411196,"id_str":"239411196","indices":[6,22]}],"urls":[]},"favorited":false,"retweeted":false,"lang":"en"},"message":{"text":"<blockquote class=\"twitter-tweet\" data-partner=\"tweetdeck\">\n<p>C'mon <a href=\"https://twitter.com/DavidMillerSA12\">@DavidMillerSA12</a> You can make it.. U're the last hope!! <a href=\"https://twitter.com/hashtag/KXIPvRR?src=hash\">#KXIPvRR</a> <a href=\"https://twitter.com/hashtag/PepsiIPL?src=hash\">#PepsiIPL</a></p>\n&mdash; Bibul kumar (@bibulkumar) <a href=\"https://twitter.com/bibulkumar/status/586580005469061120\">April 10, 2015</a></blockquote>\n<script charset=\"utf-8\" type=\"text/javascript\" src=\"http://platform.twitter.com/widgets.js\"></script>"},"tags":[],"timestamp":1428686574000,"id":1155428,"time":"17:22","updateTime":1428686574321,"sequence":325.0,"type":"Manual"},{"mediaId":"4165515183001","endpointUrlHq1":"http://brightcove.vo.llnwd.net/v1/uds/pd/3588749423001/201504/3944/3588749423001_4165593744001_KXIP-4TH-WKT.mp4","endpointUrlHq2":"http://brightcove.vo.llnwd.net/v1/uds/pd/3588749423001/201504/2944/3588749423001_4165593733001_KXIP-4TH-WKT.mp4","endpointUrlAlt":"http://c.brightcove.com/services/mobile/streaming/index/rendition.m3u8?assetId=4165593729001","title":"M3: KXIP vs RR – Murali Vijay Wicket","largeThumbnail":"http://brightcove.vo.llnwd.net/v1/unsecured/media/3588749423001/201504/880/3588749423001_4165503707001_video-still-for-video-4165515183001.jpg?pubId=3588749423001","duration":27330,"endpointUrl":"http://brightcove.vo.llnwd.net/v1/uds/pd/3588749423001/201504/1760/3588749423001_4165590845001_KXIP-4TH-WKT.mp4","smallThumbnail":"http://brightcove.vo.llnwd.net/v1/unsecured/media/3588749423001/201504/1880/3588749423001_4165503706001_thumbnail-for-video-4165515183001.jpg?pubId=3588749423001","description":"M3: KXIP vs RR – Murali Vijay Wicket","endpointUrlMq":"http://brightcove.vo.llnwd.net/v1/uds/pd/3588749423001/201504/3944/3588749423001_4165593728001_KXIP-4TH-WKT.mp4","endpointUrlHq3":"http://brightcove.vo.llnwd.net/v1/uds/pd/3588749423001/201504/944/3588749423001_4165593735001_KXIP-4TH-WKT.mp4","publishDate":1428685657456,"message":{"text":null},"tags":["account:iplt20","match:ipl2015-03","2015","over 9","ipl2015","playerid 7","ipl2015-03","IPL 2015","innings 2","kxip","rr","ball 4","wicket","channel:ipl-match-centre"],"timestamp":1428686595000,"id":1155429,"time":"17:23","updateTime":1428686595581,"sequence":326.0,"type":"Video"},{"bbcode":"D Kulkarni to D Miller, [b]WICKET!!! D Miller is out[/b] c James Faulkner b Dhawal Kulkarni","thisOver":"W","progress":{"innings":2,"over":14,"ball":1},"speed":36.9244523915959,"subtype":"BBCode","countingProgress":{"innings":2,"over":13,"ball":1},"bowlerId":101,"nonfacingBatsmanId":1113,"facingBatsmanId":187,"autoText":"D Kulkarni to D Miller, <b>WICKET!!! D Miller is out</b> c James Faulkner b Dhawal Kulkarni","message":{"text":null},"tags":["wicket"],"timestamp":1428686721000,"id":1155430,"time":"17:24","updateTime":1428686682866,"sequence":327.0,"type":"Auto"},{"bbcode":"[b]Wicket![/b] The timeout strikes! Huge leading edge from Miller and Faulkner sprints round from third man to take it!","subtype":"BBCode","message":{"text":"<p><strong>Wicket!</strong> The timeout strikes! Huge leading edge from Miller and Faulkner sprints round from third man to take it!</p>"},"tags":[],"timestamp":1428686721000,"id":1155431,"time":"17:25","updateTime":1428686721758,"sequence":328.0,"type":"Manual"},{"bbcode":"D Kulkarni to A Patel, %SPEED% good length outside off stump. He hits a nice boundary","thisOver":"4","progress":{"innings":2,"over":14,"ball":2},"speed":37.1032632990612,"subtype":"BBCode","countingProgress":{"innings":2,"over":13,"ball":2},"bowlerId":101,"nonfacingBatsmanId":19,"facingBatsmanId":1113,"autoText":"D Kulkarni to A Patel, %SPEED% good length outside off stump. He hits a nice boundary","message":{"text":null},"tags":["four"],"timestamp":1428686845000,"id":1155432,"time":"17:26","updateTime":1428686773555,"sequence":329.0,"type":"Auto"},{"bbcode":"Four! Width on offer from Kulkarni and Axar finds the boundary on the cut!","subtype":"BBCode","message":{"text":"<p>Four! Width on offer from Kulkarni and Axar finds the boundary on the cut!</p>"},"tags":[],"timestamp":1428686809000,"id":1155433,"time":"17:26","updateTime":1428686793111,"sequence":330.0,"type":"Manual"},{"bbcode":"D Kulkarni to A Patel, %SPEED% short length on middle stump. He picks up a single","thisOver":"1","progress":{"innings":2,"over":14,"ball":3},"speed":38.2545300914484,"subtype":"BBCode","countingProgress":{"innings":2,"over":13,"ball":3},"bowlerId":101,"nonfacingBatsmanId":19,"facingBatsmanId":1113,"autoText":"D Kulkarni to A Patel, %SPEED% short length on middle stump. He picks up a single","message":{"text":null},"tags":[],"timestamp":1428686902000,"id":1155434,"time":"17:26","updateTime":1428686809075,"sequence":331.0,"type":"Auto"},{"bbcode":"D Kulkarni to G Bailey, no run, %SPEED% short length on off stump. He doesn't offer a shot","thisOver":".","progress":{"innings":2,"over":14,"ball":4},"speed":38.0184901051506,"subtype":"BBCode","countingProgress":{"innings":2,"over":13,"ball":4},"bowlerId":101,"nonfacingBatsmanId":1113,"facingBatsmanId":19,"autoText":"D Kulkarni to G Bailey, no run, %SPEED% short length on off stump. He doesn't offer a shot","message":{"text":null},"tags":[],"timestamp":1428686902000,"id":1155435,"time":"17:27","updateTime":1428686848735,"sequence":332.0,"type":"Auto"},{"bbcode":"D Kulkarni to G Bailey, %SPEED% short length outside off stump. He hits a nice boundary","thisOver":"4","progress":{"innings":2,"over":14,"ball":5},"speed":37.1926687527939,"subtype":"BBCode","countingProgress":{"innings":2,"over":13,"ball":5},"bowlerId":101,"nonfacingBatsmanId":1113,"facingBatsmanId":19,"autoText":"D Kulkarni to G Bailey, %SPEED% short length outside off stump. He hits a nice boundary","message":{"text":null},"tags":["four"],"timestamp":1428686953000,"id":1155436,"time":"17:28","updateTime":1428686885725,"sequence":333.0,"type":"Auto"},{"bbcode":"Four! Short and Bailey slaps it over mid-wicket to get off the mark with a boundary!","subtype":"BBCode","message":{"text":"<p>Four! Short and Bailey slaps it over mid-wicket to get off the mark with a boundary!</p>"},"tags":[],"timestamp":1428686910000,"id":1155437,"time":"17:28","updateTime":1428686910336,"sequence":334.0,"type":"Manual"},{"bbcode":"D Kulkarni to G Bailey, no run, %SPEED% short length just outside off stump. He doesn't offer a shot","thisOver":".","progress":{"innings":2,"over":14,"ball":6},"speed":37.863209655789,"subtype":"BBCode","countingProgress":{"innings":2,"over":13,"ball":6},"bowlerId":101,"nonfacingBatsmanId":1113,"facingBatsmanId":19,"autoText":"D Kulkarni to G Bailey, no run, %SPEED% short length just outside off stump. He doesn't offer a shot","message":{"text":null},"tags":[],"timestamp":1428686953000,"id":1155438,"time":"17:28","updateTime":1428686924194,"sequence":335.0,"type":"Auto"},{"innings":2,"over":14,"overRuns":9,"overWickets":1,"inningsRuns":101,"inningsWickets":5,"inningsAllOut":false,"team":{"id":4,"fullName":"Kings XI Punjab","shortName":"Kings XI","abbreviation":"KXIP","primaryColor":"DA1F3D","secondaryColor":"FFFFFF","type":"m"},"batsmanSummaries":[{"batsman":{"id":19,"fullName":"George Bailey","shortName":"G Bailey","nationality":"Australian","rightHandedBat":false,"dateOfBirth":400204800000,"names":["George Bailey","G Bailey"]},"runs":4,"balls":3,"fours":1,"sixes":0},{"batsman":{"id":1113,"fullName":"Axar Patel","shortName":"A Patel","nationality":"Indian","rightHandedBat":false,"dateOfBirth":759024000000,"names":["Axar Patel","A Patel"]},"runs":18,"balls":18,"fours":2,"sixes":0}],"activeBatsman":1113,"bowlerSummary":{"bowler":{"id":101,"fullName":"Dhawal Kulkarni","shortName":"D Kulkarni","nationality":"Indian","rightHandedBat":true,"dateOfBirth":597715200000,"names":["Dhawal Kulkarni","D Kulkarni"]},"overs":"3","runs":21,"wickets":1,"maidens":0},"inningsBalls":84,"inningsMaxBalls":120,"inningsTarget":163,"message":{"text":null},"tags":[],"timestamp":1428686924000,"id":1155439,"time":"17:28","updateTime":1428686924355,"sequence":336.0,"type":"Eov"},{"bbcode":"P Tambe to A Patel, no run, %SPEED% full length on middle stump. He doesn't offer a shot","thisOver":".","progress":{"innings":2,"over":15,"ball":1},"speed":24.6027029167659,"subtype":"BBCode","countingProgress":{"innings":2,"over":14,"ball":1},"bowlerId":1114,"nonfacingBatsmanId":19,"facingBatsmanId":1113,"autoText":"P Tambe to A Patel, no run, %SPEED% full length on middle stump. He doesn't offer a shot","message":{"text":null},"tags":[],"timestamp":1428687057000,"id":1155441,"time":"17:29","updateTime":1428686978322,"sequence":337.0,"type":"Auto"},{"bbcode":"P Tambe to A Patel, %SPEED% good length just outside off stump. He plays and misses","thisOver":"1","progress":{"innings":2,"over":15,"ball":2},"speed":29.8235922611797,"subtype":"BBCode","countingProgress":{"innings":2,"over":14,"ball":2},"bowlerId":1114,"nonfacingBatsmanId":19,"facingBatsmanId":1113,"autoText":"P Tambe to A Patel, %SPEED% good length just outside off stump. He plays and misses","message":{"text":null},"tags":[],"timestamp":1428687093000,"id":1155442,"time":"17:29","updateTime":1428686994947,"sequence":338.0,"type":"Auto"},{"bbcode":"P Tambe to G Bailey, %SPEED% good length outside off stump. He picks up a single","thisOver":"1","progress":{"innings":2,"over":15,"ball":3},"speed":28.9966086708282,"subtype":"BBCode","countingProgress":{"innings":2,"over":14,"ball":3},"bowlerId":1114,"nonfacingBatsmanId":1113,"facingBatsmanId":19,"autoText":"P Tambe to G Bailey, %SPEED% good length outside off stump. He picks up a single","message":{"text":null},"tags":[],"timestamp":1428687093000,"id":1155445,"time":"17:30","updateTime":1428687032491,"sequence":339.0,"type":"Auto"},{"bbcode":"P Tambe to A Patel, %SPEED% full length just outside off stump. He picks up a single","thisOver":"1","progress":{"innings":2,"over":15,"ball":4},"speed":25.6181255072163,"subtype":"BBCode","countingProgress":{"innings":2,"over":14,"ball":4},"bowlerId":1114,"nonfacingBatsmanId":19,"facingBatsmanId":1113,"autoText":"P Tambe to A Patel, %SPEED% full length just outside off stump. He picks up a single","message":{"text":null},"tags":[],"timestamp":1428687142000,"id":1155446,"time":"17:30","updateTime":1428687056154,"sequence":340.0,"type":"Auto"},{"bbcode":"P Tambe to G Bailey, no run, %SPEED% full length just outside off stump. He doesn't offer a shot","thisOver":".","progress":{"innings":2,"over":15,"ball":5},"speed":25.0907971409654,"subtype":"BBCode","countingProgress":{"innings":2,"over":14,"ball":5},"bowlerId":1114,"nonfacingBatsmanId":1113,"facingBatsmanId":19,"autoText":"P Tambe to G Bailey, no run, %SPEED% full length just outside off stump. He doesn't offer a shot","message":{"text":null},"tags":[],"timestamp":1428687142000,"id":1155447,"time":"17:31","updateTime":1428687077507,"sequence":341.0,"type":"Auto"},{"bbcode":"P Tambe to G Bailey, no run, %SPEED% good length on off stump. He doesn't offer a shot","thisOver":".","progress":{"innings":2,"over":15,"ball":6},"speed":29.5425049678183,"subtype":"BBCode","countingProgress":{"innings":2,"over":14,"ball":6},"bowlerId":1114,"nonfacingBatsmanId":1113,"facingBatsmanId":19,"autoText":"P Tambe to G Bailey, no run, %SPEED% good length on off stump. He doesn't offer a shot","message":{"text":null},"tags":[],"timestamp":1428687142000,"id":1155448,"time":"17:31","updateTime":1428687096535,"sequence":342.0,"type":"Auto"},{"innings":2,"over":15,"overRuns":3,"overWickets":0,"inningsRuns":104,"inningsWickets":5,"inningsAllOut":false,"team":{"id":4,"fullName":"Kings XI Punjab","shortName":"Kings XI","abbreviation":"KXIP","primaryColor":"DA1F3D","secondaryColor":"FFFFFF","type":"m"},"batsmanSummaries":[{"batsman":{"id":19,"fullName":"George Bailey","shortName":"G Bailey","nationality":"Australian","rightHandedBat":false,"dateOfBirth":400204800000,"names":["George Bailey","G Bailey"]},"runs":5,"balls":6,"fours":1,"sixes":0},{"batsman":{"id":1113,"fullName":"Axar Patel","shortName":"A Patel","nationality":"Indian","rightHandedBat":false,"dateOfBirth":759024000000,"names":["Axar Patel","A Patel"]},"runs":20,"balls":21,"fours":2,"sixes":0}],"activeBatsman":1113,"bowlerSummary":{"bowler":{"id":1114,"fullName":"Pravin Tambe","shortName":"P Tambe","nationality":"Indian","rightHandedBat":true,"dateOfBirth":55728000000,"names":["Pravin Tambe","P Tambe"]},"overs":"3","runs":15,"wickets":0,"maidens":0},"inningsBalls":90,"inningsMaxBalls":120,"inningsTarget":163,"message":{"text":null},"tags":[],"timestamp":1428687096000,"id":1155449,"time":"17:31","updateTime":1428687096745,"sequence":343.0,"type":"Eov"},{"bbcode":"Brilliant over from Tambe which goes for just 3. Req RR up to nearly 12 now","subtype":"BBCode","message":{"text":"<p>Brilliant over from Tambe which goes for just 3. Req RR up to nearly 12 now</p>"},"tags":[],"timestamp":1428687121000,"id":1155450,"time":"17:32","updateTime":1428687121234,"sequence":344.0,"type":"Manual"},{"bbcode":"J Faulkner to A Patel, no run, %SPEED% short length just outside off stump. He doesn't offer a shot","thisOver":".","progress":{"innings":2,"over":16,"ball":1},"speed":37.1420958569504,"subtype":"BBCode","countingProgress":{"innings":2,"over":15,"ball":1},"bowlerId":193,"nonfacingBatsmanId":19,"facingBatsmanId":1113,"autoText":"J Faulkner to A Patel, no run, %SPEED% short length just outside off stump. He doesn't offer a shot","message":{"text":null},"tags":[],"timestamp":1428687203000,"id":1155451,"time":"17:32","updateTime":1428687150260,"sequence":345.0,"type":"Auto"},{"bbcode":"J Faulkner to A Patel, %SPEED% short length just outside off stump. He picks up a single","thisOver":"1","progress":{"innings":2,"over":16,"ball":2},"speed":30.4078662027842,"subtype":"BBCode","countingProgress":{"innings":2,"over":15,"ball":2},"bowlerId":193,"nonfacingBatsmanId":19,"facingBatsmanId":1113,"autoText":"J Faulkner to A Patel, %SPEED% short length just outside off stump. He picks up a single","message":{"text":null},"tags":[],"timestamp":1428687254000,"id":1155452,"time":"17:32","updateTime":1428687174795,"sequence":346.0,"type":"Auto"},{"bbcode":"J Faulkner to G Bailey, %SPEED% short length on leg stump. He picks up two","thisOver":"2","progress":{"innings":2,"over":16,"ball":3},"speed":37.9079123826553,"subtype":"BBCode","countingProgress":{"innings":2,"over":15,"ball":3},"bowlerId":193,"nonfacingBatsmanId":1113,"facingBatsmanId":19,"autoText":"J Faulkner to G Bailey, %SPEED% short length on leg stump. He picks up two","message":{"text":null},"tags":[],"timestamp":1428687254000,"id":1155453,"time":"17:33","updateTime":1428687222324,"sequence":347.0,"type":"Auto"},{"bbcode":"J Faulkner to G Bailey, %SPEED% short length going down leg. He picks up a single","thisOver":"1","progress":{"innings":2,"over":16,"ball":4},"speed":39.9544132404373,"subtype":"BBCode","countingProgress":{"innings":2,"over":15,"ball":4},"bowlerId":193,"nonfacingBatsmanId":1113,"facingBatsmanId":19,"autoText":"J Faulkner to G Bailey, %SPEED% short length going down leg. He picks up a single","message":{"text":null},"tags":[],"timestamp":1428687305000,"id":1155454,"time":"17:34","updateTime":1428687256258,"sequence":348.0,"type":"Auto"},{"bbcode":"J Faulkner to A Patel, %SPEED% short length outside off stump. He plays and misses","thisOver":"1","progress":{"innings":2,"over":16,"ball":5},"speed":30.8889262895311,"subtype":"BBCode","countingProgress":{"innings":2,"over":15,"ball":5},"bowlerId":193,"nonfacingBatsmanId":19,"facingBatsmanId":1113,"autoText":"J Faulkner to A Patel, %SPEED% short length outside off stump. He plays and misses","message":{"text":null},"tags":[],"timestamp":1428687379000,"id":1155455,"time":"17:35","updateTime":1428687311298,"sequence":349.0,"type":"Auto"},{"bbcode":"J Faulkner to G Bailey, %SPEED% good length going down leg. He hits a nice boundary backward of square on the leg side","thisOver":"4","progress":{"innings":2,"over":16,"ball":6},"speed":36.9691551184622,"subtype":"BBCode","countingProgress":{"innings":2,"over":15,"ball":6},"bowlerId":193,"nonfacingBatsmanId":1113,"facingBatsmanId":19,"autoText":"J Faulkner to G Bailey, %SPEED% good length going down leg. He hits a nice boundary backward of square on the leg side","message":{"text":null},"tags":["four"],"timestamp":1428687350000,"id":1155457,"time":"17:35","updateTime":1428687345052,"sequence":349.5,"type":"Auto"},{"bbcode":"Four! Inside edge from Bailey and it squeezes past Samson for four!","subtype":"BBCode","message":{"text":"<p>Four! Inside edge from Bailey and it squeezes past Samson for four!</p>"},"tags":[],"timestamp":1428687389000,"id":1155461,"time":"17:35","updateTime":1428687355166,"sequence":349.625,"type":"Manual"},{"innings":2,"over":16,"overRuns":9,"overWickets":0,"inningsRuns":113,"inningsWickets":5,"inningsAllOut":false,"team":{"id":4,"fullName":"Kings XI Punjab","shortName":"Kings XI","abbreviation":"KXIP","primaryColor":"DA1F3D","secondaryColor":"FFFFFF","type":"m"},"batsmanSummaries":[{"batsman":{"id":19,"fullName":"George Bailey","shortName":"G Bailey","nationality":"Australian","rightHandedBat":false,"dateOfBirth":400204800000,"names":["George Bailey","G Bailey"]},"runs":12,"balls":9,"fours":2,"sixes":0},{"batsman":{"id":1113,"fullName":"Axar Patel","shortName":"A Patel","nationality":"Indian","rightHandedBat":false,"dateOfBirth":759024000000,"names":["Axar Patel","A Patel"]},"runs":22,"balls":24,"fours":2,"sixes":0}],"activeBatsman":1113,"bowlerSummary":{"bowler":{"id":193,"fullName":"James Faulkner","shortName":"J Faulkner","nationality":"Australian","rightHandedBat":false,"dateOfBirth":641347200000,"names":["James Faulkner","J Faulkner"]},"overs":"3","runs":18,"wickets":1,"maidens":0},"inningsBalls":96,"inningsMaxBalls":120,"inningsTarget":163,"message":{"text":null},"tags":[],"timestamp":1428687351000,"id":1155458,"time":"17:35","updateTime":1428687345171,"sequence":349.75,"type":"Eov"}]}