{"squadId":465,"totalVotes":2150,"players":[{"id":193,"voteCount":2066,"fullName":"James Faulkner","shortName":"J Faulkner"},{"id":258,"voteCount":2043,"fullName":"Sanju Samson","shortName":"S Samson"},{"id":135,"voteCount":2028,"fullName":"Ajinkya Rahane","shortName":"A Rahane"},{"id":271,"voteCount":2023,"fullName":"Steve Smith","shortName":"S Smith"},{"id":148,"voteCount":1890,"fullName":"Stuart Binny","shortName":"S Binny"},{"id":227,"voteCount":1823,"fullName":"Shane Watson","shortName":"S Watson"},{"id":1114,"voteCount":1823,"fullName":"Pravin Tambe","shortName":"P Tambe"},{"id":307,"voteCount":1739,"fullName":"Tim Southee","shortName":"T Southee"},{"id":101,"voteCount":1582,"fullName":"Dhawal Kulkarni","shortName":"D Kulkarni"},{"id":92,"voteCount":1521,"fullName":"Rajat Bhatia","shortName":"R Bhatia"},{"id":276,"voteCount":1236,"fullName":"Karun Nair","shortName":"K Nair"},{"id":66,"voteCount":754,"fullName":"Abhishek Nayar","shortName":"A Nayar"},{"id":836,"voteCount":375,"fullName":"Chris Morris","shortName":"C Morris"},{"id":141,"voteCount":374,"fullName":"Dishant Yagnik","shortName":"D Yagnik"},{"id":2747,"voteCount":372,"fullName":"Sagar Trivedi","shortName":"SV Trivedi"},{"id":32,"voteCount":298,"fullName":"Ankit Sharma","shortName":"A Sharma"},{"id":82,"voteCount":227,"fullName":"Vikramjeet Malik","shortName":"V Malik"},{"id":798,"voteCount":217,"fullName":"Kane Richardson","shortName":"K Richardson"},{"id":1556,"voteCount":201,"fullName":"Deepak Hooda","shortName":"D Hooda"},{"id":2745,"voteCount":97,"fullName":"Pradeep Sahu","shortName":"P Sahu"},{"id":1749,"voteCount":78,"fullName":"Rahul Tewatia","shortName":"R Tewatia"},{"id":317,"voteCount":64,"fullName":"Dinesh Salunkhe","shortName":"D Salunkhe"},{"id":913,"voteCount":46,"fullName":"Ben Cutting","shortName":"B Cutting"},{"id":183,"voteCount":38,"fullName":"Juan Theron","shortName":"J Theron"},{"id":2746,"voteCount":35,"fullName":"Barinder Saran","shortName":"BS Saran"}]}