{"matchInfo":{"description":"Match 3","matchType":"IPLT20","teams":[{"id":3649,"players":[{"names":["Virender Sehwag","V Sehwag"],"dateOfBirth":277689600000,"id":45,"fullName":"Virender Sehwag","shortName":"V Sehwag","nationality":"Indian"},{"names":["Murali Vijay","M Vijay"],"dateOfBirth":449625600000,"id":7,"fullName":"Murali Vijay","shortName":"M Vijay","nationality":"Indian"},{"names":["Glenn Maxwell","G Maxwell"],"dateOfBirth":592790400000,"id":282,"fullName":"Glenn Maxwell","shortName":"G Maxwell","nationality":"Australian"},{"names":["David Miller","D Miller"],"dateOfBirth":613440000000,"id":187,"fullName":"David Miller","shortName":"D Miller","nationality":"South African"},{"names":["George Bailey","G Bailey"],"dateOfBirth":400204800000,"id":19,"fullName":"George Bailey","shortName":"G Bailey","nationality":"Australian"},{"names":["Wriddhiman Saha","W Saha"],"dateOfBirth":467424000000,"id":16,"fullName":"Wriddhiman Saha","shortName":"W Saha","nationality":"Indian"},{"names":["Mitchell Johnson","M Johnson"],"rightHandedBat":true,"dateOfBirth":373507200000,"id":213,"fullName":"Mitchell Johnson","shortName":"M Johnson","nationality":"Australian"},{"names":["Axar Patel","A Patel"],"dateOfBirth":759024000000,"id":1113,"fullName":"Axar Patel","shortName":"A Patel","nationality":"Indian"},{"names":["Anureet Singh","Anureet Singh"],"rightHandedBat":true,"dateOfBirth":383529600000,"id":412,"fullName":"Anureet Singh","shortName":"Anureet Singh","nationality":"Indian"},{"names":["Sandeep Sharma","Sandeep Sharma"],"rightHandedBat":true,"dateOfBirth":737683200000,"id":1112,"fullName":"Sandeep Sharma","shortName":"Sandeep Sharma","nationality":"Indian"},{"names":["Karanveer Singh","K Singh"],"rightHandedBat":true,"dateOfBirth":563328000000,"id":1743,"fullName":"Karanveer Singh","shortName":"K Singh","nationality":"Indian"}],"team":{"type":"m","fullName":"Kings XI Punjab","shortName":"Kings XI","abbreviation":"KXIP","primaryColor":"DA1F3D","secondaryColor":"FFFFFF","id":4},"wicketKeeper":{"names":["Wriddhiman Saha","W Saha"],"dateOfBirth":467424000000,"id":16,"fullName":"Wriddhiman Saha","shortName":"W Saha","nationality":"Indian"},"captain":{"names":["George Bailey","G Bailey"],"dateOfBirth":400204800000,"id":19,"fullName":"George Bailey","shortName":"G Bailey","nationality":"Australian"}},{"id":3648,"players":[{"names":["Ajinkya Rahane","A Rahane"],"dateOfBirth":581472000000,"id":135,"fullName":"Ajinkya Rahane","shortName":"A Rahane","nationality":"Indian"},{"names":["Sanju Samson","S Samson"],"dateOfBirth":784512000000,"id":258,"fullName":"Sanju Samson","shortName":"S Samson","nationality":"Indian"},{"names":["Steve Smith","S Smith"],"dateOfBirth":612748800000,"id":271,"fullName":"Steve Smith","shortName":"S Smith","nationality":"Australian"},{"names":["Karun Nair","K Nair"],"dateOfBirth":691977600000,"id":276,"fullName":"Karun Nair","shortName":"K Nair","nationality":"Indian"},{"names":["Deepak Hooda","D Hooda"],"rightHandedBat":true,"dateOfBirth":798249600000,"id":1556,"fullName":"Deepak Hooda","shortName":"D Hooda","nationality":"Indian"},{"names":["Stuart Binny","S Binny"],"dateOfBirth":455068800000,"id":148,"fullName":"Stuart Binny","shortName":"S Binny","nationality":"Indian"},{"names":["James Faulkner","J Faulkner"],"dateOfBirth":641347200000,"id":193,"fullName":"James Faulkner","shortName":"J Faulkner","nationality":"Australian"},{"names":["Chris Morris","C Morris"],"rightHandedBat":true,"dateOfBirth":546739200000,"id":836,"fullName":"Chris Morris","shortName":"C Morris","nationality":"South African"},{"names":["Tim Southee","T Southee"],"rightHandedBat":true,"dateOfBirth":597801600000,"id":307,"fullName":"Tim Southee","shortName":"T Southee","nationality":"New Zealander"},{"names":["Dhawal Kulkarni","D Kulkarni"],"rightHandedBat":true,"dateOfBirth":597715200000,"id":101,"fullName":"Dhawal Kulkarni","shortName":"D Kulkarni","nationality":"Indian"},{"names":["Pravin Tambe","P Tambe"],"rightHandedBat":true,"dateOfBirth":55728000000,"id":1114,"fullName":"Pravin Tambe","shortName":"P Tambe","nationality":"Indian"}],"team":{"type":"m","fullName":"Rajasthan Royals","shortName":"Royals","abbreviation":"RR","primaryColor":"004B8C","secondaryColor":"FFFFFF","id":8},"wicketKeeper":{"names":["Sanju Samson","S Samson"],"dateOfBirth":784512000000,"id":258,"fullName":"Sanju Samson","shortName":"S Samson","nationality":"Indian"},"captain":{"names":["Steve Smith","S Smith"],"dateOfBirth":612748800000,"id":271,"fullName":"Steve Smith","shortName":"S Smith","nationality":"Australian"}}],"venue":{"id":7,"country":"India","fullName":"MCA International Stadium","shortName":"MCA International Stadium","city":"Pune"},"matchDate":"2015-04-10T20:00:00+0530","battingOrder":[1,0],"additionalInfo":{"toss.elected":"Kings XI Punjab, who chose to field","match.video.id":"4165666167001","stats.link":"http://www.iplt20.com/news/2015/more-news/5856/quick-stats-m3-kxip-vs-rr","match.summary":"","photostream.link":"http://www.iplt20.com/photos/251/ipl-2015-match-3-kxip-v-rr","mom.video.id":"4165666204001","home.team.fan.total":"11763","notes.1.1":"Powerplay 1 - 35 runs, 3 wickets","away.team.fan.total":"10340 ","notes.1.2":"RR: 50 runs in 7.4 overs","umpire.name.3":"Krishnaraj Srinath","notes.1.3":"RR: 100 runs in 13.5 overs","umpire.name.4":"O Nandan","umpire.name.1":"Simon Fry","notes.1.4":"6th Wicket: 50 runs in 35 balls (Deepak Hooda 30, James Faulkner 17)","umpire.name.2":"Chris Gaffaney","notes.1.5":"RR: 150 runs in 18.4 overs","notes.1.6":"Innings Break: RR - 162/7 in 20 overs","highlights.link":"http://www.iplt20.com/videos/media/id/4165666167001/m3-kxip-vs-rr-match-highlights","result.playerofthematch":"James Faulkner","mom.video.thumb":"http://brightcove.vo.llnwd.net/v1/unsecured/media/3588749423001/201504/832/3588749423001_4165729445001_video-still-for-video-4165666204001.jpg?pubId=3588749423001","interview.link":"http://www.iplt20.com/news/2015/features/5862/see-the-ball-not-the-bowler-deepak-hooda","sixes.video.id":"4165666192001","interview.thumb":"http://static2.iplt20.com/cms/media/images/320x213/34783.jpg","referee.name":"Graeme La Brooy","match.video.thumb":"http://brightcove.vo.llnwd.net/v1/unsecured/media/3588749423001/201504/464/3588749423001_4165729399001_video-still-for-video-4165666167001.jpg?pubId=3588749423001","stats.thumb":"http://static2.iplt20.com/cms/media/images/320x213/34781.jpg","toss.winner":"Kings XI Punjab","sixes.video.thumb":"http://brightcove.vo.llnwd.net/v1/unsecured/media/3588749423001/201504/1464/3588749423001_4165729418001_video-still-for-video-4165666192001.jpg?pubId=3588749423001","notes.2.3":"Kings XI Punjab: 100 runs in 13.5 overs","report.thumb":"http://static2.iplt20.com/cms/media/images/320x213/34765.jpg","notes.2.1":"Powerplay 1 - 51 runs, 3 wickets","report.link":"http://www.iplt20.com/news/2015/match-reports/5841/report-m3-kxip-vs-rr","notes.2.2":"KXIP: 50 runs in 5.4 overs"},"oversLimit":20,"matchState":"C","isLimitedOvers":true,"matchStatus":{"text":"Rajasthan Royals won by 26 runs","outcome":"B"},"matchSummary":"","tournamentLabel":"IPL 2015"},"matchId":{"tournamentId":{"name":"ipl2015","id":2785},"name":"ipl2015-03","id":3228,"parentId":{"name":"ipl2015","id":2785}},"innings":[{"inningsNumber":1,"scorecard":{"runs":162,"extras":{"wideRuns":12,"legByeRuns":9},"battingStats":[{"mod":{"text":"c Axar Patel b Anureet Singh","dismissedBp":{"over":2,"innings":1,"ball":3},"countingBp":{"over":2,"innings":1,"ball":3},"bowlerId":412,"additionalPlayerIds":[1113],"dismissedMethod":"ct"},"playerId":135,"r":0,"b":8,"sr":"0.00","4s":0,"6s":0},{"mod":{"text":"lbw Sandeep Sharma","dismissedBp":{"over":3,"innings":1,"ball":5},"countingBp":{"over":3,"innings":1,"ball":5},"bowlerId":1112,"dismissedMethod":"lbw"},"playerId":258,"r":5,"b":6,"sr":"83.33","4s":0,"6s":0},{"mod":{"text":"c Karanveer Singh b Mitchell Johnson","dismissedBp":{"over":11,"innings":1,"ball":2},"countingBp":{"over":11,"innings":1,"ball":1},"bowlerId":213,"additionalPlayerIds":[1743],"dismissedMethod":"ct"},"playerId":271,"r":33,"b":23,"sr":"143.47","4s":5,"6s":0},{"mod":{"text":"b Axar Patel","dismissedBp":{"over":6,"innings":1,"ball":6},"countingBp":{"over":6,"innings":1,"ball":6},"bowlerId":1113,"dismissedMethod":"b"},"playerId":276,"r":8,"b":11,"sr":"72.72","4s":0,"6s":1},{"mod":{"text":"c Wriddhiman Saha b Mitchell Johnson","dismissedBp":{"over":11,"innings":1,"ball":6},"countingBp":{"over":11,"innings":1,"ball":4},"bowlerId":213,"additionalPlayerIds":[16],"dismissedMethod":"ct"},"playerId":148,"r":13,"b":16,"sr":"81.25","4s":2,"6s":0},{"mod":{"text":"b Anureet Singh","dismissedBp":{"over":17,"innings":1,"ball":4},"countingBp":{"over":17,"innings":1,"ball":4},"bowlerId":412,"dismissedMethod":"b"},"playerId":1556,"r":30,"b":15,"sr":"200.00","4s":1,"6s":3},{"mod":{"text":"c David Miller b Anureet Singh","dismissedBp":{"over":20,"innings":1,"ball":3},"countingBp":{"over":20,"innings":1,"ball":3},"bowlerId":412,"additionalPlayerIds":[187],"dismissedMethod":"ct"},"playerId":193,"r":46,"b":33,"sr":"139.39","4s":2,"6s":3},{"playerId":836,"r":6,"b":8,"sr":"75.00","4s":0,"6s":0},{"playerId":307,"r":0,"b":0,"4s":0,"6s":0}],"bowlingStats":[{"playerId":1112,"r":19,"w":1,"ov":"4","e":"4.75","nb":0,"d":11,"maid":1,"wd":1},{"playerId":412,"r":23,"w":3,"ov":"4","e":"5.75","nb":0,"d":12,"maid":0,"wd":0},{"playerId":1113,"r":34,"w":1,"ov":"4","e":"8.50","nb":0,"d":8,"maid":0,"wd":2},{"playerId":1743,"r":43,"w":0,"ov":"4","e":"10.75","nb":0,"d":4,"maid":0,"wd":0},{"playerId":213,"r":34,"w":2,"ov":"4","e":"8.50","nb":0,"d":14,"maid":0,"wd":5}],"wkts":7,"fow":[{"bp":{"over":2,"innings":1,"ball":3},"playerId":135,"r":5,"w":1},{"bp":{"over":3,"innings":1,"ball":5},"playerId":258,"r":14,"w":2},{"bp":{"over":6,"innings":1,"ball":6},"playerId":276,"r":35,"w":3},{"bp":{"over":11,"innings":1,"ball":1},"playerId":271,"r":74,"w":4},{"bp":{"over":11,"innings":1,"ball":4},"playerId":148,"r":75,"w":5},{"bp":{"over":17,"innings":1,"ball":4},"playerId":1556,"r":126,"w":6},{"bp":{"over":20,"innings":1,"ball":3},"playerId":193,"r":160,"w":7}]},"overProgress":"20","runRate":"8.10","overHistory":[{"ovNo":1,"ovBalls":["4Lb",".",".",".",".","."]},{"ovNo":2,"ovBalls":["1",".","W",".","3","."]},{"ovNo":3,"ovBalls":[".","1","4","1","W","1Lb"]},{"ovNo":4,"ovBalls":[".",".",".","1","1","."]},{"ovNo":5,"ovBalls":["1",".","1",".","1","."]},{"ovNo":6,"ovBalls":["4","4",".","1","6","W"]},{"ovNo":7,"ovBalls":["1",".","1","2","1","1Wd","4"]},{"ovNo":8,"ovBalls":["1","1",".","4","1","1"]},{"ovNo":9,"ovBalls":[".","5Wd","2Lb",".",".","1Lb","."]},{"ovNo":10,"ovBalls":["4","1","4","1","1","1"]},{"ovNo":11,"ovBalls":["1Wd","W",".","1Wd",".","W",".","1"]},{"ovNo":12,"ovBalls":["2","2","1","1","1","."]},{"ovNo":13,"ovBalls":[".",".","1Wd","2","1","1","."]},{"ovNo":14,"ovBalls":["2","6",".",".","6","2"]},{"ovNo":15,"ovBalls":["1Wd",".",".",".","4","1Wd",".","."]},{"ovNo":16,"ovBalls":["1",".","1Wd","1","1","1","."]},{"ovNo":17,"ovBalls":["1","6","4","W","1","1"]},{"ovNo":18,"ovBalls":["1","1","1","1Lb",".","6"]},{"ovNo":19,"ovBalls":["1","2","6","4","6","1"]},{"ovNo":20,"ovBalls":["1","1","W",".",".","2"]}]},{"inningsNumber":2,"scorecard":{"runs":136,"extras":{"wideRuns":7,"legByeRuns":2},"battingStats":[{"mod":{"text":"c Sanju Samson b Tim Southee","dismissedBp":{"over":1,"innings":2,"ball":1},"countingBp":{"over":1,"innings":2,"ball":1},"bowlerId":307,"additionalPlayerIds":[258],"dismissedMethod":"ct"},"playerId":45,"r":0,"b":1,"sr":"0.00","4s":0,"6s":0},{"mod":{"text":"run out (Sanju Samson)","dismissedBp":{"over":9,"innings":2,"ball":5},"countingBp":{"over":9,"innings":2,"ball":4},"bowlerId":148,"additionalPlayerIds":[258],"dismissedMethod":"ro"},"playerId":7,"r":37,"b":32,"sr":"115.62","4s":4,"6s":1},{"mod":{"text":"run out (Sanju Samson)","dismissedBp":{"over":3,"innings":2,"ball":6},"countingBp":{"over":3,"innings":2,"ball":6},"bowlerId":307,"additionalPlayerIds":[258],"dismissedMethod":"ro"},"playerId":16,"r":7,"b":4,"sr":"175.00","4s":1,"6s":0},{"mod":{"text":"c Tim Southee b James Faulkner","dismissedBp":{"over":5,"innings":2,"ball":6},"countingBp":{"over":5,"innings":2,"ball":6},"bowlerId":193,"additionalPlayerIds":[307],"dismissedMethod":"ct"},"playerId":282,"r":7,"b":5,"sr":"140.00","4s":1,"6s":0},{"mod":{"text":"b Tim Southee","dismissedBp":{"over":18,"innings":2,"ball":5},"countingBp":{"over":18,"innings":2,"ball":3},"bowlerId":307,"dismissedMethod":"b"},"playerId":1113,"r":24,"b":28,"sr":"85.71","4s":2,"6s":0},{"mod":{"text":"c James Faulkner b Dhawal Kulkarni","dismissedBp":{"over":14,"innings":2,"ball":1},"countingBp":{"over":14,"innings":2,"ball":1},"bowlerId":101,"additionalPlayerIds":[193],"dismissedMethod":"ct"},"playerId":187,"r":23,"b":21,"sr":"109.52","4s":3,"6s":1},{"mod":{"text":"c Karun Nair b James Faulkner","dismissedBp":{"over":19,"innings":2,"ball":6},"countingBp":{"over":19,"innings":2,"ball":6},"bowlerId":193,"additionalPlayerIds":[276],"dismissedMethod":"ct"},"playerId":19,"r":24,"b":18,"sr":"133.33","4s":2,"6s":1},{"mod":{"text":"c Tim Southee b James Faulkner","dismissedBp":{"over":19,"innings":2,"ball":3},"countingBp":{"over":19,"innings":2,"ball":3},"bowlerId":193,"additionalPlayerIds":[307],"dismissedMethod":"ct"},"playerId":213,"r":0,"b":4,"sr":"0.00","4s":0,"6s":0},{"playerId":412,"r":0,"b":3,"sr":"0.00","4s":0,"6s":0},{"playerId":1743,"r":5,"b":4,"sr":"125.00","4s":1,"6s":0}],"bowlingStats":[{"playerId":307,"r":36,"w":2,"ov":"4","e":"9.00","nb":0,"d":12,"maid":0,"wd":3},{"playerId":836,"r":21,"w":0,"ov":"4","e":"5.25","nb":0,"d":14,"maid":0,"wd":1},{"playerId":101,"r":21,"w":1,"ov":"3","e":"7.00","nb":0,"d":10,"maid":0,"wd":1},{"playerId":193,"r":26,"w":3,"ov":"4","e":"6.50","nb":0,"d":10,"maid":0,"wd":0},{"playerId":1114,"r":15,"w":0,"ov":"3","e":"5.00","nb":0,"d":7,"maid":0,"wd":0},{"playerId":148,"r":15,"w":0,"ov":"2","e":"7.50","nb":0,"d":6,"maid":0,"wd":2}],"wkts":8,"fow":[{"bp":{"over":1,"innings":2,"ball":1},"playerId":45,"r":0,"w":1},{"bp":{"over":3,"innings":2,"ball":6},"playerId":16,"r":32,"w":2},{"bp":{"over":5,"innings":2,"ball":6},"playerId":282,"r":46,"w":3},{"bp":{"over":9,"innings":2,"ball":4},"playerId":7,"r":64,"w":4},{"bp":{"over":14,"innings":2,"ball":1},"playerId":187,"r":92,"w":5},{"bp":{"over":18,"innings":2,"ball":3},"playerId":1113,"r":122,"w":6},{"bp":{"over":19,"innings":2,"ball":3},"playerId":213,"r":129,"w":7},{"bp":{"over":19,"innings":2,"ball":6},"playerId":19,"r":131,"w":8}]},"overProgress":"20","runRate":"6.80","overHistory":[{"ovNo":1,"ovBalls":["W","3","1Wd","4",".","3","."]},{"ovNo":2,"ovBalls":[".","1Wd","2",".",".","6","1"]},{"ovNo":3,"ovBalls":["2","4",".","1","4","W"]},{"ovNo":4,"ovBalls":[".",".","1","4","1","1"]},{"ovNo":5,"ovBalls":[".","4","1","2",".","W"]},{"ovNo":6,"ovBalls":[".",".","1Wd",".","4",".","."]},{"ovNo":7,"ovBalls":[".",".",".","1",".","1"]},{"ovNo":8,"ovBalls":["1","2","4","1",".","."]},{"ovNo":9,"ovBalls":["1Wd",".","1","1","W",".","1Wd","."]},{"ovNo":10,"ovBalls":[".","1",".",".",".","."]},{"ovNo":11,"ovBalls":["1","4","4","2",".","."]},{"ovNo":12,"ovBalls":["1","1","1",".","1","."]},{"ovNo":13,"ovBalls":[".","4",".","6",".","1"]},{"ovNo":14,"ovBalls":["W","4","1",".","4","."]},{"ovNo":15,"ovBalls":[".","1","1","1",".","."]},{"ovNo":16,"ovBalls":[".","1","2","1","1","4"]},{"ovNo":17,"ovBalls":["1","2","1","1",".","."]},{"ovNo":18,"ovBalls":["1Lb","1Wd","1Wd","1","W",".",".","."]},{"ovNo":19,"ovBalls":["6","1","W","1","1Lb","W"]},{"ovNo":20,"ovBalls":[".","4",".","1",".","."]}]}],"currentState":{"phase":"C","facingBatsman":1743,"nonFacingBatsman":412,"currentInningsIndex":1,"currentPartnership":5,"currentBowler":-1,"currentBatsmen":[412,1743],"recentOvers":[{"ovNo":15,"ovBalls":[".","1","1","1",".","."]},{"ovNo":16,"ovBalls":[".","1","2","1","1","4"]},{"ovNo":17,"ovBalls":["1","2","1","1",".","."]},{"ovNo":18,"ovBalls":["1Lb","1Wd","1Wd","1","W",".",".","."]},{"ovNo":19,"ovBalls":["6","1","W","1","1Lb","W"]},{"ovNo":20,"ovBalls":[".","4",".","1",".","."]}]}}