{"squadId":464,"totalVotes":2539,"players":[{"id":84,"voteCount":2456,"fullName":"Gautam Gambhir","shortName":"G Gambhir"},{"id":127,"voteCount":2409,"fullName":"Robin Uthappa","shortName":"R Uthappa"},{"id":96,"voteCount":2378,"fullName":"Yusuf Pathan","shortName":"Y Pathan"},{"id":169,"voteCount":2360,"fullName":"Morne Morkel","shortName":"M Morkel"},{"id":123,"voteCount":2354,"fullName":"Manish Pandey","shortName":"M Pandey"},{"id":177,"voteCount":2332,"fullName":"Andre Russell","shortName":"A Russell"},{"id":59,"voteCount":2303,"fullName":"Umesh Yadav","shortName":"U Yadav"},{"id":76,"voteCount":2053,"fullName":"Piyush Chawla","shortName":"P Chawla"},{"id":108,"voteCount":1974,"fullName":"Suryakumar Yadav","shortName":"S Yadav"},{"id":203,"voteCount":1662,"fullName":"Sunil Narine","shortName":"S Narine"},{"id":200,"voteCount":990,"fullName":"Ryan ten Doeschate","shortName":"R ten Doeschate"},{"id":224,"voteCount":732,"fullName":"Johan Botha","shortName":"J Botha"},{"id":261,"voteCount":603,"fullName":"Kuldeep Yadav","shortName":"K Yadav"},{"id":201,"voteCount":569,"fullName":"Shakib Al Hasan","shortName":"S Al Hasan"},{"id":231,"voteCount":438,"fullName":"Brad Hogg","shortName":"B Hogg"},{"id":488,"voteCount":343,"fullName":"Pat Cummins","shortName":"P Cummins"},{"id":2743,"voteCount":338,"fullName":"KC Cariappa","shortName":"KC Cariappa"},{"id":194,"voteCount":279,"fullName":"Azhar Mahmood","shortName":"A Mahmood"},{"id":149,"voteCount":104,"fullName":"Sumit Narwal","shortName":"S Narwal"},{"id":250,"voteCount":101,"fullName":"Veer Pratap Singh","shortName":"VP Singh"},{"id":2742,"voteCount":101,"fullName":"Aditya Garhwal","shortName":"A Garhwal"},{"id":1116,"voteCount":79,"fullName":"Sheldon Jackson","shortName":"S Jackson"},{"id":2744,"voteCount":58,"fullName":"Vaibhav Rawal","shortName":"V Rawal"}]}