{"squadId":460,"totalVotes":3464,"players":[{"id":1,"voteCount":3287,"fullName":"MS Dhoni","shortName":"MS Dhoni"},{"id":202,"voteCount":3248,"fullName":"Brendon McCullum","shortName":"B McCullum"},{"id":14,"voteCount":3203,"fullName":"Suresh Raina","shortName":"S Raina"},{"id":25,"voteCount":3145,"fullName":"Dwayne Bravo","shortName":"DJ Bravo"},{"id":8,"voteCount":3121,"fullName":"Ravichandran Ashwin","shortName":"R Ashwin"},{"id":413,"voteCount":3093,"fullName":"Dwayne Smith","shortName":"DR Smith"},{"id":115,"voteCount":3067,"fullName":"Ashish Nehra","shortName":"A Nehra"},{"id":24,"voteCount":2948,"fullName":"Francois du Plessis","shortName":"F du Plessis"},{"id":9,"voteCount":2889,"fullName":"Ravindra Jadeja","shortName":"R Jadeja"},{"id":1107,"voteCount":2869,"fullName":"Mohit Sharma","shortName":"M Sharma"},{"id":1090,"voteCount":2465,"fullName":"Ishwar Pandey","shortName":"I Pandey"},{"id":49,"voteCount":1028,"fullName":"Irfan Pathan","shortName":"I Pathan"},{"id":20,"voteCount":317,"fullName":"Michael Hussey","shortName":"M Hussey"},{"id":126,"voteCount":297,"fullName":"Rahul Sharma","shortName":"R Sharma"},{"id":53,"voteCount":201,"fullName":"Pawan Negi","shortName":"P Negi"},{"id":1105,"voteCount":151,"fullName":"Kyle Abbott","shortName":"K Abbott"},{"id":1084,"voteCount":145,"fullName":"Baba Aparajith","shortName":"B Aparajith"},{"id":124,"voteCount":104,"fullName":"Mithun Manhas","shortName":"M Manhas"},{"id":1505,"voteCount":89,"fullName":"Matt Henry","shortName":"M Henry"},{"id":590,"voteCount":87,"fullName":"Samuel Badree","shortName":"S Badree"},{"id":2731,"voteCount":84,"fullName":"Pratyush Singh","shortName":"P Singh"},{"id":277,"voteCount":79,"fullName":"Ronit More","shortName":"R More"},{"id":1558,"voteCount":68,"fullName":"Ankush Bains","shortName":"A Bains"},{"id":118,"voteCount":49,"fullName":"Eklavya Dwivedi ","shortName":"E Dwivedi "},{"id":1480,"voteCount":37,"fullName":"Andrew Tye","shortName":"A Tye"}]}