{"matchInfo":{"description":"Match 28","matchType":"IPLT20","teams":[{"id":3711,"players":[{"names":["Brendon McCullum","B McCullum"],"dateOfBirth":370396800000,"id":202,"fullName":"Brendon McCullum","shortName":"B McCullum","nationality":"New Zealander"},{"names":["Dwayne Smith","DR Smith"],"dateOfBirth":418953600000,"id":413,"fullName":"Dwayne Smith","shortName":"DR Smith","nationality":"West Indian"},{"names":["Suresh Raina","S Raina"],"dateOfBirth":533433600000,"id":14,"fullName":"Suresh Raina","shortName":"S Raina","nationality":"Indian"},{"names":["Francois du Plessis","F du Plessis"],"dateOfBirth":458524800000,"id":24,"fullName":"Francois du Plessis","shortName":"F du Plessis","nationality":"South African"},{"names":["Dwayne Bravo","DJ Bravo"],"dateOfBirth":434332800000,"id":25,"fullName":"Dwayne Bravo","shortName":"DJ Bravo","nationality":"West Indian"},{"names":["Ravindra Jadeja","R Jadeja"],"dateOfBirth":597369600000,"id":9,"fullName":"Ravindra Jadeja","shortName":"R Jadeja","nationality":"Indian"},{"names":["MS Dhoni","MS Dhoni"],"dateOfBirth":363312000000,"id":1,"fullName":"MS Dhoni","shortName":"MS Dhoni","nationality":"Indian"},{"names":["Ravichandran Ashwin","R Ashwin"],"dateOfBirth":527299200000,"id":8,"fullName":"Ravichandran Ashwin","shortName":"R Ashwin","nationality":"Indian"},{"names":["Mohit Sharma","M Sharma"],"dateOfBirth":693100800000,"id":1107,"fullName":"Mohit Sharma","shortName":"M Sharma","nationality":"Indian"},{"names":["Ishwar Pandey","I Pandey"],"rightHandedBat":true,"dateOfBirth":619142400000,"id":1090,"fullName":"Ishwar Pandey","shortName":"I Pandey","nationality":"Indian"},{"names":["Ashish Nehra","A Nehra"],"dateOfBirth":294192000000,"id":115,"fullName":"Ashish Nehra","shortName":"A Nehra","nationality":"Indian"}],"team":{"type":"m","fullName":"Chennai Super Kings","shortName":"Super Kings","abbreviation":"CSK","primaryColor":"FDB913","secondaryColor":"FFFFFF","id":1},"wicketKeeper":{"names":["MS Dhoni","MS Dhoni"],"dateOfBirth":363312000000,"id":1,"fullName":"MS Dhoni","shortName":"MS Dhoni","nationality":"Indian"},"captain":{"names":["MS Dhoni","MS Dhoni"],"dateOfBirth":363312000000,"id":1,"fullName":"MS Dhoni","shortName":"MS Dhoni","nationality":"Indian"}},{"id":3710,"players":[{"names":["Robin Uthappa","R Uthappa"],"dateOfBirth":500515200000,"id":127,"fullName":"Robin Uthappa","shortName":"R Uthappa","nationality":"Indian"},{"names":["Gautam Gambhir","G Gambhir"],"dateOfBirth":371865600000,"id":84,"fullName":"Gautam Gambhir","shortName":"G Gambhir","nationality":"Indian"},{"names":["Manish Pandey","M Pandey"],"dateOfBirth":621388800000,"id":123,"fullName":"Manish Pandey","shortName":"M Pandey","nationality":"Indian"},{"names":["Suryakumar Yadav","S Yadav"],"rightHandedBat":true,"dateOfBirth":653270400000,"id":108,"fullName":"Suryakumar Yadav","shortName":"S Yadav","nationality":"Indian"},{"names":["Yusuf Pathan","Y Pathan"],"dateOfBirth":406339200000,"id":96,"fullName":"Yusuf Pathan","shortName":"Y Pathan","nationality":"Indian"},{"names":["Ryan ten Doeschate","R ten Doeschate"],"dateOfBirth":331171200000,"id":200,"fullName":"Ryan ten Doeschate","shortName":"R ten Doeschate","nationality":"Dutch"},{"names":["Andre Russell","A Russell"],"dateOfBirth":578275200000,"id":177,"fullName":"Andre Russell","shortName":"A Russell","nationality":"West Indian"},{"names":["Piyush Chawla","P Chawla"],"dateOfBirth":598924800000,"id":76,"fullName":"Piyush Chawla","shortName":"P Chawla","nationality":"Indian"},{"names":["Pat Cummins","P Cummins"],"rightHandedBat":true,"dateOfBirth":736819200000,"id":488,"fullName":"Pat Cummins","shortName":"P Cummins","nationality":"Australian"},{"names":["Brad Hogg","B Hogg"],"dateOfBirth":34646400000,"id":231,"fullName":"Brad Hogg","shortName":"B Hogg","nationality":"Australian"},{"names":["Umesh Yadav","U Yadav"],"dateOfBirth":562118400000,"id":59,"fullName":"Umesh Yadav","shortName":"U Yadav","nationality":"Indian"}],"team":{"type":"m","fullName":"Kolkata Knight Riders","shortName":"Knight Riders","abbreviation":"KKR","primaryColor":"6F2C91","secondaryColor":"FFFFFF","id":5},"wicketKeeper":{"names":["Robin Uthappa","R Uthappa"],"dateOfBirth":500515200000,"id":127,"fullName":"Robin Uthappa","shortName":"R Uthappa","nationality":"Indian"},"captain":{"names":["Gautam Gambhir","G Gambhir"],"dateOfBirth":371865600000,"id":84,"fullName":"Gautam Gambhir","shortName":"G Gambhir","nationality":"Indian"}}],"venue":{"id":1,"country":"India","fullName":"M. A. Chidambaram Stadium","shortName":"Chidambaram","city":"Chennai"},"matchDate":"2015-04-28T20:00:00+0530","battingOrder":[0,1],"additionalInfo":{"toss.elected":"Kolkata Knight Riders, who chose to field","match.video.id":"4202243892001","stats.link":"http://www.iplt20.com/news/2015/more-news/6378/quick-stats-m28-csk-vs-kkr","match.summary":"","photostream.link":"http://www.iplt20.com/photos/276/ipl-2015-match-28-csk-v-kkr","mom.video.id":"4202243905001","home.team.fan.total":"15503","notes.1.1":"Powerplay 1 - 53 runs, 1 wicket","away.team.fan.total":"18523","notes.1.2":"CSK: 50 runs in 5.4 overs","umpire.name.3":"Richard Illingworth","notes.1.3":"CSK: 100 runs in 15.1 overs","umpire.name.4":"Krishnamachari Bharatan","umpire.name.1":"Vineet Kulkarni","notes.1.4":"Innings Break: CSK - 134/6 in 20 overs","umpire.name.2":"Rajesh Deshpande","highlights.link":"http://www.iplt20.com/videos/media/id/4202243892001/m28-csk-vs-kkr-match-highlights","result.playerofthematch":"Dwayne Bravo","mom.video.thumb":"http://brightcove.vo.llnwd.net/v1/unsecured/media/3588749423001/201504/2057/3588749423001_4202409517001_video-still-for-video-4202243905001.jpg?pubId=3588749423001","interview.link":"http://www.iplt20.com/news/2015/features/6376/bravo-tells-of-msds-magic-in-stunning-win","sixes.video.id":"4201949559001","interview.thumb":"http://static2.iplt20.com/cms/media/images/320x213/38955.jpg","referee.name":"Javagal Srinath","match.video.thumb":"http://brightcove.vo.llnwd.net/v1/unsecured/media/3588749423001/201504/1625/3588749423001_4202248167001_video-still-for-video-4202243892001.jpg?pubId=3588749423001","stats.thumb":"http://static2.iplt20.com/cms/media/images/320x213/38956.jpg","toss.winner":"Kolkata Knight Riders","sixes.video.thumb":"http://brightcove.vo.llnwd.net/v1/unsecured/media/3588749423001/201504/2583/3588749423001_4202115997001_video-still-for-video-4201949559001.jpg?pubId=3588749423001","notes.2.3":"2nd Wicket: 50 runs in 28 balls (Robin Uthappa 38, Manish Pandey 12)","report.thumb":"http://static2.iplt20.com/cms/media/images/320x213/38921.jpg","notes.2.4":"KKR: 100 runs in 16.5 overs","notes.2.1":"Powerplay 1: Overs 0.1 - 6.0 (Mandatory - 54 runs, 2 wickets)","report.link":"http://www.iplt20.com/news/2015/match-reports/6368/report-m28-csk-vs-kkr","notes.2.2":"KKR: 50 runs in 4.6 overs"},"oversLimit":20,"matchState":"C","isLimitedOvers":true,"matchStatus":{"text":"Chennai Super Kings won by 2 runs","outcome":"A"},"matchSummary":"","tournamentLabel":"IPL 2015"},"matchId":{"tournamentId":{"name":"ipl2015","id":2785},"name":"ipl2015-28","id":3253,"parentId":{"name":"ipl2015","id":2785}},"innings":[{"inningsNumber":1,"scorecard":{"runs":134,"extras":{"wideRuns":9,"legByeRuns":3},"battingStats":[{"mod":{"text":"run out (Yusuf Pathan)","dismissedBp":{"over":9,"innings":1,"ball":4},"countingBp":{"over":9,"innings":1,"ball":4},"bowlerId":231,"additionalPlayerIds":[96],"dismissedMethod":"ro"},"playerId":413,"r":25,"b":19,"sr":"131.57","4s":3,"6s":1},{"mod":{"text":"lbw Piyush Chawla","dismissedBp":{"over":5,"innings":1,"ball":4},"countingBp":{"over":5,"innings":1,"ball":4},"bowlerId":76,"dismissedMethod":"lbw"},"playerId":202,"r":19,"b":14,"sr":"135.71","4s":3,"6s":1},{"mod":{"text":"c Robin Uthappa b Andre Russell","dismissedBp":{"over":10,"innings":1,"ball":4},"countingBp":{"over":10,"innings":1,"ball":3},"bowlerId":177,"additionalPlayerIds":[127],"dismissedMethod":"ct"},"playerId":14,"r":17,"b":21,"sr":"80.95","4s":2,"6s":1},{"playerId":24,"r":29,"b":29,"sr":"100.00","4s":1,"6s":0},{"mod":{"text":"c Robin Uthappa b Andre Russell","dismissedBp":{"over":12,"innings":1,"ball":3},"countingBp":{"over":12,"innings":1,"ball":3},"bowlerId":177,"additionalPlayerIds":[127],"dismissedMethod":"ct"},"playerId":1,"r":3,"b":6,"sr":"50.00","4s":0,"6s":0},{"mod":{"text":"c Suryakumar Yadav b Piyush Chawla","dismissedBp":{"over":13,"innings":1,"ball":6},"countingBp":{"over":13,"innings":1,"ball":6},"bowlerId":76,"additionalPlayerIds":[108],"dismissedMethod":"ct"},"playerId":25,"r":5,"b":7,"sr":"71.42","4s":1,"6s":0},{"mod":{"text":"b Brad Hogg","dismissedBp":{"over":19,"innings":1,"ball":5},"countingBp":{"over":19,"innings":1,"ball":5},"bowlerId":231,"dismissedMethod":"b"},"playerId":9,"r":15,"b":20,"sr":"75.00","4s":0,"6s":0},{"playerId":8,"r":9,"b":4,"sr":"225.00","4s":2,"6s":0}],"bowlingStats":[{"playerId":488,"r":25,"w":0,"ov":"4","e":"6.25","nb":0,"d":13,"maid":0,"wd":2},{"playerId":59,"r":36,"w":0,"ov":"4","e":"9.00","nb":0,"d":12,"maid":0,"wd":1},{"playerId":76,"r":26,"w":2,"ov":"4","e":"6.50","nb":0,"d":9,"maid":0,"wd":0},{"playerId":231,"r":18,"w":1,"ov":"4","e":"4.50","nb":0,"d":9,"maid":0,"wd":0},{"playerId":177,"r":26,"w":2,"ov":"4","e":"6.50","nb":0,"d":12,"maid":0,"wd":4}],"wkts":6,"fow":[{"bp":{"over":5,"innings":1,"ball":4},"playerId":202,"r":42,"w":1},{"bp":{"over":9,"innings":1,"ball":4},"playerId":413,"r":64,"w":2},{"bp":{"over":10,"innings":1,"ball":3},"playerId":14,"r":67,"w":3},{"bp":{"over":12,"innings":1,"ball":3},"playerId":1,"r":81,"w":4},{"bp":{"over":13,"innings":1,"ball":6},"playerId":25,"r":88,"w":5},{"bp":{"over":19,"innings":1,"ball":5},"playerId":9,"r":124,"w":6}]},"overProgress":"20","runRate":"6.70","overHistory":[{"ovNo":1,"ovBalls":[".",".","4",".",".","."]},{"ovNo":2,"ovBalls":["4",".","1Lb","1",".","1"]},{"ovNo":3,"ovBalls":[".",".","6","1Lb","1","4"]},{"ovNo":4,"ovBalls":["1Wd",".",".",".","6","4","4"]},{"ovNo":5,"ovBalls":[".","4",".","W",".","6"]},{"ovNo":6,"ovBalls":["1",".",".","4",".","."]},{"ovNo":7,"ovBalls":["1",".",".",".",".","1"]},{"ovNo":8,"ovBalls":["1","1",".",".",".","4"]},{"ovNo":9,"ovBalls":["1","1","1","W",".","1"]},{"ovNo":10,"ovBalls":["1",".","1Wd","W","1Lb","1Wd","1","3Wd","."]},{"ovNo":11,"ovBalls":["2","1","1",".","1","1"]},{"ovNo":12,"ovBalls":["1","1","W",".",".","4"]},{"ovNo":13,"ovBalls":["1","1","1",".",".","W"]},{"ovNo":14,"ovBalls":[".","2",".","1","1","."]},{"ovNo":15,"ovBalls":["1","1","2","1","2","."]},{"ovNo":16,"ovBalls":["2","1Wd","1",".","2",".","1"]},{"ovNo":17,"ovBalls":["1","4","1","1","1","1"]},{"ovNo":18,"ovBalls":[".","1","1","1","1Wd",".","1Wd","1"]},{"ovNo":19,"ovBalls":["1","1",".","1","W","."]},{"ovNo":20,"ovBalls":[".",".","1","4","4","1"]}]},{"inningsNumber":2,"scorecard":{"runs":132,"extras":{"wideRuns":3,"legByeRuns":2},"battingStats":[{"mod":{"text":"c Brendon McCullum b Ravichandran Ashwin","dismissedBp":{"over":6,"innings":2,"ball":1},"countingBp":{"over":6,"innings":2,"ball":1},"bowlerId":8,"additionalPlayerIds":[202],"dismissedMethod":"ct"},"playerId":127,"r":39,"b":17,"sr":"229.41","4s":6,"6s":1},{"mod":{"text":"c MS Dhoni b Ishwar Pandey","dismissedBp":{"over":1,"innings":2,"ball":2},"countingBp":{"over":1,"innings":2,"ball":2},"bowlerId":1090,"additionalPlayerIds":[1],"dismissedMethod":"ct"},"playerId":84,"r":0,"b":1,"sr":"0.00","4s":0,"6s":0},{"mod":{"text":"c Dwayne Bravo b Ravichandran Ashwin","dismissedBp":{"over":8,"innings":2,"ball":1},"countingBp":{"over":8,"innings":2,"ball":1},"bowlerId":8,"additionalPlayerIds":[25],"dismissedMethod":"ct"},"playerId":123,"r":15,"b":20,"sr":"75.00","4s":2,"6s":0},{"mod":{"text":"c Dwayne Bravo b Mohit Sharma","dismissedBp":{"over":13,"innings":2,"ball":2},"countingBp":{"over":13,"innings":2,"ball":2},"bowlerId":1107,"additionalPlayerIds":[25],"dismissedMethod":"ct"},"playerId":108,"r":16,"b":26,"sr":"61.53","4s":1,"6s":0},{"mod":{"text":"b Dwayne Bravo","dismissedBp":{"over":16,"innings":2,"ball":2},"countingBp":{"over":16,"innings":2,"ball":2},"bowlerId":25,"dismissedMethod":"b"},"playerId":96,"r":13,"b":18,"sr":"72.22","4s":0,"6s":0},{"playerId":200,"r":38,"b":28,"sr":"135.71","4s":3,"6s":2},{"mod":{"text":"run out (Ravindra Jadeja)","dismissedBp":{"over":17,"innings":2,"ball":5},"countingBp":{"over":17,"innings":2,"ball":5},"bowlerId":115,"additionalPlayerIds":[9],"dismissedMethod":"ro"},"playerId":177,"r":4,"b":4,"sr":"100.00","4s":0,"6s":0},{"mod":{"text":"c Ravindra Jadeja b Dwayne Bravo","dismissedBp":{"over":18,"innings":2,"ball":1},"countingBp":{"over":18,"innings":2,"ball":1},"bowlerId":25,"additionalPlayerIds":[9],"dismissedMethod":"ct"},"playerId":488,"r":0,"b":2,"sr":"0.00","4s":0,"6s":0},{"mod":{"text":"c MS Dhoni b Dwayne Bravo","dismissedBp":{"over":18,"innings":2,"ball":5},"countingBp":{"over":18,"innings":2,"ball":5},"bowlerId":25,"additionalPlayerIds":[1],"dismissedMethod":"ct"},"playerId":76,"r":0,"b":2,"sr":"0.00","4s":0,"6s":0},{"mod":{"text":"b Ashish Nehra","dismissedBp":{"over":19,"innings":2,"ball":5},"countingBp":{"over":19,"innings":2,"ball":5},"bowlerId":115,"dismissedMethod":"b"},"playerId":59,"r":0,"b":1,"sr":"0.00","4s":0,"6s":0},{"playerId":231,"r":2,"b":1,"sr":"200.00","4s":0,"6s":0}],"bowlingStats":[{"playerId":1090,"r":18,"w":1,"ov":"2","e":"9.00","nb":0,"d":6,"maid":0,"wd":1},{"playerId":115,"r":38,"w":1,"ov":"4","e":"9.50","nb":0,"d":7,"maid":0,"wd":0},{"playerId":1107,"r":24,"w":1,"ov":"3","e":"8.00","nb":0,"d":5,"maid":0,"wd":1},{"playerId":8,"r":5,"w":2,"ov":"2","e":"2.50","nb":0,"d":8,"maid":0,"wd":0},{"playerId":9,"r":11,"w":0,"ov":"3","e":"3.66","nb":0,"d":10,"maid":0,"wd":0},{"playerId":14,"r":12,"w":0,"ov":"3","e":"4.00","nb":0,"d":8,"maid":0,"wd":1},{"playerId":25,"r":22,"w":3,"ov":"3","e":"7.33","nb":0,"d":8,"maid":0,"wd":0}],"wkts":9,"fow":[{"bp":{"over":1,"innings":2,"ball":2},"playerId":84,"r":1,"w":1},{"bp":{"over":6,"innings":2,"ball":1},"playerId":127,"r":52,"w":2},{"bp":{"over":8,"innings":2,"ball":1},"playerId":123,"r":61,"w":3},{"bp":{"over":13,"innings":2,"ball":2},"playerId":108,"r":76,"w":4},{"bp":{"over":16,"innings":2,"ball":2},"playerId":96,"r":91,"w":5},{"bp":{"over":17,"innings":2,"ball":5},"playerId":177,"r":100,"w":6},{"bp":{"over":18,"innings":2,"ball":1},"playerId":488,"r":101,"w":7},{"bp":{"over":18,"innings":2,"ball":5},"playerId":76,"r":104,"w":8},{"bp":{"over":19,"innings":2,"ball":5},"playerId":59,"r":116,"w":9}]},"overProgress":"20","runRate":"6.60","overHistory":[{"ovNo":1,"ovBalls":["1","W",".","4",".","."]},{"ovNo":2,"ovBalls":[".","2","3","1","4","."]},{"ovNo":3,"ovBalls":["1","6",".","4","1Wd","1","."]},{"ovNo":4,"ovBalls":["4","4","4","1",".","1"]},{"ovNo":5,"ovBalls":[".",".","1","4","1","4"]},{"ovNo":6,"ovBalls":["W","1",".",".",".","1"]},{"ovNo":7,"ovBalls":["1","1","1",".","4","."]},{"ovNo":8,"ovBalls":["W",".","1",".",".","2"]},{"ovNo":9,"ovBalls":[".","1",".",".","1","1"]},{"ovNo":10,"ovBalls":[".",".","1",".","1","1"]},{"ovNo":11,"ovBalls":[".",".",".",".",".","1"]},{"ovNo":12,"ovBalls":["2","1",".","1",".","1"]},{"ovNo":13,"ovBalls":[".","W","1Wd","1","1","1","."]},{"ovNo":14,"ovBalls":["1",".",".",".","1","1Wd","1"]},{"ovNo":15,"ovBalls":["1","1","1",".","1","2"]},{"ovNo":16,"ovBalls":["1","W","1","1","1","1"]},{"ovNo":17,"ovBalls":["1","1","1","1","1W","1Lb"]},{"ovNo":18,"ovBalls":["W","2","1Lb",".","W","1"]},{"ovNo":19,"ovBalls":[".","4","6","1","W","2"]},{"ovNo":20,"ovBalls":[".",".",".","6","4","4"]}]}],"currentState":{"phase":"C","facingBatsman":231,"nonFacingBatsman":200,"currentInningsIndex":1,"currentPartnership":16,"currentBowler":-1,"currentBatsmen":[200,231],"recentOvers":[{"ovNo":15,"ovBalls":["1","1","1",".","1","2"]},{"ovNo":16,"ovBalls":["1","W","1","1","1","1"]},{"ovNo":17,"ovBalls":["1","1","1","1","1W","1Lb"]},{"ovNo":18,"ovBalls":["W","2","1Lb",".","W","1"]},{"ovNo":19,"ovBalls":[".","4","6","1","W","2"]},{"ovNo":20,"ovBalls":[".",".",".","6","4","4"]}]}}