{"squadId":464,"totalVotes":5310,"players":[{"id":84,"voteCount":5005,"fullName":"Gautam Gambhir","shortName":"G Gambhir"},{"id":127,"voteCount":4989,"fullName":"Robin Uthappa","shortName":"R Uthappa"},{"id":123,"voteCount":4801,"fullName":"Manish Pandey","shortName":"M Pandey"},{"id":177,"voteCount":4770,"fullName":"Andre Russell","shortName":"A Russell"},{"id":96,"voteCount":4710,"fullName":"Yusuf Pathan","shortName":"Y Pathan"},{"id":59,"voteCount":4637,"fullName":"Umesh Yadav","shortName":"U Yadav"},{"id":76,"voteCount":4444,"fullName":"Piyush Chawla","shortName":"P Chawla"},{"id":108,"voteCount":3998,"fullName":"Suryakumar Yadav","shortName":"S Yadav"},{"id":169,"voteCount":3730,"fullName":"Morne Morkel","shortName":"M Morkel"},{"id":200,"voteCount":3630,"fullName":"Ryan ten Doeschate","shortName":"R ten Doeschate"},{"id":231,"voteCount":3082,"fullName":"Brad Hogg","shortName":"B Hogg"},{"id":488,"voteCount":1692,"fullName":"Pat Cummins","shortName":"P Cummins"},{"id":203,"voteCount":1402,"fullName":"Sunil Narine","shortName":"S Narine"},{"id":261,"voteCount":1234,"fullName":"Kuldeep Yadav","shortName":"K Yadav"},{"id":201,"voteCount":831,"fullName":"Shakib Al Hasan","shortName":"S Al Hasan"},{"id":2743,"voteCount":530,"fullName":"KC Cariappa","shortName":"KC Cariappa"},{"id":224,"voteCount":505,"fullName":"Johan Botha","shortName":"J Botha"},{"id":194,"voteCount":432,"fullName":"Azhar Mahmood","shortName":"A Mahmood"},{"id":149,"voteCount":316,"fullName":"Sumit Narwal","shortName":"S Narwal"},{"id":2742,"voteCount":310,"fullName":"Aditya Garhwal","shortName":"A Garhwal"},{"id":250,"voteCount":258,"fullName":"Veer Pratap Singh","shortName":"VP Singh"},{"id":1116,"voteCount":250,"fullName":"Sheldon Jackson","shortName":"S Jackson"},{"id":2744,"voteCount":246,"fullName":"Vaibhav Rawal","shortName":"V Rawal"}]}