{"squadId":460,"totalVotes":8112,"players":[{"id":1,"voteCount":7536,"fullName":"MS Dhoni","shortName":"MS Dhoni"},{"id":202,"voteCount":7411,"fullName":"Brendon McCullum","shortName":"B McCullum"},{"id":14,"voteCount":7350,"fullName":"Suresh Raina","shortName":"S Raina"},{"id":25,"voteCount":7325,"fullName":"Dwayne Bravo","shortName":"DJ Bravo"},{"id":413,"voteCount":7076,"fullName":"Dwayne Smith","shortName":"DR Smith"},{"id":115,"voteCount":6995,"fullName":"Ashish Nehra","shortName":"A Nehra"},{"id":9,"voteCount":6837,"fullName":"Ravindra Jadeja","shortName":"R Jadeja"},{"id":24,"voteCount":6774,"fullName":"Francois du Plessis","shortName":"F du Plessis"},{"id":1107,"voteCount":6508,"fullName":"Mohit Sharma","shortName":"M Sharma"},{"id":1090,"voteCount":5510,"fullName":"Ishwar Pandey","shortName":"I Pandey"},{"id":8,"voteCount":4799,"fullName":"Ravichandran Ashwin","shortName":"R Ashwin"},{"id":49,"voteCount":2770,"fullName":"Irfan Pathan","shortName":"I Pathan"},{"id":53,"voteCount":1229,"fullName":"Pawan Negi","shortName":"P Negi"},{"id":126,"voteCount":1198,"fullName":"Rahul Sharma","shortName":"R Sharma"},{"id":20,"voteCount":748,"fullName":"Michael Hussey","shortName":"M Hussey"},{"id":1084,"voteCount":459,"fullName":"Baba Aparajith","shortName":"B Aparajith"},{"id":277,"voteCount":399,"fullName":"Ronit More","shortName":"R More"},{"id":124,"voteCount":330,"fullName":"Mithun Manhas","shortName":"M Manhas"},{"id":1105,"voteCount":257,"fullName":"Kyle Abbott","shortName":"K Abbott"},{"id":2731,"voteCount":235,"fullName":"Pratyush Singh","shortName":"P Singh"},{"id":590,"voteCount":211,"fullName":"Samuel Badree","shortName":"S Badree"},{"id":1558,"voteCount":192,"fullName":"Ankush Bains","shortName":"A Bains"},{"id":1505,"voteCount":178,"fullName":"Matt Henry","shortName":"M Henry"},{"id":118,"voteCount":155,"fullName":"Eklavya Dwivedi ","shortName":"E Dwivedi "},{"id":1480,"voteCount":106,"fullName":"Andrew Tye","shortName":"A Tye"}]}