{"matchInfo":{"description":"Match 30","matchType":"IPLT20","teams":[{"id":3715,"players":[{"names":["Robin Uthappa","R Uthappa"],"dateOfBirth":500515200000,"id":127,"fullName":"Robin Uthappa","shortName":"R Uthappa","nationality":"Indian"},{"names":["Gautam Gambhir","G Gambhir"],"dateOfBirth":371865600000,"id":84,"fullName":"Gautam Gambhir","shortName":"G Gambhir","nationality":"Indian"},{"names":["Manish Pandey","M Pandey"],"dateOfBirth":621388800000,"id":123,"fullName":"Manish Pandey","shortName":"M Pandey","nationality":"Indian"},{"names":["Suryakumar Yadav","S Yadav"],"rightHandedBat":true,"dateOfBirth":653270400000,"id":108,"fullName":"Suryakumar Yadav","shortName":"S Yadav","nationality":"Indian"},{"names":["Yusuf Pathan","Y Pathan"],"dateOfBirth":406339200000,"id":96,"fullName":"Yusuf Pathan","shortName":"Y Pathan","nationality":"Indian"},{"names":["Ryan ten Doeschate","R ten Doeschate"],"dateOfBirth":331171200000,"id":200,"fullName":"Ryan ten Doeschate","shortName":"R ten Doeschate","nationality":"Dutch"},{"names":["Andre Russell","A Russell"],"dateOfBirth":578275200000,"id":177,"fullName":"Andre Russell","shortName":"A Russell","nationality":"West Indian"},{"names":["Piyush Chawla","P Chawla"],"dateOfBirth":598924800000,"id":76,"fullName":"Piyush Chawla","shortName":"P Chawla","nationality":"Indian"},{"names":["Pat Cummins","P Cummins"],"rightHandedBat":true,"dateOfBirth":736819200000,"id":488,"fullName":"Pat Cummins","shortName":"P Cummins","nationality":"Australian"},{"names":["Brad Hogg","B Hogg"],"dateOfBirth":34646400000,"id":231,"fullName":"Brad Hogg","shortName":"B Hogg","nationality":"Australian"},{"names":["Umesh Yadav","U Yadav"],"dateOfBirth":562118400000,"id":59,"fullName":"Umesh Yadav","shortName":"U Yadav","nationality":"Indian"}],"team":{"type":"m","fullName":"Kolkata Knight Riders","shortName":"Knight Riders","abbreviation":"KKR","primaryColor":"6F2C91","secondaryColor":"FFFFFF","id":5},"wicketKeeper":{"names":["Robin Uthappa","R Uthappa"],"dateOfBirth":500515200000,"id":127,"fullName":"Robin Uthappa","shortName":"R Uthappa","nationality":"Indian"},"captain":{"names":["Gautam Gambhir","G Gambhir"],"dateOfBirth":371865600000,"id":84,"fullName":"Gautam Gambhir","shortName":"G Gambhir","nationality":"Indian"}},{"id":3714,"players":[{"names":["Dwayne Smith","DR Smith"],"dateOfBirth":418953600000,"id":413,"fullName":"Dwayne Smith","shortName":"DR Smith","nationality":"West Indian"},{"names":["Brendon McCullum","B McCullum"],"dateOfBirth":370396800000,"id":202,"fullName":"Brendon McCullum","shortName":"B McCullum","nationality":"New Zealander"},{"names":["Suresh Raina","S Raina"],"dateOfBirth":533433600000,"id":14,"fullName":"Suresh Raina","shortName":"S Raina","nationality":"Indian"},{"names":["Francois du Plessis","F du Plessis"],"dateOfBirth":458524800000,"id":24,"fullName":"Francois du Plessis","shortName":"F du Plessis","nationality":"South African"},{"names":["MS Dhoni","MS Dhoni"],"dateOfBirth":363312000000,"id":1,"fullName":"MS Dhoni","shortName":"MS Dhoni","nationality":"Indian"},{"names":["Dwayne Bravo","DJ Bravo"],"dateOfBirth":434332800000,"id":25,"fullName":"Dwayne Bravo","shortName":"DJ Bravo","nationality":"West Indian"},{"names":["Ravindra Jadeja","R Jadeja"],"dateOfBirth":597369600000,"id":9,"fullName":"Ravindra Jadeja","shortName":"R Jadeja","nationality":"Indian"},{"names":["Pawan Negi","P Negi"],"dateOfBirth":410659200000,"id":53,"fullName":"Pawan Negi","shortName":"P Negi","nationality":"Indian"},{"names":["Mohit Sharma","M Sharma"],"dateOfBirth":693100800000,"id":1107,"fullName":"Mohit Sharma","shortName":"M Sharma","nationality":"Indian"},{"names":["Ronit More","R More"],"dateOfBirth":697766400000,"id":277,"fullName":"Ronit More","shortName":"R More","nationality":"Indian"},{"names":["Ashish Nehra","A Nehra"],"dateOfBirth":294192000000,"id":115,"fullName":"Ashish Nehra","shortName":"A Nehra","nationality":"Indian"}],"team":{"type":"m","fullName":"Chennai Super Kings","shortName":"Super Kings","abbreviation":"CSK","primaryColor":"FDB913","secondaryColor":"FFFFFF","id":1},"wicketKeeper":{"names":["MS Dhoni","MS Dhoni"],"dateOfBirth":363312000000,"id":1,"fullName":"MS Dhoni","shortName":"MS Dhoni","nationality":"Indian"},"captain":{"names":["MS Dhoni","MS Dhoni"],"dateOfBirth":363312000000,"id":1,"fullName":"MS Dhoni","shortName":"MS Dhoni","nationality":"Indian"}}],"venue":{"id":2,"country":"India","fullName":"Eden Gardens","shortName":"Eden Gardens","city":"Kolkata"},"matchDate":"2015-04-30T20:00:00+0530","battingOrder":[1,0],"additionalInfo":{"toss.elected":"Kolkata Knight Riders, who chose to field","match.video.id":"4207024615001","stats.link":"http://www.iplt20.com/news/2015/more-news/6420/quick-stats-m30-kk-vs-csk","match.summary":"","photostream.link":"http://www.iplt20.com/photos/278/ipl-2015-match-30-kkr-v-csk","mom.video.id":"4207076860001","home.team.fan.total":"13621","notes.1.1":"Powerplay - 69 runs, 4 wickets","away.team.fan.total":"18227","notes.1.2":"CSK: 50 runs in 3.6 overs","umpire.name.3":"Rajesh Deshpande","notes.1.3":"CSK: 100 runs in 11.4 overs","umpire.name.4":"A Nanda Kishore","umpire.name.1":"Marais Erasmus","notes.1.4":"6th Wicket: 50 runs in 50 balls (Dwayne Bravo 24, Ravindra Jadeja 21)","umpire.name.2":"Anil Chaudhary","notes.1.5":"CSK: 150 runs in 17.5 overs","notes.1.6":"Innings Break: CSK - 165/9 in 20 overs","highlights.link":"http://www.iplt20.com/videos/media/id/4207024615001/m30-kkr-vs-csk-match-highlights","result.playerofthematch":"Andre Russell","mom.video.thumb":"http://brightcove.vo.llnwd.net/v1/unsecured/media/3588749423001/201504/2938/3588749423001_4207075991001_video-still-for-video-4207076860001.jpg?pubId=3588749423001","interview.link":"http://www.iplt20.com/news/2015/features/6415/hogging-the-limelight","sixes.video.id":"4206842483001","interview.thumb":"http://static2.iplt20.com/cms/media/images/320x213/39304.jpg","referee.name":"Rajendra Jadeja","match.video.thumb":"http://brightcove.vo.llnwd.net/v1/unsecured/media/3588749423001/201504/2002/3588749423001_4207075920001_video-still-for-video-4207024615001.jpg?pubId=3588749423001","stats.thumb":"http://static2.iplt20.com/cms/media/images/320x213/39307.jpg","notes.2.7":"4th Wicket: 100 runs in 55 balls (Robin Uthappa 47, Andre Russell 54)","toss.winner":"Kolkata Knight Riders","notes.2.5":"Andre Russell: 50 off 25 balls (4 x fours, 4 x sixes)","sixes.video.thumb":"http://brightcove.vo.llnwd.net/v1/unsecured/media/3588749423001/201504/3990/3588749423001_4207008057001_video-still-for-video-4206842483001.jpg?pubId=3588749423001","notes.2.6":"KKR: 150 runs in 17.2 overs","notes.2.3":"Robin Uthappa: 50 off 40 balls (4 x fours, 1 x six)","notes.2.4":"4th Wicket: 50 runs in 30 balls (Robin Uthappa 24, Andre Russell 27)","report.thumb":"http://static2.iplt20.com/cms/media/images/320x213/39285.jpg","notes.2.1":"KKR: 50 runs in 7.3 overs","notes.2.2":"KKR: 100 runs in 13.3 overs","report.link":"http://www.iplt20.com/news/2015/match-reports/6410/report-m30-kkr-vs-csk"},"oversLimit":20,"matchState":"C","isLimitedOvers":true,"matchStatus":{"text":"Kolkata Knight Riders won by 7 wickets","outcome":"A"},"matchSummary":"","tournamentLabel":"IPL 2015"},"matchId":{"tournamentId":{"name":"ipl2015","id":2785},"name":"ipl2015-30","id":3255,"parentId":{"name":"ipl2015","id":2785}},"innings":[{"inningsNumber":1,"scorecard":{"runs":165,"extras":{"wideRuns":6,"byeRuns":1,"legByeRuns":13},"battingStats":[{"mod":{"text":"c Ryan ten Doeschate b Pat Cummins","dismissedBp":{"over":1,"innings":1,"ball":1},"countingBp":{"over":1,"innings":1,"ball":1},"bowlerId":488,"additionalPlayerIds":[200],"dismissedMethod":"ct"},"playerId":413,"r":0,"b":1,"sr":"0.00","4s":0,"6s":0},{"mod":{"text":"lbw Brad Hogg","dismissedBp":{"over":6,"innings":1,"ball":1},"countingBp":{"over":6,"innings":1,"ball":1},"bowlerId":231,"dismissedMethod":"lbw"},"playerId":202,"r":32,"b":12,"sr":"266.66","4s":3,"6s":3},{"mod":{"text":"c Piyush Chawla b Umesh Yadav","dismissedBp":{"over":4,"innings":1,"ball":3},"countingBp":{"over":4,"innings":1,"ball":3},"bowlerId":59,"additionalPlayerIds":[76],"dismissedMethod":"ct"},"playerId":14,"r":8,"b":10,"sr":"80.00","4s":2,"6s":0},{"mod":{"text":"st Robin Uthappa b Brad Hogg","dismissedBp":{"over":6,"innings":1,"ball":5},"countingBp":{"over":6,"innings":1,"ball":5},"bowlerId":231,"additionalPlayerIds":[127],"dismissedMethod":"st"},"playerId":24,"r":20,"b":11,"sr":"181.81","4s":5,"6s":0},{"mod":{"text":"b Andre Russell","dismissedBp":{"over":17,"innings":1,"ball":3},"countingBp":{"over":17,"innings":1,"ball":3},"bowlerId":177,"dismissedMethod":"b"},"playerId":25,"r":30,"b":32,"sr":"93.75","4s":4,"6s":0},{"mod":{"text":"b Piyush Chawla","dismissedBp":{"over":7,"innings":1,"ball":5},"countingBp":{"over":7,"innings":1,"ball":5},"bowlerId":76,"dismissedMethod":"b"},"playerId":1,"r":1,"b":4,"sr":"25.00","4s":0,"6s":0},{"mod":{"text":"c Pat Cummins b Brad Hogg","dismissedBp":{"over":19,"innings":1,"ball":3},"countingBp":{"over":19,"innings":1,"ball":3},"bowlerId":231,"additionalPlayerIds":[488],"dismissedMethod":"ct"},"playerId":9,"r":24,"b":30,"sr":"80.00","4s":1,"6s":1},{"mod":{"text":"b Brad Hogg","dismissedBp":{"over":19,"innings":1,"ball":5},"countingBp":{"over":19,"innings":1,"ball":5},"bowlerId":231,"dismissedMethod":"b"},"playerId":53,"r":27,"b":13,"sr":"207.69","4s":4,"6s":1},{"mod":{"text":"c Robin Uthappa b Andre Russell","dismissedBp":{"over":20,"innings":1,"ball":1},"countingBp":{"over":20,"innings":1,"ball":1},"bowlerId":177,"additionalPlayerIds":[127],"dismissedMethod":"ct"},"playerId":1107,"r":0,"b":1,"sr":"0.00","4s":0,"6s":0},{"playerId":115,"r":1,"b":4,"sr":"25.00","4s":0,"6s":0},{"playerId":277,"r":2,"b":2,"sr":"100.00","4s":0,"6s":0}],"bowlingStats":[{"playerId":488,"r":54,"w":1,"ov":"4","e":"13.50","nb":0,"d":8,"maid":0,"wd":2},{"playerId":59,"r":16,"w":1,"ov":"2","e":"8.00","nb":0,"d":8,"maid":0,"wd":0},{"playerId":76,"r":21,"w":1,"ov":"4","e":"5.25","nb":0,"d":15,"maid":0,"wd":0},{"playerId":231,"r":29,"w":4,"ov":"4","e":"7.25","nb":0,"d":14,"maid":0,"wd":0},{"playerId":96,"r":11,"w":0,"ov":"2","e":"5.50","nb":0,"d":4,"maid":0,"wd":0},{"playerId":177,"r":20,"w":2,"ov":"4","e":"5.00","nb":0,"d":11,"maid":0,"wd":0}],"wkts":9,"fow":[{"bp":{"over":1,"innings":1,"ball":1},"playerId":413,"r":0,"w":1},{"bp":{"over":4,"innings":1,"ball":3},"playerId":14,"r":43,"w":2},{"bp":{"over":6,"innings":1,"ball":1},"playerId":202,"r":64,"w":3},{"bp":{"over":6,"innings":1,"ball":5},"playerId":24,"r":69,"w":4},{"bp":{"over":7,"innings":1,"ball":5},"playerId":1,"r":72,"w":5},{"bp":{"over":17,"innings":1,"ball":3},"playerId":25,"r":129,"w":6},{"bp":{"over":19,"innings":1,"ball":3},"playerId":9,"r":154,"w":7},{"bp":{"over":19,"innings":1,"ball":5},"playerId":53,"r":160,"w":8},{"bp":{"over":20,"innings":1,"ball":1},"playerId":1107,"r":160,"w":9}]},"overProgress":"20","runRate":"8.25","overHistory":[{"ovNo":1,"ovBalls":["W","1Lb",".","6","5Wd","6","1Wd","."]},{"ovNo":2,"ovBalls":["4",".",".",".",".","."]},{"ovNo":3,"ovBalls":[".","4","4",".","6","2"]},{"ovNo":4,"ovBalls":["4",".","W","4","1Lb","4"]},{"ovNo":5,"ovBalls":["4","4",".","4",".","."]},{"ovNo":6,"ovBalls":["W","1",".","4","W","."]},{"ovNo":7,"ovBalls":["1Lb",".","1","1","W","1"]},{"ovNo":8,"ovBalls":["1Lb","1",".","4","1","."]},{"ovNo":9,"ovBalls":[".",".",".",".",".","1"]},{"ovNo":10,"ovBalls":["1",".","4","1",".","1"]},{"ovNo":11,"ovBalls":["1","4",".",".","4Lb","."]},{"ovNo":12,"ovBalls":["1",".","1","1",".","1"]},{"ovNo":13,"ovBalls":["1",".","1","1",".","."]},{"ovNo":14,"ovBalls":[".",".","4","1",".","6"]},{"ovNo":15,"ovBalls":[".",".",".","1","1","4"]},{"ovNo":16,"ovBalls":["1","2","1","1","1","1"]},{"ovNo":17,"ovBalls":[".","1","W","4","2","1"]},{"ovNo":18,"ovBalls":[".","4","4Lb","4","4","1"]},{"ovNo":19,"ovBalls":[".","1","W","6","W","."]},{"ovNo":20,"ovBalls":["W","1Lb","1","1","1","1B"]}]},{"inningsNumber":2,"scorecard":{"runs":169,"extras":{"wideRuns":5,"legByeRuns":5},"battingStats":[{"playerId":127,"r":80,"b":58,"sr":"137.93","4s":7,"6s":1},{"mod":{"text":"c Ronit More b Mohit Sharma","dismissedBp":{"over":5,"innings":2,"ball":2},"countingBp":{"over":5,"innings":2,"ball":2},"bowlerId":1107,"additionalPlayerIds":[277],"dismissedMethod":"ct"},"playerId":84,"r":19,"b":16,"sr":"118.75","4s":0,"6s":2},{"mod":{"text":"c Ravindra Jadeja b Pawan Negi","dismissedBp":{"over":9,"innings":2,"ball":2},"countingBp":{"over":9,"innings":2,"ball":2},"bowlerId":53,"additionalPlayerIds":[9],"dismissedMethod":"ct"},"playerId":123,"r":3,"b":10,"sr":"30.00","4s":0,"6s":0},{"mod":{"text":"c Dwayne Bravo b Ronit More","dismissedBp":{"over":10,"innings":2,"ball":1},"countingBp":{"over":10,"innings":2,"ball":1},"bowlerId":277,"additionalPlayerIds":[25],"dismissedMethod":"ct"},"playerId":108,"r":2,"b":3,"sr":"66.66","4s":0,"6s":0},{"playerId":177,"r":55,"b":32,"sr":"171.87","4s":4,"6s":4}],"bowlingStats":[{"playerId":1107,"r":22,"w":1,"ov":"4","e":"5.50","nb":0,"d":14,"maid":0,"wd":0},{"playerId":115,"r":36,"w":0,"ov":"4","e":"9.00","nb":0,"d":11,"maid":0,"wd":3},{"playerId":53,"r":23,"w":1,"ov":"4","e":"5.75","nb":0,"d":8,"maid":0,"wd":1},{"playerId":277,"r":31,"w":1,"ov":"3.5","e":"8.08","nb":0,"d":3,"maid":0,"wd":1},{"playerId":9,"r":25,"w":0,"ov":"2","e":"12.50","nb":0,"d":1,"maid":0,"wd":0},{"playerId":25,"r":27,"w":0,"ov":"2","e":"13.50","nb":0,"d":2,"maid":0,"wd":0}],"wkts":3,"fow":[{"bp":{"over":5,"innings":2,"ball":2},"playerId":84,"r":33,"w":1},{"bp":{"over":9,"innings":2,"ball":2},"playerId":123,"r":54,"w":2},{"bp":{"over":10,"innings":2,"ball":1},"playerId":108,"r":57,"w":3}]},"overProgress":"19.5","runRate":"8.52","overHistory":[{"ovNo":1,"ovBalls":[".",".","4","1",".","1"]},{"ovNo":2,"ovBalls":["1Wd",".",".","2","1","1Wd","1","1"]},{"ovNo":3,"ovBalls":[".","1",".","1",".","6"]},{"ovNo":4,"ovBalls":[".","4","1",".","6","1"]},{"ovNo":5,"ovBalls":[".","W","2",".",".","1"]},{"ovNo":6,"ovBalls":[".","1",".",".","1Wd",".","."]},{"ovNo":7,"ovBalls":["1Wd","2","1",".","1","1Lb","."]},{"ovNo":8,"ovBalls":["4","1","1","1","1","1"]},{"ovNo":9,"ovBalls":["1","W","1","1","1","."]},{"ovNo":10,"ovBalls":["W","2","2","2","1","1Wd","1"]},{"ovNo":11,"ovBalls":[".","1","1","6",".","1"]},{"ovNo":12,"ovBalls":["4","1",".","4","1","1"]},{"ovNo":13,"ovBalls":["1","1","1","1",".","1"]},{"ovNo":14,"ovBalls":["4","4","1",".","2","1"]},{"ovNo":15,"ovBalls":["6","4","4",".","1","."]},{"ovNo":16,"ovBalls":["1","4","6","1","1","1"]},{"ovNo":17,"ovBalls":["1","1",".","6","6","1"]},{"ovNo":18,"ovBalls":["1","2","2",".","2","1"]},{"ovNo":19,"ovBalls":[".","4","1",".",".","."]},{"ovNo":20,"ovBalls":["1","1","2","1","4Lb"]}]}],"currentState":{"phase":"C","facingBatsman":177,"nonFacingBatsman":127,"currentInningsIndex":1,"currentPartnership":112,"currentBowler":277,"currentBatsmen":[127,177],"recentOvers":[{"ovNo":15,"ovBalls":["6","4","4",".","1","."]},{"ovNo":16,"ovBalls":["1","4","6","1","1","1"]},{"ovNo":17,"ovBalls":["1","1",".","6","6","1"]},{"ovNo":18,"ovBalls":["1","2","2",".","2","1"]},{"ovNo":19,"ovBalls":[".","4","1",".",".","."]},{"ovNo":20,"ovBalls":["1","1","2","1","4Lb"]}]}}