{"fragment":7,"updateTime":1431193521000,"matchId":{"id":3270,"name":"ipl2015-45 - DD vs. SRH","matchIdName":"ipl2015-45"},"commentaries":[{"mediaId":"4227220630001","endpointUrlHq1":"http://brightcove.vo.llnwd.net/v1/uds/pd/3588749423001/201505/905/3588749423001_4227424504001_MATCH-45-DD-2ND-WKT.mp4","endpointUrlHq2":"http://brightcove.vo.llnwd.net/v1/uds/pd/3588749423001/201505/87/3588749423001_4227402264001_MATCH-45-DD-2ND-WKT.mp4","endpointUrlAlt":"http://c.brightcove.com/services/mobile/streaming/index/rendition.m3u8?assetId=4227425509001","title":"M45: DD vs SRH – Quinton de Kock Wicket","largeThumbnail":"http://brightcove.vo.llnwd.net/v1/unsecured/media/3588749423001/201505/3823/3588749423001_4227421969001_video-still-for-video-4227220630001.jpg?pubId=3588749423001","duration":23847,"endpointUrl":"http://brightcove.vo.llnwd.net/v1/uds/pd/3588749423001/201505/2367/3588749423001_4227425519001_MATCH-45-DD-2ND-WKT.mp4","smallThumbnail":"http://brightcove.vo.llnwd.net/v1/unsecured/media/3588749423001/201505/823/3588749423001_4227421968001_thumbnail-for-video-4227220630001.jpg?pubId=3588749423001","description":null,"endpointUrlMq":"http://brightcove.vo.llnwd.net/v1/uds/pd/3588749423001/201505/367/3588749423001_4227425517001_MATCH-45-DD-2ND-WKT.mp4","endpointUrlHq3":"http://brightcove.vo.llnwd.net/v1/uds/pd/3588749423001/201505/905/3588749423001_4227424516001_MATCH-45-DD-2ND-WKT.mp4","publishDate":1431190897649,"message":{"text":null},"tags":["account:iplt20","2015","over 9","ipl2015","dd","match:ipl2015-45","IPL 2015","ipl2015-45","srh","innings 2","ball 2","wicket","channel:ipl-match-centre","playerid 834"],"timestamp":1431191818000,"id":1191867,"time":"17:16","updateTime":1431191818546,"sequence":300.5,"type":"Video"},{"mediaId":"4227220631001","endpointUrlHq1":"http://brightcove.vo.llnwd.net/v1/uds/pd/3588749423001/201505/3009/3588749423001_4227439971001_MATCH-45-DD-3RD-WKT.mp4","endpointUrlHq2":"http://brightcove.vo.llnwd.net/v1/uds/pd/3588749423001/201505/9/3588749423001_4227439980001_MATCH-45-DD-3RD-WKT.mp4","endpointUrlAlt":"http://c.brightcove.com/services/mobile/streaming/index/rendition.m3u8?assetId=4227409434001","title":"M45: DD vs SRH – Yuvraj Singh Wicket","largeThumbnail":"http://brightcove.vo.llnwd.net/v1/unsecured/media/3588749423001/201505/823/3588749423001_4227421972001_video-still-for-video-4227220631001.jpg?pubId=3588749423001","duration":26123,"endpointUrl":"http://brightcove.vo.llnwd.net/v1/uds/pd/3588749423001/201505/3393/3588749423001_4227440351001_MATCH-45-DD-3RD-WKT.mp4","smallThumbnail":"http://brightcove.vo.llnwd.net/v1/unsecured/media/3588749423001/201505/1823/3588749423001_4227421971001_thumbnail-for-video-4227220631001.jpg?pubId=3588749423001","description":null,"endpointUrlMq":"http://brightcove.vo.llnwd.net/v1/uds/pd/3588749423001/201505/2185/3588749423001_4227409432001_MATCH-45-DD-3RD-WKT.mp4","endpointUrlHq3":"http://brightcove.vo.llnwd.net/v1/uds/pd/3588749423001/201505/3679/3588749423001_4227444663001_MATCH-45-DD-3RD-WKT.mp4","publishDate":1431191356879,"message":{"text":null},"tags":["account:iplt20","2015","ipl2015","dd","match:ipl2015-45","IPL 2015","ipl2015-45","srh","innings 2","playerid 113","wicket","ball 6","over 10","channel:ipl-match-centre"],"timestamp":1431191818000,"id":1191868,"time":"17:16","updateTime":1431191818616,"sequence":301.5,"type":"Video"},{"mediaId":"4227220632001","endpointUrlHq1":"http://brightcove.vo.llnwd.net/v1/uds/pd/3588749423001/201505/3617/3588749423001_4227444679001_MATCH-45-DD-4TH-WKT.mp4","endpointUrlHq2":"http://brightcove.vo.llnwd.net/v1/uds/pd/3588749423001/201505/1185/3588749423001_4227409435001_MATCH-45-DD-4TH-WKT.mp4","endpointUrlAlt":"http://c.brightcove.com/services/mobile/streaming/index/rendition.m3u8?assetId=4227409438001","title":"M45: DD vs SRH – JP Duminy Wicket","largeThumbnail":"http://brightcove.vo.llnwd.net/v1/unsecured/media/3588749423001/201505/1823/3588749423001_4227421975001_video-still-for-video-4227220632001.jpg?pubId=3588749423001","duration":26440,"endpointUrl":"http://brightcove.vo.llnwd.net/v1/uds/pd/3588749423001/201505/3697/3588749423001_4227442713001_MATCH-45-DD-4TH-WKT.mp4","smallThumbnail":"http://brightcove.vo.llnwd.net/v1/unsecured/media/3588749423001/201505/2823/3588749423001_4227421974001_thumbnail-for-video-4227220632001.jpg?pubId=3588749423001","description":null,"endpointUrlMq":"http://brightcove.vo.llnwd.net/v1/uds/pd/3588749423001/201505/1697/3588749423001_4227442719001_MATCH-45-DD-4TH-WKT.mp4","endpointUrlHq3":"http://brightcove.vo.llnwd.net/v1/uds/pd/3588749423001/201505/697/3588749423001_4227442722001_MATCH-45-DD-4TH-WKT.mp4","publishDate":1431191587676,"message":{"text":null},"tags":["account:iplt20","2015","ipl2015","dd","match:ipl2015-45","playerid 182","IPL 2015","ipl2015-45","srh","innings 2","ball 2","over 11","wicket","channel:ipl-match-centre"],"timestamp":1431192371000,"id":1191869,"time":"17:16","updateTime":1431191818674,"sequence":302.5,"type":"Video"},{"bbcode":"R Bopara to K Jadhav, %SPEED% short length on middle stump. He hits a nice boundary","thisOver":"4","progress":{"innings":2,"over":14,"ball":1},"speed":34.4658024139472,"subtype":"BBCode","countingProgress":{"innings":2,"over":13,"ball":1},"bowlerId":374,"nonfacingBatsmanId":163,"facingBatsmanId":297,"autoText":"R Bopara to K Jadhav, %SPEED% short length on middle stump. He hits a nice boundary","message":{"text":null},"tags":["four"],"timestamp":1431191965000,"id":1191872,"time":"17:18","updateTime":1431191896818,"sequence":303.5,"type":"Auto"},{"bbcode":"Four! Wow, Jadhav opens the face of the bat at the latest possible moment and angles it past short third man!","subtype":"BBCode","message":{"text":"<p>Four! Wow, Jadhav opens the face of the bat at the latest possible moment and angles it past short third man!</p>"},"tags":[],"timestamp":1431192024000,"id":1191873,"time":"17:19","updateTime":1431191947422,"sequence":304.5,"type":"Manual"},{"bbcode":"R Bopara to K Jadhav, no run, %SPEED% good length just outside off stump. He plays and misses","thisOver":".","progress":{"innings":2,"over":14,"ball":2},"speed":26.9461815495971,"subtype":"BBCode","countingProgress":{"innings":2,"over":13,"ball":2},"bowlerId":374,"nonfacingBatsmanId":163,"facingBatsmanId":297,"autoText":"R Bopara to K Jadhav, no run, %SPEED% good length just outside off stump. He plays and misses","message":{"text":null},"tags":[],"timestamp":1431192028000,"id":1191874,"time":"17:19","updateTime":1431191954265,"sequence":305.5,"type":"Auto"},{"bbcode":"R Bopara to K Jadhav, %SPEED% good length outside off stump. He hits a nice boundary","thisOver":"4","progress":{"innings":2,"over":14,"ball":3},"speed":33.1434075916222,"subtype":"BBCode","countingProgress":{"innings":2,"over":13,"ball":3},"bowlerId":374,"nonfacingBatsmanId":163,"facingBatsmanId":297,"autoText":"R Bopara to K Jadhav, %SPEED% good length outside off stump. He hits a nice boundary","message":{"text":null},"tags":["four"],"timestamp":1431192028000,"id":1191875,"time":"17:19","updateTime":1431191980261,"sequence":306.5,"type":"Auto"},{"bbcode":"Four! All timing, Jadhav transfers onto the back foot and punches through extra cover!","subtype":"BBCode","message":{"text":"<p>Four! All timing, Jadhav transfers onto the back foot and punches through extra cover!</p>"},"tags":[],"timestamp":1431192075000,"id":1191877,"time":"17:20","updateTime":1431192027519,"sequence":307.0,"type":"Manual"},{"bbcode":"R Bopara to K Jadhav, %SPEED% short length just outside off stump. He hits a nice boundary","thisOver":"4","progress":{"innings":2,"over":14,"ball":4},"speed":26.8281595881964,"subtype":"BBCode","countingProgress":{"innings":2,"over":13,"ball":4},"bowlerId":374,"nonfacingBatsmanId":163,"facingBatsmanId":297,"autoText":"R Bopara to K Jadhav, %SPEED% short length just outside off stump. He hits a nice boundary","message":{"text":null},"tags":["four"],"timestamp":1431192077000,"id":1191876,"time":"17:20","updateTime":1431192014353,"sequence":307.5,"type":"Auto"},{"bbcode":"Four! And again! Back of a length and Jadhav pulls it through mid-wicket!","subtype":"BBCode","message":{"text":"<p>Four! And again! Back of a length and Jadhav pulls it through mid-wicket!</p>"},"tags":[],"timestamp":1431192053000,"id":1191879,"time":"17:20","updateTime":1431192029821,"sequence":308.5,"type":"Manual"},{"bbcode":"R Bopara to K Jadhav, %SPEED% good length just outside off stump. He picks up a single","thisOver":"1","progress":{"innings":2,"over":14,"ball":5},"speed":32.7652805510056,"subtype":"BBCode","countingProgress":{"innings":2,"over":13,"ball":5},"bowlerId":374,"nonfacingBatsmanId":163,"facingBatsmanId":297,"autoText":"R Bopara to K Jadhav, %SPEED% good length just outside off stump. He picks up a single","message":{"text":null},"tags":[],"timestamp":1431192077000,"id":1191880,"time":"17:20","updateTime":1431192050996,"sequence":309.5,"type":"Auto"},{"bbcode":"R Bopara to S Tiwary, %SPEED% short length just outside off stump. He picks up two","thisOver":"2","progress":{"innings":2,"over":14,"ball":6},"speed":24.9335830055954,"subtype":"BBCode","countingProgress":{"innings":2,"over":13,"ball":6},"bowlerId":374,"nonfacingBatsmanId":297,"facingBatsmanId":163,"autoText":"R Bopara to S Tiwary, %SPEED% short length just outside off stump. He picks up two","message":{"text":null},"tags":[],"timestamp":1431192148000,"id":1191881,"time":"17:21","updateTime":1431192104329,"sequence":310.5,"type":"Auto"},{"innings":2,"over":14,"overRuns":15,"overWickets":0,"inningsRuns":97,"inningsWickets":4,"inningsAllOut":false,"team":{"id":3,"fullName":"Delhi Daredevils","shortName":"Daredevils","abbreviation":"DD","primaryColor":"B22E2A","secondaryColor":"FFFFFF","type":"m"},"batsmanSummaries":[{"batsman":{"id":163,"fullName":"Saurabh Tiwary","shortName":"S Tiwary","nationality":"Indian","rightHandedBat":false,"dateOfBirth":630979200000,"names":["Saurabh Tiwary","S Tiwary"]},"runs":14,"balls":13,"fours":1,"sixes":1},{"batsman":{"id":297,"fullName":"Kedar Jadhav","shortName":"K Jadhav","nationality":"Indian","rightHandedBat":true,"dateOfBirth":480643200000,"names":["Kedar Jadhav","K Jadhav"]},"runs":18,"balls":10,"fours":3,"sixes":0}],"activeBatsman":297,"bowlerSummary":{"bowler":{"id":374,"fullName":"Ravi Bopara","shortName":"R Bopara","nationality":"English","rightHandedBat":true,"dateOfBirth":484012800000,"names":["Ravi Bopara","R Bopara"]},"overs":"1","runs":15,"wickets":0,"maidens":0},"inningsBalls":84,"inningsMaxBalls":120,"inningsTarget":164,"message":{"text":null},"tags":[],"timestamp":1431192104000,"id":1191882,"time":"17:21","updateTime":1431192104511,"sequence":311.5,"type":"Eov"},{"mediaId":"4227220634001","endpointUrlHq1":"http://brightcove.vo.llnwd.net/v1/uds/pd/3588749423001/201505/3641/3588749423001_4227445738001_MATCH-45-DD-2ND-SIX.mp4","endpointUrlHq2":"http://brightcove.vo.llnwd.net/v1/uds/pd/3588749423001/201505/2641/3588749423001_4227445725001_MATCH-45-DD-2ND-SIX.mp4","endpointUrlAlt":"http://c.brightcove.com/services/mobile/streaming/index/rendition.m3u8?assetId=4227457600001","title":"M45: DD vs SRH – Saurabh Tiwary Six","largeThumbnail":"http://brightcove.vo.llnwd.net/v1/unsecured/media/3588749423001/201505/641/3588749423001_4227445739001_vs-554e41c9e4b0a5e584491a82-782203291001.jpg?pubId=3588749423001","duration":28960,"endpointUrl":"http://brightcove.vo.llnwd.net/v1/uds/pd/3588749423001/201505/1641/3588749423001_4227445724001_MATCH-45-DD-2ND-SIX.mp4","smallThumbnail":"http://brightcove.vo.llnwd.net/v1/unsecured/media/3588749423001/201505/1641/3588749423001_4227445740001_th-554e41c9e4b0a5e584491a82-782203291001.jpg?pubId=3588749423001","description":null,"endpointUrlMq":"http://brightcove.vo.llnwd.net/v1/uds/pd/3588749423001/201505/225/3588749423001_4227457599001_MATCH-45-DD-2ND-SIX.mp4","endpointUrlHq3":"http://brightcove.vo.llnwd.net/v1/uds/pd/3588749423001/201505/2249/3588749423001_4227458636001_MATCH-45-DD-2ND-SIX.mp4","publishDate":1431191999523,"message":{"text":null},"tags":["account:iplt20","2015","ipl2015","six","dd","match:ipl2015-45","playerid 163","IPL 2015","srh","ipl2015-45","innings 2","over 13","ball 5","channel:ipl-match-centre"],"timestamp":1431192441000,"id":1191889,"time":"17:26","updateTime":1431192371215,"sequence":312.0,"type":"Video"},{"bbcode":"M Henriques to K Jadhav, %SPEED% full length outside off stump. He picks up two","thisOver":"2","progress":{"innings":2,"over":15,"ball":1},"speed":33.6611533303532,"subtype":"BBCode","countingProgress":{"innings":2,"over":14,"ball":1},"bowlerId":388,"nonfacingBatsmanId":163,"facingBatsmanId":297,"autoText":"M Henriques to K Jadhav, %SPEED% full length outside off stump. He picks up two","message":{"text":null},"tags":[],"timestamp":1431192260000,"id":1191883,"time":"17:23","updateTime":1431192187042,"sequence":312.5,"type":"Auto"},{"bbcode":"M Henriques to K Jadhav, %SPEED% good length on off stump. He hits a nice boundary","thisOver":"4","progress":{"innings":2,"over":15,"ball":2},"speed":35.6280733124721,"subtype":"BBCode","countingProgress":{"innings":2,"over":14,"ball":2},"bowlerId":388,"nonfacingBatsmanId":163,"facingBatsmanId":297,"autoText":"M Henriques to K Jadhav, %SPEED% good length on off stump. He hits a nice boundary","message":{"text":null},"tags":["four"],"timestamp":1431192260000,"id":1191884,"time":"17:23","updateTime":1431192219522,"sequence":313.5,"type":"Auto"},{"bbcode":"Four! Short down the leg side and that's easy pickings for Jadhav, 100 up for Delhi!","subtype":"BBCode","message":{"text":"<p>Four! Short down the leg side and that's easy pickings for Jadhav, 100 up for Delhi!</p>"},"tags":[],"timestamp":1431192245000,"id":1191885,"time":"17:24","updateTime":1431192245185,"sequence":314.5,"type":"Manual"},{"bbcode":"M Henriques to K Jadhav, no run, %SPEED% short length outside off stump. He doesn't offer a shot","thisOver":".","progress":{"innings":2,"over":15,"ball":3},"speed":29.0724638679283,"subtype":"BBCode","countingProgress":{"innings":2,"over":14,"ball":3},"bowlerId":388,"nonfacingBatsmanId":163,"facingBatsmanId":297,"autoText":"M Henriques to K Jadhav, no run, %SPEED% short length outside off stump. He doesn't offer a shot","message":{"text":null},"tags":[],"timestamp":1431192311000,"id":1191886,"time":"17:24","updateTime":1431192256289,"sequence":315.5,"type":"Auto"},{"bbcode":"M Henriques to K Jadhav, no run, %SPEED% good length just outside off stump. He doesn't offer a shot","thisOver":".","progress":{"innings":2,"over":15,"ball":4},"speed":35.7014980270367,"subtype":"BBCode","countingProgress":{"innings":2,"over":14,"ball":4},"bowlerId":388,"nonfacingBatsmanId":163,"facingBatsmanId":297,"autoText":"M Henriques to K Jadhav, no run, %SPEED% good length just outside off stump. He doesn't offer a shot","message":{"text":null},"tags":[],"timestamp":1431192311000,"id":1191887,"time":"17:24","updateTime":1431192287128,"sequence":316.5,"type":"Auto"},{"bbcode":"M Henriques to K Jadhav, %SPEED% short length just outside off stump. He picks up a single","thisOver":"1","progress":{"innings":2,"over":15,"ball":5},"speed":30.499174138058,"subtype":"BBCode","countingProgress":{"innings":2,"over":14,"ball":5},"bowlerId":388,"nonfacingBatsmanId":163,"facingBatsmanId":297,"autoText":"M Henriques to K Jadhav, %SPEED% short length just outside off stump. He picks up a single","message":{"text":null},"tags":[],"timestamp":1431192383000,"id":1191888,"time":"17:25","updateTime":1431192318430,"sequence":317.5,"type":"Auto"},{"bbcode":"M Henriques to S Tiwary, no run, %SPEED% short length outside off stump. He doesn't offer a shot","thisOver":".","progress":{"innings":2,"over":15,"ball":6},"speed":37.0609177758818,"subtype":"BBCode","countingProgress":{"innings":2,"over":14,"ball":6},"bowlerId":388,"nonfacingBatsmanId":297,"facingBatsmanId":163,"autoText":"M Henriques to S Tiwary, no run, %SPEED% short length outside off stump. He doesn't offer a shot","message":{"text":null},"tags":[],"timestamp":1431192444000,"id":1191890,"time":"17:26","updateTime":1431192375549,"sequence":319.5,"type":"Auto"},{"innings":2,"over":15,"overRuns":7,"overWickets":0,"inningsRuns":104,"inningsWickets":4,"inningsAllOut":false,"team":{"id":3,"fullName":"Delhi Daredevils","shortName":"Daredevils","abbreviation":"DD","primaryColor":"B22E2A","secondaryColor":"FFFFFF","type":"m"},"batsmanSummaries":[{"batsman":{"id":163,"fullName":"Saurabh Tiwary","shortName":"S Tiwary","nationality":"Indian","rightHandedBat":false,"dateOfBirth":630979200000,"names":["Saurabh Tiwary","S Tiwary"]},"runs":14,"balls":14,"fours":1,"sixes":1},{"batsman":{"id":297,"fullName":"Kedar Jadhav","shortName":"K Jadhav","nationality":"Indian","rightHandedBat":true,"dateOfBirth":480643200000,"names":["Kedar Jadhav","K Jadhav"]},"runs":25,"balls":15,"fours":4,"sixes":0}],"activeBatsman":297,"bowlerSummary":{"bowler":{"id":388,"fullName":"Moises Henriques","shortName":"M Henriques","nationality":"Australian","rightHandedBat":true,"dateOfBirth":539136000000,"names":["Moises Henriques","M Henriques"]},"overs":"2","runs":14,"wickets":0,"maidens":0},"inningsBalls":90,"inningsMaxBalls":120,"inningsTarget":164,"message":{"text":null},"tags":[],"timestamp":1431192375000,"id":1191891,"time":"17:26","updateTime":1431192375726,"sequence":320.5,"type":"Eov"},{"bbcode":"Strategic Timeout - 59 needed off the final 5 overs, 12 an over is some ask on this desk but Delhi have built some momentum in the last few overs and they could still pull this off.","subtype":"BBCode","message":{"text":"<p>Strategic Timeout - 59 needed off the final 5 overs, 12 an over is some ask on this desk but Delhi have built some momentum in the last few overs and they could still pull this off.</p>"},"tags":[],"timestamp":1431192437000,"id":1191892,"time":"17:27","updateTime":1431192437027,"sequence":321.5,"type":"Manual"},{"subtype":"EmbeddedTweet","tweetjson":{"created_at":"Sat May 09 17:27:22 +0000 2015","id":597090495949508609,"id_str":"597090495949508609","text":"Kedar Jadhav is playing little gem of an innings #DDvSRH #PepsiIPL #eit20","source":"<a href=\"https://mobile.twitter.com\" rel=\"nofollow\">Mobile Web (M5)</a>","truncated":false,"in_reply_to_status_id":null,"in_reply_to_status_id_str":null,"in_reply_to_user_id":null,"in_reply_to_user_id_str":null,"in_reply_to_screen_name":null,"user":{"id":148756073,"id_str":"148756073","name":"Ratnesh Pathak","screen_name":"rkp_lola","location":"","description":"Gauche, stubborn & rude...every topic concerning everything drives me...don't know why but it really does...","url":null,"entities":{"description":{"urls":[]}},"protected":false,"followers_count":10,"friends_count":38,"listed_count":0,"created_at":"Thu May 27 14:31:55 +0000 2010","favourites_count":54,"utc_offset":null,"time_zone":null,"geo_enabled":false,"verified":false,"statuses_count":737,"lang":"en","contributors_enabled":false,"is_translator":false,"is_translation_enabled":false,"profile_background_color":"022330","profile_background_image_url":"http://abs.twimg.com/images/themes/theme15/bg.png","profile_background_image_url_https":"https://abs.twimg.com/images/themes/theme15/bg.png","profile_background_tile":false,"profile_image_url":"http://pbs.twimg.com/profile_images/587696333038886912/8VtmMrnL_normal.jpg","profile_image_url_https":"https://pbs.twimg.com/profile_images/587696333038886912/8VtmMrnL_normal.jpg","profile_banner_url":"https://pbs.twimg.com/profile_banners/148756073/1428953357","profile_link_color":"0084B4","profile_sidebar_border_color":"A8C7F7","profile_sidebar_fill_color":"C0DFEC","profile_text_color":"333333","profile_use_background_image":true,"default_profile":false,"default_profile_image":false,"following":false,"follow_request_sent":false,"notifications":false},"geo":null,"coordinates":null,"place":null,"contributors":null,"retweet_count":0,"favorite_count":0,"entities":{"hashtags":[{"text":"DDvSRH","indices":[49,56]},{"text":"PepsiIPL","indices":[57,66]},{"text":"eit20","indices":[67,73]}],"symbols":[],"user_mentions":[],"urls":[]},"favorited":false,"retweeted":false,"lang":"en"},"message":{"text":"<blockquote class=\"twitter-tweet\" data-partner=\"tweetdeck\">\n<p lang=\"en\" dir=\"ltr\">Kedar Jadhav is playing little gem of an innings <a href=\"https://twitter.com/hashtag/DDvSRH?src=hash\">#DDvSRH</a> <a href=\"https://twitter.com/hashtag/PepsiIPL?src=hash\">#PepsiIPL</a> <a href=\"https://twitter.com/hashtag/eit20?src=hash\">#eit20</a></p>\n&mdash; Ratnesh Pathak (@rkp_lola) <a href=\"https://twitter.com/rkp_lola/status/597090495949508609\">May 9, 2015</a></blockquote>\n<script charset=\"utf-8\" type=\"text/javascript\" src=\"http://platform.twitter.com/widgets.js\"></script>"},"tags":[],"timestamp":1431192456000,"id":1191895,"time":"17:27","updateTime":1431192456209,"sequence":322.5,"type":"Manual"},{"bbcode":"P Kumar to K Jadhav, %SPEED% full length just outside off stump. He hits a great shot, that has gone all the way","thisOver":"6","progress":{"innings":2,"over":16,"ball":1},"speed":37.5704937762055,"subtype":"BBCode","countingProgress":{"innings":2,"over":15,"ball":1},"bowlerId":77,"nonfacingBatsmanId":163,"facingBatsmanId":297,"autoText":"P Kumar to K Jadhav, %SPEED% full length just outside off stump. He hits a great shot, that has gone all the way","message":{"text":null},"tags":["six"],"timestamp":1431192858000,"id":1191896,"time":"17:30","updateTime":1431192615047,"sequence":323.5,"type":"Auto"},{"bbcode":"[b]Six! [/b]Glorious from Jadhav! Just eases the inside out cover drive all the way for six!","subtype":"BBCode","message":{"text":"<p><strong>Six!&nbsp;</strong>Glorious from Jadhav! Just eases the inside out cover drive all the way for six!</p>"},"tags":[],"timestamp":1431192670000,"id":1191897,"time":"17:30","updateTime":1431192656225,"sequence":324.5,"type":"Manual"},{"bbcode":"P Kumar to K Jadhav, %SPEED% full length just outside off stump. He hits a nice boundary","thisOver":"4","progress":{"innings":2,"over":16,"ball":2},"speed":35.091640590076,"subtype":"BBCode","countingProgress":{"innings":2,"over":15,"ball":2},"bowlerId":77,"nonfacingBatsmanId":163,"facingBatsmanId":297,"autoText":"P Kumar to K Jadhav, %SPEED% full length just outside off stump. He hits a nice boundary","message":{"text":null},"tags":["four"],"timestamp":1431192746000,"id":1191898,"time":"17:31","updateTime":1431192670432,"sequence":325.5,"type":"Auto"},{"bbcode":"Four! Now Jadhav cracks it straight as an arrow down the ground for four!","subtype":"BBCode","message":{"text":"<p>Four! Now Jadhav cracks it straight as an arrow down the ground for four!</p>"},"tags":[],"timestamp":1431192703000,"id":1191899,"time":"17:31","updateTime":1431192690374,"sequence":326.5,"type":"Manual"},{"bbcode":"P Kumar to K Jadhav, %SPEED% full toss on leg stump. He hits a great shot, that has gone all the way","thisOver":"6","progress":{"innings":2,"over":16,"ball":3},"speed":33.6726479503657,"subtype":"BBCode","countingProgress":{"innings":2,"over":15,"ball":3},"bowlerId":77,"nonfacingBatsmanId":163,"facingBatsmanId":297,"autoText":"P Kumar to K Jadhav, %SPEED% full toss on leg stump. He hits a great shot, that has gone all the way","message":{"text":null},"tags":["six"],"timestamp":1431192746000,"id":1191900,"time":"17:31","updateTime":1431192703360,"sequence":327.5,"type":"Auto"},{"bbcode":"[b]Six![/b] Gift! Full toss and Jadhav accepts it gratefully on the pull shot!","subtype":"BBCode","message":{"text":"<p><strong>Six!</strong> Gift! Full toss and Jadhav accepts it gratefully on the pull shot!</p>"},"tags":[],"timestamp":1431192729000,"id":1191901,"time":"17:32","updateTime":1431192729282,"sequence":328.5,"type":"Manual"},{"bbcode":"P Kumar to K Jadhav, %SPEED% short length outside off stump. He picks up a single","thisOver":"1","progress":{"innings":2,"over":16,"ball":4},"speed":35.7174787662047,"subtype":"BBCode","countingProgress":{"innings":2,"over":15,"ball":4},"bowlerId":77,"nonfacingBatsmanId":163,"facingBatsmanId":297,"autoText":"P Kumar to K Jadhav, %SPEED% short length outside off stump. He picks up a single","message":{"text":null},"tags":[],"timestamp":1431192807000,"id":1191902,"time":"17:32","updateTime":1431192738535,"sequence":329.5,"type":"Auto"},{"bbcode":"P Kumar to S Tiwary, Wide delivery","thisOver":"1Wd","progress":{"innings":2,"over":16,"ball":5},"speed":28.7794343745731,"subtype":"BBCode","countingProgress":{"innings":2,"over":15,"ball":5},"bowlerId":77,"nonfacingBatsmanId":297,"facingBatsmanId":163,"autoText":"P Kumar to S Tiwary, Wide delivery","message":{"text":null},"tags":[],"timestamp":1431192778000,"id":1191903,"time":"17:32","updateTime":1431192775638,"sequence":330.5,"type":"Auto"},{"bbcode":"P Kumar to S Tiwary, %SPEED% full length going down leg. He picks up two","thisOver":"2","progress":{"innings":2,"over":16,"ball":6},"speed":34.3102946700088,"subtype":"BBCode","countingProgress":{"innings":2,"over":15,"ball":5},"bowlerId":77,"nonfacingBatsmanId":297,"facingBatsmanId":163,"autoText":"P Kumar to S Tiwary, %SPEED% full length going down leg. He picks up two","message":{"text":null},"tags":[],"timestamp":1431192858000,"id":1191904,"time":"17:33","updateTime":1431192802159,"sequence":331.5,"type":"Auto"},{"bbcode":"P Kumar to S Tiwary, %SPEED% short length going down leg. He picks up two","thisOver":"2","progress":{"innings":2,"over":16,"ball":7},"speed":29.631799362363,"subtype":"BBCode","countingProgress":{"innings":2,"over":15,"ball":6},"bowlerId":77,"nonfacingBatsmanId":297,"facingBatsmanId":163,"autoText":"P Kumar to S Tiwary, %SPEED% short length going down leg. He picks up two","message":{"text":null},"tags":[],"timestamp":1431192909000,"id":1191905,"time":"17:33","updateTime":1431192833021,"sequence":332.5,"type":"Auto"},{"innings":2,"over":16,"overRuns":22,"overWickets":0,"inningsRuns":126,"inningsWickets":4,"inningsAllOut":false,"team":{"id":3,"fullName":"Delhi Daredevils","shortName":"Daredevils","abbreviation":"DD","primaryColor":"B22E2A","secondaryColor":"FFFFFF","type":"m"},"batsmanSummaries":[{"batsman":{"id":163,"fullName":"Saurabh Tiwary","shortName":"S Tiwary","nationality":"Indian","rightHandedBat":false,"dateOfBirth":630979200000,"names":["Saurabh Tiwary","S Tiwary"]},"runs":18,"balls":16,"fours":1,"sixes":1},{"batsman":{"id":297,"fullName":"Kedar Jadhav","shortName":"K Jadhav","nationality":"Indian","rightHandedBat":true,"dateOfBirth":480643200000,"names":["Kedar Jadhav","K Jadhav"]},"runs":42,"balls":19,"fours":5,"sixes":2}],"activeBatsman":297,"bowlerSummary":{"bowler":{"id":77,"fullName":"Praveen Kumar","shortName":"P Kumar","nationality":"Indian","rightHandedBat":false,"dateOfBirth":528595200000,"names":["Praveen Kumar","P Kumar"]},"overs":"2","runs":34,"wickets":0,"maidens":0},"inningsBalls":96,"inningsMaxBalls":120,"inningsTarget":164,"message":{"text":null},"tags":[],"timestamp":1431192859000,"id":1191906,"time":"17:33","updateTime":1431192833282,"sequence":333.5,"type":"Eov"},{"mediaId":"4227220635001","endpointUrlHq1":"http://brightcove.vo.llnwd.net/v1/uds/pd/3588749423001/201505/2825/3588749423001_4227483800001_MATCH-45-DD-3RD-SIX.mp4","endpointUrlHq2":"http://brightcove.vo.llnwd.net/v1/uds/pd/3588749423001/201505/3825/3588749423001_4227483801001_MATCH-45-DD-3RD-SIX.mp4","endpointUrlAlt":"http://c.brightcove.com/services/mobile/streaming/index/rendition.m3u8?assetId=4227484383001","title":"M45: DD vs SRH – Kedar Jadhav Six","largeThumbnail":"http://brightcove.vo.llnwd.net/v1/unsecured/media/3588749423001/201505/825/3588749423001_4227483802001_vs-554e453ee4b0a5e584491a8c-1592194019001.jpg?pubId=3588749423001","duration":28445,"endpointUrl":"http://brightcove.vo.llnwd.net/v1/uds/pd/3588749423001/201505/3895/3588749423001_4227484384001_MATCH-45-DD-3RD-SIX.mp4","smallThumbnail":"http://brightcove.vo.llnwd.net/v1/unsecured/media/3588749423001/201505/1825/3588749423001_4227483803001_th-554e453ee4b0a5e584491a8c-1592194019001.jpg?pubId=3588749423001","description":null,"endpointUrlMq":"http://brightcove.vo.llnwd.net/v1/uds/pd/3588749423001/201505/3599/3588749423001_4227426305001_MATCH-45-DD-3RD-SIX.mp4","endpointUrlHq3":"http://brightcove.vo.llnwd.net/v1/uds/pd/3588749423001/201505/1071/3588749423001_4227482129001_MATCH-45-DD-3RD-SIX.mp4","publishDate":1431192884814,"message":{"text":null},"tags":["account:iplt20","2015","over 16","ipl2015","six","dd","match:ipl2015-45","IPL 2015","srh","ipl2015-45","innings 2","ball 1","channel:ipl-match-centre","playerid 297"],"timestamp":1431192992000,"id":1191910,"time":"17:36","updateTime":1431192985032,"sequence":334.0,"type":"Video"},{"bbcode":"A massive over for Delhi and they now require 38 from 24 balls...","subtype":"BBCode","message":{"text":"<p>A massive over for Delhi and they now require 38 from 24 balls...</p>"},"tags":[],"timestamp":1431192905000,"id":1191907,"time":"17:35","updateTime":1431192905477,"sequence":334.5,"type":"Manual"},{"bbcode":"B Kumar to K Jadhav, no run, %SPEED% full length outside off stump. He plays and misses","thisOver":".","progress":{"innings":2,"over":17,"ball":1},"speed":37.7963124869072,"subtype":"BBCode","countingProgress":{"innings":2,"over":16,"ball":1},"bowlerId":116,"nonfacingBatsmanId":163,"facingBatsmanId":297,"autoText":"B Kumar to K Jadhav, no run, %SPEED% full length outside off stump. He plays and misses","message":{"text":null},"tags":[],"timestamp":1431192940000,"id":1191908,"time":"17:35","updateTime":1431192933691,"sequence":335.5,"type":"Auto"},{"bbcode":"B Kumar to K Jadhav, no run, %SPEED% full length just outside off stump. He plays and misses","thisOver":".","progress":{"innings":2,"over":17,"ball":2},"speed":36.8606766886016,"subtype":"BBCode","countingProgress":{"innings":2,"over":16,"ball":2},"bowlerId":116,"nonfacingBatsmanId":163,"facingBatsmanId":297,"autoText":"B Kumar to K Jadhav, no run, %SPEED% full length just outside off stump. He plays and misses","message":{"text":null},"tags":[],"timestamp":1431192976000,"id":1191909,"time":"17:36","updateTime":1431192968368,"sequence":336.5,"type":"Auto"},{"bbcode":"B Kumar to K Jadhav, %SPEED% full toss outside off stump. He hits a nice boundary","thisOver":"4","progress":{"innings":2,"over":17,"ball":3},"speed":36.2986142154671,"subtype":"BBCode","countingProgress":{"innings":2,"over":16,"ball":3},"bowlerId":116,"nonfacingBatsmanId":163,"facingBatsmanId":297,"autoText":"B Kumar to K Jadhav, %SPEED% full toss outside off stump. He hits a nice boundary","message":{"text":null},"tags":["four"],"timestamp":1431193041000,"id":1191913,"time":"17:36","updateTime":1431193005093,"sequence":337.5,"type":"Auto"},{"bbcode":"Four! Low full toss outside off and Jadhav just helps it past short third man!","subtype":"BBCode","message":{"text":"<p>Four! Low full toss outside off and Jadhav just helps it past short third man!</p>"},"tags":[],"timestamp":1431193033000,"id":1191914,"time":"17:37","updateTime":1431193033167,"sequence":338.5,"type":"Manual"},{"bbcode":"B Kumar to K Jadhav, no run, %SPEED% full length outside off stump. He plays and misses","thisOver":".","progress":{"innings":2,"over":17,"ball":4},"speed":36.8018860617712,"subtype":"BBCode","countingProgress":{"innings":2,"over":16,"ball":4},"bowlerId":116,"nonfacingBatsmanId":163,"facingBatsmanId":297,"autoText":"B Kumar to K Jadhav, no run, %SPEED% full length outside off stump. He plays and misses","message":{"text":null},"tags":[],"timestamp":1431193086000,"id":1191915,"time":"17:37","updateTime":1431193077268,"sequence":339.5,"type":"Auto"},{"bbcode":"B Kumar to K Jadhav, %SPEED% full length outside off stump. He hits a nice boundary","thisOver":"4","progress":{"innings":2,"over":17,"ball":5},"speed":39.2496718159308,"subtype":"BBCode","countingProgress":{"innings":2,"over":16,"ball":5},"bowlerId":116,"nonfacingBatsmanId":163,"facingBatsmanId":297,"autoText":"B Kumar to K Jadhav, %SPEED% full length outside off stump. He hits a nice boundary","message":{"text":null},"tags":["four"],"timestamp":1431193174000,"id":1191916,"time":"17:38","updateTime":1431193104658,"sequence":340.5,"type":"Auto"},{"bbcode":"[b]50 for Kedar Jadhav[/b]","subtype":"BBCode","message":{"text":"<p><strong>50 for Kedar Jadhav</strong></p>"},"tags":[],"timestamp":1431193146000,"id":1191920,"time":"17:39","updateTime":1431193145089,"sequence":341.0,"type":"Manual"},{"bbcode":"Four! Another wide delivery and Jadhav gets it away on the stretch past point!","subtype":"BBCode","message":{"text":"<p>Four! Another wide delivery and Jadhav gets it away on the stretch past point!</p>"},"tags":[],"timestamp":1431193166000,"id":1191917,"time":"17:38","updateTime":1431193126550,"sequence":341.5,"type":"Manual"},{"bbcode":"B Kumar to K Jadhav, %SPEED% full length outside off stump. He picks up a single","thisOver":"1","progress":{"innings":2,"over":17,"ball":6},"speed":38.6314702585098,"subtype":"BBCode","countingProgress":{"innings":2,"over":16,"ball":6},"bowlerId":116,"nonfacingBatsmanId":163,"facingBatsmanId":297,"autoText":"B Kumar to K Jadhav, %SPEED% full length outside off stump. He picks up a single","message":{"text":null},"tags":[],"timestamp":1431193225000,"id":1191918,"time":"17:38","updateTime":1431193136956,"sequence":342.5,"type":"Auto"},{"innings":2,"over":17,"overRuns":9,"overWickets":0,"inningsRuns":135,"inningsWickets":4,"inningsAllOut":false,"team":{"id":3,"fullName":"Delhi Daredevils","shortName":"Daredevils","abbreviation":"DD","primaryColor":"B22E2A","secondaryColor":"FFFFFF","type":"m"},"batsmanSummaries":[{"batsman":{"id":297,"fullName":"Kedar Jadhav","shortName":"K Jadhav","nationality":"Indian","rightHandedBat":true,"dateOfBirth":480643200000,"names":["Kedar Jadhav","K Jadhav"]},"runs":51,"balls":25,"fours":7,"sixes":2},{"batsman":{"id":163,"fullName":"Saurabh Tiwary","shortName":"S Tiwary","nationality":"Indian","rightHandedBat":false,"dateOfBirth":630979200000,"names":["Saurabh Tiwary","S Tiwary"]},"runs":18,"balls":16,"fours":1,"sixes":1}],"activeBatsman":297,"bowlerSummary":{"bowler":{"id":116,"fullName":"Bhuvneshwar Kumar","shortName":"B Kumar","nationality":"Indian","rightHandedBat":false,"dateOfBirth":660355200000,"names":["Bhuvneshwar Kumar","B Kumar"]},"overs":"3","runs":16,"wickets":1,"maidens":0},"inningsBalls":102,"inningsMaxBalls":120,"inningsTarget":164,"message":{"text":null},"tags":[],"timestamp":1431193137000,"id":1191919,"time":"17:38","updateTime":1431193137139,"sequence":343.5,"type":"Eov"},{"bbcode":"Delhi have to be favourites from here, 29 from 18...","subtype":"BBCode","message":{"text":"<p>Delhi have to be favourites from here, 29 from 18...</p>"},"tags":[],"timestamp":1431193186000,"id":1191922,"time":"17:39","updateTime":1431193186691,"sequence":344.5,"type":"Manual"},{"bbcode":"I Sharma to K Jadhav, %SPEED% short length on middle stump. He plays and misses","thisOver":"4","progress":{"innings":2,"over":18,"ball":1},"speed":36.8350469378632,"subtype":"BBCode","countingProgress":{"innings":2,"over":17,"ball":1},"bowlerId":38,"nonfacingBatsmanId":163,"facingBatsmanId":297,"autoText":"I Sharma to K Jadhav, %SPEED% short length on middle stump. He plays and misses","message":{"text":null},"tags":["four"],"timestamp":1431193338000,"id":1191923,"time":"17:41","updateTime":1431193278007,"sequence":345.5,"type":"Auto"},{"bbcode":"Four! Jadhav comes down the track and gets a huge top edge over the keeper for four!","subtype":"BBCode","message":{"text":"<p>Four! Jadhav comes down the track and gets a huge top edge over the keeper for four!</p>"},"tags":[],"timestamp":1431193326000,"id":1191925,"time":"17:42","updateTime":1431193325296,"sequence":346.0,"type":"Manual"},{"bbcode":"I Sharma to K Jadhav, %SPEED% good length on off stump. He picks up a single","thisOver":"1","progress":{"innings":2,"over":18,"ball":2},"speed":39.6475147653496,"subtype":"BBCode","countingProgress":{"innings":2,"over":17,"ball":2},"bowlerId":38,"nonfacingBatsmanId":163,"facingBatsmanId":297,"autoText":"I Sharma to K Jadhav, %SPEED% good length on off stump. He picks up a single","message":{"text":null},"tags":[],"timestamp":1431193409000,"id":1191924,"time":"17:41","updateTime":1431193316900,"sequence":346.5,"type":"Auto"},{"bbcode":"I Sharma to S Tiwary, no run, %SPEED% short length just outside off stump. He plays and misses","thisOver":".","progress":{"innings":2,"over":18,"ball":3},"speed":38.3275157474059,"subtype":"BBCode","countingProgress":{"innings":2,"over":17,"ball":3},"bowlerId":38,"nonfacingBatsmanId":297,"facingBatsmanId":163,"autoText":"I Sharma to S Tiwary, no run, %SPEED% short length just outside off stump. He plays and misses","message":{"text":null},"tags":[],"timestamp":1431193402000,"id":1191927,"time":"17:43","updateTime":1431193384616,"sequence":347.5,"type":"Auto"},{"bbcode":"I Sharma to S Tiwary, no run, %SPEED% full toss on middle stump. He doesn't offer a shot","thisOver":".","progress":{"innings":2,"over":18,"ball":4},"speed":40.5659969398465,"subtype":"BBCode","countingProgress":{"innings":2,"over":17,"ball":4},"bowlerId":38,"nonfacingBatsmanId":297,"facingBatsmanId":163,"autoText":"I Sharma to S Tiwary, no run, %SPEED% full toss on middle stump. He doesn't offer a shot","message":{"text":null},"tags":[],"timestamp":1431193521000,"id":1191928,"time":"17:44","updateTime":1431193440430,"sequence":348.5,"type":"Auto"},{"bbcode":"Close! Saurabh digs out the yorker and suddenly sets off when there is never a run on! Ishant has all three to aim at but he misses!","subtype":"BBCode","message":{"text":"<p>Close! Saurabh digs out the yorker and suddenly sets off when there is never a run on! Ishant has all three to aim at but he misses!</p>"},"tags":[],"timestamp":1431193473000,"id":1191929,"time":"17:44","updateTime":1431193473491,"sequence":349.5,"type":"Manual"}]}