{"fragment":7,"updateTime":1431265579000,"matchId":{"id":3271,"name":"ipl2015-46 - MI vs. RCB","matchIdName":"ipl2015-46"},"commentaries":[{"bbcode":"H Patel to K Pollard, %SPEED% short length just outside off stump. He hits a great shot, that has gone all the way","thisOver":"6","progress":{"innings":2,"over":11,"ball":6},"speed":36.5725969315773,"subtype":"BBCode","countingProgress":{"innings":2,"over":10,"ball":6},"bowlerId":157,"nonfacingBatsmanId":595,"facingBatsmanId":210,"autoText":"H Patel to K Pollard, %SPEED% short length just outside off stump. He hits a great shot, that has gone all the way","message":{"text":null},"tags":["six"],"timestamp":1431263894000,"id":1192341,"time":"13:18","updateTime":1431263894823,"sequence":300.5,"type":"Auto"},{"bbcode":"[b]Six![/b] Massive from Pollard, sends the pull shot miles into the sky and it lands ten rows back at mid-wicket!","subtype":"BBCode","message":{"text":"<p><strong>Six!</strong> Massive from Pollard, sends the pull shot miles into the sky and it lands ten rows back at mid-wicket!</p>"},"tags":[],"timestamp":1431263904000,"id":1192343,"time":"13:18","updateTime":1431263902547,"sequence":301.0,"type":"Manual"},{"innings":2,"over":11,"overRuns":14,"overWickets":0,"inningsRuns":97,"inningsWickets":2,"inningsAllOut":false,"team":{"id":6,"fullName":"Mumbai Indians","shortName":"Mumbai","abbreviation":"MI","primaryColor":"00AEEF","secondaryColor":"FFFFFF","type":"m"},"batsmanSummaries":[{"batsman":{"id":210,"fullName":"Kieron Pollard","shortName":"K Pollard","nationality":"West Indian","rightHandedBat":true,"dateOfBirth":547776000000,"names":["Kieron Pollard","K Pollard"]},"runs":24,"balls":11,"fours":3,"sixes":1},{"batsman":{"id":595,"fullName":"Lendl Simmons","shortName":"L Simmons","nationality":"West Indian","rightHandedBat":true,"dateOfBirth":475459200000,"names":["Lendl Simmons","L Simmons"]},"runs":36,"balls":31,"fours":3,"sixes":1}],"activeBatsman":595,"bowlerSummary":{"bowler":{"id":157,"fullName":"Harshal Patel","shortName":"H Patel","nationality":"Indian","rightHandedBat":false,"dateOfBirth":659318400000,"names":["Harshal Patel","H Patel"]},"overs":"3","runs":26,"wickets":1,"maidens":0},"inningsBalls":66,"inningsMaxBalls":120,"inningsTarget":236,"message":{"text":null},"tags":[],"timestamp":1431263895000,"id":1192342,"time":"13:18","updateTime":1431263895007,"sequence":301.5,"type":"Eov"},{"mediaId":"4228062656001","endpointUrlHq1":"http://brightcove.vo.llnwd.net/v1/uds/pd/3588749423001/201505/2793/3588749423001_4228151432001_M46-MI-2ND-WKT.mp4","endpointUrlHq2":"http://brightcove.vo.llnwd.net/v1/uds/pd/3588749423001/201505/1713/3588749423001_4228145217001_M46-MI-2ND-WKT.mp4","endpointUrlAlt":"http://c.brightcove.com/services/mobile/streaming/index/rendition.m3u8?assetId=4228152093001","title":"M46: MI vs RCB – Rohit Sharma Wicket","largeThumbnail":"http://brightcove.vo.llnwd.net/v1/unsecured/media/3588749423001/201505/567/3588749423001_4228085792001_video-still-for-video-4228062656001.jpg?pubId=3588749423001","duration":25403,"endpointUrl":"http://brightcove.vo.llnwd.net/v1/uds/pd/3588749423001/201505/3433/3588749423001_4228152092001_M46-MI-2ND-WKT.mp4","smallThumbnail":"http://brightcove.vo.llnwd.net/v1/unsecured/media/3588749423001/201505/1567/3588749423001_4228085791001_thumbnail-for-video-4228062656001.jpg?pubId=3588749423001","description":null,"endpointUrlMq":"http://brightcove.vo.llnwd.net/v1/uds/pd/3588749423001/201505/3175/3588749423001_4228146602001_M46-MI-2ND-WKT.mp4","endpointUrlHq3":"http://brightcove.vo.llnwd.net/v1/uds/pd/3588749423001/201505/519/3588749423001_4228145218001_M46-MI-2ND-WKT.mp4","publishDate":1431263275709,"message":{"text":null},"tags":["playerid 107","account:iplt20","2015","over 9","ipl2015","match:ipl2015-46","IPL 2015","innings 2","ball 1","ipl2015-46","wicket","channel:ipl-match-centre","mi","rcb"],"timestamp":1431264061000,"id":1192347,"time":"13:20","updateTime":1431264048142,"sequence":302.0,"type":"Video"},{"subtype":"EmbeddedTweet","tweetjson":{"created_at":"Sun May 10 13:17:30 +0000 2015","id":597390002633383936,"id_str":"597390002633383936","text":"The wave of blue at the Wankhede stadium #MIvRCB looks awesome","source":"<a href=\"http://twitter.com/download/iphone\" rel=\"nofollow\">Twitter for iPhone</a>","truncated":false,"in_reply_to_status_id":null,"in_reply_to_status_id_str":null,"in_reply_to_user_id":null,"in_reply_to_user_id_str":null,"in_reply_to_screen_name":null,"user":{"id":301524305,"id_str":"301524305","name":"RG","screen_name":"Rage5488","location":"Mumbai ","description":"#Cricket lover #Street food freak #Bike #lovespeed","url":null,"entities":{"description":{"urls":[]}},"protected":false,"followers_count":84,"friends_count":136,"listed_count":0,"created_at":"Thu May 19 16:26:13 +0000 2011","favourites_count":72,"utc_offset":19800,"time_zone":"Kolkata","geo_enabled":true,"verified":false,"statuses_count":615,"lang":"en","contributors_enabled":false,"is_translator":false,"is_translation_enabled":false,"profile_background_color":"ACDED6","profile_background_image_url":"http://abs.twimg.com/images/themes/theme18/bg.gif","profile_background_image_url_https":"https://abs.twimg.com/images/themes/theme18/bg.gif","profile_background_tile":false,"profile_image_url":"http://pbs.twimg.com/profile_images/514846426946228224/0nuWc7Ib_normal.jpeg","profile_image_url_https":"https://pbs.twimg.com/profile_images/514846426946228224/0nuWc7Ib_normal.jpeg","profile_banner_url":"https://pbs.twimg.com/profile_banners/301524305/1411583926","profile_link_color":"038543","profile_sidebar_border_color":"EEEEEE","profile_sidebar_fill_color":"F6F6F6","profile_text_color":"333333","profile_use_background_image":true,"default_profile":false,"default_profile_image":false,"following":false,"follow_request_sent":false,"notifications":false},"geo":null,"coordinates":null,"place":null,"contributors":null,"retweet_count":0,"favorite_count":0,"entities":{"hashtags":[{"text":"MIvRCB","indices":[41,48]}],"symbols":[],"user_mentions":[],"urls":[]},"favorited":false,"retweeted":false,"lang":"en"},"message":{"text":"<blockquote class=\"twitter-tweet\" data-partner=\"tweetdeck\">\n<p lang=\"en\" dir=\"ltr\">The wave of blue at the Wankhede stadium <a href=\"https://twitter.com/hashtag/MIvRCB?src=hash\">#MIvRCB</a> looks awesome</p>\n&mdash; RG (@Rage5488) <a href=\"https://twitter.com/Rage5488/status/597390002633383936\">May 10, 2015</a></blockquote>\n<script charset=\"utf-8\" type=\"text/javascript\" src=\"http://platform.twitter.com/widgets.js\"></script>"},"tags":[],"timestamp":1431263928000,"id":1192345,"time":"13:18","updateTime":1431263928985,"sequence":302.5,"type":"Manual"},{"bbcode":"Y Chahal to L Simmons, %SPEED% good length on off stump. He picks up a single","thisOver":"1","progress":{"innings":2,"over":12,"ball":1},"speed":23.6924452391596,"subtype":"BBCode","countingProgress":{"innings":2,"over":11,"ball":1},"bowlerId":111,"nonfacingBatsmanId":210,"facingBatsmanId":595,"autoText":"Y Chahal to L Simmons, %SPEED% good length on off stump. He picks up a single","message":{"text":null},"tags":[],"timestamp":1431264027000,"id":1192346,"time":"13:20","updateTime":1431264027179,"sequence":303.5,"type":"Auto"},{"bbcode":"Y Chahal to K Pollard, %SPEED% good length outside off stump. He hits a great shot, that has gone all the way","thisOver":"6","progress":{"innings":2,"over":12,"ball":2},"speed":23.2512778090388,"subtype":"BBCode","countingProgress":{"innings":2,"over":11,"ball":2},"bowlerId":111,"nonfacingBatsmanId":595,"facingBatsmanId":210,"autoText":"Y Chahal to K Pollard, %SPEED% good length outside off stump. He hits a great shot, that has gone all the way","message":{"text":null},"tags":["six"],"timestamp":1431264088000,"id":1192350,"time":"13:21","updateTime":1431264088160,"sequence":304.5,"type":"Auto"},{"bbcode":"[b]Six![/b] Down the ground from Pollard and this one goes 97m back over long off! 100 up for Mumbai","subtype":"BBCode","message":{"text":"<p><strong>Six!</strong> Down the ground from Pollard and this one goes 97m back over long off! 100 up for Mumbai</p>"},"tags":[],"timestamp":1431264099000,"id":1192352,"time":"13:21","updateTime":1431264097766,"sequence":305.0,"type":"Manual"},{"bbcode":"Y Chahal to K Pollard, %SPEED% short length going down leg. He picks up a single","thisOver":"1","progress":{"innings":2,"over":12,"ball":3},"speed":24.4681427424952,"subtype":"BBCode","countingProgress":{"innings":2,"over":11,"ball":3},"bowlerId":111,"nonfacingBatsmanId":595,"facingBatsmanId":210,"autoText":"Y Chahal to K Pollard, %SPEED% short length going down leg. He picks up a single","message":{"text":null},"tags":[],"timestamp":1431264088000,"id":1192351,"time":"13:21","updateTime":1431264088178,"sequence":305.5,"type":"Auto"},{"bbcode":"Y Chahal to L Simmons, %SPEED% good length going down leg. He picks up a single","thisOver":"1","progress":{"innings":2,"over":12,"ball":4},"speed":24.9134944787204,"subtype":"BBCode","countingProgress":{"innings":2,"over":11,"ball":4},"bowlerId":111,"nonfacingBatsmanId":210,"facingBatsmanId":595,"autoText":"Y Chahal to L Simmons, %SPEED% good length going down leg. He picks up a single","message":{"text":null},"tags":[],"timestamp":1431264139000,"id":1192354,"time":"13:22","updateTime":1431264139054,"sequence":306.5,"type":"Auto"},{"bbcode":"Y Chahal to K Pollard, %SPEED% full length going down leg. He plays and misses","thisOver":"1","progress":{"innings":2,"over":12,"ball":5},"speed":25.0882831600298,"subtype":"BBCode","countingProgress":{"innings":2,"over":11,"ball":5},"bowlerId":111,"nonfacingBatsmanId":595,"facingBatsmanId":210,"autoText":"Y Chahal to K Pollard, %SPEED% full length going down leg. He plays and misses","message":{"text":null},"tags":[],"timestamp":1431264199000,"id":1192355,"time":"13:23","updateTime":1431264199964,"sequence":307.5,"type":"Auto"},{"bbcode":"Y Chahal to L Simmons, %SPEED% good length outside off stump. He hits a great shot, that has gone all the way","thisOver":"6","progress":{"innings":2,"over":12,"ball":6},"speed":23.0105790409465,"subtype":"BBCode","countingProgress":{"innings":2,"over":11,"ball":6},"bowlerId":111,"nonfacingBatsmanId":210,"facingBatsmanId":595,"autoText":"Y Chahal to L Simmons, %SPEED% good length outside off stump. He hits a great shot, that has gone all the way","message":{"text":null},"tags":["six"],"timestamp":1431264199000,"id":1192356,"time":"13:23","updateTime":1431264199978,"sequence":308.5,"type":"Auto"},{"bbcode":"[b]Six![/b] Anything Pollard can do so can Simmons! He finds the top tier down the ground this time with a 96m six of his own to bring up the 50 partnership!","subtype":"BBCode","message":{"text":"<p><strong>Six!</strong> Anything Pollard can do so can Simmons! He finds the top tier down the ground this time with a 96m six of his own to bring up the 50 partnership!</p>"},"tags":[],"timestamp":1431264218000,"id":1192358,"time":"13:23","updateTime":1431264216569,"sequence":309.0,"type":"Manual"},{"innings":2,"over":12,"overRuns":16,"overWickets":0,"inningsRuns":113,"inningsWickets":2,"inningsAllOut":false,"team":{"id":6,"fullName":"Mumbai Indians","shortName":"Mumbai","abbreviation":"MI","primaryColor":"00AEEF","secondaryColor":"FFFFFF","type":"m"},"batsmanSummaries":[{"batsman":{"id":595,"fullName":"Lendl Simmons","shortName":"L Simmons","nationality":"West Indian","rightHandedBat":true,"dateOfBirth":475459200000,"names":["Lendl Simmons","L Simmons"]},"runs":44,"balls":34,"fours":3,"sixes":2},{"batsman":{"id":210,"fullName":"Kieron Pollard","shortName":"K Pollard","nationality":"West Indian","rightHandedBat":true,"dateOfBirth":547776000000,"names":["Kieron Pollard","K Pollard"]},"runs":32,"balls":14,"fours":3,"sixes":2}],"activeBatsman":210,"bowlerSummary":{"bowler":{"id":111,"fullName":"Yuzvendra Chahal","shortName":"Y Chahal","nationality":"Indian","rightHandedBat":true,"dateOfBirth":1330300800000,"names":["Yuzvendra Chahal","Y Chahal"]},"overs":"2","runs":21,"wickets":0,"maidens":0},"inningsBalls":72,"inningsMaxBalls":120,"inningsTarget":236,"message":{"text":null},"tags":[],"timestamp":1431264200000,"id":1192357,"time":"13:23","updateTime":1431264200174,"sequence":309.5,"type":"Eov"},{"bbcode":"M Starc to K Pollard, %SPEED% full length on middle stump. He picks up two","thisOver":"2","progress":{"innings":2,"over":13,"ball":1},"speed":40.1533841542574,"subtype":"BBCode","countingProgress":{"innings":2,"over":12,"ball":1},"bowlerId":490,"nonfacingBatsmanId":595,"facingBatsmanId":210,"autoText":"M Starc to K Pollard, %SPEED% full length on middle stump. He picks up two","message":{"text":null},"tags":[],"timestamp":1431264332000,"id":1192360,"time":"13:25","updateTime":1431264332770,"sequence":310.5,"type":"Auto"},{"bbcode":"M Starc to K Pollard, %SPEED% good length outside off stump. He hits a nice boundary","thisOver":"4","progress":{"innings":2,"over":13,"ball":2},"speed":39.5236214233817,"subtype":"BBCode","countingProgress":{"innings":2,"over":12,"ball":2},"bowlerId":490,"nonfacingBatsmanId":595,"facingBatsmanId":210,"autoText":"M Starc to K Pollard, %SPEED% good length outside off stump. He hits a nice boundary","message":{"text":null},"tags":["four"],"timestamp":1431264332000,"id":1192361,"time":"13:25","updateTime":1431264332788,"sequence":311.5,"type":"Auto"},{"bbcode":"Four! Effortless from Pollard, just guides it up over mid off!","subtype":"BBCode","message":{"text":"<p>Four! Effortless from Pollard, just guides it up over mid off!</p>"},"tags":[],"timestamp":1431264340000,"id":1192362,"time":"13:25","updateTime":1431264340650,"sequence":312.5,"type":"Manual"},{"bbcode":"M Starc to K Pollard, no run, %SPEED% full toss outside off stump. He plays and misses","thisOver":".","progress":{"innings":2,"over":13,"ball":3},"speed":39.6130582292618,"subtype":"BBCode","countingProgress":{"innings":2,"over":12,"ball":3},"bowlerId":490,"nonfacingBatsmanId":595,"facingBatsmanId":210,"autoText":"M Starc to K Pollard, no run, %SPEED% full toss outside off stump. He plays and misses","message":{"text":null},"tags":[],"timestamp":1431264383000,"id":1192363,"time":"13:26","updateTime":1431264383800,"sequence":313.5,"type":"Auto"},{"bbcode":"M Starc to K Pollard, %SPEED% good length just outside off stump. He picks up a single","thisOver":"1","progress":{"innings":2,"over":13,"ball":4},"speed":35.070248515498,"subtype":"BBCode","countingProgress":{"innings":2,"over":12,"ball":4},"bowlerId":490,"nonfacingBatsmanId":595,"facingBatsmanId":210,"autoText":"M Starc to K Pollard, %SPEED% good length just outside off stump. He picks up a single","message":{"text":null},"tags":[],"timestamp":1431264444000,"id":1192364,"time":"13:27","updateTime":1431264444426,"sequence":314.5,"type":"Auto"},{"bbcode":"M Starc to L Simmons, %SPEED% full length just outside off stump. He picks up a single","thisOver":"1","progress":{"innings":2,"over":13,"ball":5},"speed":35.3212077124134,"subtype":"BBCode","countingProgress":{"innings":2,"over":12,"ball":5},"bowlerId":490,"nonfacingBatsmanId":210,"facingBatsmanId":595,"autoText":"M Starc to L Simmons, %SPEED% full length just outside off stump. He picks up a single","message":{"text":null},"tags":[],"timestamp":1431264444000,"id":1192365,"time":"13:27","updateTime":1431264444442,"sequence":315.5,"type":"Auto"},{"bbcode":"M Starc to K Pollard, %SPEED% short length outside off stump. He hits a nice boundary","thisOver":"4","progress":{"innings":2,"over":13,"ball":6},"speed":38.424060858068,"subtype":"BBCode","countingProgress":{"innings":2,"over":12,"ball":6},"bowlerId":490,"nonfacingBatsmanId":595,"facingBatsmanId":210,"autoText":"M Starc to K Pollard, %SPEED% short length outside off stump. He hits a nice boundary","message":{"text":null},"tags":["four"],"timestamp":1431264495000,"id":1192366,"time":"13:28","updateTime":1431264495645,"sequence":316.5,"type":"Auto"},{"bbcode":"Four! Short and Pollard hammers it away through mid-wicket on the pull!","subtype":"BBCode","message":{"text":"<p>Four! Short and Pollard hammers it away through mid-wicket on the pull!</p>"},"tags":[],"timestamp":1431264506000,"id":1192368,"time":"13:28","updateTime":1431264504737,"sequence":317.0,"type":"Manual"},{"innings":2,"over":13,"overRuns":12,"overWickets":0,"inningsRuns":125,"inningsWickets":2,"inningsAllOut":false,"team":{"id":6,"fullName":"Mumbai Indians","shortName":"Mumbai","abbreviation":"MI","primaryColor":"00AEEF","secondaryColor":"FFFFFF","type":"m"},"batsmanSummaries":[{"batsman":{"id":210,"fullName":"Kieron Pollard","shortName":"K Pollard","nationality":"West Indian","rightHandedBat":true,"dateOfBirth":547776000000,"names":["Kieron Pollard","K Pollard"]},"runs":43,"balls":19,"fours":5,"sixes":2},{"batsman":{"id":595,"fullName":"Lendl Simmons","shortName":"L Simmons","nationality":"West Indian","rightHandedBat":true,"dateOfBirth":475459200000,"names":["Lendl Simmons","L Simmons"]},"runs":45,"balls":35,"fours":3,"sixes":2}],"activeBatsman":595,"bowlerSummary":{"bowler":{"id":490,"fullName":"Mitchell Starc","shortName":"M Starc","nationality":"Australian","rightHandedBat":true,"dateOfBirth":633657600000,"names":["Mitchell Starc","M Starc"]},"overs":"3","runs":35,"wickets":0,"maidens":0},"inningsBalls":78,"inningsMaxBalls":120,"inningsTarget":236,"message":{"text":null},"tags":[],"timestamp":1431264495000,"id":1192367,"time":"13:28","updateTime":1431264495816,"sequence":317.5,"type":"Eov"},{"bbcode":"D Wiese to L Simmons, %SPEED% good length outside off stump. He picks up a single","thisOver":"1","progress":{"innings":2,"over":14,"ball":1},"speed":31.6450785433489,"subtype":"BBCode","countingProgress":{"innings":2,"over":13,"ball":1},"bowlerId":869,"nonfacingBatsmanId":210,"facingBatsmanId":595,"autoText":"D Wiese to L Simmons, %SPEED% good length outside off stump. He picks up a single","message":{"text":null},"tags":[],"timestamp":1431264557000,"id":1192370,"time":"13:29","updateTime":1431264550062,"sequence":318.5,"type":"Auto"},{"bbcode":"D Wiese to K Pollard, %SPEED% short length just outside off stump. He picks up a single","thisOver":"1","progress":{"innings":2,"over":14,"ball":2},"speed":35.3256146409547,"subtype":"BBCode","countingProgress":{"innings":2,"over":13,"ball":2},"bowlerId":869,"nonfacingBatsmanId":595,"facingBatsmanId":210,"autoText":"D Wiese to K Pollard, %SPEED% short length just outside off stump. He picks up a single","message":{"text":null},"tags":[],"timestamp":1431264628000,"id":1192371,"time":"13:29","updateTime":1431264550076,"sequence":319.5,"type":"Auto"},{"bbcode":"D Wiese to L Simmons, no run, %SPEED% short length outside off stump. He doesn't offer a shot","thisOver":".","progress":{"innings":2,"over":14,"ball":3},"speed":28.4830826812569,"subtype":"BBCode","countingProgress":{"innings":2,"over":13,"ball":3},"bowlerId":869,"nonfacingBatsmanId":210,"facingBatsmanId":595,"autoText":"D Wiese to L Simmons, no run, %SPEED% short length outside off stump. He doesn't offer a shot","message":{"text":null},"tags":[],"timestamp":1431264628000,"id":1192372,"time":"13:30","updateTime":1431264610409,"sequence":320.5,"type":"Auto"},{"bbcode":"D Wiese to L Simmons, %SPEED% short length outside off stump. He picks up a single","thisOver":"1","progress":{"innings":2,"over":14,"ball":4},"speed":32.1062903734296,"subtype":"BBCode","countingProgress":{"innings":2,"over":13,"ball":4},"bowlerId":869,"nonfacingBatsmanId":210,"facingBatsmanId":595,"autoText":"D Wiese to L Simmons, %SPEED% short length outside off stump. He picks up a single","message":{"text":null},"tags":[],"timestamp":1431264688000,"id":1192373,"time":"13:30","updateTime":1431264634366,"sequence":321.5,"type":"Auto"},{"bbcode":"D Wiese to K Pollard, no run, %SPEED% full length outside off stump. He plays and misses","thisOver":".","progress":{"innings":2,"over":14,"ball":5},"speed":34.6614891037914,"subtype":"BBCode","countingProgress":{"innings":2,"over":13,"ball":5},"bowlerId":869,"nonfacingBatsmanId":595,"facingBatsmanId":210,"autoText":"D Wiese to K Pollard, no run, %SPEED% full length outside off stump. He plays and misses","message":{"text":null},"tags":[],"timestamp":1431264684000,"id":1192374,"time":"13:31","updateTime":1431264677195,"sequence":322.5,"type":"Auto"},{"bbcode":"D Wiese to K Pollard, %SPEED% full toss outside off stump. He picks up a single","thisOver":"1","progress":{"innings":2,"over":14,"ball":6},"speed":30.2637460885114,"subtype":"BBCode","countingProgress":{"innings":2,"over":13,"ball":6},"bowlerId":869,"nonfacingBatsmanId":595,"facingBatsmanId":210,"autoText":"D Wiese to K Pollard, %SPEED% full toss outside off stump. He picks up a single","message":{"text":null},"tags":[],"timestamp":1431264749000,"id":1192375,"time":"13:31","updateTime":1431264694018,"sequence":323.5,"type":"Auto"},{"innings":2,"over":14,"overRuns":4,"overWickets":0,"inningsRuns":129,"inningsWickets":2,"inningsAllOut":false,"team":{"id":6,"fullName":"Mumbai Indians","shortName":"Mumbai","abbreviation":"MI","primaryColor":"00AEEF","secondaryColor":"FFFFFF","type":"m"},"batsmanSummaries":[{"batsman":{"id":210,"fullName":"Kieron Pollard","shortName":"K Pollard","nationality":"West Indian","rightHandedBat":true,"dateOfBirth":547776000000,"names":["Kieron Pollard","K Pollard"]},"runs":45,"balls":22,"fours":5,"sixes":2},{"batsman":{"id":595,"fullName":"Lendl Simmons","shortName":"L Simmons","nationality":"West Indian","rightHandedBat":true,"dateOfBirth":475459200000,"names":["Lendl Simmons","L Simmons"]},"runs":47,"balls":38,"fours":3,"sixes":2}],"activeBatsman":210,"bowlerSummary":{"bowler":{"id":869,"fullName":"David Wiese","shortName":"D Wiese","nationality":"South African","rightHandedBat":true,"dateOfBirth":485222400000,"names":["David Wiese","D Wiese"]},"overs":"3","runs":23,"wickets":0,"maidens":0},"inningsBalls":84,"inningsMaxBalls":120,"inningsTarget":236,"message":{"text":null},"tags":[],"timestamp":1431264694000,"id":1192376,"time":"13:31","updateTime":1431264694183,"sequence":324.5,"type":"Eov"},{"bbcode":"What an over that is from David Wiese, just 4 off it and the required rate is up at 18!","subtype":"BBCode","message":{"text":"<p>What an over that is from David Wiese, just 4 off it and the required rate is up at 18!</p>"},"tags":[],"timestamp":1431264781000,"id":1192377,"time":"13:33","updateTime":1431264781816,"sequence":325.5,"type":"Manual"},{"bbcode":"S Arvind to K Pollard, %SPEED% full length going down leg. He hits a nice boundary","thisOver":"4","progress":{"innings":2,"over":15,"ball":1},"speed":36.4866750385574,"subtype":"BBCode","countingProgress":{"innings":2,"over":14,"ball":1},"bowlerId":162,"nonfacingBatsmanId":595,"facingBatsmanId":210,"autoText":"S Arvind to K Pollard, %SPEED% full length going down leg. He hits a nice boundary","message":{"text":null},"tags":["four"],"timestamp":1431264854000,"id":1192378,"time":"13:33","updateTime":1431264783160,"sequence":326.5,"type":"Auto"},{"bbcode":"Four! Pulled through mid-wicket by Pollard for four more, plenty more of that needed","subtype":"BBCode","message":{"text":"<p>Four! Pulled through mid-wicket by Pollard for four more, plenty more of that needed</p>"},"tags":[],"timestamp":1431264801000,"id":1192379,"time":"13:33","updateTime":1431264801915,"sequence":327.5,"type":"Manual"},{"bbcode":"S Arvind to K Pollard, [b]WICKET!!! K Pollard is out[/b] c Mitchell Starc b Sreenath Arvind","thisOver":"W","progress":{"innings":2,"over":15,"ball":2},"speed":32.4208087482748,"subtype":"BBCode","countingProgress":{"innings":2,"over":14,"ball":2},"bowlerId":162,"nonfacingBatsmanId":595,"facingBatsmanId":210,"autoText":"S Arvind to K Pollard, <b>WICKET!!! K Pollard is out</b> c Mitchell Starc b Sreenath Arvind","message":{"text":null},"tags":["wicket"],"timestamp":1431264837000,"id":1192380,"time":"13:33","updateTime":1431264826161,"sequence":328.5,"type":"Auto"},{"bbcode":"[b]Wicket![/b] Pollard sends it into orbit, Starc is under it at deep cover and he takes a fine catch, big moment!","subtype":"BBCode","message":{"text":"<p><strong>Wicket!</strong> Pollard sends it into orbit, Starc is under it at deep cover and he takes a fine catch, big moment!</p>"},"tags":[],"timestamp":1431264872000,"id":1192381,"time":"13:34","updateTime":1431264866252,"sequence":329.5,"type":"Manual"},{"subtype":"EmbeddedTweet","tweetjson":{"created_at":"Sun May 10 13:34:23 +0000 2015","id":597394253468205058,"id_str":"597394253468205058","text":"Boom thanks for the entertainment Polly","source":"<a href=\"http://twitter.com/download/android\" rel=\"nofollow\">Twitter for Android</a>","truncated":false,"in_reply_to_status_id":null,"in_reply_to_status_id_str":null,"in_reply_to_user_id":null,"in_reply_to_user_id_str":null,"in_reply_to_screen_name":null,"user":{"id":421877419,"id_str":"421877419","name":"Coops","screen_name":"BritneyCooper35","location":"Trinidad","description":"West Indies/Trinidad & Tobago cricketer. In love with Micheal Clarke/Nuwan Kulasekara. Big Chelsea/Sri Lanka/ Bron fan","url":null,"entities":{"description":{"urls":[]}},"protected":false,"followers_count":364,"friends_count":230,"listed_count":8,"created_at":"Sat Nov 26 14:12:06 +0000 2011","favourites_count":8,"utc_offset":-10800,"time_zone":"Brasilia","geo_enabled":true,"verified":false,"statuses_count":12063,"lang":"en","contributors_enabled":false,"is_translator":false,"is_translation_enabled":false,"profile_background_color":"C0DEED","profile_background_image_url":"http://abs.twimg.com/images/themes/theme1/bg.png","profile_background_image_url_https":"https://abs.twimg.com/images/themes/theme1/bg.png","profile_background_tile":false,"profile_image_url":"http://pbs.twimg.com/profile_images/596971041617903617/EPm6S4O3_normal.jpg","profile_image_url_https":"https://pbs.twimg.com/profile_images/596971041617903617/EPm6S4O3_normal.jpg","profile_banner_url":"https://pbs.twimg.com/profile_banners/421877419/1416911494","profile_link_color":"0084B4","profile_sidebar_border_color":"C0DEED","profile_sidebar_fill_color":"DDEEF6","profile_text_color":"333333","profile_use_background_image":true,"default_profile":true,"default_profile_image":false,"following":false,"follow_request_sent":false,"notifications":false},"geo":null,"coordinates":null,"place":{"id":"173c2bb9d42baaa5","url":"https://api.twitter.com/1.1/geo/id/173c2bb9d42baaa5.json","place_type":"country","name":"Sri Lanka","full_name":"Sri Lanka","country_code":"LK","country":"Sri Lanka","contained_within":[],"bounding_box":{"type":"Polygon","coordinates":[[[79.6505263,5.9213829],[81.8787816,5.9213829],[81.8787816,9.8359375],[79.6505263,9.8359375]]]},"attributes":{}},"contributors":null,"retweet_count":0,"favorite_count":0,"entities":{"hashtags":[],"symbols":[],"user_mentions":[],"urls":[]},"favorited":false,"retweeted":false,"lang":"en"},"message":{"text":"<blockquote class=\"twitter-tweet\" data-partner=\"tweetdeck\">\n<p lang=\"en\" dir=\"ltr\">Boom thanks for the entertainment Polly</p>\n&mdash; Coops (@BritneyCooper35) <a href=\"https://twitter.com/BritneyCooper35/status/597394253468205058\">May 10, 2015</a></blockquote>\n<script charset=\"utf-8\" type=\"text/javascript\" src=\"http://platform.twitter.com/widgets.js\"></script>"},"tags":[],"timestamp":1431264899000,"id":1192382,"time":"13:34","updateTime":1431264899416,"sequence":330.5,"type":"Manual"},{"bbcode":"S Arvind to L Simmons, no run, %SPEED% short length just outside off stump. He plays and misses","thisOver":".","progress":{"innings":2,"over":15,"ball":3},"speed":33.1694233348234,"subtype":"BBCode","countingProgress":{"innings":2,"over":14,"ball":3},"bowlerId":162,"nonfacingBatsmanId":2740,"facingBatsmanId":595,"autoText":"S Arvind to L Simmons, no run, %SPEED% short length just outside off stump. He plays and misses","message":{"text":null},"tags":[],"timestamp":1431264971000,"id":1192383,"time":"13:35","updateTime":1431264929688,"sequence":331.5,"type":"Auto"},{"bbcode":"S Arvind to L Simmons, %SPEED% short length just outside off stump. He plays and misses","thisOver":"1","progress":{"innings":2,"over":15,"ball":4},"speed":32.8770395281934,"subtype":"BBCode","countingProgress":{"innings":2,"over":14,"ball":4},"bowlerId":162,"nonfacingBatsmanId":2740,"facingBatsmanId":595,"autoText":"S Arvind to L Simmons, %SPEED% short length just outside off stump. He plays and misses","message":{"text":null},"tags":[],"timestamp":1431265050000,"id":1192384,"time":"13:36","updateTime":1431264960281,"sequence":332.5,"type":"Auto"},{"bbcode":"S Arvind to H Pandya. He picks up a single","thisOver":"1","progress":{"innings":2,"over":15,"ball":5},"speed":-1.0,"subtype":"BBCode","countingProgress":{"innings":2,"over":14,"ball":5},"bowlerId":162,"nonfacingBatsmanId":595,"facingBatsmanId":2740,"autoText":"S Arvind to H Pandya. He picks up a single","message":{"text":null},"tags":[],"timestamp":1431265050000,"id":1192385,"time":"13:36","updateTime":1431265017197,"sequence":333.5,"type":"Auto"},{"bbcode":"S Arvind to L Simmons, no run, %SPEED% short length outside off stump. He plays and misses","thisOver":".","progress":{"innings":2,"over":15,"ball":6},"speed":33.2951733025234,"subtype":"BBCode","countingProgress":{"innings":2,"over":14,"ball":6},"bowlerId":162,"nonfacingBatsmanId":2740,"facingBatsmanId":595,"autoText":"S Arvind to L Simmons, no run, %SPEED% short length outside off stump. He plays and misses","message":{"text":null},"tags":[],"timestamp":1431265102000,"id":1192386,"time":"13:37","updateTime":1431265035602,"sequence":334.5,"type":"Auto"},{"innings":2,"over":15,"overRuns":6,"overWickets":1,"inningsRuns":135,"inningsWickets":3,"inningsAllOut":false,"team":{"id":6,"fullName":"Mumbai Indians","shortName":"Mumbai","abbreviation":"MI","primaryColor":"00AEEF","secondaryColor":"FFFFFF","type":"m"},"batsmanSummaries":[{"batsman":{"id":595,"fullName":"Lendl Simmons","shortName":"L Simmons","nationality":"West Indian","rightHandedBat":true,"dateOfBirth":475459200000,"names":["Lendl Simmons","L Simmons"]},"runs":48,"balls":41,"fours":3,"sixes":2},{"batsman":{"id":2740,"fullName":"Hardik Pandya","shortName":"H Pandya","nationality":"Indian","rightHandedBat":true,"dateOfBirth":750297600000,"names":["Hardik Pandya","H Pandya"]},"runs":1,"balls":1,"fours":0,"sixes":0}],"activeBatsman":2740,"bowlerSummary":{"bowler":{"id":162,"fullName":"Sreenath Arvind","shortName":"S Arvind","nationality":"Indian","rightHandedBat":false,"dateOfBirth":450230400000,"names":["Sreenath Arvind","S Arvind"]},"overs":"4","runs":29,"wickets":1,"maidens":0},"inningsBalls":90,"inningsMaxBalls":120,"inningsTarget":236,"message":{"text":null},"tags":[],"timestamp":1431265383000,"id":1192387,"time":"13:37","updateTime":1431265035742,"sequence":334.75,"type":"Eov"},{"mediaId":"4228062661001","endpointUrlHq1":"http://brightcove.vo.llnwd.net/v1/uds/pd/3588749423001/201505/719/3588749423001_4228166537001_M46-MI-3RD-SIX.mp4","endpointUrlHq2":"http://brightcove.vo.llnwd.net/v1/uds/pd/3588749423001/201505/3449/3588749423001_4228166442001_M46-MI-3RD-SIX.mp4","endpointUrlAlt":"http://c.brightcove.com/services/mobile/streaming/index/rendition.m3u8?assetId=4228159225001","title":"M46: MI vs RCB – Kieron Pollard Six","largeThumbnail":"http://brightcove.vo.llnwd.net/v1/unsecured/media/3588749423001/201505/1567/3588749423001_4228085807001_video-still-for-video-4228062661001.jpg?pubId=3588749423001","duration":19412,"endpointUrl":"http://brightcove.vo.llnwd.net/v1/uds/pd/3588749423001/201505/681/3588749423001_4228165636001_M46-MI-3RD-SIX.mp4","smallThumbnail":"http://brightcove.vo.llnwd.net/v1/unsecured/media/3588749423001/201505/2567/3588749423001_4228085806001_thumbnail-for-video-4228062661001.jpg?pubId=3588749423001","description":null,"endpointUrlMq":"http://brightcove.vo.llnwd.net/v1/uds/pd/3588749423001/201505/2409/3588749423001_4228159224001_M46-MI-3RD-SIX.mp4","endpointUrlHq3":"http://brightcove.vo.llnwd.net/v1/uds/pd/3588749423001/201505/409/3588749423001_4228159234001_M46-MI-3RD-SIX.mp4","publishDate":1431264762600,"message":{"text":null},"tags":["playerid 210","account:iplt20","2015","ipl2015","six","match:ipl2015-46","IPL 2015","innings 2","ipl2015-46","over 11","ball 6","channel:ipl-match-centre","mi","rcb"],"timestamp":1431265380000,"id":1192399,"time":"13:42","updateTime":1431265337041,"sequence":335.0,"type":"Video"},{"mediaId":"4228062662001","endpointUrlHq1":"http://brightcove.vo.llnwd.net/v1/uds/pd/3588749423001/201505/449/3588749423001_4228166435001_M46-MI-4TH-SIX.mp4","endpointUrlHq2":"http://brightcove.vo.llnwd.net/v1/uds/pd/3588749423001/201505/1681/3588749423001_4228165641001_M46-MI-4TH-SIX.mp4","endpointUrlAlt":"http://c.brightcove.com/services/mobile/streaming/index/rendition.m3u8?assetId=4228166439001","title":"M46: MI vs RCB – Kieron Pollard Six","largeThumbnail":"http://brightcove.vo.llnwd.net/v1/unsecured/media/3588749423001/201505/3567/3588749423001_4228085805001_video-still-for-video-4228062662001.jpg?pubId=3588749423001","duration":23320,"endpointUrl":"http://brightcove.vo.llnwd.net/v1/uds/pd/3588749423001/201505/2681/3588749423001_4228165642001_M46-MI-4TH-SIX.mp4","smallThumbnail":"http://brightcove.vo.llnwd.net/v1/unsecured/media/3588749423001/201505/567/3588749423001_4228085804001_thumbnail-for-video-4228062662001.jpg?pubId=3588749423001","description":null,"endpointUrlMq":"http://brightcove.vo.llnwd.net/v1/uds/pd/3588749423001/201505/1449/3588749423001_4228166436001_M46-MI-4TH-SIX.mp4","endpointUrlHq3":"http://brightcove.vo.llnwd.net/v1/uds/pd/3588749423001/201505/2409/3588749423001_4228159228001_M46-MI-4TH-SIX.mp4","publishDate":1431264763091,"message":{"text":null},"tags":["playerid 210","account:iplt20","2015","ipl2015","six","match:ipl2015-46","IPL 2015","innings 2","ball 2","ipl2015-46","over 12","channel:ipl-match-centre","mi","rcb"],"timestamp":1431265391000,"id":1192400,"time":"13:42","updateTime":1431265337102,"sequence":335.375,"type":"Video"},{"mediaId":"4228062663001","endpointUrlHq1":"http://brightcove.vo.llnwd.net/v1/uds/pd/3588749423001/201505/3681/3588749423001_4228165639001_M46-MI-5TH-SIX.mp4","endpointUrlHq2":"http://brightcove.vo.llnwd.net/v1/uds/pd/3588749423001/201505/681/3588749423001_4228165640001_M46-MI-5TH-SIX.mp4","endpointUrlAlt":"http://c.brightcove.com/services/mobile/streaming/index/rendition.m3u8?assetId=4228159226001","title":"M46: MI vs RCB – Lendl Simmons Six","largeThumbnail":"http://brightcove.vo.llnwd.net/v1/unsecured/media/3588749423001/201505/3567/3588749423001_4228085809001_video-still-for-video-4228062663001.jpg?pubId=3588749423001","duration":16208,"endpointUrl":"http://brightcove.vo.llnwd.net/v1/uds/pd/3588749423001/201505/409/3588749423001_4228159230001_M46-MI-5TH-SIX.mp4","smallThumbnail":"http://brightcove.vo.llnwd.net/v1/unsecured/media/3588749423001/201505/567/3588749423001_4228085808001_thumbnail-for-video-4228062663001.jpg?pubId=3588749423001","description":null,"endpointUrlMq":"http://brightcove.vo.llnwd.net/v1/uds/pd/3588749423001/201505/2681/3588749423001_4228165638001_M46-MI-5TH-SIX.mp4","endpointUrlHq3":"http://brightcove.vo.llnwd.net/v1/uds/pd/3588749423001/201505/1449/3588749423001_4228166440001_M46-MI-5TH-SIX.mp4","publishDate":1431264763670,"message":{"text":null},"tags":["account:iplt20","2015","ipl2015","six","match:ipl2015-46","IPL 2015","playerid 595","innings 2","ipl2015-46","over 12","ball 6","channel:ipl-match-centre","mi","rcb"],"timestamp":1431265395000,"id":1192401,"time":"13:42","updateTime":1431265337169,"sequence":335.562,"type":"Video"},{"bbcode":"105 needed from the last 5...","subtype":"BBCode","message":{"text":"<p>105 needed from the last 5...</p>"},"tags":[],"timestamp":1431265152000,"id":1192389,"time":"13:38","updateTime":1431265122980,"sequence":335.75,"type":"Manual"},{"bbcode":"Y Chahal to H Pandya, %SPEED% full length on off stump. He picks up a single through mid-wicket","thisOver":"1","progress":{"innings":2,"over":16,"ball":1},"speed":24.0947697809566,"subtype":"BBCode","countingProgress":{"innings":2,"over":15,"ball":1},"bowlerId":111,"nonfacingBatsmanId":595,"facingBatsmanId":2740,"autoText":"Y Chahal to H Pandya, %SPEED% full length on off stump. He picks up a single through mid-wicket","message":{"text":null},"tags":[],"timestamp":1431265148000,"id":1192388,"time":"13:38","updateTime":1431265117115,"sequence":336.0,"type":"Auto"},{"bbcode":"Y Chahal to L Simmons, %SPEED% short length just outside off stump. He picks up a single","thisOver":"1","progress":{"innings":2,"over":16,"ball":2},"speed":23.6169282142692,"subtype":"BBCode","countingProgress":{"innings":2,"over":15,"ball":2},"bowlerId":111,"nonfacingBatsmanId":2740,"facingBatsmanId":595,"autoText":"Y Chahal to L Simmons, %SPEED% short length just outside off stump. He picks up a single","message":{"text":null},"tags":[],"timestamp":1431265217000,"id":1192390,"time":"13:38","updateTime":1431265138098,"sequence":338.5,"type":"Auto"},{"bbcode":"Y Chahal to H Pandya, %SPEED% short length just outside off stump. He hits a great shot, that has gone all the way","thisOver":"6","progress":{"innings":2,"over":16,"ball":3},"speed":24.1236993264241,"subtype":"BBCode","countingProgress":{"innings":2,"over":15,"ball":3},"bowlerId":111,"nonfacingBatsmanId":595,"facingBatsmanId":2740,"autoText":"Y Chahal to H Pandya, %SPEED% short length just outside off stump. He hits a great shot, that has gone all the way","message":{"text":null},"tags":["six"],"timestamp":1431265217000,"id":1192393,"time":"13:39","updateTime":1431265180293,"sequence":339.5,"type":"Auto"},{"bbcode":"[b]Six![/b] Pandya with a massive hit over mid-wicket! Mumbai clinging on here","subtype":"BBCode","message":{"text":"<p><strong>Six!</strong> Pandya with a massive hit over mid-wicket! Mumbai clinging on here</p>"},"tags":[],"timestamp":1431265213000,"id":1192394,"time":"13:40","updateTime":1431265207216,"sequence":340.5,"type":"Manual"},{"bbcode":"Y Chahal to H Pandya, [b]WICKET!!! H Pandya is out[/b] st Dinesh Karthik b Yuzvendra Chahal","thisOver":"W","progress":{"innings":2,"over":16,"ball":4},"speed":25.3947648629407,"subtype":"BBCode","countingProgress":{"innings":2,"over":15,"ball":4},"bowlerId":111,"nonfacingBatsmanId":595,"facingBatsmanId":2740,"autoText":"Y Chahal to H Pandya, <b>WICKET!!! H Pandya is out</b> st Dinesh Karthik b Yuzvendra Chahal","message":{"text":null},"tags":["wicket"],"timestamp":1431265239000,"id":1192395,"time":"13:40","updateTime":1431265211123,"sequence":341.5,"type":"Auto"},{"bbcode":"[b]Wicket! [/b]Pandya comes running down the track but gets nowhere near it and Karthik cleans up!","subtype":"BBCode","message":{"text":"<p><strong>Wicket!&nbsp;</strong>Pandya comes running down the track but gets nowhere near it and Karthik cleans up!</p>"},"tags":[],"timestamp":1431265273000,"id":1192397,"time":"13:41","updateTime":1431265273468,"sequence":342.5,"type":"Manual"},{"bbcode":"Strategic Timeout - That should be that for Mumbai, Pollard was the man they needed to hang around to have any chance and they just have too much to do now","subtype":"BBCode","message":{"text":"<p>Strategic Timeout - That should be that for Mumbai, Pollard was the man they needed to hang around to have any chance and they just have too much to do now</p>"},"tags":[],"timestamp":1431265432000,"id":1192398,"time":"13:41","updateTime":1431265296414,"sequence":343.5,"type":"Manual"},{"subtype":"EmbeddedTweet","tweetjson":{"created_at":"Sun May 10 13:41:01 +0000 2015","id":597395922457235456,"id_str":"597395922457235456","text":"And the final blow to #MI it's all.done and dusted #PepsiIPl","source":"<a href=\"http://twitter.com/download/android\" rel=\"nofollow\">Twitter for Android</a>","truncated":false,"in_reply_to_status_id":null,"in_reply_to_status_id_str":null,"in_reply_to_user_id":null,"in_reply_to_user_id_str":null,"in_reply_to_screen_name":null,"user":{"id":3146535499,"id_str":"3146535499","name":"Srikant sengupta","screen_name":"gudda105","location":"","description":"","url":null,"entities":{"description":{"urls":[]}},"protected":false,"followers_count":0,"friends_count":44,"listed_count":0,"created_at":"Thu Apr 09 18:26:05 +0000 2015","favourites_count":9,"utc_offset":null,"time_zone":null,"geo_enabled":true,"verified":false,"statuses_count":14,"lang":"en","contributors_enabled":false,"is_translator":false,"is_translation_enabled":false,"profile_background_color":"C0DEED","profile_background_image_url":"http://abs.twimg.com/images/themes/theme1/bg.png","profile_background_image_url_https":"https://abs.twimg.com/images/themes/theme1/bg.png","profile_background_tile":false,"profile_image_url":"http://pbs.twimg.com/profile_images/586235148439433216/PyJuxJF5_normal.jpg","profile_image_url_https":"https://pbs.twimg.com/profile_images/586235148439433216/PyJuxJF5_normal.jpg","profile_link_color":"0084B4","profile_sidebar_border_color":"C0DEED","profile_sidebar_fill_color":"DDEEF6","profile_text_color":"333333","profile_use_background_image":true,"default_profile":true,"default_profile_image":false,"following":false,"follow_request_sent":false,"notifications":false},"geo":null,"coordinates":null,"place":null,"contributors":null,"retweet_count":0,"favorite_count":0,"entities":{"hashtags":[{"text":"MI","indices":[22,25]},{"text":"PepsiIPl","indices":[51,60]}],"symbols":[],"user_mentions":[],"urls":[]},"favorited":false,"retweeted":false,"lang":"en"},"message":{"text":"<blockquote class=\"twitter-tweet\" data-partner=\"tweetdeck\">\n<p lang=\"en\" dir=\"ltr\">And the final blow to <a href=\"https://twitter.com/hashtag/MI?src=hash\">#MI</a> it's all.done and dusted <a href=\"https://twitter.com/hashtag/PepsiIPl?src=hash\">#PepsiIPl</a></p>\n&mdash; Srikant sengupta (@gudda105) <a href=\"https://twitter.com/gudda105/status/597395922457235456\">May 10, 2015</a></blockquote>\n<script charset=\"utf-8\" type=\"text/javascript\" src=\"http://platform.twitter.com/widgets.js\"></script>"},"tags":[],"timestamp":1431265441000,"id":1192415,"time":"13:43","updateTime":1431265400963,"sequence":344.25,"type":"Manual"},{"bbcode":"Y Chahal to A Rayudu, %SPEED% good length on leg stump. He defends","thisOver":"2","progress":{"innings":2,"over":16,"ball":5},"speed":23.755801534448,"subtype":"BBCode","countingProgress":{"innings":2,"over":15,"ball":5},"bowlerId":111,"nonfacingBatsmanId":595,"facingBatsmanId":100,"autoText":"Y Chahal to A Rayudu, %SPEED% good length on leg stump. He defends","message":{"text":null},"tags":[],"timestamp":1431265439000,"id":1192414,"time":"13:43","updateTime":1431265397259,"sequence":345.0,"type":"Auto"},{"bbcode":"Y Chahal to A Rayudu, %SPEED% good length on middle stump. He hits a great shot, that has gone all the way","thisOver":"6","progress":{"innings":2,"over":16,"ball":6},"speed":25.1759067493118,"subtype":"BBCode","countingProgress":{"innings":2,"over":15,"ball":6},"bowlerId":111,"nonfacingBatsmanId":595,"facingBatsmanId":100,"autoText":"Y Chahal to A Rayudu, %SPEED% good length on middle stump. He hits a great shot, that has gone all the way","message":{"text":null},"tags":["six"],"timestamp":1431265468000,"id":1192418,"time":"13:44","updateTime":1431265451386,"sequence":346.0,"type":"Auto"},{"bbcode":"[b]Six! [/b]Rayudu looks like his big shot is going to be pouched by AB at deep extra cover but it's JUST over his head for a maximum!","subtype":"BBCode","message":{"text":"<p><strong>Six!&nbsp;</strong>Rayudu looks like his big shot is going to be pouched by AB at deep extra cover but it's JUST over his head for a maximum!</p>"},"tags":[],"timestamp":1431265472000,"id":1192420,"time":"13:44","updateTime":1431265467893,"sequence":346.5,"type":"Manual"},{"innings":2,"over":16,"overRuns":16,"overWickets":1,"inningsRuns":151,"inningsWickets":4,"inningsAllOut":false,"team":{"id":6,"fullName":"Mumbai Indians","shortName":"Mumbai","abbreviation":"MI","primaryColor":"00AEEF","secondaryColor":"FFFFFF","type":"m"},"batsmanSummaries":[{"batsman":{"id":100,"fullName":"Ambati Rayudu","shortName":"A Rayudu","nationality":"Indian","rightHandedBat":true,"dateOfBirth":496281600000,"names":["Ambati Rayudu","A Rayudu"]},"runs":8,"balls":2,"fours":0,"sixes":1},{"batsman":{"id":595,"fullName":"Lendl Simmons","shortName":"L Simmons","nationality":"West Indian","rightHandedBat":true,"dateOfBirth":475459200000,"names":["Lendl Simmons","L Simmons"]},"runs":49,"balls":42,"fours":3,"sixes":2}],"activeBatsman":595,"bowlerSummary":{"bowler":{"id":111,"fullName":"Yuzvendra Chahal","shortName":"Y Chahal","nationality":"Indian","rightHandedBat":true,"dateOfBirth":1330300800000,"names":["Yuzvendra Chahal","Y Chahal"]},"overs":"3","runs":37,"wickets":1,"maidens":0},"inningsBalls":96,"inningsMaxBalls":120,"inningsTarget":236,"message":{"text":null},"tags":[],"timestamp":1431265451000,"id":1192419,"time":"13:44","updateTime":1431265451527,"sequence":347.0,"type":"Eov"},{"bbcode":"21 an over required from here","subtype":"BBCode","message":{"text":"<p>21 an over required from here</p>"},"tags":[],"timestamp":1431265521000,"id":1192424,"time":"13:45","updateTime":1431265518363,"sequence":347.5,"type":"Manual"},{"bbcode":"D Wiese to L Simmons, %SPEED% short length just outside off stump. He hits a nice boundary","thisOver":"4","progress":{"innings":2,"over":17,"ball":1},"speed":35.7621814930711,"subtype":"BBCode","countingProgress":{"innings":2,"over":16,"ball":1},"bowlerId":869,"nonfacingBatsmanId":100,"facingBatsmanId":595,"autoText":"D Wiese to L Simmons, %SPEED% short length just outside off stump. He hits a nice boundary","message":{"text":null},"tags":["four"],"timestamp":1431265579000,"id":1192423,"time":"13:45","updateTime":1431265502611,"sequence":348.0,"type":"Auto"},{"bbcode":"[b]50 for Lendl Simmons[/b]","subtype":"BBCode","message":{"text":"<p><strong>50 for Lendl Simmons</strong></p>"},"tags":[],"timestamp":1431265528000,"id":1192426,"time":"13:45","updateTime":1431265528650,"sequence":349.0,"type":"Manual"}]}