{"squadId":463,"totalVotes":4323,"players":[{"id":107,"voteCount":4078,"fullName":"Rohit Sharma","shortName":"RG Sharma"},{"id":210,"voteCount":4025,"fullName":"Kieron Pollard","shortName":"K Pollard"},{"id":103,"voteCount":3943,"fullName":"Harbhajan Singh","shortName":"H Singh"},{"id":100,"voteCount":3824,"fullName":"Ambati Rayudu","shortName":"A Rayudu"},{"id":595,"voteCount":3796,"fullName":"Lendl Simmons","shortName":"L Simmons"},{"id":44,"voteCount":3594,"fullName":"Parthiv Patel","shortName":"P Patel"},{"id":211,"voteCount":3463,"fullName":"Lasith Malinga","shortName":"L Malinga"},{"id":2740,"voteCount":3411,"fullName":"Hardik Pandya","shortName":"H Pandya"},{"id":166,"voteCount":3224,"fullName":"Vinay Kumar","shortName":"V Kumar"},{"id":2741,"voteCount":2930,"fullName":"Jagadeesha Suchith","shortName":"J Suchith"},{"id":730,"voteCount":2780,"fullName":"Mitchell McClenaghan","shortName":"M McClenaghan"},{"id":60,"voteCount":1080,"fullName":"Unmukt Chand","shortName":"U Chand"},{"id":968,"voteCount":872,"fullName":"Corey Anderson","shortName":"C Anderson"},{"id":204,"voteCount":808,"fullName":"Marchant de Lange","shortName":"M de Lange"},{"id":106,"voteCount":756,"fullName":"Pragyan Ojha","shortName":"P Ojha"},{"id":99,"voteCount":635,"fullName":"Aditya Tare","shortName":"A Tare"},{"id":1124,"voteCount":477,"fullName":"Jasprit Bumrah","shortName":"J Bumrah"},{"id":17,"voteCount":363,"fullName":"Ben Hilfenhaus","shortName":"B Hilfenhaus"},{"id":1748,"voteCount":267,"fullName":"Shreyas Gopal","shortName":"S Gopal"},{"id":151,"voteCount":245,"fullName":"Abhimanyu Mithun","shortName":"A Mithun"},{"id":105,"voteCount":190,"fullName":"Pawan Suyal","shortName":"P Suyal"},{"id":205,"voteCount":148,"fullName":"Aiden Blizzard","shortName":"A Blizzard"},{"id":2739,"voteCount":147,"fullName":"Siddhesh Lad","shortName":"SD Lad"},{"id":2737,"voteCount":145,"fullName":"Akshay Wakhare","shortName":"A Wakhare"},{"id":2738,"voteCount":128,"fullName":"Nitish Rana","shortName":"N Rana"},{"id":773,"voteCount":124,"fullName":"Colin Munro","shortName":"C Munro"}]}