{"squadId":467,"totalVotes":2183,"players":[{"id":170,"voteCount":2130,"fullName":"David Warner","shortName":"D Warner"},{"id":41,"voteCount":2078,"fullName":"Shikhar Dhawan","shortName":"S Dhawan"},{"id":52,"voteCount":2000,"fullName":"Naman Ojha","shortName":"N Ojha"},{"id":116,"voteCount":1986,"fullName":"Bhuvneshwar Kumar","shortName":"B Kumar"},{"id":1118,"voteCount":1871,"fullName":"Karn Sharma","shortName":"K Sharma"},{"id":1125,"voteCount":1793,"fullName":"Lokesh Rahul","shortName":"L Rahul"},{"id":77,"voteCount":1751,"fullName":"Praveen Kumar","shortName":"P Kumar"},{"id":180,"voteCount":1726,"fullName":"Dale Steyn","shortName":"D Steyn"},{"id":374,"voteCount":1601,"fullName":"Ravi Bopara","shortName":"R Bopara"},{"id":34,"voteCount":1381,"fullName":"Ashish Reddy","shortName":"AA Reddy"},{"id":969,"voteCount":1077,"fullName":"Trent Boult","shortName":"T Boult"},{"id":197,"voteCount":802,"fullName":"Eoin Morgan","shortName":"E Morgan"},{"id":38,"voteCount":580,"fullName":"Ishant Sharma","shortName":"I Sharma"},{"id":440,"voteCount":568,"fullName":"Kane Williamson","shortName":"K Williamson"},{"id":1093,"voteCount":396,"fullName":"Parveez Rasool","shortName":"P Rasool"},{"id":1117,"voteCount":282,"fullName":"Hanuma Vihari","shortName":"H Vihari"},{"id":388,"voteCount":276,"fullName":"Moises Henriques","shortName":"M Henriques"},{"id":172,"voteCount":244,"fullName":"Kevin Pietersen","shortName":"K Pietersen"},{"id":69,"voteCount":183,"fullName":"Bipul Sharma","shortName":"B Sharma"},{"id":1555,"voteCount":107,"fullName":"Ricky Bhui","shortName":"R Bhui"},{"id":1086,"voteCount":97,"fullName":"Siddarth Kaul","shortName":"S Kaul"},{"id":1751,"voteCount":56,"fullName":"Chama Milind","shortName":"C Milind"},{"id":1122,"voteCount":48,"fullName":"Prasanth Padmanabhan","shortName":"P Padmanabhan"}]}