{"matchInfo":{"description":"Match 19","matchType":"IPLT20","teams":[{"id":3691,"players":[{"names":["David Warner","D Warner"],"dateOfBirth":530755200000,"id":170,"fullName":"David Warner","shortName":"D Warner","nationality":"Australian"},{"names":["Shikhar Dhawan","S Dhawan"],"dateOfBirth":502588800000,"id":41,"fullName":"Shikhar Dhawan","shortName":"S Dhawan","nationality":"Indian"},{"names":["Lokesh Rahul","L Rahul"],"rightHandedBat":true,"dateOfBirth":703555200000,"id":1125,"fullName":"Lokesh Rahul","shortName":"L Rahul","nationality":"Indian"},{"names":["Naman Ojha","N Ojha"],"dateOfBirth":427507200000,"id":52,"fullName":"Naman Ojha","shortName":"N Ojha","nationality":"Indian"},{"names":["Ravi Bopara","R Bopara"],"rightHandedBat":true,"dateOfBirth":484012800000,"id":374,"fullName":"Ravi Bopara","shortName":"R Bopara","nationality":"English"},{"names":["Moises Henriques","M Henriques"],"rightHandedBat":true,"dateOfBirth":539136000000,"id":388,"fullName":"Moises Henriques","shortName":"M Henriques","nationality":"Australian"},{"names":["Karn Sharma","K Sharma"],"dateOfBirth":561945600000,"id":1118,"fullName":"Karn Sharma","shortName":"K Sharma","nationality":"Indian"},{"names":["Bipul Sharma","B Sharma"],"dateOfBirth":433555200000,"id":69,"fullName":"Bipul Sharma","shortName":"B Sharma","nationality":"Indian"},{"names":["Praveen Kumar","P Kumar"],"dateOfBirth":528595200000,"id":77,"fullName":"Praveen Kumar","shortName":"P Kumar","nationality":"Indian"},{"names":["Bhuvneshwar Kumar","B Kumar"],"dateOfBirth":660355200000,"id":116,"fullName":"Bhuvneshwar Kumar","shortName":"B Kumar","nationality":"Indian"},{"names":["Dale Steyn","D Steyn"],"dateOfBirth":425520000000,"id":180,"fullName":"Dale Steyn","shortName":"D Steyn","nationality":"South African"}],"team":{"type":"m","fullName":"Sunrisers Hyderabad","shortName":"Sunrisers","abbreviation":"SRH","primaryColor":"FF9C00","secondaryColor":"FFFFFF","id":62},"wicketKeeper":{"names":["Naman Ojha","N Ojha"],"dateOfBirth":427507200000,"id":52,"fullName":"Naman Ojha","shortName":"N Ojha","nationality":"Indian"},"captain":{"names":["David Warner","D Warner"],"dateOfBirth":530755200000,"id":170,"fullName":"David Warner","shortName":"D Warner","nationality":"Australian"}},{"id":3690,"players":[{"names":["Robin Uthappa","R Uthappa"],"dateOfBirth":500515200000,"id":127,"fullName":"Robin Uthappa","shortName":"R Uthappa","nationality":"Indian"},{"names":["Gautam Gambhir","G Gambhir"],"dateOfBirth":371865600000,"id":84,"fullName":"Gautam Gambhir","shortName":"G Gambhir","nationality":"Indian"},{"names":["Manish Pandey","M Pandey"],"dateOfBirth":621388800000,"id":123,"fullName":"Manish Pandey","shortName":"M Pandey","nationality":"Indian"},{"names":["Suryakumar Yadav","S Yadav"],"rightHandedBat":true,"dateOfBirth":653270400000,"id":108,"fullName":"Suryakumar Yadav","shortName":"S Yadav","nationality":"Indian"},{"names":["Yusuf Pathan","Y Pathan"],"dateOfBirth":406339200000,"id":96,"fullName":"Yusuf Pathan","shortName":"Y Pathan","nationality":"Indian"},{"names":["Andre Russell","A Russell"],"dateOfBirth":578275200000,"id":177,"fullName":"Andre Russell","shortName":"A Russell","nationality":"West Indian"},{"names":["Johan Botha","J Botha"],"dateOfBirth":389145600000,"id":224,"fullName":"Johan Botha","shortName":"J Botha","nationality":"South African"},{"names":["Piyush Chawla","P Chawla"],"dateOfBirth":598924800000,"id":76,"fullName":"Piyush Chawla","shortName":"P Chawla","nationality":"Indian"},{"names":["Sunil Narine","S Narine"],"dateOfBirth":580608000000,"id":203,"fullName":"Sunil Narine","shortName":"S Narine","nationality":"West Indian"},{"names":["Morne Morkel","M Morkel"],"dateOfBirth":465868800000,"id":169,"fullName":"Morne Morkel","shortName":"M Morkel","nationality":"South African"},{"names":["Umesh Yadav","U Yadav"],"dateOfBirth":562118400000,"id":59,"fullName":"Umesh Yadav","shortName":"U Yadav","nationality":"Indian"}],"team":{"type":"m","fullName":"Kolkata Knight Riders","shortName":"Knight Riders","abbreviation":"KKR","primaryColor":"6F2C91","secondaryColor":"FFFFFF","id":5},"wicketKeeper":{"names":["Robin Uthappa","R Uthappa"],"dateOfBirth":500515200000,"id":127,"fullName":"Robin Uthappa","shortName":"R Uthappa","nationality":"Indian"},"captain":{"names":["Gautam Gambhir","G Gambhir"],"dateOfBirth":371865600000,"id":84,"fullName":"Gautam Gambhir","shortName":"G Gambhir","nationality":"Indian"}}],"venue":{"id":6,"country":"India","fullName":"ACA-VDCA Stadium","shortName":"ACA-VDCA Stadium","city":"Visakhapatnam"},"matchDate":"2015-04-22T16:00:00+0530","battingOrder":[0,1],"additionalInfo":{"toss.elected":"Kolkata Knight Riders, who chose to field","match.video.id":"4189246716001","stats.link":"http://www.iplt20.com/news/2015/more-news/6223/quick-stats-m19-srh-vs-kkr","match.summary":"Sunrisers Hyderabad won by 16 runs (D/L Method)","photostream.link":"http://www.iplt20.com/photos/267/ipl-2015-match-19-srh-v-kkr","mom.video.id":"4189246763001","home.team.fan.total":"8228","away.team.fan.total":"15997","umpire.name.3":"Rajesh Deshpande","umpire.name.4":"Krishnamachari Bharatan","umpire.name.1":"Richard Illingworth","umpire.name.2":"Vineet Kulkarni","highlights.link":"http://www.iplt20.com/videos/media/id/4189246716001/m19-srh-vs-kkr-match-highlights","result.playerofthematch":"David Warner","mom.video.thumb":"http://brightcove.vo.llnwd.net/v1/unsecured/media/3588749423001/201504/3294/3588749423001_4189472046001_video-still-for-video-4189246763001.jpg?pubId=3588749423001","notes.2.9":"Innings Break: SRH - 176/4 in 20 overs","interview.link":"http://www.iplt20.com/news/2015/features/6212/when-bhuvi-co-reigned-supreme","sixes.video.id":"4189246715001","interview.thumb":"http://static2.iplt20.com/cms/media/images/320x213/37652.jpg","referee.name":"Manu Nayar","match.video.thumb":"http://brightcove.vo.llnwd.net/v1/unsecured/media/3588749423001/201504/1294/3588749423001_4189472052001_video-still-for-video-4189246716001.jpg?pubId=3588749423001","stats.thumb":"http://static2.iplt20.com/cms/media/images/320x213/37725.jpg","toss.winner":"Kolkata Knight Riders","notes.2.7":"SRH: 150 runs in 17.1 overs","notes.2.8":"Shikhar Dhawan: 50 off 43 balls (3 x fours, 1 x six)","notes.2.5":"SRH: 100 runs in 11.3 overs","sixes.video.thumb":"http://brightcove.vo.llnwd.net/v1/unsecured/media/3588749423001/201504/3890/3588749423001_4189297900001_vs-5537c2dee4b0651f2abf7d6e-1592194023001.jpg?pubId=3588749423001","notes.2.6":"1st Wicket: 100 runs in 69 balls (Shikhar Dhawan 25, David Warner 73)","notes.2.3":"KKR: 100 runs in 11.5 overs","report.thumb":"http://static2.iplt20.com/cms/media/images/320x213/37531.jpg","notes.2.4":"David Warner: 50 off 36 balls (6 x fours, 2 x sixes)","notes.2.1":"Powerplay - 35 runs, 1 wicket","report.link":"http://www.iplt20.com/news/2015/match-reports/6195/report-m19-srh-vs-kkr","notes.2.2":"KKR: 50 runs in 6.1 overs"},"oversLimit":20,"matchState":"C","isLimitedOvers":true,"matchStatus":{"text":"Sunrisers Hyderabad won by 16 runs (D/L Method)","outcome":"A"},"matchSummary":"Sunrisers Hyderabad won by 16 runs (D/L Method)","tournamentLabel":"IPL 2015"},"matchId":{"tournamentId":{"name":"ipl2015","id":2785},"name":"ipl2015-19","id":3244,"parentId":{"name":"ipl2015","id":2785}},"innings":[{"inningsNumber":1,"scorecard":{"runs":176,"extras":{"noBallRuns":1,"wideRuns":1,"byeRuns":1,"legByeRuns":1},"battingStats":[{"mod":{"text":"c Johan Botha b Andre Russell","dismissedBp":{"over":19,"innings":1,"ball":3},"countingBp":{"over":19,"innings":1,"ball":3},"bowlerId":177,"additionalPlayerIds":[224],"dismissedMethod":"ct"},"playerId":41,"r":54,"b":46,"sr":"117.39","4s":4,"6s":1},{"mod":{"text":"c Robin Uthappa b Morne Morkel","dismissedBp":{"over":15,"innings":1,"ball":2},"countingBp":{"over":15,"innings":1,"ball":2},"bowlerId":169,"additionalPlayerIds":[127],"dismissedMethod":"ct"},"playerId":170,"r":91,"b":55,"sr":"165.45","4s":9,"6s":4},{"mod":{"text":"c Johan Botha b Morne Morkel","dismissedBp":{"over":17,"innings":1,"ball":1},"countingBp":{"over":17,"innings":1,"ball":1},"bowlerId":169,"additionalPlayerIds":[224],"dismissedMethod":"ct"},"playerId":374,"r":2,"b":4,"sr":"50.00","4s":0,"6s":0},{"mod":{"text":"b Umesh Yadav","dismissedBp":{"over":20,"innings":1,"ball":2},"countingBp":{"over":20,"innings":1,"ball":2},"bowlerId":59,"dismissedMethod":"b"},"playerId":52,"r":18,"b":8,"sr":"225.00","4s":1,"6s":2},{"playerId":388,"r":7,"b":5,"sr":"140.00","4s":1,"6s":0},{"playerId":1125,"r":0,"b":3,"sr":"0.00","4s":0,"6s":0}],"bowlingStats":[{"playerId":224,"r":26,"w":0,"ov":"4","e":"6.50","nb":0,"d":9,"maid":0,"wd":1},{"playerId":169,"r":31,"w":2,"ov":"4","e":"7.75","nb":0,"d":8,"maid":0,"wd":0},{"playerId":203,"r":38,"w":0,"ov":"4","e":"9.50","nb":0,"d":9,"maid":0,"wd":0},{"playerId":96,"r":18,"w":0,"ov":"2","e":"9.00","nb":0,"d":2,"maid":0,"wd":0},{"playerId":59,"r":40,"w":1,"ov":"4","e":"10.00","nb":1,"d":8,"maid":0,"wd":0},{"playerId":76,"r":15,"w":0,"ov":"1","e":"15.00","nb":0,"d":0,"maid":0,"wd":0},{"playerId":177,"r":6,"w":1,"ov":"1","e":"6.00","nb":0,"d":4,"maid":0,"wd":0}],"wkts":4,"fow":[{"bp":{"over":15,"innings":1,"ball":2},"playerId":170,"r":130,"w":1},{"bp":{"over":17,"innings":1,"ball":1},"playerId":374,"r":143,"w":2},{"bp":{"over":19,"innings":1,"ball":3},"playerId":41,"r":162,"w":3},{"bp":{"over":20,"innings":1,"ball":2},"playerId":52,"r":170,"w":4}]},"overProgress":"20","runRate":"8.80","overHistory":[{"ovNo":1,"ovBalls":[".","1Wd","1",".",".",".","1"]},{"ovNo":2,"ovBalls":["1","1","4",".","1","1"]},{"ovNo":3,"ovBalls":["1","4","1","1","1","1"]},{"ovNo":4,"ovBalls":["4",".",".","1","4","1"]},{"ovNo":5,"ovBalls":[".","1Lb","1","4",".","."]},{"ovNo":6,"ovBalls":["1",".",".","4","1","1"]},{"ovNo":7,"ovBalls":["1",".","4","1",".","1"]},{"ovNo":8,"ovBalls":["1",".","1","1","2","1"]},{"ovNo":9,"ovBalls":["6","1","1","1","1","1"]},{"ovNo":10,"ovBalls":[".","2","6","1",".","4"]},{"ovNo":11,"ovBalls":["2","2","6",".","2","2"]},{"ovNo":12,"ovBalls":["1","4","1","6","2","1"]},{"ovNo":13,"ovBalls":[".","1","2","4","1B","."]},{"ovNo":14,"ovBalls":[".","6",".","1","1","1"]},{"ovNo":15,"ovBalls":["4","W","1",".","1","1"]},{"ovNo":16,"ovBalls":[".",".","3","1","2","4"]},{"ovNo":17,"ovBalls":["W","1",".",".","1","4"]},{"ovNo":18,"ovBalls":["1",".",".","6","1","1"]},{"ovNo":19,"ovBalls":["4",".","W",".",".","2"]},{"ovNo":20,"ovBalls":["6","W",".","1Nb","4","1","."]}]},{"inningsNumber":2,"scorecard":{"runs":101,"extras":{"wideRuns":3},"battingStats":[{"mod":{"text":"c Praveen Kumar b Moises Henriques","dismissedBp":{"over":6,"innings":2,"ball":6},"countingBp":{"over":6,"innings":2,"ball":5},"bowlerId":388,"additionalPlayerIds":[77],"dismissedMethod":"ct"},"playerId":127,"r":34,"b":21,"sr":"161.90","4s":2,"6s":2},{"mod":{"text":"b Praveen Kumar","dismissedBp":{"over":4,"innings":2,"ball":4},"countingBp":{"over":4,"innings":2,"ball":4},"bowlerId":77,"dismissedMethod":"b"},"playerId":84,"r":4,"b":8,"sr":"50.00","4s":0,"6s":0},{"playerId":123,"r":33,"b":24,"sr":"137.50","4s":3,"6s":1},{"mod":{"text":"c Dale Steyn b Ravi Bopara","dismissedBp":{"over":9,"innings":2,"ball":5},"countingBp":{"over":9,"innings":2,"ball":5},"bowlerId":374,"additionalPlayerIds":[180],"dismissedMethod":"ct"},"playerId":177,"r":19,"b":10,"sr":"190.00","4s":1,"6s":2},{"mod":{"text":"c Karn Sharma b Bhuvneshwar Kumar","dismissedBp":{"over":12,"innings":2,"ball":2},"countingBp":{"over":12,"innings":2,"ball":2},"bowlerId":116,"additionalPlayerIds":[1118],"dismissedMethod":"ct"},"playerId":96,"r":6,"b":7,"sr":"85.71","4s":0,"6s":0},{"playerId":108,"r":2,"b":2,"sr":"100.00","4s":0,"6s":0}],"bowlingStats":[{"playerId":180,"r":24,"w":0,"ov":"3","e":"8.00","nb":0,"d":6,"maid":0,"wd":0},{"playerId":116,"r":24,"w":1,"ov":"3","e":"8.00","nb":0,"d":2,"maid":0,"wd":1},{"playerId":77,"r":18,"w":1,"ov":"2","e":"9.00","nb":0,"d":5,"maid":0,"wd":0},{"playerId":1118,"r":5,"w":0,"ov":"1","e":"5.00","nb":0,"d":2,"maid":0,"wd":0},{"playerId":388,"r":9,"w":1,"ov":"1","e":"9.00","nb":0,"d":3,"maid":0,"wd":1},{"playerId":69,"r":14,"w":0,"ov":"1","e":"14.00","nb":0,"d":2,"maid":0,"wd":0},{"playerId":374,"r":7,"w":1,"ov":"1","e":"7.00","nb":0,"d":2,"maid":0,"wd":0}],"wkts":4,"fow":[{"bp":{"over":4,"innings":2,"ball":4},"playerId":84,"r":35,"w":1},{"bp":{"over":6,"innings":2,"ball":5},"playerId":127,"r":49,"w":2},{"bp":{"over":9,"innings":2,"ball":5},"playerId":177,"r":80,"w":3},{"bp":{"over":12,"innings":2,"ball":2},"playerId":96,"r":94,"w":4}]},"overProgress":"12","runRate":"8.41","overHistory":[{"ovNo":1,"ovBalls":[".","2","1","1","1","."]},{"ovNo":2,"ovBalls":["1","1","4","1","2Wd","1","1"]},{"ovNo":3,"ovBalls":["1","6",".","1",".","."]},{"ovNo":4,"ovBalls":["6","4","1","W",".","."]},{"ovNo":5,"ovBalls":["2","1","1",".",".","1"]},{"ovNo":6,"ovBalls":["1Wd","1",".","6","1","W","."]},{"ovNo":7,"ovBalls":["1","1",".","4","4","1"]},{"ovNo":8,"ovBalls":[".","1",".","6","6","1"]},{"ovNo":9,"ovBalls":["1","1",".","4","W","1"]},{"ovNo":10,"ovBalls":["1",".","1","1","1","1"]},{"ovNo":11,"ovBalls":["2",".","1","2",".","2"]},{"ovNo":12,"ovBalls":["1","W","1","4","1","1"]}],"rodl":{"target":118,"overs":"12"}}],"currentState":{"phase":"C","facingBatsman":108,"nonFacingBatsman":123,"currentInningsIndex":1,"currentPartnership":7,"currentBowler":-1,"currentBatsmen":[123,108],"recentOvers":[{"ovNo":7,"ovBalls":["1","1",".","4","4","1"]},{"ovNo":8,"ovBalls":[".","1",".","6","6","1"]},{"ovNo":9,"ovBalls":["1","1",".","4","W","1"]},{"ovNo":10,"ovBalls":["1",".","1","1","1","1"]},{"ovNo":11,"ovBalls":["2",".","1","2",".","2"]},{"ovNo":12,"ovBalls":["1","W","1","4","1","1"]}]}}