{"fragment":4,"updateTime":1431865693000,"matchId":{"id":3280,"name":"ipl2015-55 - RCB vs. DD","matchIdName":"ipl2015-55"},"commentaries":[{"bbcode":"Y Chahal to JP Duminy, %SPEED% good length outside off stump. He picks up a single","thisOver":"1","progress":{"innings":1,"over":16,"ball":5},"speed":25.0631341242142,"subtype":"BBCode","countingProgress":{"innings":1,"over":15,"ball":5},"bowlerId":111,"nonfacingBatsmanId":163,"facingBatsmanId":182,"autoText":"Y Chahal to JP Duminy, %SPEED% good length outside off stump. He picks up a single","message":{"text":null},"tags":[],"timestamp":1431863429000,"id":1196140,"time":"11:49","updateTime":1431863387294,"sequence":150.5,"type":"Auto"},{"bbcode":"Y Chahal to S Tiwary, no run, %SPEED% full length outside off stump. He doesn't offer a shot","thisOver":".","progress":{"innings":1,"over":16,"ball":6},"speed":24.689708466202,"subtype":"BBCode","countingProgress":{"innings":1,"over":15,"ball":6},"bowlerId":111,"nonfacingBatsmanId":182,"facingBatsmanId":163,"autoText":"Y Chahal to S Tiwary, no run, %SPEED% full length outside off stump. He doesn't offer a shot","message":{"text":null},"tags":[],"timestamp":1431863954000,"id":1196141,"time":"11:50","updateTime":1431863408109,"sequence":151.5,"type":"Auto"},{"innings":1,"over":16,"overRuns":3,"overWickets":1,"inningsRuns":144,"inningsWickets":5,"inningsAllOut":false,"team":{"id":3,"fullName":"Delhi Daredevils","shortName":"Daredevils","abbreviation":"DD","primaryColor":"B22E2A","secondaryColor":"FFFFFF","type":"m"},"batsmanSummaries":[{"batsman":{"id":163,"fullName":"Saurabh Tiwary","shortName":"S Tiwary","nationality":"Indian","rightHandedBat":false,"dateOfBirth":630979200000,"names":["Saurabh Tiwary","S Tiwary"]},"runs":1,"balls":2,"fours":0,"sixes":0},{"batsman":{"id":182,"fullName":"JP Duminy","shortName":"JP Duminy","nationality":"South African","rightHandedBat":false,"dateOfBirth":450748800000,"names":["JP Duminy","JP Duminy"]},"runs":37,"balls":26,"fours":0,"sixes":3}],"activeBatsman":182,"bowlerSummary":{"bowler":{"id":111,"fullName":"Yuzvendra Chahal","shortName":"Y Chahal","nationality":"Indian","rightHandedBat":true,"dateOfBirth":1330300800000,"names":["Yuzvendra Chahal","Y Chahal"]},"overs":"3","runs":26,"wickets":2,"maidens":0},"inningsBalls":96,"inningsMaxBalls":120,"inningsTarget":0,"message":{"text":null},"tags":[],"timestamp":1431863954000,"id":1196142,"time":"11:50","updateTime":1431863408248,"sequence":152.5,"type":"Eov"},{"bbcode":"D Wiese to JP Duminy, %SPEED% good length outside off stump. He picks up two","thisOver":"2","progress":{"innings":1,"over":17,"ball":1},"speed":38.265534197586,"subtype":"BBCode","countingProgress":{"innings":1,"over":16,"ball":1},"bowlerId":869,"nonfacingBatsmanId":163,"facingBatsmanId":182,"autoText":"D Wiese to JP Duminy, %SPEED% good length outside off stump. He picks up two","message":{"text":null},"tags":[],"timestamp":1431864086000,"id":1196143,"time":"11:51","updateTime":1431863483325,"sequence":153.5,"type":"Auto"},{"bbcode":"D Wiese to JP Duminy, %SPEED% good length on off stump. He picks up a single","thisOver":"1","progress":{"innings":1,"over":17,"ball":2},"speed":32.389055345098,"subtype":"BBCode","countingProgress":{"innings":1,"over":16,"ball":2},"bowlerId":869,"nonfacingBatsmanId":163,"facingBatsmanId":182,"autoText":"D Wiese to JP Duminy, %SPEED% good length on off stump. He picks up a single","message":{"text":null},"tags":[],"timestamp":1431863539000,"id":1196144,"time":"11:51","updateTime":1431863513190,"sequence":154.5,"type":"Auto"},{"bbcode":"D Wiese to S Tiwary, %SPEED% short length just outside off stump. He picks up a single","thisOver":"1","progress":{"innings":1,"over":17,"ball":3},"speed":34.9643453150557,"subtype":"BBCode","countingProgress":{"innings":1,"over":16,"ball":3},"bowlerId":869,"nonfacingBatsmanId":182,"facingBatsmanId":163,"autoText":"D Wiese to S Tiwary, %SPEED% short length just outside off stump. He picks up a single","message":{"text":null},"tags":[],"timestamp":1431863590000,"id":1196145,"time":"11:52","updateTime":1431863567713,"sequence":155.5,"type":"Auto"},{"bbcode":"D Wiese to JP Duminy, %SPEED% full length outside off stump. He picks up a single","thisOver":"1","progress":{"innings":1,"over":17,"ball":4},"speed":34.7325385508568,"subtype":"BBCode","countingProgress":{"innings":1,"over":16,"ball":4},"bowlerId":869,"nonfacingBatsmanId":163,"facingBatsmanId":182,"autoText":"D Wiese to JP Duminy, %SPEED% full length outside off stump. He picks up a single","message":{"text":null},"tags":[],"timestamp":1431863661000,"id":1196146,"time":"11:53","updateTime":1431863598535,"sequence":156.5,"type":"Auto"},{"bbcode":"D Wiese to S Tiwary, %SPEED% full toss just outside off stump. He picks up a single","thisOver":"1","progress":{"innings":1,"over":17,"ball":5},"speed":37.9079123826553,"subtype":"BBCode","countingProgress":{"innings":1,"over":16,"ball":5},"bowlerId":869,"nonfacingBatsmanId":182,"facingBatsmanId":163,"autoText":"D Wiese to S Tiwary, %SPEED% full toss just outside off stump. He picks up a single","message":{"text":null},"tags":[],"timestamp":1431863661000,"id":1196147,"time":"11:53","updateTime":1431863632379,"sequence":157.5,"type":"Auto"},{"bbcode":"D Wiese to JP Duminy, %SPEED% short length outside off stump. He picks up a single","thisOver":"1","progress":{"innings":1,"over":17,"ball":6},"speed":37.997317836388,"subtype":"BBCode","countingProgress":{"innings":1,"over":16,"ball":6},"bowlerId":869,"nonfacingBatsmanId":163,"facingBatsmanId":182,"autoText":"D Wiese to JP Duminy, %SPEED% short length outside off stump. He picks up a single","message":{"text":null},"tags":[],"timestamp":1431863722000,"id":1196148,"time":"11:54","updateTime":1431863667447,"sequence":158.5,"type":"Auto"},{"innings":1,"over":17,"overRuns":7,"overWickets":0,"inningsRuns":151,"inningsWickets":5,"inningsAllOut":false,"team":{"id":3,"fullName":"Delhi Daredevils","shortName":"Daredevils","abbreviation":"DD","primaryColor":"B22E2A","secondaryColor":"FFFFFF","type":"m"},"batsmanSummaries":[{"batsman":{"id":182,"fullName":"JP Duminy","shortName":"JP Duminy","nationality":"South African","rightHandedBat":false,"dateOfBirth":450748800000,"names":["JP Duminy","JP Duminy"]},"runs":42,"balls":30,"fours":0,"sixes":3},{"batsman":{"id":163,"fullName":"Saurabh Tiwary","shortName":"S Tiwary","nationality":"Indian","rightHandedBat":false,"dateOfBirth":630979200000,"names":["Saurabh Tiwary","S Tiwary"]},"runs":3,"balls":4,"fours":0,"sixes":0}],"activeBatsman":182,"bowlerSummary":{"bowler":{"id":869,"fullName":"David Wiese","shortName":"D Wiese","nationality":"South African","rightHandedBat":true,"dateOfBirth":485222400000,"names":["David Wiese","D Wiese"]},"overs":"4","runs":39,"wickets":0,"maidens":0},"inningsBalls":102,"inningsMaxBalls":120,"inningsTarget":0,"message":{"text":null},"tags":[],"timestamp":1431864086000,"id":1196149,"time":"11:54","updateTime":1431863667666,"sequence":159.5,"type":"Eov"},{"mediaId":"4241093230001","endpointUrlHq1":"http://brightcove.vo.llnwd.net/v1/uds/pd/3588749423001/201505/182/3588749423001_4241098258001_Match-55-DD-3RD-WKT.mp4","endpointUrlHq2":"http://brightcove.vo.llnwd.net/v1/uds/pd/3588749423001/201505/1182/3588749423001_4241098263001_Match-55-DD-3RD-WKT.mp4","endpointUrlAlt":"http://c.brightcove.com/services/mobile/streaming/index/rendition.m3u8?assetId=4241099159001","title":"M55: RCB vs DD – Yuvraj Singh Wicket","largeThumbnail":"http://brightcove.vo.llnwd.net/v1/unsecured/media/3588749423001/201505/126/3588749423001_4240945635001_video-still-for-video-4241093230001.jpg?pubId=3588749423001","duration":24567,"endpointUrl":"http://brightcove.vo.llnwd.net/v1/uds/pd/3588749423001/201505/1218/3588749423001_4241099151001_Match-55-DD-3RD-WKT.mp4","smallThumbnail":"http://brightcove.vo.llnwd.net/v1/unsecured/media/3588749423001/201505/3126/3588749423001_4240945634001_thumbnail-for-video-4241093230001.jpg?pubId=3588749423001","description":null,"endpointUrlMq":"http://brightcove.vo.llnwd.net/v1/uds/pd/3588749423001/201505/3530/3588749423001_4241093714001_Match-55-DD-3RD-WKT.mp4","endpointUrlHq3":"http://brightcove.vo.llnwd.net/v1/uds/pd/3588749423001/201505/1182/3588749423001_4241098255001_Match-55-DD-3RD-WKT.mp4","publishDate":1431863265332,"message":{"text":null},"tags":["account:iplt20","2015","ipl2015","innings 1","dd","match:ipl2015-55","IPL 2015","ipl2015-55","playerid 113","over 14","wicket","ball 5","channel:ipl-match-centre","rcb"],"timestamp":1431863907000,"id":1196155,"time":"11:58","updateTime":1431863896164,"sequence":159.75,"type":"Video"},{"mediaId":"4241093232001","endpointUrlHq1":"http://brightcove.vo.llnwd.net/v1/uds/pd/3588749423001/201505/2574/3588749423001_4241101721001_Match-55-DD-4TH-WKT.mp4","endpointUrlHq2":"http://brightcove.vo.llnwd.net/v1/uds/pd/3588749423001/201505/3322/3588749423001_4241100060001_Match-55-DD-4TH-WKT.mp4","endpointUrlAlt":"http://c.brightcove.com/services/mobile/streaming/index/rendition.m3u8?assetId=4241101724001","title":"M55: RCB vs DD – Kedar Jadhav Wicket","largeThumbnail":"http://brightcove.vo.llnwd.net/v1/unsecured/media/3588749423001/201505/3574/3588749423001_4241101722001_vs-555880f4e4b047483d70d3ce-1083021586001.jpg?pubId=3588749423001","duration":27080,"endpointUrl":"http://brightcove.vo.llnwd.net/v1/uds/pd/3588749423001/201505/3130/3588749423001_4241100260001_Match-55-DD-4TH-WKT.mp4","smallThumbnail":"http://brightcove.vo.llnwd.net/v1/unsecured/media/3588749423001/201505/574/3588749423001_4241101723001_th-555880f4e4b047483d70d3ce-1083021586001.jpg?pubId=3588749423001","description":null,"endpointUrlMq":"http://brightcove.vo.llnwd.net/v1/uds/pd/3588749423001/201505/3406/3588749423001_4241094409001_Match-55-DD-4TH-WKT.mp4","endpointUrlHq3":"http://brightcove.vo.llnwd.net/v1/uds/pd/3588749423001/201505/2322/3588749423001_4241100061001_Match-55-DD-4TH-WKT.mp4","publishDate":1431863533374,"message":{"text":null},"tags":["account:iplt20","2015","over 15","ipl2015","innings 1","dd","match:ipl2015-55","IPL 2015","ipl2015-55","ball 2","wicket","channel:ipl-match-centre","rcb","playerid 297"],"timestamp":1431863911000,"id":1196156,"time":"11:58","updateTime":1431863896246,"sequence":159.875,"type":"Video"},{"mediaId":"4241093233001","endpointUrlHq1":"http://brightcove.vo.llnwd.net/v1/uds/pd/3588749423001/201505/1574/3588749423001_4241101728001_Match-55-DD-5TH-WKT.mp4","endpointUrlHq2":"http://brightcove.vo.llnwd.net/v1/uds/pd/3588749423001/201505/2574/3588749423001_4241101729001_Match-55-DD-5TH-WKT.mp4","endpointUrlAlt":"http://c.brightcove.com/services/mobile/streaming/index/rendition.m3u8?assetId=4241105246001","title":"M55: RCB vs DD – Angelo Mathews Wicket","largeThumbnail":"http://brightcove.vo.llnwd.net/v1/unsecured/media/3588749423001/201505/3574/3588749423001_4241101730001_vs-5558818be4b047483d70d3d8-1083021586001.jpg?pubId=3588749423001","duration":22160,"endpointUrl":"http://brightcove.vo.llnwd.net/v1/uds/pd/3588749423001/201505/3574/3588749423001_4241101726001_Match-55-DD-5TH-WKT.mp4","smallThumbnail":"http://brightcove.vo.llnwd.net/v1/unsecured/media/3588749423001/201505/574/3588749423001_4241101731001_th-5558818be4b047483d70d3d8-1083021586001.jpg?pubId=3588749423001","description":null,"endpointUrlMq":"http://brightcove.vo.llnwd.net/v1/uds/pd/3588749423001/201505/3266/3588749423001_4241105247001_Match-55-DD-5TH-WKT.mp4","endpointUrlHq3":"http://brightcove.vo.llnwd.net/v1/uds/pd/3588749423001/201505/574/3588749423001_4241101727001_Match-55-DD-5TH-WKT.mp4","publishDate":1431863684305,"message":{"text":null},"tags":["account:iplt20","2015","over 16","ipl2015","innings 1","dd","match:ipl2015-55","IPL 2015","ipl2015-55","playerid 217","ball 2","wicket","channel:ipl-match-centre","rcb"],"timestamp":1431863915000,"id":1196157,"time":"11:58","updateTime":1431863896358,"sequence":159.938,"type":"Video"},{"bbcode":"The crowds are starting to look very threatening. The weather appears to be following RCB on a nationwide tour!","subtype":"BBCode","message":{"text":"<p>The crowds are starting to look very threatening. The weather appears to be following RCB on a nationwide tour!</p>"},"tags":[],"timestamp":1431863825000,"id":1196151,"time":"11:56","updateTime":1431863819005,"sequence":160.0,"type":"Manual"},{"bbcode":"M Starc to JP Duminy, no run, %SPEED% full length going down leg. He plays and misses","thisOver":".","progress":{"innings":1,"over":18,"ball":1},"speed":40.0536432722396,"subtype":"BBCode","countingProgress":{"innings":1,"over":17,"ball":1},"bowlerId":490,"nonfacingBatsmanId":163,"facingBatsmanId":182,"autoText":"M Starc to JP Duminy, no run, %SPEED% full length going down leg. He plays and misses","message":{"text":null},"tags":[],"timestamp":1431863788000,"id":1196150,"time":"11:56","updateTime":1431863775889,"sequence":160.5,"type":"Auto"},{"bbcode":"M Starc to JP Duminy, %SPEED% full length going down leg. He picks up a single","thisOver":"1","progress":{"innings":1,"over":18,"ball":2},"speed":39.0701832811801,"subtype":"BBCode","countingProgress":{"innings":1,"over":17,"ball":2},"bowlerId":490,"nonfacingBatsmanId":163,"facingBatsmanId":182,"autoText":"M Starc to JP Duminy, %SPEED% full length going down leg. He picks up a single","message":{"text":null},"tags":[],"timestamp":1431863904000,"id":1196152,"time":"11:57","updateTime":1431863821195,"sequence":162.5,"type":"Auto"},{"bbcode":"M Starc to S Tiwary, %SPEED% good length just outside off stump. He picks up a single","thisOver":"1","progress":{"innings":1,"over":18,"ball":3},"speed":38.0867232901207,"subtype":"BBCode","countingProgress":{"innings":1,"over":17,"ball":3},"bowlerId":490,"nonfacingBatsmanId":182,"facingBatsmanId":163,"autoText":"M Starc to S Tiwary, %SPEED% good length just outside off stump. He picks up a single","message":{"text":null},"tags":[],"timestamp":1431863904000,"id":1196154,"time":"11:57","updateTime":1431863858616,"sequence":163.5,"type":"Auto"},{"bbcode":"M Starc to JP Duminy, %SPEED% full toss going down leg. He picks up two","thisOver":"2","progress":{"innings":1,"over":18,"ball":4},"speed":34.7889270716537,"subtype":"BBCode","countingProgress":{"innings":1,"over":17,"ball":4},"bowlerId":490,"nonfacingBatsmanId":163,"facingBatsmanId":182,"autoText":"M Starc to JP Duminy, %SPEED% full toss going down leg. He picks up two","message":{"text":null},"tags":[],"timestamp":1431864026000,"id":1196158,"time":"11:58","updateTime":1431863901181,"sequence":167.5,"type":"Auto"},{"bbcode":"M Starc to JP Duminy, %SPEED% full length just outside off stump. He hits a nice boundary","thisOver":"4","progress":{"innings":1,"over":18,"ball":5},"speed":38.722586098409,"subtype":"BBCode","countingProgress":{"innings":1,"over":17,"ball":5},"bowlerId":490,"nonfacingBatsmanId":163,"facingBatsmanId":182,"autoText":"M Starc to JP Duminy, %SPEED% full length just outside off stump. He hits a nice boundary","message":{"text":null},"tags":["four"],"timestamp":1431864026000,"id":1196164,"time":"11:59","updateTime":1431863979768,"sequence":169.5,"type":"Auto"},{"bbcode":"Four! Lovely timing by Duminy as he carves a yorker from Starc through the covers for four","subtype":"BBCode","message":{"text":"<p>Four! Lovely timing by Duminy as he carves a yorker from Starc through the covers for four</p>"},"tags":[],"timestamp":1431863986000,"id":1196163,"time":"11:59","updateTime":1431863970314,"sequence":170.0,"type":"Manual"},{"bbcode":"M Starc to JP Duminy, %SPEED% short length on middle stump. He picks up a single","thisOver":"1","progress":{"innings":1,"over":18,"ball":6},"speed":38.7125614662494,"subtype":"BBCode","countingProgress":{"innings":1,"over":17,"ball":6},"bowlerId":490,"nonfacingBatsmanId":163,"facingBatsmanId":182,"autoText":"M Starc to JP Duminy, %SPEED% short length on middle stump. He picks up a single","message":{"text":null},"tags":[],"timestamp":1431864026000,"id":1196165,"time":"11:59","updateTime":1431863982929,"sequence":170.5,"type":"Auto"},{"bbcode":"[b]50 for JP Duminy[/b]\\nThe skipper brings up his 50 with a pull shot down to fine leg. Another fine innings","subtype":"BBCode","message":{"text":"<p><strong>50 for JP Duminy</strong><br />The skipper brings up his 50 with a pull shot down to fine leg. Another fine innings</p>"},"tags":[],"timestamp":1431864010000,"id":1196168,"time":"12:00","updateTime":1431864008011,"sequence":171.0,"type":"Manual"},{"innings":1,"over":18,"overRuns":9,"overWickets":0,"inningsRuns":160,"inningsWickets":5,"inningsAllOut":false,"team":{"id":3,"fullName":"Delhi Daredevils","shortName":"Daredevils","abbreviation":"DD","primaryColor":"B22E2A","secondaryColor":"FFFFFF","type":"m"},"batsmanSummaries":[{"batsman":{"id":182,"fullName":"JP Duminy","shortName":"JP Duminy","nationality":"South African","rightHandedBat":false,"dateOfBirth":450748800000,"names":["JP Duminy","JP Duminy"]},"runs":50,"balls":35,"fours":1,"sixes":3},{"batsman":{"id":163,"fullName":"Saurabh Tiwary","shortName":"S Tiwary","nationality":"Indian","rightHandedBat":false,"dateOfBirth":630979200000,"names":["Saurabh Tiwary","S Tiwary"]},"runs":4,"balls":5,"fours":0,"sixes":0}],"activeBatsman":182,"bowlerSummary":{"bowler":{"id":490,"fullName":"Mitchell Starc","shortName":"M Starc","nationality":"Australian","rightHandedBat":true,"dateOfBirth":633657600000,"names":["Mitchell Starc","M Starc"]},"overs":"3","runs":24,"wickets":0,"maidens":0},"inningsBalls":108,"inningsMaxBalls":120,"inningsTarget":0,"message":{"text":null},"tags":[],"timestamp":1431864086000,"id":1196166,"time":"11:59","updateTime":1431863983073,"sequence":171.5,"type":"Eov"},{"bbcode":"H Patel to JP Duminy, no run, %SPEED% good length just outside off stump. He plays and misses","thisOver":".","progress":{"innings":1,"over":19,"ball":1},"speed":32.4988824318283,"subtype":"BBCode","countingProgress":{"innings":1,"over":18,"ball":1},"bowlerId":157,"nonfacingBatsmanId":163,"facingBatsmanId":182,"autoText":"H Patel to JP Duminy, no run, %SPEED% good length just outside off stump. He plays and misses","message":{"text":null},"tags":[],"timestamp":1431864076000,"id":1196170,"time":"12:00","updateTime":1431864059692,"sequence":172.5,"type":"Auto"},{"bbcode":"H Patel to JP Duminy, %SPEED% short length on leg stump. He hits a nice boundary","thisOver":"4","progress":{"innings":1,"over":19,"ball":2},"speed":36.7903442109969,"subtype":"BBCode","countingProgress":{"innings":1,"over":18,"ball":2},"bowlerId":157,"nonfacingBatsmanId":163,"facingBatsmanId":182,"autoText":"H Patel to JP Duminy, %SPEED% short length on leg stump. He hits a nice boundary","message":{"text":null},"tags":["four"],"timestamp":1431864136000,"id":1196171,"time":"12:01","updateTime":1431864094848,"sequence":173.5,"type":"Auto"},{"bbcode":"Four! A swatted pull shot through square leg gets JP four more. DD trying to gather some late momentum","subtype":"BBCode","message":{"text":"<p>Four! A swatted pull shot through square leg gets JP four more. DD trying to gather some late momentum</p>"},"tags":[],"timestamp":1431864130000,"id":1196172,"time":"12:01","updateTime":1431864104294,"sequence":174.5,"type":"Manual"},{"bbcode":"H Patel to JP Duminy, %SPEED% full length just outside off stump. He hits a nice boundary","thisOver":"4","progress":{"innings":1,"over":19,"ball":3},"speed":36.9951653679675,"subtype":"BBCode","countingProgress":{"innings":1,"over":18,"ball":3},"bowlerId":157,"nonfacingBatsmanId":163,"facingBatsmanId":182,"autoText":"H Patel to JP Duminy, %SPEED% full length just outside off stump. He hits a nice boundary","message":{"text":null},"tags":["four"],"timestamp":1431864197000,"id":1196173,"time":"12:02","updateTime":1431864139413,"sequence":175.5,"type":"Auto"},{"bbcode":"Four! Class! Harshal fires it in full, but Duminy steps away and crashes this over cover","subtype":"BBCode","message":{"text":"<p>Four! Class! Harshal fires it in full, but Duminy steps away and crashes this over cover</p>"},"tags":[],"timestamp":1431864175000,"id":1196174,"time":"12:02","updateTime":1431864154965,"sequence":176.5,"type":"Manual"},{"bbcode":"H Patel to JP Duminy, 1 leg bye","thisOver":"1Lb","progress":{"innings":1,"over":19,"ball":4},"speed":37.8185069289227,"subtype":"BBCode","countingProgress":{"innings":1,"over":18,"ball":4},"bowlerId":157,"nonfacingBatsmanId":163,"facingBatsmanId":182,"autoText":"H Patel to JP Duminy, 1 leg bye","message":{"text":null},"tags":[],"timestamp":1431864179000,"id":1196175,"time":"12:02","updateTime":1431864179959,"sequence":177.5,"type":"Auto"},{"bbcode":"H Patel to S Tiwary, %SPEED% good length just outside off stump. He hits a great shot, that has gone all the way","thisOver":"6","progress":{"innings":1,"over":19,"ball":5},"speed":38.0867232901207,"subtype":"BBCode","countingProgress":{"innings":1,"over":18,"ball":5},"bowlerId":157,"nonfacingBatsmanId":182,"facingBatsmanId":163,"autoText":"H Patel to S Tiwary, %SPEED% good length just outside off stump. He hits a great shot, that has gone all the way","message":{"text":null},"tags":["six"],"timestamp":1431864267000,"id":1196176,"time":"12:03","updateTime":1431864220544,"sequence":178.5,"type":"Auto"},{"bbcode":"[b]Six![/b] Super Saurabh! Climbs into a slower length delivery and crashes it into the sightscreen","subtype":"BBCode","message":{"text":"<p><strong>Six!</strong> Super Saurabh! Climbs into a slower length delivery and crashes it into the sightscreen</p>"},"tags":[],"timestamp":1431864264000,"id":1196177,"time":"12:03","updateTime":1431864239582,"sequence":179.5,"type":"Manual"},{"bbcode":"H Patel to S Tiwary, %SPEED% full length on middle stump. He picks up a single","thisOver":"1","progress":{"innings":1,"over":19,"ball":6},"speed":38.6432817572893,"subtype":"BBCode","countingProgress":{"innings":1,"over":18,"ball":6},"bowlerId":157,"nonfacingBatsmanId":182,"facingBatsmanId":163,"autoText":"H Patel to S Tiwary, %SPEED% full length on middle stump. He picks up a single","message":{"text":null},"tags":[],"timestamp":1431864318000,"id":1196178,"time":"12:04","updateTime":1431864262266,"sequence":180.5,"type":"Auto"},{"innings":1,"over":19,"overRuns":16,"overWickets":0,"inningsRuns":176,"inningsWickets":5,"inningsAllOut":false,"team":{"id":3,"fullName":"Delhi Daredevils","shortName":"Daredevils","abbreviation":"DD","primaryColor":"B22E2A","secondaryColor":"FFFFFF","type":"m"},"batsmanSummaries":[{"batsman":{"id":163,"fullName":"Saurabh Tiwary","shortName":"S Tiwary","nationality":"Indian","rightHandedBat":false,"dateOfBirth":630979200000,"names":["Saurabh Tiwary","S Tiwary"]},"runs":11,"balls":7,"fours":0,"sixes":1},{"batsman":{"id":182,"fullName":"JP Duminy","shortName":"JP Duminy","nationality":"South African","rightHandedBat":false,"dateOfBirth":450748800000,"names":["JP Duminy","JP Duminy"]},"runs":58,"balls":39,"fours":3,"sixes":3}],"activeBatsman":163,"bowlerSummary":{"bowler":{"id":157,"fullName":"Harshal Patel","shortName":"H Patel","nationality":"Indian","rightHandedBat":false,"dateOfBirth":659318400000,"names":["Harshal Patel","H Patel"]},"overs":"4","runs":30,"wickets":2,"maidens":0},"inningsBalls":114,"inningsMaxBalls":120,"inningsTarget":0,"message":{"text":null},"tags":[],"timestamp":1431864262000,"id":1196179,"time":"12:04","updateTime":1431864262535,"sequence":181.5,"type":"Eov"},{"bbcode":"M Starc to S Tiwary, %SPEED% full length on leg stump. He plays and misses","thisOver":"1","progress":{"innings":1,"over":20,"ball":1},"speed":38.3996423781851,"subtype":"BBCode","countingProgress":{"innings":1,"over":19,"ball":1},"bowlerId":490,"nonfacingBatsmanId":182,"facingBatsmanId":163,"autoText":"M Starc to S Tiwary, %SPEED% full length on leg stump. He plays and misses","message":{"text":null},"tags":[],"timestamp":1431864368000,"id":1196180,"time":"12:05","updateTime":1431864329430,"sequence":182.5,"type":"Auto"},{"bbcode":"M Starc to JP Duminy, %SPEED% full length just outside off stump. He picks up two","thisOver":"2","progress":{"innings":1,"over":20,"ball":2},"speed":40.6256831470723,"subtype":"BBCode","countingProgress":{"innings":1,"over":19,"ball":2},"bowlerId":490,"nonfacingBatsmanId":163,"facingBatsmanId":182,"autoText":"M Starc to JP Duminy, %SPEED% full length just outside off stump. He picks up two","message":{"text":null},"tags":[],"timestamp":1431864449000,"id":1196181,"time":"12:06","updateTime":1431864385165,"sequence":183.5,"type":"Auto"},{"bbcode":"M Starc to JP Duminy, %SPEED% short length on leg stump. He hits a nice boundary","thisOver":"4","progress":{"innings":1,"over":20,"ball":3},"speed":36.5204748360325,"subtype":"BBCode","countingProgress":{"innings":1,"over":19,"ball":3},"bowlerId":490,"nonfacingBatsmanId":163,"facingBatsmanId":182,"autoText":"M Starc to JP Duminy, %SPEED% short length on leg stump. He hits a nice boundary","message":{"text":null},"tags":["four"],"timestamp":1431864500000,"id":1196182,"time":"12:06","updateTime":1431864416703,"sequence":184.5,"type":"Auto"},{"bbcode":"Four! This is a masterclass! Short from Starc, and Duminy pulls powerfully through square leg for yet another boundary","subtype":"BBCode","message":{"text":"<p>Four! This is a masterclass! Short from Starc, and Duminy pulls powerfully through square leg for yet another boundary</p>"},"tags":[],"timestamp":1431864455000,"id":1196183,"time":"12:07","updateTime":1431864427888,"sequence":185.5,"type":"Manual"},{"bbcode":"M Starc to JP Duminy, %SPEED% full toss on middle stump. He picks up two","thisOver":"2","progress":{"innings":1,"over":20,"ball":4},"speed":39.8537548435443,"subtype":"BBCode","countingProgress":{"innings":1,"over":19,"ball":4},"bowlerId":490,"nonfacingBatsmanId":163,"facingBatsmanId":182,"autoText":"M Starc to JP Duminy, %SPEED% full toss on middle stump. He picks up two","message":{"text":null},"tags":[],"timestamp":1431864500000,"id":1196184,"time":"12:07","updateTime":1431864453239,"sequence":186.5,"type":"Auto"},{"bbcode":"M Starc to JP Duminy, %SPEED% full length on middle stump. He plays and misses","thisOver":"1","progress":{"innings":1,"over":20,"ball":5},"speed":40.366562360304,"subtype":"BBCode","countingProgress":{"innings":1,"over":19,"ball":5},"bowlerId":490,"nonfacingBatsmanId":163,"facingBatsmanId":182,"autoText":"M Starc to JP Duminy, %SPEED% full length on middle stump. He plays and misses","message":{"text":null},"tags":[],"timestamp":1431864551000,"id":1196185,"time":"12:08","updateTime":1431864490251,"sequence":187.5,"type":"Auto"},{"bbcode":"M Starc to S Tiwary, %SPEED% full toss going down leg. He picks up a single","thisOver":"1","progress":{"innings":1,"over":20,"ball":6},"speed":40.7103801403236,"subtype":"BBCode","countingProgress":{"innings":1,"over":19,"ball":6},"bowlerId":490,"nonfacingBatsmanId":182,"facingBatsmanId":163,"autoText":"M Starc to S Tiwary, %SPEED% full toss going down leg. He picks up a single","message":{"text":null},"tags":[],"timestamp":1431865582000,"id":1196186,"time":"12:08","updateTime":1431864537589,"sequence":188.5,"type":"Auto"},{"innings":1,"over":20,"overRuns":11,"overWickets":0,"inningsRuns":187,"inningsWickets":5,"inningsAllOut":false,"team":{"id":3,"fullName":"Delhi Daredevils","shortName":"Daredevils","abbreviation":"DD","primaryColor":"B22E2A","secondaryColor":"FFFFFF","type":"m"},"batsmanSummaries":[{"batsman":{"id":163,"fullName":"Saurabh Tiwary","shortName":"S Tiwary","nationality":"Indian","rightHandedBat":false,"dateOfBirth":630979200000,"names":["Saurabh Tiwary","S Tiwary"]},"runs":13,"balls":9,"fours":0,"sixes":1},{"batsman":{"id":182,"fullName":"JP Duminy","shortName":"JP Duminy","nationality":"South African","rightHandedBat":false,"dateOfBirth":450748800000,"names":["JP Duminy","JP Duminy"]},"runs":67,"balls":43,"fours":4,"sixes":3}],"activeBatsman":163,"bowlerSummary":{"bowler":{"id":490,"fullName":"Mitchell Starc","shortName":"M Starc","nationality":"Australian","rightHandedBat":true,"dateOfBirth":633657600000,"names":["Mitchell Starc","M Starc"]},"overs":"4","runs":35,"wickets":0,"maidens":0},"inningsBalls":120,"inningsMaxBalls":120,"inningsTarget":0,"message":{"text":null},"tags":[],"timestamp":1431864537000,"id":1196187,"time":"12:08","updateTime":1431864537790,"sequence":189.5,"type":"Eov"},{"bbcode":"[b]Innings Break[/b]","subtype":"BBCode","message":{"text":"<p><strong>Innings Break</strong></p>"},"tags":[],"timestamp":1431864553000,"id":1196188,"time":"12:09","updateTime":1431864553259,"sequence":190.5,"type":"Manual"},{"bbcode":"[b]Royal Challengers Bangalore require 188 runs to win[/b]","subtype":"BBCode","message":{"text":"<p><strong>Royal Challengers Bangalore require 188 runs to win</strong></p>"},"tags":[],"timestamp":1431864565000,"id":1196189,"time":"12:09","updateTime":1431864565631,"sequence":191.5,"type":"Manual"},{"bbcode":"DD have finished their batting campaign with a flourish. Led by the brilliant Duminy, they have posted a very formidable 187. For RCB, anything is possible though, so we should be in for some great fun.","subtype":"BBCode","message":{"text":"<p>DD have finished their batting campaign with a flourish. Led by the brilliant Duminy, they have posted a very formidable 187. For RCB, anything is possible though, so we should be in for some great fun.</p>"},"tags":[],"timestamp":1431864653000,"id":1196190,"time":"12:10","updateTime":1431864653100,"sequence":192.5,"type":"Manual"},{"subtype":"EmbeddedTweet","tweetjson":{"created_at":"Sun May 17 12:10:59 +0000 2015","id":599909977642369024,"id_str":"599909977642369024","text":"class knock from JP Duminy. Kock brilliant. Impressed by Chahal's brave bowling too. #IPL","source":"<a href=\"https://mobile.twitter.com\" rel=\"nofollow\">Mobile Web (M2)</a>","truncated":false,"in_reply_to_status_id":null,"in_reply_to_status_id_str":null,"in_reply_to_user_id":null,"in_reply_to_user_id_str":null,"in_reply_to_screen_name":null,"user":{"id":564447855,"id_str":"564447855","name":"V Tej Manohar","screen_name":"Cric_Maverick","location":"Bhopal, India","description":"18 | All Things Cricket | Current Affairs | Sarcasm | Random Humdrum | Ambivert | WWE Junkie | #BleedBlue #CSK #Vettel #Fedex","url":"http://t.co/Hsmb6pn8yM","entities":{"url":{"urls":[{"url":"http://t.co/Hsmb6pn8yM","expanded_url":"http://www.holdingwilley.com/index.php?option=com_comprofiler&task=userProfile&user=12044","display_url":"holdingwilley.com/index.php?opti…","indices":[0,22]}]},"description":{"urls":[]}},"protected":false,"followers_count":139,"friends_count":491,"listed_count":9,"created_at":"Fri Apr 27 07:11:22 +0000 2012","favourites_count":2810,"utc_offset":19800,"time_zone":"Chennai","geo_enabled":true,"verified":false,"statuses_count":14275,"lang":"en","contributors_enabled":false,"is_translator":false,"is_translation_enabled":false,"profile_background_color":"320FFA","profile_background_image_url":"http://pbs.twimg.com/profile_background_images/475627212477976576/Ll7f6k6R.jpeg","profile_background_image_url_https":"https://pbs.twimg.com/profile_background_images/475627212477976576/Ll7f6k6R.jpeg","profile_background_tile":true,"profile_image_url":"http://pbs.twimg.com/profile_images/594470786485780481/qCjnwken_normal.jpg","profile_image_url_https":"https://pbs.twimg.com/profile_images/594470786485780481/qCjnwken_normal.jpg","profile_banner_url":"https://pbs.twimg.com/profile_banners/564447855/1427700669","profile_link_color":"25A7C7","profile_sidebar_border_color":"000000","profile_sidebar_fill_color":"C0DFEC","profile_text_color":"333333","profile_use_background_image":true,"default_profile":false,"default_profile_image":false,"following":false,"follow_request_sent":false,"notifications":false},"geo":null,"coordinates":null,"place":null,"contributors":null,"retweet_count":0,"favorite_count":0,"entities":{"hashtags":[{"text":"IPL","indices":[85,89]}],"symbols":[],"user_mentions":[],"urls":[]},"favorited":false,"retweeted":false,"lang":"en"},"message":{"text":"<blockquote class=\"twitter-tweet\" data-partner=\"tweetdeck\">\n<p lang=\"en\" dir=\"ltr\">class knock from JP Duminy. Kock brilliant. Impressed by Chahal's brave bowling too. <a href=\"https://twitter.com/hashtag/IPL?src=hash\">#IPL</a></p>\n&mdash; V Tej Manohar (@Cric_Maverick) <a href=\"https://twitter.com/Cric_Maverick/status/599909977642369024\">May 17, 2015</a></blockquote>\n<script charset=\"utf-8\" type=\"text/javascript\" src=\"http://platform.twitter.com/widgets.js\"></script>"},"tags":[],"timestamp":1431864680000,"id":1196191,"time":"12:11","updateTime":1431864680226,"sequence":193.5,"type":"Manual"},{"bbcode":"It's time for the chase. The rain is looking threatening, but we're ok at the moment. Here come Gayle and Kohli. Jayant Yadav will open the bowling.","subtype":"BBCode","message":{"text":"<p>It's time for the chase. The rain is looking threatening, but we're ok at the moment. Here come Gayle and Kohli. Jayant Yadav will open the bowling.</p>"},"tags":[],"timestamp":1431865493000,"id":1196193,"time":"12:23","updateTime":1431865418478,"sequence":194.5,"type":"Manual"},{"bbcode":"J Yadav to V Kohli, no run, %SPEED% good length on off stump. He doesn't offer a shot","thisOver":".","progress":{"innings":2,"over":1,"ball":1},"speed":23.8712561466249,"subtype":"BBCode","countingProgress":{"innings":2,"over":0,"ball":1},"bowlerId":1740,"nonfacingBatsmanId":236,"facingBatsmanId":164,"autoText":"J Yadav to V Kohli, no run, %SPEED% good length on off stump. He doesn't offer a shot","message":{"text":null},"tags":[],"timestamp":1431865583000,"id":1196194,"time":"12:25","updateTime":1431865516313,"sequence":195.5,"type":"Auto"},{"bbcode":"J Yadav to V Kohli, %SPEED% good length going down leg. He picks up a single","thisOver":"1","progress":{"innings":2,"over":1,"ball":2},"speed":23.2218414448448,"subtype":"BBCode","countingProgress":{"innings":2,"over":0,"ball":2},"bowlerId":1740,"nonfacingBatsmanId":236,"facingBatsmanId":164,"autoText":"J Yadav to V Kohli, %SPEED% good length going down leg. He picks up a single","message":{"text":null},"tags":[],"timestamp":1431865583000,"id":1196195,"time":"12:25","updateTime":1431865519527,"sequence":196.5,"type":"Auto"},{"bbcode":"J Yadav to C Gayle, no run, %SPEED% short length just outside off stump. He doesn't offer a shot","thisOver":".","progress":{"innings":2,"over":1,"ball":3},"speed":25.7604512072539,"subtype":"BBCode","countingProgress":{"innings":2,"over":0,"ball":3},"bowlerId":1740,"nonfacingBatsmanId":164,"facingBatsmanId":236,"autoText":"J Yadav to C Gayle, no run, %SPEED% short length just outside off stump. He doesn't offer a shot","message":{"text":null},"tags":[],"timestamp":1431865643000,"id":1196196,"time":"12:26","updateTime":1431865591536,"sequence":197.5,"type":"Auto"},{"bbcode":"J Yadav to C Gayle, no run, %SPEED% good length going down leg. He plays and misses","thisOver":".","progress":{"innings":2,"over":1,"ball":4},"speed":24.54179704962,"subtype":"BBCode","countingProgress":{"innings":2,"over":0,"ball":4},"bowlerId":1740,"nonfacingBatsmanId":164,"facingBatsmanId":236,"autoText":"J Yadav to C Gayle, no run, %SPEED% good length going down leg. He plays and misses","message":{"text":null},"tags":[],"timestamp":1431865601000,"id":1196197,"time":"12:26","updateTime":1431865593488,"sequence":198.5,"type":"Auto"},{"bbcode":"J Yadav to C Gayle, no run, %SPEED% short length going down leg. He doesn't offer a shot","thisOver":".","progress":{"innings":2,"over":1,"ball":5},"speed":27.8822288195756,"subtype":"BBCode","countingProgress":{"innings":2,"over":0,"ball":5},"bowlerId":1740,"nonfacingBatsmanId":164,"facingBatsmanId":236,"autoText":"J Yadav to C Gayle, no run, %SPEED% short length going down leg. He doesn't offer a shot","message":{"text":null},"tags":[],"timestamp":1431865693000,"id":1196198,"time":"12:26","updateTime":1431865617346,"sequence":199.5,"type":"Auto"}]}