{"fragment":5,"updateTime":1431885344000,"matchId":{"id":3280,"name":"ipl2015-55 - RCB vs. DD","matchIdName":"ipl2015-55"},"commentaries":[{"bbcode":"J Yadav to C Gayle, %SPEED% good length on leg stump. He picks up a single","thisOver":"1","progress":{"innings":2,"over":1,"ball":6},"speed":23.5382403129647,"subtype":"BBCode","countingProgress":{"innings":2,"over":0,"ball":6},"bowlerId":1740,"nonfacingBatsmanId":164,"facingBatsmanId":236,"autoText":"J Yadav to C Gayle, %SPEED% good length on leg stump. He picks up a single","message":{"text":null},"tags":[],"timestamp":1431865693000,"id":1196199,"time":"12:27","updateTime":1431865641056,"sequence":200.5,"type":"Auto"},{"innings":2,"over":1,"overRuns":2,"overWickets":0,"inningsRuns":2,"inningsWickets":0,"inningsAllOut":false,"team":{"id":9,"fullName":"Royal Challengers Bangalore","shortName":"Challengers","abbreviation":"RCB","primaryColor":"F1901D","secondaryColor":"FFFFFF","type":"m"},"batsmanSummaries":[{"batsman":{"id":236,"fullName":"Chris Gayle","shortName":"C Gayle","nationality":"West Indian","rightHandedBat":false,"dateOfBirth":306720000000,"names":["Chris Gayle","C Gayle"]},"runs":1,"balls":4,"fours":0,"sixes":0},{"batsman":{"id":164,"fullName":"Virat Kohli","shortName":"V Kohli","nationality":"Indian","rightHandedBat":false,"dateOfBirth":594691200000,"names":["Virat Kohli","V Kohli"]},"runs":1,"balls":2,"fours":0,"sixes":0}],"activeBatsman":236,"bowlerSummary":{"bowler":{"id":1740,"fullName":"Jayant Yadav","shortName":"J Yadav","nationality":"Indian","rightHandedBat":true,"dateOfBirth":632966400000,"names":["Jayant Yadav","J Yadav"]},"overs":"1","runs":2,"wickets":0,"maidens":0},"inningsBalls":6,"inningsMaxBalls":120,"inningsTarget":188,"message":{"text":null},"tags":[],"timestamp":1431865641000,"id":1196200,"time":"12:27","updateTime":1431865641227,"sequence":201.5,"type":"Eov"},{"bbcode":"Tidy start by Jayant. Gayle not yet flexing his muscles. Zaheer will share the new ball.","subtype":"BBCode","message":{"text":"<p>Tidy start by Jayant. Gayle not yet flexing his muscles. Zaheer will share the new ball.</p>"},"tags":[],"timestamp":1431865748000,"id":1196201,"time":"12:27","updateTime":1431865675596,"sequence":202.5,"type":"Manual"},{"bbcode":"Z Khan to C Gayle, no run, %SPEED% full toss on leg stump. He plays and misses","thisOver":".","progress":{"innings":2,"over":2,"ball":1},"speed":38.0420205632544,"subtype":"BBCode","countingProgress":{"innings":2,"over":1,"ball":1},"bowlerId":165,"nonfacingBatsmanId":164,"facingBatsmanId":236,"autoText":"Z Khan to C Gayle, no run, %SPEED% full toss on leg stump. He plays and misses","message":{"text":null},"tags":[],"timestamp":1431865764000,"id":1196202,"time":"12:28","updateTime":1431865728268,"sequence":203.5,"type":"Auto"},{"bbcode":"[b]Play suspended due to rain[/b]","subtype":"BBCode","message":{"text":"<p><strong>Play suspended due to rain</strong></p>"},"tags":[],"timestamp":1431865764000,"id":1196203,"time":"12:29","updateTime":1431865764610,"sequence":204.5,"type":"Manual"},{"bbcode":"[b]18:00 Local: [/b]Here we go again! The rain has started to come down quite heavily. The players scurry off the field and on come the covers. And so the wait begins...","subtype":"BBCode","message":{"text":"<p><strong>18:00 Local:&nbsp;</strong>Here we go again! The rain has started to come down quite heavily. The players scurry off the field and on come the covers. And so the wait begins...</p>"},"tags":[],"timestamp":1431865861000,"id":1196205,"time":"12:31","updateTime":1431865861922,"sequence":205.5,"type":"Manual"},{"bbcode":"[b]18:15 Local: [/b]I wish I could bring you some good news, but I'm sorry to report that it's raining very hard. The pitch inspection, which is likely to be at about 19:00, will involve some very muddy boots!","subtype":"BBCode","message":{"text":"<p><strong>18:15 Local:&nbsp;</strong>I wish I could bring you some good news, but I'm sorry to report that it's raining very hard. The pitch inspection, which is likely to be at about 19:00, will involve some very muddy boots!</p>"},"tags":[],"timestamp":1431866668000,"id":1196206,"time":"12:44","updateTime":1431866668424,"sequence":206.5,"type":"Manual"},{"bbcode":"[b]18:30 Local: [/b]The rain is easing up a touch, but everywhere at the Chinnaswamy is completely soaked. If anyone Bangalore fans can get to the ground, take a sponge with you and offer your help!","subtype":"BBCode","message":{"text":"<p><strong>18:30 Local:&nbsp;</strong>The rain is easing up a touch, but everywhere at the Chinnaswamy is completely soaked. If anyone Bangalore fans can get to the ground, take a sponge with you and offer your help!</p>"},"tags":[],"timestamp":1431867513000,"id":1196207,"time":"12:58","updateTime":1431867513262,"sequence":207.5,"type":"Manual"},{"bbcode":"[b]18:40 Local: [/b]I have exciting news - the covers are coming off! Now the hard work begins for the groundstaff.","subtype":"BBCode","message":{"text":"<p><strong>18:40 Local:&nbsp;</strong>I have exciting news - the covers are coming off! Now the hard work begins for the groundstaff.</p>"},"tags":[],"timestamp":1431868262000,"id":1196208,"time":"13:11","updateTime":1431868262791,"sequence":208.5,"type":"Manual"},{"subtype":"EmbeddedTweet","tweetjson":{"created_at":"Sun May 17 13:16:59 +0000 2015","id":599926588092747776,"id_str":"599926588092747776","text":"No more rain means.. 7pm start with no overs lost #ipl #RCBvDD Good news","source":"<a href=\"http://twitter.com/download/iphone\" rel=\"nofollow\">Twitter for iPhone</a>","truncated":false,"in_reply_to_status_id":null,"in_reply_to_status_id_str":null,"in_reply_to_user_id":null,"in_reply_to_user_id_str":null,"in_reply_to_screen_name":null,"user":{"id":456593827,"id_str":"456593827","name":"Russel Arnold","screen_name":"RusselArnold69","location":"","description":"Blessed in abundance !!!! Having fun at the IPL !!!","url":null,"entities":{"description":{"urls":[]}},"protected":false,"followers_count":152040,"friends_count":106,"listed_count":331,"created_at":"Fri Jan 06 12:35:06 +0000 2012","favourites_count":1,"utc_offset":null,"time_zone":null,"geo_enabled":true,"verified":true,"statuses_count":8610,"lang":"en","contributors_enabled":false,"is_translator":false,"is_translation_enabled":false,"profile_background_color":"C0DEED","profile_background_image_url":"http://abs.twimg.com/images/themes/theme1/bg.png","profile_background_image_url_https":"https://abs.twimg.com/images/themes/theme1/bg.png","profile_background_tile":false,"profile_image_url":"http://pbs.twimg.com/profile_images/598207421853478912/lxBv4imC_normal.jpg","profile_image_url_https":"https://pbs.twimg.com/profile_images/598207421853478912/lxBv4imC_normal.jpg","profile_banner_url":"https://pbs.twimg.com/profile_banners/456593827/1430962485","profile_link_color":"0084B4","profile_sidebar_border_color":"C0DEED","profile_sidebar_fill_color":"DDEEF6","profile_text_color":"333333","profile_use_background_image":true,"default_profile":true,"default_profile_image":false,"following":false,"follow_request_sent":false,"notifications":false},"geo":null,"coordinates":null,"place":null,"contributors":null,"retweet_count":0,"favorite_count":0,"entities":{"hashtags":[{"text":"ipl","indices":[50,54]},{"text":"RCBvDD","indices":[55,62]}],"symbols":[],"user_mentions":[],"urls":[]},"favorited":false,"retweeted":false,"lang":"en"},"message":{"text":"<blockquote class=\"twitter-tweet\" data-partner=\"tweetdeck\">\n<p lang=\"en\" dir=\"ltr\">No more rain means.. 7pm start with no overs lost <a href=\"https://twitter.com/hashtag/ipl?src=hash\">#ipl</a> <a href=\"https://twitter.com/hashtag/RCBvDD?src=hash\">#RCBvDD</a> Good news</p>\n&mdash; Russel Arnold (@RusselArnold69) <a href=\"https://twitter.com/RusselArnold69/status/599926588092747776\">May 17, 2015</a></blockquote>\n<script charset=\"utf-8\" type=\"text/javascript\" src=\"http://platform.twitter.com/widgets.js\"></script>"},"tags":[],"timestamp":1431868635000,"id":1196209,"time":"13:17","updateTime":1431868635967,"sequence":209.5,"type":"Manual"},{"bbcode":"[b]18:50 Local: [/b]Yes, as Russel Arnold has tweeted, it will be a 19:00 restart with no overs lost. Let's just hope this pesky rain stays away for good this time.","subtype":"BBCode","message":{"text":"<p><strong>18:50 Local:&nbsp;</strong>Yes, as Russel Arnold has tweeted, it will be a 19:00 restart with no overs lost. Let's just hope this pesky rain stays away for good this time.</p>"},"tags":[],"timestamp":1431868693000,"id":1196210,"time":"13:18","updateTime":1431868693176,"sequence":210.5,"type":"Manual"},{"subtype":"EmbeddedTweet","tweetjson":{"created_at":"Sun May 17 13:21:42 +0000 2015","id":599927775449874432,"id_str":"599927775449874432","text":"D/L Scenario: #RCB's target for 5 overs: 39/0, 43/1,48/2,56/3,67/4, 82/5. This is PAR SCORE. @RCBTweets will need to score one run more #IPL","source":"<a href=\"http://twitter.com\" rel=\"nofollow\">Twitter Web Client</a>","truncated":false,"in_reply_to_status_id":null,"in_reply_to_status_id_str":null,"in_reply_to_user_id":null,"in_reply_to_user_id_str":null,"in_reply_to_screen_name":null,"user":{"id":15639696,"id_str":"15639696","name":"IndianPremierLeague","screen_name":"IPL","location":"Mumbai, India","description":"Follow to get exclusive and real-time Indian Premier League news and updates.","url":"http://t.co/t6ijXbbB5o","entities":{"url":{"urls":[{"url":"http://t.co/t6ijXbbB5o","expanded_url":"http://www.iplt20.com","display_url":"iplt20.com","indices":[0,22]}]},"description":{"urls":[]}},"protected":false,"followers_count":3413373,"friends_count":101,"listed_count":3676,"created_at":"Tue Jul 29 00:25:41 +0000 2008","favourites_count":96,"utc_offset":19800,"time_zone":"Mumbai","geo_enabled":false,"verified":true,"statuses_count":40259,"lang":"en","contributors_enabled":false,"is_translator":false,"is_translation_enabled":false,"profile_background_color":"1A3989","profile_background_image_url":"http://pbs.twimg.com/profile_background_images/444347117209780224/QHfhUnln.jpeg","profile_background_image_url_https":"https://pbs.twimg.com/profile_background_images/444347117209780224/QHfhUnln.jpeg","profile_background_tile":false,"profile_image_url":"http://pbs.twimg.com/profile_images/378800000004890725/f44322e69f7579ef61effeaad22c28a1_normal.jpeg","profile_image_url_https":"https://pbs.twimg.com/profile_images/378800000004890725/f44322e69f7579ef61effeaad22c28a1_normal.jpeg","profile_banner_url":"https://pbs.twimg.com/profile_banners/15639696/1401779888","profile_link_color":"0099B9","profile_sidebar_border_color":"000000","profile_sidebar_fill_color":"95E8EC","profile_text_color":"3C3940","profile_use_background_image":true,"default_profile":false,"default_profile_image":false,"following":true,"follow_request_sent":false,"notifications":false},"geo":null,"coordinates":null,"place":null,"contributors":null,"retweet_count":30,"favorite_count":19,"entities":{"hashtags":[{"text":"RCB","indices":[14,18]},{"text":"IPL","indices":[136,140]}],"symbols":[],"user_mentions":[{"screen_name":"RCBTweets","name":"Royal Challengers ","id":70931004,"id_str":"70931004","indices":[93,103]}],"urls":[]},"favorited":false,"retweeted":false,"lang":"en"},"message":{"text":"<blockquote class=\"twitter-tweet\" lang=\"en\">\n<p lang=\"en\" dir=\"ltr\">D/L Scenario: <a href=\"https://twitter.com/hashtag/RCB?src=hash\">#RCB</a>'s target for 5 overs: 39/0, 43/1,48/2,56/3,67/4, 82/5. This is PAR SCORE. <a href=\"https://twitter.com/RCBTweets\">@RCBTweets</a> will need to score one run more <a href=\"https://twitter.com/hashtag/IPL?src=hash\">#IPL</a></p>\n&mdash; IndianPremierLeague (@IPL) <a href=\"https://twitter.com/IPL/status/599927775449874432\">May 17, 2015</a></blockquote>\n<script charset=\"utf-8\" type=\"text/javascript\" src=\"http://platform.twitter.com/widgets.js\"></script>"},"tags":[],"timestamp":1431868985000,"id":1196211,"time":"13:23","updateTime":1431868985607,"sequence":211.5,"type":"Manual"},{"subtype":"EmbeddedTweet","tweetjson":{"created_at":"Sun May 17 13:22:59 +0000 2015","id":599928098662944768,"id_str":"599928098662944768","text":"D/L Scenario: #RCB's target for 10 overs: 80/0, 82/1, 85/2, 89/3, 95/4, 104/5. This is PAR SCORE. @RCBTweets will need to score one run more","source":"<a href=\"http://twitter.com\" rel=\"nofollow\">Twitter Web Client</a>","truncated":false,"in_reply_to_status_id":null,"in_reply_to_status_id_str":null,"in_reply_to_user_id":null,"in_reply_to_user_id_str":null,"in_reply_to_screen_name":null,"user":{"id":15639696,"id_str":"15639696","name":"IndianPremierLeague","screen_name":"IPL","location":"Mumbai, India","description":"Follow to get exclusive and real-time Indian Premier League news and updates.","url":"http://t.co/t6ijXbbB5o","entities":{"url":{"urls":[{"url":"http://t.co/t6ijXbbB5o","expanded_url":"http://www.iplt20.com","display_url":"iplt20.com","indices":[0,22]}]},"description":{"urls":[]}},"protected":false,"followers_count":3413382,"friends_count":101,"listed_count":3676,"created_at":"Tue Jul 29 00:25:41 +0000 2008","favourites_count":96,"utc_offset":19800,"time_zone":"Mumbai","geo_enabled":false,"verified":true,"statuses_count":40259,"lang":"en","contributors_enabled":false,"is_translator":false,"is_translation_enabled":false,"profile_background_color":"1A3989","profile_background_image_url":"http://pbs.twimg.com/profile_background_images/444347117209780224/QHfhUnln.jpeg","profile_background_image_url_https":"https://pbs.twimg.com/profile_background_images/444347117209780224/QHfhUnln.jpeg","profile_background_tile":false,"profile_image_url":"http://pbs.twimg.com/profile_images/378800000004890725/f44322e69f7579ef61effeaad22c28a1_normal.jpeg","profile_image_url_https":"https://pbs.twimg.com/profile_images/378800000004890725/f44322e69f7579ef61effeaad22c28a1_normal.jpeg","profile_banner_url":"https://pbs.twimg.com/profile_banners/15639696/1401779888","profile_link_color":"0099B9","profile_sidebar_border_color":"000000","profile_sidebar_fill_color":"95E8EC","profile_text_color":"3C3940","profile_use_background_image":true,"default_profile":false,"default_profile_image":false,"following":true,"follow_request_sent":false,"notifications":false},"geo":null,"coordinates":null,"place":null,"contributors":null,"retweet_count":12,"favorite_count":7,"entities":{"hashtags":[{"text":"RCB","indices":[14,18]}],"symbols":[],"user_mentions":[{"screen_name":"RCBTweets","name":"Royal Challengers ","id":70931004,"id_str":"70931004","indices":[98,108]}],"urls":[]},"favorited":false,"retweeted":false,"lang":"en"},"message":{"text":"<blockquote class=\"twitter-tweet\" lang=\"en\">\n<p lang=\"en\" dir=\"ltr\">D/L Scenario: <a href=\"https://twitter.com/hashtag/RCB?src=hash\">#RCB</a>'s target for 10 overs: 80/0, 82/1, 85/2, 89/3, 95/4, 104/5. This is PAR SCORE. <a href=\"https://twitter.com/RCBTweets\">@RCBTweets</a> will need to score one run more</p>\n&mdash; IndianPremierLeague (@IPL) <a href=\"https://twitter.com/IPL/status/599928098662944768\">May 17, 2015</a></blockquote>\n<script charset=\"utf-8\" type=\"text/javascript\" src=\"http://platform.twitter.com/widgets.js\"></script>"},"tags":[],"timestamp":1431869020000,"id":1196212,"time":"13:23","updateTime":1431869020614,"sequence":212.5,"type":"Manual"},{"subtype":"EmbeddedTweet","tweetjson":{"created_at":"Sun May 17 13:24:00 +0000 2015","id":599928354293198848,"id_str":"599928354293198848","text":"D/L Scenario: #RCB's target for 15 overs: 127/0, 127/1, 128/2, 130/3, 132/4. This is PAR SCORE. @RCBTweets will need to score one run more","source":"<a href=\"http://twitter.com\" rel=\"nofollow\">Twitter Web Client</a>","truncated":false,"in_reply_to_status_id":null,"in_reply_to_status_id_str":null,"in_reply_to_user_id":null,"in_reply_to_user_id_str":null,"in_reply_to_screen_name":null,"user":{"id":15639696,"id_str":"15639696","name":"IndianPremierLeague","screen_name":"IPL","location":"Mumbai, India","description":"Follow to get exclusive and real-time Indian Premier League news and updates.","url":"http://t.co/t6ijXbbB5o","entities":{"url":{"urls":[{"url":"http://t.co/t6ijXbbB5o","expanded_url":"http://www.iplt20.com","display_url":"iplt20.com","indices":[0,22]}]},"description":{"urls":[]}},"protected":false,"followers_count":3413468,"friends_count":101,"listed_count":3676,"created_at":"Tue Jul 29 00:25:41 +0000 2008","favourites_count":96,"utc_offset":19800,"time_zone":"Mumbai","geo_enabled":false,"verified":true,"statuses_count":40260,"lang":"en","contributors_enabled":false,"is_translator":false,"is_translation_enabled":false,"profile_background_color":"1A3989","profile_background_image_url":"http://pbs.twimg.com/profile_background_images/444347117209780224/QHfhUnln.jpeg","profile_background_image_url_https":"https://pbs.twimg.com/profile_background_images/444347117209780224/QHfhUnln.jpeg","profile_background_tile":false,"profile_image_url":"http://pbs.twimg.com/profile_images/378800000004890725/f44322e69f7579ef61effeaad22c28a1_normal.jpeg","profile_image_url_https":"https://pbs.twimg.com/profile_images/378800000004890725/f44322e69f7579ef61effeaad22c28a1_normal.jpeg","profile_banner_url":"https://pbs.twimg.com/profile_banners/15639696/1401779888","profile_link_color":"0099B9","profile_sidebar_border_color":"000000","profile_sidebar_fill_color":"95E8EC","profile_text_color":"3C3940","profile_use_background_image":true,"default_profile":false,"default_profile_image":false,"following":true,"follow_request_sent":false,"notifications":false},"geo":null,"coordinates":null,"place":null,"contributors":null,"retweet_count":49,"favorite_count":37,"entities":{"hashtags":[{"text":"RCB","indices":[14,18]}],"symbols":[],"user_mentions":[{"screen_name":"RCBTweets","name":"Royal Challengers ","id":70931004,"id_str":"70931004","indices":[96,106]}],"urls":[]},"favorited":false,"retweeted":false,"lang":"en"},"message":{"text":"<blockquote class=\"twitter-tweet\" data-partner=\"tweetdeck\">\n<p lang=\"en\" dir=\"ltr\">D/L Scenario: <a href=\"https://twitter.com/hashtag/RCB?src=hash\">#RCB</a>'s target for 15 overs: 127/0, 127/1, 128/2, 130/3, 132/4. This is PAR SCORE. <a href=\"https://twitter.com/RCBTweets\">@RCBTweets</a> will need to score one run more</p>\n&mdash; IndianPremierLeague (@IPL) <a href=\"https://twitter.com/IPL/status/599928354293198848\">May 17, 2015</a></blockquote>\n<script charset=\"utf-8\" type=\"text/javascript\" src=\"http://platform.twitter.com/widgets.js\"></script>"},"tags":[],"timestamp":1431869445000,"id":1196214,"time":"13:30","updateTime":1431869442319,"sequence":213.0,"type":"Manual"},{"bbcode":"[b]19:00 Local: [/b]Just as we were gearing up for the carnage of the chase, the rain decides it wants to take centre stage again. Hugely frustrating.","subtype":"BBCode","message":{"text":"<p><strong>19:00 Local:&nbsp;</strong>Just as we were gearing up for the carnage of the chase, the rain decides it wants to take centre stage again. Hugely frustrating.</p>"},"tags":[],"timestamp":1431869337000,"id":1196213,"time":"13:28","updateTime":1431869337411,"sequence":213.5,"type":"Manual"},{"bbcode":"[b]19:10 Local: [/b]The rain's getting lighter, but the weather's still looking menacing. We'll keep our fingers crossed this weather passes soon.","subtype":"BBCode","message":{"text":"<p><strong>19:10 Local:&nbsp;</strong>The rain's getting lighter, but the weather's still looking menacing. We'll keep our fingers crossed this weather passes soon.</p>"},"tags":[],"timestamp":1431869912000,"id":1196216,"time":"13:38","updateTime":1431869912524,"sequence":214.5,"type":"Manual"},{"subtype":"EmbeddedTweet","tweetjson":{"created_at":"Sun May 17 13:37:35 +0000 2015","id":599931774244913152,"id_str":"599931774244913152","text":"UPDATE: Match 55 - #RCBvsDD #IPL http://t.co/yKdRNxpXlU","source":"<a href=\"http://twitter.com\" rel=\"nofollow\">Twitter Web Client</a>","truncated":false,"in_reply_to_status_id":null,"in_reply_to_status_id_str":null,"in_reply_to_user_id":null,"in_reply_to_user_id_str":null,"in_reply_to_screen_name":null,"user":{"id":15639696,"id_str":"15639696","name":"IndianPremierLeague","screen_name":"IPL","location":"Mumbai, India","description":"Follow to get exclusive and real-time Indian Premier League news and updates.","url":"http://t.co/t6ijXbbB5o","entities":{"url":{"urls":[{"url":"http://t.co/t6ijXbbB5o","expanded_url":"http://www.iplt20.com","display_url":"iplt20.com","indices":[0,22]}]},"description":{"urls":[]}},"protected":false,"followers_count":3413541,"friends_count":101,"listed_count":3676,"created_at":"Tue Jul 29 00:25:41 +0000 2008","favourites_count":96,"utc_offset":19800,"time_zone":"Mumbai","geo_enabled":false,"verified":true,"statuses_count":40261,"lang":"en","contributors_enabled":false,"is_translator":false,"is_translation_enabled":false,"profile_background_color":"1A3989","profile_background_image_url":"http://pbs.twimg.com/profile_background_images/444347117209780224/QHfhUnln.jpeg","profile_background_image_url_https":"https://pbs.twimg.com/profile_background_images/444347117209780224/QHfhUnln.jpeg","profile_background_tile":false,"profile_image_url":"http://pbs.twimg.com/profile_images/378800000004890725/f44322e69f7579ef61effeaad22c28a1_normal.jpeg","profile_image_url_https":"https://pbs.twimg.com/profile_images/378800000004890725/f44322e69f7579ef61effeaad22c28a1_normal.jpeg","profile_banner_url":"https://pbs.twimg.com/profile_banners/15639696/1401779888","profile_link_color":"0099B9","profile_sidebar_border_color":"000000","profile_sidebar_fill_color":"95E8EC","profile_text_color":"3C3940","profile_use_background_image":true,"default_profile":false,"default_profile_image":false,"following":true,"follow_request_sent":false,"notifications":false},"geo":null,"coordinates":null,"place":null,"contributors":null,"retweet_count":13,"favorite_count":32,"entities":{"hashtags":[{"text":"RCBvsDD","indices":[19,27]},{"text":"IPL","indices":[28,32]}],"symbols":[],"user_mentions":[],"urls":[],"media":[{"id":599931772449595393,"id_str":"599931772449595393","indices":[33,55],"media_url":"http://pbs.twimg.com/media/CFNixLpUIAEAuuI.jpg","media_url_https":"https://pbs.twimg.com/media/CFNixLpUIAEAuuI.jpg","url":"http://t.co/yKdRNxpXlU","display_url":"pic.twitter.com/yKdRNxpXlU","expanded_url":"http://twitter.com/IPL/status/599931774244913152/photo/1","type":"photo","sizes":{"large":{"w":900,"h":506,"resize":"fit"},"thumb":{"w":150,"h":150,"resize":"crop"},"small":{"w":340,"h":191,"resize":"fit"},"medium":{"w":600,"h":337,"resize":"fit"}}}]},"extended_entities":{"media":[{"id":599931772449595393,"id_str":"599931772449595393","indices":[33,55],"media_url":"http://pbs.twimg.com/media/CFNixLpUIAEAuuI.jpg","media_url_https":"https://pbs.twimg.com/media/CFNixLpUIAEAuuI.jpg","url":"http://t.co/yKdRNxpXlU","display_url":"pic.twitter.com/yKdRNxpXlU","expanded_url":"http://twitter.com/IPL/status/599931774244913152/photo/1","type":"photo","sizes":{"large":{"w":900,"h":506,"resize":"fit"},"thumb":{"w":150,"h":150,"resize":"crop"},"small":{"w":340,"h":191,"resize":"fit"},"medium":{"w":600,"h":337,"resize":"fit"}}}]},"favorited":false,"retweeted":false,"possibly_sensitive":false,"possibly_sensitive_appealable":false,"lang":"en"},"message":{"text":"<blockquote class=\"twitter-tweet\" data-partner=\"tweetdeck\">\n<p lang=\"en\" dir=\"ltr\">UPDATE: Match 55 - <a href=\"https://twitter.com/hashtag/RCBvsDD?src=hash\">#RCBvsDD</a> <a href=\"https://twitter.com/hashtag/IPL?src=hash\">#IPL</a> <a href=\"http://t.co/yKdRNxpXlU\">pic.twitter.com/yKdRNxpXlU</a></p>\n&mdash; IndianPremierLeague (@IPL) <a href=\"https://twitter.com/IPL/status/599931774244913152\">May 17, 2015</a></blockquote>\n<script charset=\"utf-8\" type=\"text/javascript\" src=\"http://platform.twitter.com/widgets.js\"></script>"},"tags":[],"timestamp":1431869980000,"id":1196217,"time":"13:39","updateTime":1431869980738,"sequence":215.5,"type":"Manual"},{"bbcode":"[b]19:15 Local: [/b]It's got heavier folks. Anyone who can lend a ferry to the groundsmen, that would be greatly appreciated, as that's what you'll need at the moment!","subtype":"BBCode","message":{"text":"<p><strong>19:15 Local:&nbsp;</strong>It's got heavier folks. Anyone who can lend a ferry to the groundsmen, that would be greatly appreciated, as that's what you'll need at the moment!</p>"},"tags":[],"timestamp":1431870403000,"id":1196218,"time":"13:46","updateTime":1431870403947,"sequence":216.5,"type":"Manual"},{"bbcode":"[b]19:30 Local: [/b]Cancel the ferry and call for a submarine - this isn't looking good! However, there will be further cricket today in the Pepsi IPL, regardless of what goes on here, as Sunrisers Hyderabad and Mumbai Indians will lock horns shortly.","subtype":"BBCode","message":{"text":"<p><strong>19:30 Local:&nbsp;</strong>Cancel the ferry and call for a submarine - this isn't looking good! However, there will be further cricket today in the Pepsi IPL, regardless of what goes on here, as Sunrisers Hyderabad and Mumbai Indians will lock horns shortly.</p>"},"tags":[],"timestamp":1431871152000,"id":1196223,"time":"13:59","updateTime":1431871152320,"sequence":217.5,"type":"Manual"},{"bbcode":"[b]No result[/b]","subtype":"BBCode","message":{"text":"<p><strong>No result</strong></p>"},"tags":[],"timestamp":1431871837000,"id":1196226,"time":"14:10","updateTime":1431871837744,"sequence":218.5,"type":"Manual"},{"bbcode":"[b]Match Report: [/b]Royal Challengers Bangalore confirmed their passage to the Pepsi IPL 2015 playoffs after they took one point from their washed-out encounter against the Delhi Daredevils. Courtesy that one point, RCB took their tally of points in the season to 16, enough to confirm a third-place finish in the points table. \\n \\n RCB were set a target of 188 after half-centuries from Quinton de Kock and JP Duminy helped the visitors to 187-5. The rains set in during the interval between innings, first delaying the start of the chase, and then again after seven balls had been bowled in the chase. When the rains did not relent and allow the players back onto the field, the match officials had no other option to declare the match as a  No Result . Both teams took home one point from the contest; RCB finished the league season at 16 points, while DD finished at seventh place with a tally of 11 points. \\n \\n Earlier in the evening, de Kock, playing his third match of the season, and young Shreyas Iyer helped the visitors to a solid brisk start, scoring 55 runs in 6.2 overs. After a couple of quiet overs initially, de Kock opened his shoulders. The left-hander helped himself to two boundaries in the third over bowled by Harshal Patel and two boundaries in the fourth over bowled by Ashok Dinda. \\n \\n Soon after the strategic timeout   which was called for by RCB at the end of the sixth over - Shreyas, who had helped himself to 20 from 17 balls, cut a wide delivery from Patel straight to Chris Gayle at point. de Kock and JP Duminy consolidated the innings further with another 55-run partnership; the former was the dominating partner yet again, this time contributing 36 runs as against Duminy s 17 runs. \\n \\n de Kock scored 36 runs off the first 27 balls he faced, before accelerating and scoring 33 runs in the next 12 deliveries. In the ninth over of the innings, he picked up a six and two boundaries off David Wiese, and got stuck into Dinda in the eleventh over, hitting him for two sixes and a four. He was dismissed in the twelfth over, when he didn t pick a googly from Yuzvendra Chahal, attempted to hit over the top, but got the outside edge which was smartly pouched by Virat Kohli running backwards. \\n \\n Duminy batted through to the end of the innings and finished unbeaten on 67. The DD skipper consumed 43 balls and hit four boundaries and three sixes. Yuvraj Singh (11 from 7 balls, 1 six) and Saurabh Tiwary (13 from 9 balls, 1 six) were the other notable scorers in the innings. DD finished their twenty overs at 187-5, adding 36 runs in the last three overs. \\n \\n For RCB, Harshal Patel was the best bowler of the day; he bowled his four overs conceding 30 runs and picking up two wickets. The leg-spinner Yuzvendra Chahal was the only other wicket-taker for the team; though he was hit for three sixes, he picked up the wickets of a well-set de Kock and the dangerous Yuvraj Singh.","subtype":"BBCode","message":{"text":"<p><strong>Match Report:&nbsp;</strong>Royal Challengers Bangalore confirmed their passage to the Pepsi IPL 2015 playoffs after they took one point from their washed-out encounter against the Delhi Daredevils. Courtesy that one point, RCB took their tally of points in the season to 16, enough to confirm a third-place finish in the points table. <br /> <br /> RCB were set a target of 188 after half-centuries from Quinton de Kock and JP Duminy helped the visitors to 187-5. The rains set in during the interval between innings, first delaying the start of the chase, and then again after seven balls had been bowled in the chase. When the rains did not relent and allow the players back onto the field, the match officials had no other option to declare the match as a &lsquo;No Result&rsquo;. Both teams took home one point from the contest; RCB finished the league season at 16 points, while DD finished at seventh place with a tally of 11 points. <br /> <br /> Earlier in the evening, de Kock, playing his third match of the season, and young Shreyas Iyer helped the visitors to a solid brisk start, scoring 55 runs in 6.2 overs. After a couple of quiet overs initially, de Kock opened his shoulders. The left-hander helped himself to two boundaries in the third over bowled by Harshal Patel and two boundaries in the fourth over bowled by Ashok Dinda. <br /> <br /> Soon after the strategic timeout &ndash; which was called for by RCB at the end of the sixth over - Shreyas, who had helped himself to 20 from 17 balls, cut a wide delivery from Patel straight to Chris Gayle at point. de Kock and JP Duminy consolidated the innings further with another 55-run partnership; the former was the dominating partner yet again, this time contributing 36 runs as against Duminy&rsquo;s 17 runs. <br /> <br /> de Kock scored 36 runs off the first 27 balls he faced, before accelerating and scoring 33 runs in the next 12 deliveries. In the ninth over of the innings, he picked up a six and two boundaries off David Wiese, and got stuck into Dinda in the eleventh over, hitting him for two sixes and a four. He was dismissed in the twelfth over, when he didn&rsquo;t pick a googly from Yuzvendra Chahal, attempted to hit over the top, but got the outside edge which was smartly pouched by Virat Kohli running backwards. <br /> <br /> Duminy batted through to the end of the innings and finished unbeaten on 67. The DD skipper consumed 43 balls and hit four boundaries and three sixes. Yuvraj Singh (11 from 7 balls, 1 six) and Saurabh Tiwary (13 from 9 balls, 1 six) were the other notable scorers in the innings. DD finished their twenty overs at 187-5, adding 36 runs in the last three overs. <br /> <br /> For RCB, Harshal Patel was the best bowler of the day; he bowled his four overs conceding 30 runs and picking up two wickets. The leg-spinner Yuzvendra Chahal was the only other wicket-taker for the team; though he was hit for three sixes, he picked up the wickets of a well-set de Kock and the dangerous Yuvraj Singh.</p>"},"tags":[],"timestamp":1431885344000,"id":1196227,"time":"14:10","updateTime":1431871845487,"sequence":219.5,"type":"Manual"},{"bbcode":"\\n\\nI'm sorry to say but we've got no more play in Bangalore. Sadly the rain has won the day, but RCB have now booked their spot in the Playoffs. For DD, they'll be frustrated that they couldn't finish their campaign with a win, but they've made progress from last year. This match may have finished as a No Result, but we've got a humdinger between SRH and MI starting very shortly. Warner's won the toss and he's going to give it a biff, so make sure you head over to enjoy that.","subtype":"BBCode","message":{"text":"<p><img src=\"http://static2.iplt20.com/cms/media/images/960x640/43864.jpg\" alt=\"\" width=\"480\" height=\"320\" /><br /><br />I'm sorry to say but we've got no more play in Bangalore. Sadly the rain has won the day, but RCB have now booked their spot in the Playoffs. For DD, they'll be frustrated that they couldn't finish their campaign with a win, but they've made progress from last year. This match may have finished as a No Result, but we've got a humdinger between SRH and MI starting very shortly. Warner's won the toss and he's going to give it a biff, so make sure you <a href=\"http://www.iplt20.com/match/2015/56\" target=\"_blank\">head over</a> to enjoy that.</p>"},"tags":[],"timestamp":1431872117000,"id":1196228,"time":"14:14","updateTime":1431872046517,"sequence":220.5,"type":"Manual"}]}