{"squadId":462,"totalVotes":2854,"players":[{"id":182,"voteCount":2685,"fullName":"JP Duminy","shortName":"JP Duminy"},{"id":1563,"voteCount":2460,"fullName":"Shreyas Iyer","shortName":"S Iyer"},{"id":113,"voteCount":2437,"fullName":"Yuvraj Singh","shortName":"Y Singh"},{"id":165,"voteCount":2310,"fullName":"Zaheer Khan","shortName":"Z Khan"},{"id":297,"voteCount":2058,"fullName":"Kedar Jadhav","shortName":"K Jadhav"},{"id":834,"voteCount":2019,"fullName":"Quinton de Kock","shortName":"Q de Kock"},{"id":30,"voteCount":1835,"fullName":"Amit Mishra","shortName":"A Mishra"},{"id":26,"voteCount":1681,"fullName":"Albie Morkel","shortName":"A Morkel"},{"id":840,"voteCount":1672,"fullName":"Nathan Coulter-Nile","shortName":"N Coulter-Nile"},{"id":898,"voteCount":1447,"fullName":"Imran Tahir","shortName":"I Tahir"},{"id":158,"voteCount":1383,"fullName":"Mayank Agarwal","shortName":"M Agarwal"},{"id":163,"voteCount":1271,"fullName":"Saurabh Tiwary","shortName":"S Tiwary"},{"id":89,"voteCount":1165,"fullName":"Manoj Tiwary","shortName":"M Tiwary"},{"id":57,"voteCount":1089,"fullName":"Shahbaz Nadeem","shortName":"S Nadeem"},{"id":94,"voteCount":1007,"fullName":"Mohammed Shami","shortName":"M Shami"},{"id":217,"voteCount":930,"fullName":"Angelo Mathews","shortName":"A Mathews"},{"id":1740,"voteCount":832,"fullName":"Jayant Yadav","shortName":"J Yadav"},{"id":86,"voteCount":534,"fullName":"Jaidev Unadkat","shortName":"J Unadkat"},{"id":2736,"voteCount":329,"fullName":"Domnic Joseph","shortName":"D Joseph"},{"id":155,"voteCount":258,"fullName":"CM Gautam","shortName":"CM Gautam"},{"id":951,"voteCount":151,"fullName":"Gurinder Sandhu","shortName":"G Sandhu"},{"id":1020,"voteCount":111,"fullName":"Travis Head","shortName":"TM Head"},{"id":2734,"voteCount":105,"fullName":"Srikar Bharat","shortName":"S Bharat"},{"id":2735,"voteCount":101,"fullName":"KK Jiyas","shortName":"KK Jiyas"},{"id":964,"voteCount":79,"fullName":"Markus Stoinis","shortName":"MP Stoinis"}]}