{"matchInfo":{"description":"Match 55","matchType":"IPLT20","teams":[{"id":3771,"players":[{"names":["Chris Gayle","C Gayle"],"dateOfBirth":306720000000,"id":236,"fullName":"Chris Gayle","shortName":"C Gayle","nationality":"West Indian"},{"names":["Virat Kohli","V Kohli"],"dateOfBirth":594691200000,"id":164,"fullName":"Virat Kohli","shortName":"V Kohli","nationality":"Indian"},{"names":["AB de Villiers","AB de Villiers"],"dateOfBirth":445824000000,"id":233,"fullName":"AB de Villiers","shortName":"AB de Villiers","nationality":"South African"},{"names":["Mandeep Singh","M Singh"],"dateOfBirth":693014400000,"id":72,"fullName":"Mandeep Singh","shortName":"M Singh","nationality":"Indian"},{"names":["Dinesh Karthik","D Karthik"],"rightHandedBat":true,"dateOfBirth":486432000000,"id":102,"fullName":"Dinesh Karthik","shortName":"D Karthik","nationality":"Indian"},{"names":["Sarfaraz Khan","S Khan"],"rightHandedBat":true,"dateOfBirth":877478400000,"id":1564,"fullName":"Sarfaraz Khan","shortName":"S Khan","nationality":"Indian"},{"names":["David Wiese","D Wiese"],"rightHandedBat":true,"dateOfBirth":485222400000,"id":869,"fullName":"David Wiese","shortName":"D Wiese","nationality":"South African"},{"names":["Mitchell Starc","M Starc"],"rightHandedBat":true,"dateOfBirth":633657600000,"id":490,"fullName":"Mitchell Starc","shortName":"M Starc","nationality":"Australian"},{"names":["Harshal Patel","H Patel"],"dateOfBirth":659318400000,"id":157,"fullName":"Harshal Patel","shortName":"H Patel","nationality":"Indian"},{"names":["Yuzvendra Chahal","Y Chahal"],"rightHandedBat":true,"dateOfBirth":1330300800000,"id":111,"fullName":"Yuzvendra Chahal","shortName":"Y Chahal","nationality":"Indian"},{"names":["Ashok Dinda","A Dinda"],"dateOfBirth":449020800000,"id":48,"fullName":"Ashok Dinda","shortName":"A Dinda","nationality":"Indian"}],"team":{"type":"m","fullName":"Royal Challengers Bangalore","shortName":"Challengers","abbreviation":"RCB","primaryColor":"F1901D","secondaryColor":"FFFFFF","id":9},"wicketKeeper":{"names":["Dinesh Karthik","D Karthik"],"rightHandedBat":true,"dateOfBirth":486432000000,"id":102,"fullName":"Dinesh Karthik","shortName":"D Karthik","nationality":"Indian"},"captain":{"names":["Virat Kohli","V Kohli"],"dateOfBirth":594691200000,"id":164,"fullName":"Virat Kohli","shortName":"V Kohli","nationality":"Indian"}},{"id":3770,"players":[{"names":["Quinton de Kock","Q de Kock"],"dateOfBirth":724550400000,"id":834,"fullName":"Quinton de Kock","shortName":"Q de Kock","nationality":"South African"},{"names":["Shreyas Iyer","S Iyer"],"rightHandedBat":true,"dateOfBirth":786672000000,"id":1563,"fullName":"Shreyas Iyer","shortName":"S Iyer","nationality":"Indian"},{"names":["JP Duminy","JP Duminy"],"dateOfBirth":450748800000,"id":182,"fullName":"JP Duminy","shortName":"JP Duminy","nationality":"South African"},{"names":["Yuvraj Singh","Y Singh"],"rightHandedBat":true,"dateOfBirth":376963200000,"id":113,"fullName":"Yuvraj Singh","shortName":"Y Singh","nationality":"Indian"},{"names":["Angelo Mathews","A Mathews"],"dateOfBirth":549590400000,"id":217,"fullName":"Angelo Mathews","shortName":"A Mathews","nationality":"Sri Lankan"},{"names":["Kedar Jadhav","K Jadhav"],"rightHandedBat":true,"dateOfBirth":480643200000,"id":297,"fullName":"Kedar Jadhav","shortName":"K Jadhav","nationality":"Indian"},{"names":["Saurabh Tiwary","S Tiwary"],"dateOfBirth":630979200000,"id":163,"fullName":"Saurabh Tiwary","shortName":"S Tiwary","nationality":"Indian"},{"names":["Jayant Yadav","J Yadav"],"rightHandedBat":true,"dateOfBirth":632966400000,"id":1740,"fullName":"Jayant Yadav","shortName":"J Yadav","nationality":"Indian"},{"names":["Gurinder Sandhu","G Sandhu"],"dateOfBirth":729648000000,"id":951,"fullName":"Gurinder Sandhu","shortName":"G Sandhu","nationality":"Australian"},{"names":["Zaheer Khan","Z Khan"],"dateOfBirth":276566400000,"id":165,"fullName":"Zaheer Khan","shortName":"Z Khan","nationality":"Indian"},{"names":["Shahbaz Nadeem","S Nadeem"],"dateOfBirth":618883200000,"id":57,"fullName":"Shahbaz Nadeem","shortName":"S Nadeem","nationality":"Indian"}],"team":{"type":"m","fullName":"Delhi Daredevils","shortName":"Daredevils","abbreviation":"DD","primaryColor":"B22E2A","secondaryColor":"FFFFFF","id":3},"wicketKeeper":{"names":["Quinton de Kock","Q de Kock"],"dateOfBirth":724550400000,"id":834,"fullName":"Quinton de Kock","shortName":"Q de Kock","nationality":"South African"},"captain":{"names":["JP Duminy","JP Duminy"],"dateOfBirth":450748800000,"id":182,"fullName":"JP Duminy","shortName":"JP Duminy","nationality":"South African"}}],"venue":{"id":5,"country":"India","fullName":"M. Chinnaswamy Stadium","shortName":"Chinnaswamy","city":"Bengaluru"},"matchDate":"2015-05-17T16:00:00+0530","battingOrder":[1,0],"additionalInfo":{"toss.elected":"Royal Challengers Bangalore, who chose to field","match.video.id":"4241093295001","stats.link":"http://www.iplt20.com/news/2015/more-news/6864/quick-stats-m55-rcb-vs-dd","match.summary":"No result","photostream.link":"http://www.iplt20.com/photos/303/ipl-2015-match-55-rcb-v-dd","home.team.fan.total":"7324","notes.1.1":"Powerplay - 54 runs, 0 wickets","away.team.fan.total":"4772","notes.1.2":"DD: 50 runs in 5.4 overs","umpire.name.3":"Pashchim Pathak","notes.1.3":"1st Wicket: 50 runs in 34 balls (Quinton de Kock 31, Shreyas Iyer 20)","umpire.name.4":"Nitin Menon","notes.1.4":"Quinton de Kock: 50 off 30 balls (8 x fours, 1 x six)","umpire.name.1":"Kumar Dharmasena","notes.1.5":"DD: 100 runs in 10.4 overs","umpire.name.2":"Krishnamachari Srinivasan","notes.1.6":"2nd Wicket: 50 runs in 28 balls (Quinton de Kock 36, JP Duminy 16)","notes.1.7":"DD: 150 runs in 16.5 overs","notes.1.8":"JP Duminy: 50 off 35 balls (1 x four, 3 x sixes)","notes.1.9":"Innings Break: DD - 187/5 in 20 overs","highlights.link":"http://www.iplt20.com/videos/media/id/4241093295001/m55-rcb-vs-dd-match-highlights","sixes.video.id":"4241093282001","referee.name":"Ranjan Madugalle","match.video.thumb":"http://brightcove.vo.llnwd.net/v1/unsecured/media/3588749423001/201505/2478/3588749423001_4241154877001_video-still-for-video-4241093295001.jpg?pubId=3588749423001","stats.thumb":"http://static2.iplt20.com/cms/media/images/320x213/44151.jpg","toss.winner":"Royal Challengers Bangalore","sixes.video.thumb":"http://brightcove.vo.llnwd.net/v1/unsecured/media/3588749423001/201505/478/3588749423001_4241154879001_video-still-for-video-4241093282001.jpg?pubId=3588749423001","report.thumb":"http://static2.iplt20.com/cms/media/images/320x213/43874.jpg","report.link":"http://www.iplt20.com/news/2015/match-reports/6850/report-m55-rcb-vs-dd"},"oversLimit":20,"matchState":"C","isLimitedOvers":true,"matchStatus":{"text":"No result","outcome":"N"},"matchSummary":"No result","tournamentLabel":"IPL 2015"},"matchId":{"tournamentId":{"name":"ipl2015","id":2785},"name":"ipl2015-55","id":3280,"parentId":{"name":"ipl2015","id":2785}},"innings":[{"inningsNumber":1,"scorecard":{"runs":187,"extras":{"wideRuns":3,"legByeRuns":3},"battingStats":[{"mod":{"text":"c Virat Kohli b Yuzvendra Chahal","dismissedBp":{"over":12,"innings":1,"ball":2},"countingBp":{"over":12,"innings":1,"ball":2},"bowlerId":111,"additionalPlayerIds":[164],"dismissedMethod":"ct"},"playerId":834,"r":69,"b":39,"sr":"176.92","4s":9,"6s":3},{"mod":{"text":"c Chris Gayle b Harshal Patel","dismissedBp":{"over":7,"innings":1,"ball":2},"countingBp":{"over":7,"innings":1,"ball":2},"bowlerId":157,"additionalPlayerIds":[236],"dismissedMethod":"ct"},"playerId":1563,"r":20,"b":18,"sr":"111.11","4s":1,"6s":1},{"playerId":182,"r":67,"b":43,"sr":"155.81","4s":4,"6s":3},{"mod":{"text":"c Mitchell Starc b Yuzvendra Chahal","dismissedBp":{"over":14,"innings":1,"ball":5},"countingBp":{"over":14,"innings":1,"ball":5},"bowlerId":111,"additionalPlayerIds":[490],"dismissedMethod":"ct"},"playerId":113,"r":11,"b":7,"sr":"157.14","4s":0,"6s":1},{"mod":{"text":"c Dinesh Karthik b Harshal Patel","dismissedBp":{"over":15,"innings":1,"ball":2},"countingBp":{"over":15,"innings":1,"ball":2},"bowlerId":157,"additionalPlayerIds":[102],"dismissedMethod":"ct"},"playerId":297,"r":0,"b":1,"sr":"0.00","4s":0,"6s":0},{"mod":{"text":"run out (Yuzvendra Chahal)","dismissedBp":{"over":16,"innings":1,"ball":2},"countingBp":{"over":16,"innings":1,"ball":2},"bowlerId":111,"additionalPlayerIds":[111],"dismissedMethod":"ro"},"playerId":217,"r":1,"b":3,"sr":"33.33","4s":0,"6s":0},{"playerId":163,"r":13,"b":9,"sr":"144.44","4s":0,"6s":1}],"bowlingStats":[{"playerId":490,"r":35,"w":0,"ov":"4","d":7,"maid":0,"e":"8.75","wd":1,"nb":0},{"playerId":48,"r":39,"w":0,"ov":"3","d":3,"maid":0,"e":"13.00","wd":1,"nb":0},{"playerId":157,"r":30,"w":2,"ov":"4","d":11,"maid":0,"e":"7.50","wd":0,"nb":0},{"playerId":869,"r":39,"w":0,"ov":"4","d":2,"maid":0,"e":"9.75","wd":0,"nb":0},{"playerId":236,"r":15,"w":0,"ov":"2","d":4,"maid":0,"e":"7.50","wd":1,"nb":0},{"playerId":111,"r":26,"w":2,"ov":"3","d":7,"maid":0,"e":"8.66","wd":0,"nb":0}],"wkts":5,"fow":[{"bp":{"over":7,"innings":1,"ball":2},"playerId":1563,"r":55,"w":1},{"bp":{"over":12,"innings":1,"ball":2},"playerId":834,"r":110,"w":2},{"bp":{"over":14,"innings":1,"ball":5},"playerId":113,"r":137,"w":3},{"bp":{"over":15,"innings":1,"ball":2},"playerId":297,"r":139,"w":4},{"bp":{"over":16,"innings":1,"ball":2},"playerId":217,"r":141,"w":5}]},"overProgress":"20","runRate":"9.35","overHistory":[{"ovNo":1,"ovBalls":["1",".","1",".",".","1Wd","."]},{"ovNo":2,"ovBalls":["1Wd","1","1","1",".","1","."]},{"ovNo":3,"ovBalls":["4",".","4","1",".","1"]},{"ovNo":4,"ovBalls":["1","4","4","1","2","4"]},{"ovNo":5,"ovBalls":["1",".","1","1","1","4"]},{"ovNo":6,"ovBalls":[".","6","1","4","1","."]},{"ovNo":7,"ovBalls":["1","W","1",".",".","1"]},{"ovNo":8,"ovBalls":[".",".","1","1","1","1"]},{"ovNo":9,"ovBalls":["2","1","6","4","4","1"]},{"ovNo":10,"ovBalls":["1Lb","1Wd","6","1","1",".","2"]},{"ovNo":11,"ovBalls":["1","1","4","6",".","6"]},{"ovNo":12,"ovBalls":["1","W",".","1",".","1"]},{"ovNo":13,"ovBalls":["2","1","1","1",".","1"]},{"ovNo":14,"ovBalls":["6","6","1","6","W","1"]},{"ovNo":15,"ovBalls":["1","W",".",".","1","1Lb"]},{"ovNo":16,"ovBalls":[".","W","1","1","1","."]},{"ovNo":17,"ovBalls":["2","1","1","1","1","1"]},{"ovNo":18,"ovBalls":[".","1","1","2","4","1"]},{"ovNo":19,"ovBalls":[".","4","4","1Lb","6","1"]},{"ovNo":20,"ovBalls":["1","2","4","2","1","1"]}]},{"inningsNumber":2,"scorecard":{"runs":2,"extras":{},"battingStats":[{"playerId":164,"r":1,"b":2,"sr":"50.00","4s":0,"6s":0},{"playerId":236,"r":1,"b":5,"sr":"20.00","4s":0,"6s":0}],"bowlingStats":[{"playerId":1740,"r":2,"w":0,"ov":"1","d":4,"maid":0,"e":"2.00","wd":0,"nb":0},{"playerId":165,"r":0,"w":0,"ov":"0.1","d":1,"maid":0,"e":"0.00","wd":0,"nb":0}],"wkts":0,"fow":[]},"overProgress":"1.1","runRate":"1.71","overHistory":[{"ovNo":1,"ovBalls":[".","1",".",".",".","1"]},{"ovNo":2,"ovBalls":["."]}]}],"currentState":{"phase":"C","facingBatsman":236,"nonFacingBatsman":164,"currentInningsIndex":1,"currentPartnership":2,"currentBowler":165,"currentBatsmen":[236,164],"recentOvers":[{"ovNo":1,"ovBalls":[".","1",".",".",".","1"]},{"ovNo":2,"ovBalls":["."]}]}}