{"fragment":5,"updateTime":1430332443000,"matchId":{"id":3254,"name":"ipl2015-29 - RCB vs. RR","matchIdName":"ipl2015-29"},"commentaries":[{"bbcode":"T Southee to S Khan, %SPEED% short length on leg stump. He picks up two","thisOver":"2","progress":{"innings":1,"over":20,"ball":3},"speed":37.4161823871256,"subtype":"BBCode","countingProgress":{"innings":1,"over":19,"ball":3},"bowlerId":307,"nonfacingBatsmanId":157,"facingBatsmanId":1564,"autoText":"T Southee to S Khan, %SPEED% short length on leg stump. He picks up two","message":{"text":null},"tags":[],"timestamp":1430324115000,"id":1178230,"time":"16:14","updateTime":1430324084967,"sequence":200.5,"type":"Auto"},{"bbcode":"T Southee to S Khan, no run, %SPEED% full toss outside off stump. He plays and misses","thisOver":".","progress":{"innings":1,"over":20,"ball":4},"speed":37.0563842035834,"subtype":"BBCode","countingProgress":{"innings":1,"over":19,"ball":4},"bowlerId":307,"nonfacingBatsmanId":157,"facingBatsmanId":1564,"autoText":"T Southee to S Khan, no run, %SPEED% full toss outside off stump. He plays and misses","message":{"text":null},"tags":[],"timestamp":1430324188000,"id":1178231,"time":"16:15","updateTime":1430324118708,"sequence":201.5,"type":"Auto"},{"bbcode":"T Southee to S Khan, %SPEED% short length just outside off stump. He picks up two","thisOver":"2","progress":{"innings":1,"over":20,"ball":5},"speed":37.6054690719082,"subtype":"BBCode","countingProgress":{"innings":1,"over":19,"ball":5},"bowlerId":307,"nonfacingBatsmanId":157,"facingBatsmanId":1564,"autoText":"T Southee to S Khan, %SPEED% short length just outside off stump. He picks up two","message":{"text":null},"tags":[],"timestamp":1430324188000,"id":1178232,"time":"16:16","updateTime":1430324163269,"sequence":202.5,"type":"Auto"},{"bbcode":"T Southee to S Khan, [b]WICKET!!! H Patel is out[/b] run out (Ajinkya Rahane)","thisOver":"1W","progress":{"innings":1,"over":20,"ball":6},"speed":37.8609551441498,"subtype":"BBCode","countingProgress":{"innings":1,"over":19,"ball":6},"bowlerId":307,"nonfacingBatsmanId":157,"facingBatsmanId":1564,"autoText":"T Southee to S Khan, <b>WICKET!!! H Patel is out</b> run out (Ajinkya Rahane)","message":{"text":null},"tags":["wicket"],"timestamp":1430324287000,"id":1178233,"time":"16:16","updateTime":1430324208220,"sequence":203.5,"type":"Auto"},{"bbcode":"[b]Wicket! [/b]Sarfaraz was only set on the single down the ground but Patel turns for the second and it was at his peril. RCB get to 200 hundred and they will be extremely confident","subtype":"BBCode","message":{"text":"<p><strong>Wicket!&nbsp;</strong>Sarfaraz was only set on the single down the ground but Patel turns for the second and it was at his peril. RCB get to 200 hundred and they will be extremely confident</p>"},"tags":[],"timestamp":1430324413000,"id":1178238,"time":"16:18","updateTime":1430324319514,"sequence":204.0,"type":"Manual"},{"innings":1,"over":20,"overRuns":12,"overWickets":1,"inningsRuns":200,"inningsWickets":7,"inningsAllOut":false,"team":{"id":9,"fullName":"Royal Challengers Bangalore","shortName":"Challengers","abbreviation":"RCB","primaryColor":"F1901D","secondaryColor":"FFFFFF","type":"m"},"batsmanSummaries":[{"batsman":{"id":1564,"fullName":"Sarfaraz Khan","shortName":"S Khan","nationality":"Indian","rightHandedBat":true,"dateOfBirth":877478400000,"names":["Sarfaraz Khan","S Khan"]},"runs":45,"balls":21,"fours":6,"sixes":1}],"activeBatsman":1564,"bowlerSummary":{"bowler":{"id":307,"fullName":"Tim Southee","shortName":"T Southee","nationality":"New Zealander","rightHandedBat":true,"dateOfBirth":597801600000,"names":["Tim Southee","T Southee"]},"overs":"4","runs":32,"wickets":2,"maidens":0},"inningsBalls":120,"inningsMaxBalls":120,"inningsTarget":0,"message":{"text":null},"tags":[],"timestamp":1430324287000,"id":1178234,"time":"16:16","updateTime":1430324208335,"sequence":204.5,"type":"Eov"},{"bbcode":"[b]Innings Break[/b]","subtype":"BBCode","message":{"text":"<p><strong>Innings Break</strong></p>"},"tags":[],"timestamp":1430324327000,"id":1178240,"time":"16:18","updateTime":1430324327791,"sequence":205.5,"type":"Manual"},{"bbcode":"[b]Rajasthan Royals require 201 runs to win[/b]","subtype":"BBCode","message":{"text":"<p><strong>Rajasthan Royals require 201 runs to win</strong></p>"},"tags":[],"timestamp":1430324347000,"id":1178241,"time":"16:19","updateTime":1430324347253,"sequence":206.5,"type":"Manual"},{"bbcode":"Watson's men started well dismissing the key men of Kohli and Gayle but it was the special talent that is de Villiers who stole the show from there on in. Sarfaraz Khan came to the crease at the death and showed confidence well beyond his years, guiding RCB to a monster total. RR have power hitters of their own so do not miss this exciting run chase.","subtype":"BBCode","message":{"text":"<p>Watson's men started well dismissing the key men of Kohli and Gayle but it was the special talent that is de Villiers who stole the show from there on in. Sarfaraz Khan came to the crease at the death and showed confidence well beyond his years, guiding RCB to a monster total. RR have power hitters of their own so do not miss this exciting run chase.</p>"},"tags":[],"timestamp":1430324535000,"id":1178243,"time":"16:22","updateTime":1430324530621,"sequence":207.0,"type":"Manual"},{"subtype":"EmbeddedTweet","tweetjson":{"created_at":"Wed Apr 29 16:07:51 +0000 2015","id":593446608911503361,"id_str":"593446608911503361","text":"Only in India will you see such enormous talent on the big stage so early! #SarfarazKhan #Impressive  #PepsiIPL","source":"<a href=\"http://twitter.com\" rel=\"nofollow\">Twitter Web Client</a>","truncated":false,"in_reply_to_status_id":null,"in_reply_to_status_id_str":null,"in_reply_to_user_id":null,"in_reply_to_user_id_str":null,"in_reply_to_screen_name":null,"user":{"id":350922801,"id_str":"350922801","name":"Tom Moody","screen_name":"TomMoodyCricket","location":"","description":"Tom Moody, former Australian Cricketer, Coach & Commentator. Husband, Father, golf, movies, cook, good wine & quality coffee.","url":null,"entities":{"description":{"urls":[]}},"protected":false,"followers_count":177945,"friends_count":457,"listed_count":707,"created_at":"Mon Aug 08 14:33:15 +0000 2011","favourites_count":0,"utc_offset":28800,"time_zone":"Perth","geo_enabled":true,"verified":true,"statuses_count":3843,"lang":"en","contributors_enabled":false,"is_translator":false,"is_translation_enabled":false,"profile_background_color":"0084B4","profile_background_image_url":"http://pbs.twimg.com/profile_background_images/496028512793288705/PirBGz5c.jpeg","profile_background_image_url_https":"https://pbs.twimg.com/profile_background_images/496028512793288705/PirBGz5c.jpeg","profile_background_tile":false,"profile_image_url":"http://pbs.twimg.com/profile_images/586782662481674240/YwHSVHBg_normal.jpg","profile_image_url_https":"https://pbs.twimg.com/profile_images/586782662481674240/YwHSVHBg_normal.jpg","profile_banner_url":"https://pbs.twimg.com/profile_banners/350922801/1398229181","profile_link_color":"3B94D9","profile_sidebar_border_color":"000000","profile_sidebar_fill_color":"DDEEF6","profile_text_color":"333333","profile_use_background_image":true,"default_profile":false,"default_profile_image":false,"following":false,"follow_request_sent":false,"notifications":false},"geo":null,"coordinates":null,"place":{"id":"236fe7c43d9dc36d","url":"https://api.twitter.com/1.1/geo/id/236fe7c43d9dc36d.json","place_type":"city","name":"Fort Tondiarpet","full_name":"Fort Tondiarpet, Tamil Nadu","country_code":"IN","country":"India","contained_within":[],"bounding_box":{"type":"Polygon","coordinates":[[[80.242499,13.0653565],[80.3058759,13.0653565],[80.3058759,13.1478063],[80.242499,13.1478063]]]},"attributes":{}},"contributors":null,"retweet_count":207,"favorite_count":132,"entities":{"hashtags":[{"text":"SarfarazKhan","indices":[75,88]},{"text":"Impressive","indices":[89,100]},{"text":"PepsiIPL","indices":[102,111]}],"symbols":[],"user_mentions":[],"urls":[]},"favorited":false,"retweeted":false,"lang":"en"},"message":{"text":"<blockquote class=\"twitter-tweet\" data-partner=\"tweetdeck\">\n<p>Only in India will you see such enormous talent on the big stage so early! <a href=\"https://twitter.com/hashtag/SarfarazKhan?src=hash\">#SarfarazKhan</a> <a href=\"https://twitter.com/hashtag/Impressive?src=hash\">#Impressive</a> <a href=\"https://twitter.com/hashtag/PepsiIPL?src=hash\">#PepsiIPL</a></p>\n&mdash; Tom Moody (@TomMoodyCricket) <a href=\"https://twitter.com/TomMoodyCricket/status/593446608911503361\">April 29, 2015</a></blockquote>\n<script charset=\"utf-8\" type=\"text/javascript\" src=\"http://platform.twitter.com/widgets.js\"></script>"},"tags":[],"timestamp":1430324425000,"id":1178242,"time":"16:20","updateTime":1430324425009,"sequence":207.5,"type":"Manual"},{"bbcode":"[b]Play suspended due to rain[/b]","subtype":"BBCode","message":{"text":"<p><strong>Play suspended due to rain</strong></p>"},"tags":[],"timestamp":1430324984000,"id":1178250,"time":"16:29","updateTime":1430324975933,"sequence":208.0,"type":"Manual"},{"bbcode":"[b]22:00 Local - [/b]I am afraid to say rain is coming down pretty straight and heavy here in Bengaluru. The covers are on and we will have a delay in getting back on","subtype":"BBCode","message":{"text":"<p><strong>22:00 Local - </strong>I am afraid to say rain is coming down pretty straight and heavy here in Bengaluru. The covers are on and we will have a delay in getting back on</p>"},"tags":[],"timestamp":1430324965000,"id":1178249,"time":"16:29","updateTime":1430324965431,"sequence":208.5,"type":"Manual"},{"subtype":"EmbeddedTweet","tweetjson":{"created_at":"Wed Apr 29 16:39:08 +0000 2015","id":593454480697401344,"id_str":"593454480697401344","text":"Enjoyed the entertaining knock from Sarfaraz. Liked his fearless approach.He is just 17 but looked confident&amp;mature. #talent #future","source":"<a href=\"http://twitter.com/#!/download/ipad\" rel=\"nofollow\">Twitter for iPad</a>","truncated":false,"in_reply_to_status_id":null,"in_reply_to_status_id_str":null,"in_reply_to_user_id":null,"in_reply_to_user_id_str":null,"in_reply_to_screen_name":null,"user":{"id":2500955780,"id_str":"2500955780","name":"VVS Laxman","screen_name":"VVSLaxman281","location":"","description":"Ex-International Cricketer, Mentor @SunRisers","url":null,"entities":{"description":{"urls":[]}},"protected":false,"followers_count":254495,"friends_count":234,"listed_count":383,"created_at":"Sat May 17 08:10:12 +0000 2014","favourites_count":4,"utc_offset":19800,"time_zone":"Chennai","geo_enabled":true,"verified":true,"statuses_count":406,"lang":"en","contributors_enabled":false,"is_translator":false,"is_translation_enabled":false,"profile_background_color":"C0DEED","profile_background_image_url":"http://abs.twimg.com/images/themes/theme1/bg.png","profile_background_image_url_https":"https://abs.twimg.com/images/themes/theme1/bg.png","profile_background_tile":false,"profile_image_url":"http://pbs.twimg.com/profile_images/467583468310773761/futzFuLq_normal.jpeg","profile_image_url_https":"https://pbs.twimg.com/profile_images/467583468310773761/futzFuLq_normal.jpeg","profile_link_color":"0084B4","profile_sidebar_border_color":"C0DEED","profile_sidebar_fill_color":"DDEEF6","profile_text_color":"333333","profile_use_background_image":true,"default_profile":true,"default_profile_image":false,"following":false,"follow_request_sent":false,"notifications":false},"geo":null,"coordinates":null,"place":null,"contributors":null,"retweet_count":22,"favorite_count":30,"entities":{"hashtags":[{"text":"talent","indices":[121,128]},{"text":"future","indices":[129,136]}],"symbols":[],"user_mentions":[],"urls":[]},"favorited":false,"retweeted":false,"lang":"en"},"message":{"text":"<blockquote class=\"twitter-tweet\" data-partner=\"tweetdeck\">\n<p>Enjoyed the entertaining knock from Sarfaraz. Liked his fearless approach.He is just 17 but looked confident&amp;mature. <a href=\"https://twitter.com/hashtag/talent?src=hash\">#talent</a> <a href=\"https://twitter.com/hashtag/future?src=hash\">#future</a></p>\n&mdash; VVS Laxman (@VVSLaxman281) <a href=\"https://twitter.com/VVSLaxman281/status/593454480697401344\">April 29, 2015</a></blockquote>\n<script charset=\"utf-8\" type=\"text/javascript\" src=\"http://platform.twitter.com/widgets.js\"></script>"},"tags":[],"timestamp":1430325698000,"id":1178252,"time":"16:41","updateTime":1430325698359,"sequence":209.5,"type":"Manual"},{"bbcode":"[b]22:15 Local - [/b]The covers are slowly being dragged off by the busy looking groundsman. There is going to be an inspection at 22:25 Local, so it is looking like good signs at the moment","subtype":"BBCode","message":{"text":"<p><strong>22:15 Local - </strong>The covers are slowly being dragged off by the busy looking groundsman. There is going to be an inspection at 22:25 Local, so it is looking like good signs at the moment</p>"},"tags":[],"timestamp":1430326413000,"id":1178253,"time":"16:43","updateTime":1430325836123,"sequence":210.5,"type":"Manual"},{"bbcode":"[b]22:30 Local - [/b]The scenes at the ground are not the most promising, the covers are back on and the rain has returned. Keep your fingers crossed folks and we will continue to bring you news as we have it","subtype":"BBCode","message":{"text":"<p><strong>22:30 Local - </strong>The scenes at the ground are not the most promising, the covers are back on and the rain has returned. Keep your fingers crossed folks and we will continue to bring you news as we have it</p>"},"tags":[],"timestamp":1430326846000,"id":1178256,"time":"17:00","updateTime":1430326846088,"sequence":211.5,"type":"Manual"},{"subtype":"EmbeddedTweet","tweetjson":{"created_at":"Wed Apr 29 16:57:14 +0000 2015","id":593459032939110400,"id_str":"593459032939110400","text":"It is absolutely pouring down at the Chinnaswamy Stadium. We will keep you updated. #RCBvsRR #PepsiIPL http://t.co/EdiKms88F7","source":"<a href=\"http://twitter.com\" rel=\"nofollow\">Twitter Web Client</a>","truncated":false,"in_reply_to_status_id":null,"in_reply_to_status_id_str":null,"in_reply_to_user_id":null,"in_reply_to_user_id_str":null,"in_reply_to_screen_name":null,"user":{"id":15639696,"id_str":"15639696","name":"IndianPremierLeague","screen_name":"IPL","location":"Mumbai, India","description":"Follow to get exclusive and real-time Indian Premier League news and updates.","url":"http://t.co/t6ijXbbB5o","entities":{"url":{"urls":[{"url":"http://t.co/t6ijXbbB5o","expanded_url":"http://www.iplt20.com","display_url":"iplt20.com","indices":[0,22]}]},"description":{"urls":[]}},"protected":false,"followers_count":3012538,"friends_count":101,"listed_count":3630,"created_at":"Tue Jul 29 00:25:41 +0000 2008","favourites_count":95,"utc_offset":19800,"time_zone":"Mumbai","geo_enabled":false,"verified":true,"statuses_count":38448,"lang":"en","contributors_enabled":false,"is_translator":false,"is_translation_enabled":false,"profile_background_color":"1A3989","profile_background_image_url":"http://pbs.twimg.com/profile_background_images/444347117209780224/QHfhUnln.jpeg","profile_background_image_url_https":"https://pbs.twimg.com/profile_background_images/444347117209780224/QHfhUnln.jpeg","profile_background_tile":false,"profile_image_url":"http://pbs.twimg.com/profile_images/378800000004890725/f44322e69f7579ef61effeaad22c28a1_normal.jpeg","profile_image_url_https":"https://pbs.twimg.com/profile_images/378800000004890725/f44322e69f7579ef61effeaad22c28a1_normal.jpeg","profile_banner_url":"https://pbs.twimg.com/profile_banners/15639696/1401779888","profile_link_color":"0099B9","profile_sidebar_border_color":"000000","profile_sidebar_fill_color":"95E8EC","profile_text_color":"3C3940","profile_use_background_image":true,"default_profile":false,"default_profile_image":false,"following":true,"follow_request_sent":false,"notifications":false},"geo":null,"coordinates":null,"place":null,"contributors":null,"retweet_count":23,"favorite_count":36,"entities":{"hashtags":[{"text":"RCBvsRR","indices":[84,92]},{"text":"PepsiIPL","indices":[93,102]}],"symbols":[],"user_mentions":[],"urls":[],"media":[{"id":593459030464466944,"id_str":"593459030464466944","indices":[103,125],"media_url":"http://pbs.twimg.com/media/CDxj2AuVEAAm4aZ.jpg","media_url_https":"https://pbs.twimg.com/media/CDxj2AuVEAAm4aZ.jpg","url":"http://t.co/EdiKms88F7","display_url":"pic.twitter.com/EdiKms88F7","expanded_url":"http://twitter.com/IPL/status/593459032939110400/photo/1","type":"photo","sizes":{"large":{"w":900,"h":437,"resize":"fit"},"medium":{"w":600,"h":291,"resize":"fit"},"thumb":{"w":150,"h":150,"resize":"crop"},"small":{"w":340,"h":165,"resize":"fit"}}}]},"extended_entities":{"media":[{"id":593459030464466944,"id_str":"593459030464466944","indices":[103,125],"media_url":"http://pbs.twimg.com/media/CDxj2AuVEAAm4aZ.jpg","media_url_https":"https://pbs.twimg.com/media/CDxj2AuVEAAm4aZ.jpg","url":"http://t.co/EdiKms88F7","display_url":"pic.twitter.com/EdiKms88F7","expanded_url":"http://twitter.com/IPL/status/593459032939110400/photo/1","type":"photo","sizes":{"large":{"w":900,"h":437,"resize":"fit"},"medium":{"w":600,"h":291,"resize":"fit"},"thumb":{"w":150,"h":150,"resize":"crop"},"small":{"w":340,"h":165,"resize":"fit"}}}]},"favorited":false,"retweeted":false,"possibly_sensitive":false,"possibly_sensitive_appealable":false,"lang":"en"},"message":{"text":"<blockquote class=\"twitter-tweet\" data-partner=\"tweetdeck\">\n<p>It is absolutely pouring down at the Chinnaswamy Stadium. We will keep you updated. <a href=\"https://twitter.com/hashtag/RCBvsRR?src=hash\">#RCBvsRR</a> <a href=\"https://twitter.com/hashtag/PepsiIPL?src=hash\">#PepsiIPL</a> <a href=\"http://t.co/EdiKms88F7\">pic.twitter.com/EdiKms88F7</a></p>\n&mdash; IndianPremierLeague (@IPL) <a href=\"https://twitter.com/IPL/status/593459032939110400\">April 29, 2015</a></blockquote>\n<script charset=\"utf-8\" type=\"text/javascript\" src=\"http://platform.twitter.com/widgets.js\"></script>"},"tags":[],"timestamp":1430326860000,"id":1178257,"time":"17:01","updateTime":1430326860314,"sequence":212.5,"type":"Manual"},{"bbcode":"[b]22:45 Local - [/b]The rain has slowed slightly allowing the groundsman back out with some super soaking action. Things are moving in the right direction once more so let's hope for some play soon","subtype":"BBCode","message":{"text":"<p><strong>22:45 Local - </strong>The rain has slowed&nbsp;slightly&nbsp;allowing the groundsman back out with some super soaking action. Things are moving in the right direction once more so let's hope for some play soon</p>"},"tags":[],"timestamp":1430327848000,"id":1178258,"time":"17:17","updateTime":1430327833981,"sequence":213.5,"type":"Manual"},{"bbcode":"[b]23:00 Local - [/b]The groundstaff are poised on the playing surface but the rain is still coming down unfortunately. It is only light drizzle so let's hope it blows over shortly","subtype":"BBCode","message":{"text":"<p><strong>23:00 Local - </strong>The groundstaff are poised on the playing surface but the rain is still coming down unfortunately. It is only light drizzle so let's hope it blows over shortly</p>"},"tags":[],"timestamp":1430328666000,"id":1178259,"time":"17:31","updateTime":1430328666401,"sequence":214.5,"type":"Manual"},{"subtype":"EmbeddedTweet","tweetjson":{"created_at":"Wed Apr 29 17:41:42 +0000 2015","id":593470226022412289,"id_str":"593470226022412289","text":"Covers coming off. #RCBvRR #PepsiIPL http://t.co/eEBqYhYySr","source":"<a href=\"http://twitter.com/download/android\" rel=\"nofollow\">Twitter for Android</a>","truncated":false,"in_reply_to_status_id":null,"in_reply_to_status_id_str":null,"in_reply_to_user_id":null,"in_reply_to_user_id_str":null,"in_reply_to_screen_name":null,"user":{"id":107365750,"id_str":"107365750","name":"Shirin Sadikot","screen_name":"ShirinSadikot","location":"Mumbai (INDIA)","description":"I make a living out of talking cricket with cricketers. Yes, I have the best job in the world. Asst. Editor @BCCI @IPL @CLT20","url":null,"entities":{"description":{"urls":[]}},"protected":false,"followers_count":12507,"friends_count":282,"listed_count":107,"created_at":"Fri Jan 22 09:44:24 +0000 2010","favourites_count":85,"utc_offset":19800,"time_zone":"Mumbai","geo_enabled":true,"verified":true,"statuses_count":14886,"lang":"en","contributors_enabled":false,"is_translator":false,"is_translation_enabled":false,"profile_background_color":"C0DEED","profile_background_image_url":"http://pbs.twimg.com/profile_background_images/200953655/VVS-square-cut-twitter.jpg","profile_background_image_url_https":"https://pbs.twimg.com/profile_background_images/200953655/VVS-square-cut-twitter.jpg","profile_background_tile":false,"profile_image_url":"http://pbs.twimg.com/profile_images/588728680010022912/RBtOZDcX_normal.jpg","profile_image_url_https":"https://pbs.twimg.com/profile_images/588728680010022912/RBtOZDcX_normal.jpg","profile_banner_url":"https://pbs.twimg.com/profile_banners/107365750/1425705438","profile_link_color":"0084B4","profile_sidebar_border_color":"C0DEED","profile_sidebar_fill_color":"DDEEF6","profile_text_color":"333333","profile_use_background_image":true,"default_profile":false,"default_profile_image":false,"following":false,"follow_request_sent":false,"notifications":false},"geo":null,"coordinates":null,"place":null,"contributors":null,"retweet_count":3,"favorite_count":1,"entities":{"hashtags":[{"text":"RCBvRR","indices":[19,26]},{"text":"PepsiIPL","indices":[27,36]}],"symbols":[],"user_mentions":[],"urls":[],"media":[{"id":593470211292037120,"id_str":"593470211292037120","indices":[37,59],"media_url":"http://pbs.twimg.com/media/CDxuA0jWgAATKiN.jpg","media_url_https":"https://pbs.twimg.com/media/CDxuA0jWgAATKiN.jpg","url":"http://t.co/eEBqYhYySr","display_url":"pic.twitter.com/eEBqYhYySr","expanded_url":"http://twitter.com/ShirinSadikot/status/593470226022412289/photo/1","type":"photo","sizes":{"thumb":{"w":150,"h":150,"resize":"crop"},"small":{"w":340,"h":191,"resize":"fit"},"medium":{"w":600,"h":337,"resize":"fit"},"large":{"w":1024,"h":576,"resize":"fit"}}}]},"extended_entities":{"media":[{"id":593470211292037120,"id_str":"593470211292037120","indices":[37,59],"media_url":"http://pbs.twimg.com/media/CDxuA0jWgAATKiN.jpg","media_url_https":"https://pbs.twimg.com/media/CDxuA0jWgAATKiN.jpg","url":"http://t.co/eEBqYhYySr","display_url":"pic.twitter.com/eEBqYhYySr","expanded_url":"http://twitter.com/ShirinSadikot/status/593470226022412289/photo/1","type":"photo","sizes":{"thumb":{"w":150,"h":150,"resize":"crop"},"small":{"w":340,"h":191,"resize":"fit"},"medium":{"w":600,"h":337,"resize":"fit"},"large":{"w":1024,"h":576,"resize":"fit"}}}]},"favorited":false,"retweeted":false,"possibly_sensitive":false,"possibly_sensitive_appealable":false,"lang":"en"},"message":{"text":"<blockquote class=\"twitter-tweet\" data-partner=\"tweetdeck\">\n<p>Covers coming off. <a href=\"https://twitter.com/hashtag/RCBvRR?src=hash\">#RCBvRR</a> <a href=\"https://twitter.com/hashtag/PepsiIPL?src=hash\">#PepsiIPL</a> <a href=\"http://t.co/eEBqYhYySr\">pic.twitter.com/eEBqYhYySr</a></p>\n&mdash; Shirin Sadikot (@ShirinSadikot) <a href=\"https://twitter.com/ShirinSadikot/status/593470226022412289\">April 29, 2015</a></blockquote>\n<script charset=\"utf-8\" type=\"text/javascript\" src=\"http://platform.twitter.com/widgets.js\"></script>"},"tags":[],"timestamp":1430329345000,"id":1178261,"time":"17:42","updateTime":1430329345452,"sequence":216.5,"type":"Manual"},{"bbcode":"[b]23:15 Local - [/b]Great news! The mopping up job continues on the outfield but we are going in the right direction as the covers are slowly peeled off...","subtype":"BBCode","message":{"text":"<p><strong>23:15 Local - </strong>Great news! The mopping up job continues on the outfield but we are going in the right direction as the covers are slowly peeled off...</p>"},"tags":[],"timestamp":1430329478000,"id":1178262,"time":"17:44","updateTime":1430329478657,"sequence":217.5,"type":"Manual"},{"bbcode":"[b]23:30 Local - [/b]Oh drizzle, drizzle, drizzle please go away. We saw the umpires walk out but just as they did that the rain came back, all the covers are on but the crowd are still in high spirits ","subtype":"BBCode","message":{"text":"<p><strong>23:30 Local - </strong>Oh drizzle, drizzle, drizzle please go away. We saw the umpires walk out but just as they did that the rain came back, all the covers are on but the crowd are still in high spirits&nbsp;</p>"},"tags":[],"timestamp":1430330446000,"id":1178263,"time":"18:00","updateTime":1430330446371,"sequence":218.5,"type":"Manual"},{"subtype":"EmbeddedTweet","tweetjson":{"created_at":"Wed Apr 29 17:57:58 +0000 2015","id":593474316928425984,"id_str":"593474316928425984","text":"Well, this is frustrating. The drizzle has returned. They are covering up the ground #RCBvsRR #PepsiIPL #RCB #RR #IPL http://t.co/ByzPcFyuLA","source":"<a href=\"http://twitter.com\" rel=\"nofollow\">Twitter Web Client</a>","truncated":false,"in_reply_to_status_id":null,"in_reply_to_status_id_str":null,"in_reply_to_user_id":null,"in_reply_to_user_id_str":null,"in_reply_to_screen_name":null,"user":{"id":15639696,"id_str":"15639696","name":"IndianPremierLeague","screen_name":"IPL","location":"Mumbai, India","description":"Follow to get exclusive and real-time Indian Premier League news and updates.","url":"http://t.co/t6ijXbbB5o","entities":{"url":{"urls":[{"url":"http://t.co/t6ijXbbB5o","expanded_url":"http://www.iplt20.com","display_url":"iplt20.com","indices":[0,22]}]},"description":{"urls":[]}},"protected":false,"followers_count":3013491,"friends_count":101,"listed_count":3630,"created_at":"Tue Jul 29 00:25:41 +0000 2008","favourites_count":95,"utc_offset":19800,"time_zone":"Mumbai","geo_enabled":false,"verified":true,"statuses_count":38454,"lang":"en","contributors_enabled":false,"is_translator":false,"is_translation_enabled":false,"profile_background_color":"1A3989","profile_background_image_url":"http://pbs.twimg.com/profile_background_images/444347117209780224/QHfhUnln.jpeg","profile_background_image_url_https":"https://pbs.twimg.com/profile_background_images/444347117209780224/QHfhUnln.jpeg","profile_background_tile":false,"profile_image_url":"http://pbs.twimg.com/profile_images/378800000004890725/f44322e69f7579ef61effeaad22c28a1_normal.jpeg","profile_image_url_https":"https://pbs.twimg.com/profile_images/378800000004890725/f44322e69f7579ef61effeaad22c28a1_normal.jpeg","profile_banner_url":"https://pbs.twimg.com/profile_banners/15639696/1401779888","profile_link_color":"0099B9","profile_sidebar_border_color":"000000","profile_sidebar_fill_color":"95E8EC","profile_text_color":"3C3940","profile_use_background_image":true,"default_profile":false,"default_profile_image":false,"following":true,"follow_request_sent":false,"notifications":false},"geo":null,"coordinates":null,"place":null,"contributors":null,"retweet_count":83,"favorite_count":81,"entities":{"hashtags":[{"text":"RCBvsRR","indices":[85,93]},{"text":"PepsiIPL","indices":[94,103]},{"text":"RCB","indices":[104,108]},{"text":"RR","indices":[109,112]},{"text":"IPL","indices":[113,117]}],"symbols":[],"user_mentions":[],"urls":[],"media":[{"id":593474312801226752,"id_str":"593474312801226752","indices":[118,140],"media_url":"http://pbs.twimg.com/media/CDxxvj3WEAApUCj.jpg","media_url_https":"https://pbs.twimg.com/media/CDxxvj3WEAApUCj.jpg","url":"http://t.co/ByzPcFyuLA","display_url":"pic.twitter.com/ByzPcFyuLA","expanded_url":"http://twitter.com/IPL/status/593474316928425984/photo/1","type":"photo","sizes":{"large":{"w":600,"h":400,"resize":"fit"},"small":{"w":340,"h":226,"resize":"fit"},"thumb":{"w":150,"h":150,"resize":"crop"},"medium":{"w":600,"h":400,"resize":"fit"}}}]},"extended_entities":{"media":[{"id":593474312801226752,"id_str":"593474312801226752","indices":[118,140],"media_url":"http://pbs.twimg.com/media/CDxxvj3WEAApUCj.jpg","media_url_https":"https://pbs.twimg.com/media/CDxxvj3WEAApUCj.jpg","url":"http://t.co/ByzPcFyuLA","display_url":"pic.twitter.com/ByzPcFyuLA","expanded_url":"http://twitter.com/IPL/status/593474316928425984/photo/1","type":"photo","sizes":{"large":{"w":600,"h":400,"resize":"fit"},"small":{"w":340,"h":226,"resize":"fit"},"thumb":{"w":150,"h":150,"resize":"crop"},"medium":{"w":600,"h":400,"resize":"fit"}}},{"id":593474314957094912,"id_str":"593474314957094912","indices":[118,140],"media_url":"http://pbs.twimg.com/media/CDxxvr5WAAAJtno.jpg","media_url_https":"https://pbs.twimg.com/media/CDxxvr5WAAAJtno.jpg","url":"http://t.co/ByzPcFyuLA","display_url":"pic.twitter.com/ByzPcFyuLA","expanded_url":"http://twitter.com/IPL/status/593474316928425984/photo/1","type":"photo","sizes":{"large":{"w":600,"h":400,"resize":"fit"},"small":{"w":340,"h":226,"resize":"fit"},"thumb":{"w":150,"h":150,"resize":"crop"},"medium":{"w":600,"h":400,"resize":"fit"}}}]},"favorited":false,"retweeted":false,"possibly_sensitive":false,"possibly_sensitive_appealable":false,"lang":"en"},"message":{"text":"<blockquote class=\"twitter-tweet\" data-partner=\"tweetdeck\">\n<p>Well, this is frustrating. The drizzle has returned. They are covering up the ground <a href=\"https://twitter.com/hashtag/RCBvsRR?src=hash\">#RCBvsRR</a> <a href=\"https://twitter.com/hashtag/PepsiIPL?src=hash\">#PepsiIPL</a> <a href=\"https://twitter.com/hashtag/RCB?src=hash\">#RCB</a> <a href=\"https://twitter.com/hashtag/RR?src=hash\">#RR</a> <a href=\"https://twitter.com/hashtag/IPL?src=hash\">#IPL</a> <a href=\"http://t.co/ByzPcFyuLA\">pic.twitter.com/ByzPcFyuLA</a></p>\n&mdash; IndianPremierLeague (@IPL) <a href=\"https://twitter.com/IPL/status/593474316928425984\">April 29, 2015</a></blockquote>\n<script charset=\"utf-8\" type=\"text/javascript\" src=\"http://platform.twitter.com/widgets.js\"></script>"},"tags":[],"timestamp":1430330967000,"id":1178264,"time":"18:09","updateTime":1430330967138,"sequence":219.5,"type":"Manual"},{"bbcode":"[b]No Result[/b]","subtype":"BBCode","message":{"text":"<p><strong>No Result</strong></p>"},"tags":[],"timestamp":1430331126000,"id":1178265,"time":"18:12","updateTime":1430331126959,"sequence":220.5,"type":"Manual"},{"bbcode":"[b]Match Report: [/b]Royal Challengers Bangalore will feel hard done by after rains washed out their home match against Rajasthan Royals half way through the contest. After batting first and posting 200 runs on the board, RCB never got the opportunity to defend the total as showers washed out the entire run chase. As a result, both teams took home a piece each. For RR, this was the second time in two games that rain denied them a chance to fight for two points, following their match against Kolkata Knight Riders which was washed out. \\n\\n Earlier in the evening, given the chance to set a target, RCB started off briskly with Chris Gayle hitting the second and third deliveries of the innings for four and six respectively. But Tim Southee, who was drafted into the RR XI at the expense of Chris Morris, forced the batsman into holing out to the man at square-leg off the fourth delivery. The Kiwi opener struck a blow in his second over when he drew Virat Kohli into a drive and had him caught behind. \\n\\n RCB had rode on the performance of their top three so far in the tournament, and it was about time the rest of the batsmen contributed. The RCB middle order chose the right day to give a good account of themselves; from 19 for 2, there were handy contributions right through the batting lineup, as RCB recovered brilliantly to post 200 runs on the board. \\n\\n AB de Villiers was the innings top-scorer; batting at number three, he played a wide range of shots and took full toll of the loose deliveries dished out by the RR bowlers. He was involved in two useful partnerships; he and Mandeep Singh added 74 runs for the third wicket, after which he and Dinesh Karthik were involved in a stand of 31 runs. The South African brought up 14th IPL half-century in style when he clobbered Stuart Binny for a six over long on. But in the fourteenth over, a mix up with Karthik resulted in his dismissal; he made 57 from 45 balls, aided with nine fours and a six. \\n\\n With that dismissal it appeared RCB would be robbed of crucial momentum heading into the closing stages of the innings. The dismissal of Karthik in the seventeenth over   courtesy a second run out in the innings   only added to the hosts woes. However, in those difficult situations, emerged a new hero for RCB; 17-year old Sarfaraz Khan, batting for only the second time in the IPL, stole the limelight with some brilliant hitting. He wasn t afraid to play his shots, and was especially severe on the 43-year old Pravin Tambe, off who he scored 19 runs off seven deliveries. The teenager remained unbeaten on 45 from 21 balls, during which he hit six boundaries and a six. \\n\\n David Wiese and Harshal Patel together contributed 17 runs from ten deliveries as RCB finished their allotted twenty overs at 200 for 7. There were eleven overs in the RCB innings in which the hosts scored ten runs or more in the over. \\n\\n Tim Southee was the most successful of the RR bowlers, returning figures of two for 32. Dhawal Kulkarni and Binny were the other wicket-takers. \\n\\n The skies opened up just as the players were about to take the field prior to the start of the run-chase. After several instances of the skies playing  open and shut  and not allowing the players the opportunity to get on the field, the Umpires   Pashchim Pathak and Johan Cloete, along with Match Referee Ranjan Madugalle, were eventually left with no option but to call off the match.","subtype":"BBCode","message":{"text":"<p><strong>Match Report:&nbsp;</strong>Royal Challengers Bangalore will feel hard done by after rains washed out their home match against Rajasthan Royals half way through the contest. After batting first and posting 200 runs on the board, RCB never got the opportunity to defend the total as showers washed out the entire run chase. As a result, both teams took home a piece each. For RR, this was the second time in two games that rain denied them a chance to fight for two points, following their match against Kolkata Knight Riders which was washed out. <br /><br /> Earlier in the evening, given the chance to set a target, RCB started off briskly with Chris Gayle hitting the second and third deliveries of the innings for four and six respectively. But Tim Southee, who was drafted into the RR XI at the expense of Chris Morris, forced the batsman into holing out to the man at square-leg off the fourth delivery. The Kiwi opener struck a blow in his second over when he drew Virat Kohli into a drive and had him caught behind. <br /><br /> RCB had rode on the performance of their top three so far in the tournament, and it was about time the rest of the batsmen contributed. The RCB middle order chose the right day to give a good account of themselves; from 19 for 2, there were handy contributions right through the batting lineup, as RCB recovered brilliantly to post 200 runs on the board. <br /><br /> AB de Villiers was the innings top-scorer; batting at number three, he played a wide range of shots and took full toll of the loose deliveries dished out by the RR bowlers. He was involved in two useful partnerships; he and Mandeep Singh added 74 runs for the third wicket, after which he and Dinesh Karthik were involved in a stand of 31 runs. The South African brought up 14th IPL half-century in style when he clobbered Stuart Binny for a six over long on. But in the fourteenth over, a mix up with Karthik resulted in his dismissal; he made 57 from 45 balls, aided with nine fours and a six. <br /><br /> With that dismissal it appeared RCB would be robbed of crucial momentum heading into the closing stages of the innings. The dismissal of Karthik in the seventeenth over &ndash; courtesy a second run out in the innings &ndash; only added to the hosts woes. However, in those difficult situations, emerged a new hero for RCB; 17-year old Sarfaraz Khan, batting for only the second time in the IPL, stole the limelight with some brilliant hitting. He wasn&rsquo;t afraid to play his shots, and was especially severe on the 43-year old Pravin Tambe, off who he scored 19 runs off seven deliveries. The teenager remained unbeaten on 45 from 21 balls, during which he hit six boundaries and a six. <br /><br /> David Wiese and Harshal Patel together contributed 17 runs from ten deliveries as RCB finished their allotted twenty overs at 200 for 7. There were eleven overs in the RCB innings in which the hosts scored ten runs or more in the over. <br /><br /> Tim Southee was the most successful of the RR bowlers, returning figures of two for 32. Dhawal Kulkarni and Binny were the other wicket-takers. <br /><br /> The skies opened up just as the players were about to take the field prior to the start of the run-chase. After several instances of the skies playing &ldquo;open and shut&rdquo; and not allowing the players the opportunity to get on the field, the Umpires &ndash; Pashchim Pathak and Johan Cloete, along with Match Referee Ranjan Madugalle, were eventually left with no option but to call off the match.</p>"},"tags":[],"timestamp":1430332443000,"id":1178267,"time":"18:22","updateTime":1430331775276,"sequence":221.0,"type":"Manual"},{"bbcode":"\\n\\nUnfortunately the rain has had its say today. We were set up for a brilliant run chase but both teams will have to settle for a point each from this one. Rajasthan Royals go level with CSK at the top, with 12 points, but it is Dhoni's men who have two matches in hand. We are sorry to have to bring you an anticlimax to this one but join us tomorrow for KKR v CSK at Eden Gardens.","subtype":"BBCode","message":{"text":"<p><img src=\"http://static2.iplt20.com/cms/media/images/1200x800/39091.jpg\" alt=\"\" width=\"600\" height=\"400\" /><br /><br />Unfortunately the rain has had its say today. We were set up for a brilliant run chase but both teams will have to settle for a point each from this one. Rajasthan Royals go level with CSK at the top, with 12 points, but it is Dhoni's men who have two matches in hand. We are sorry to have to bring you an anticlimax to this one but join us tomorrow for KKR v CSK at Eden Gardens.</p>"},"tags":[],"timestamp":1430331685000,"id":1178266,"time":"18:21","updateTime":1430331685526,"sequence":221.5,"type":"Manual"}]}