{"fragment":4,"updateTime":1430324061000,"matchId":{"id":3254,"name":"ipl2015-29 - RCB vs. RR","matchIdName":"ipl2015-29"},"commentaries":[{"innings":1,"over":15,"overRuns":6,"overWickets":0,"inningsRuns":130,"inningsWickets":4,"inningsAllOut":false,"team":{"id":9,"fullName":"Royal Challengers Bangalore","shortName":"Challengers","abbreviation":"RCB","primaryColor":"F1901D","secondaryColor":"FFFFFF","type":"m"},"batsmanSummaries":[{"batsman":{"id":1564,"fullName":"Sarfaraz Khan","shortName":"S Khan","nationality":"Indian","rightHandedBat":true,"dateOfBirth":877478400000,"names":["Sarfaraz Khan","S Khan"]},"runs":2,"balls":3,"fours":0,"sixes":0},{"batsman":{"id":102,"fullName":"Dinesh Karthik","shortName":"D Karthik","nationality":"Indian","rightHandedBat":true,"dateOfBirth":486432000000,"names":["Dinesh Karthik","D Karthik"]},"runs":22,"balls":15,"fours":2,"sixes":1}],"activeBatsman":1564,"bowlerSummary":{"bowler":{"id":1114,"fullName":"Pravin Tambe","shortName":"P Tambe","nationality":"Indian","rightHandedBat":true,"dateOfBirth":55728000000,"names":["Pravin Tambe","P Tambe"]},"overs":"2","runs":21,"wickets":0,"maidens":0},"inningsBalls":90,"inningsMaxBalls":120,"inningsTarget":0,"message":{"text":null},"tags":[],"timestamp":1430322214000,"id":1178171,"time":"15:43","updateTime":1430322214178,"sequence":150.0,"type":"Eov"},{"mediaId":"4203962075001","endpointUrlHq1":"http://brightcove.vo.llnwd.net/v1/uds/pd/3588749423001/201504/3169/3588749423001_4204144054001_MATCH-29-RCB-2ND-SIX.mp4","endpointUrlHq2":"http://brightcove.vo.llnwd.net/v1/uds/pd/3588749423001/201504/863/3588749423001_4204157126001_MATCH-29-RCB-2ND-SIX.mp4","endpointUrlAlt":"http://c.brightcove.com/services/mobile/streaming/index/rendition.m3u8?assetId=4204150741001","title":"M29: RCB vs RR – AB de Villiers Six","largeThumbnail":"http://brightcove.vo.llnwd.net/v1/unsecured/media/3588749423001/201504/1097/3588749423001_4204122613001_video-still-for-video-4203962075001.jpg?pubId=3588749423001","duration":27446,"endpointUrl":"http://brightcove.vo.llnwd.net/v1/uds/pd/3588749423001/201504/879/3588749423001_4204155100001_MATCH-29-RCB-2ND-SIX.mp4","smallThumbnail":"http://brightcove.vo.llnwd.net/v1/unsecured/media/3588749423001/201504/2097/3588749423001_4204122612001_thumbnail-for-video-4203962075001.jpg?pubId=3588749423001","description":null,"endpointUrlMq":"http://brightcove.vo.llnwd.net/v1/uds/pd/3588749423001/201504/1953/3588749423001_4204145286001_MATCH-29-RCB-2ND-SIX.mp4","endpointUrlHq3":"http://brightcove.vo.llnwd.net/v1/uds/pd/3588749423001/201504/2279/3588749423001_4204145275001_MATCH-29-RCB-2ND-SIX.mp4","publishDate":1430321425125,"message":{"text":null},"tags":["account:iplt20","2015","match:ipl2015-29","ipl2015","playerid 233","six","innings 1","ipl2015-29","IPL 2015","rr","ball 4","over 12","channel:ipl-match-centre","rcb"],"timestamp":1430322270000,"id":1178172,"time":"15:44","updateTime":1430322270910,"sequence":151.0,"type":"Video"},{"mediaId":"4203962085001","endpointUrlHq1":"http://brightcove.vo.llnwd.net/v1/uds/pd/3588749423001/201504/351/3588749423001_4204172990001_MATCH-29-RCB-3RD-SIX.mp4","endpointUrlHq2":"http://brightcove.vo.llnwd.net/v1/uds/pd/3588749423001/201504/2383/3588749423001_4204160728001_MATCH-29-RCB-3RD-SIX.mp4","endpointUrlAlt":"http://c.brightcove.com/services/mobile/streaming/index/rendition.m3u8?assetId=4204169829001","title":"M29: RCB vs RR – Dinesh Karthik Six","largeThumbnail":"http://brightcove.vo.llnwd.net/v1/unsecured/media/3588749423001/201504/1351/3588749423001_4204172991001_vs-5540faffe4b00c6755ad602f-782203293001.jpg?pubId=3588749423001","duration":11169,"endpointUrl":"http://brightcove.vo.llnwd.net/v1/uds/pd/3588749423001/201504/383/3588749423001_4204160742001_MATCH-29-RCB-3RD-SIX.mp4","smallThumbnail":"http://brightcove.vo.llnwd.net/v1/unsecured/media/3588749423001/201504/2351/3588749423001_4204172992001_th-5540faffe4b00c6755ad602f-782203293001.jpg?pubId=3588749423001","description":null,"endpointUrlMq":"http://brightcove.vo.llnwd.net/v1/uds/pd/3588749423001/201504/17/3588749423001_4204169808001_MATCH-29-RCB-3RD-SIX.mp4","endpointUrlHq3":"http://brightcove.vo.llnwd.net/v1/uds/pd/3588749423001/201504/1081/3588749423001_4204169743001_MATCH-29-RCB-3RD-SIX.mp4","publishDate":1430321912856,"message":{"text":null},"tags":["account:iplt20","2015","match:ipl2015-29","ipl2015","six","innings 1","ipl2015-29","IPL 2015","ball 1","rr","over 14","playerid 102","channel:ipl-match-centre","rcb"],"timestamp":1430322270000,"id":1178173,"time":"15:44","updateTime":1430322270962,"sequence":152.0,"type":"Video"},{"bbcode":"This match may be on the turn as AB has just been dismissed. It will be interesting to see who takes the upper hand after this Timeout. The birthday boy Faulkner is back on with the ball","subtype":"BBCode","message":{"text":"<p>This match may be on the turn as AB has just been dismissed. It will be interesting to see who takes the upper hand after this Timeout. The birthday boy Faulkner is back on with the ball</p>"},"tags":[],"timestamp":1430322437000,"id":1178174,"time":"15:46","updateTime":1430322362787,"sequence":153.0,"type":"Manual"},{"bbcode":"J Faulkner to S Khan, %SPEED% good length just outside off stump. He picks up a single","thisOver":"1","progress":{"innings":1,"over":16,"ball":1},"speed":35.0174124799359,"subtype":"BBCode","countingProgress":{"innings":1,"over":15,"ball":1},"bowlerId":193,"nonfacingBatsmanId":102,"facingBatsmanId":1564,"autoText":"J Faulkner to S Khan, %SPEED% good length just outside off stump. He picks up a single","message":{"text":null},"tags":[],"timestamp":1430322503000,"id":1178175,"time":"15:46","updateTime":1430322418295,"sequence":154.0,"type":"Auto"},{"bbcode":"J Faulkner to D Karthik, no run, %SPEED% good length outside off stump. He plays and misses","thisOver":".","progress":{"innings":1,"over":16,"ball":2},"speed":35.67058080333,"subtype":"BBCode","countingProgress":{"innings":1,"over":15,"ball":2},"bowlerId":193,"nonfacingBatsmanId":1564,"facingBatsmanId":102,"autoText":"J Faulkner to D Karthik, no run, %SPEED% good length outside off stump. He plays and misses","message":{"text":null},"tags":[],"timestamp":1430322454000,"id":1178176,"time":"15:47","updateTime":1430322451174,"sequence":155.0,"type":"Auto"},{"bbcode":"J Faulkner to D Karthik, Wide delivery","thisOver":"1Wd","progress":{"innings":1,"over":16,"ball":3},"speed":32.5326491481272,"subtype":"BBCode","countingProgress":{"innings":1,"over":15,"ball":3},"bowlerId":193,"nonfacingBatsmanId":1564,"facingBatsmanId":102,"autoText":"J Faulkner to D Karthik, Wide delivery","message":{"text":null},"tags":[],"timestamp":1430322755000,"id":1178177,"time":"15:48","updateTime":1430322482589,"sequence":156.0,"type":"Auto"},{"bbcode":"J Faulkner to D Karthik, %SPEED% short length just outside off stump. He picks up a single","thisOver":"1","progress":{"innings":1,"over":16,"ball":4},"speed":37.2664718602611,"subtype":"BBCode","countingProgress":{"innings":1,"over":15,"ball":3},"bowlerId":193,"nonfacingBatsmanId":1564,"facingBatsmanId":102,"autoText":"J Faulkner to D Karthik, %SPEED% short length just outside off stump. He picks up a single","message":{"text":null},"tags":[],"timestamp":1430322755000,"id":1178178,"time":"15:48","updateTime":1430322513096,"sequence":157.0,"type":"Auto"},{"bbcode":"J Faulkner to S Khan, %SPEED% short length just outside off stump. He hits a nice boundary","thisOver":"4","progress":{"innings":1,"over":16,"ball":5},"speed":35.7369313787073,"subtype":"BBCode","countingProgress":{"innings":1,"over":15,"ball":4},"bowlerId":193,"nonfacingBatsmanId":102,"facingBatsmanId":1564,"autoText":"J Faulkner to S Khan, %SPEED% short length just outside off stump. He hits a nice boundary","message":{"text":null},"tags":["four"],"timestamp":1430322755000,"id":1178179,"time":"15:49","updateTime":1430322546082,"sequence":158.0,"type":"Auto"},{"bbcode":"Four! Sarfaraz Khan backs away to leg and plays a cheeky uppercut fine on the off side","subtype":"BBCode","message":{"text":"<p>Four! Sarfaraz Khan backs away to leg and plays a cheeky uppercut fine on the off side</p>"},"tags":[],"timestamp":1430322591000,"id":1178180,"time":"15:49","updateTime":1430322561335,"sequence":159.0,"type":"Manual"},{"bbcode":"J Faulkner to S Khan, %SPEED% good length outside off stump. He picks up a single","thisOver":"1","progress":{"innings":1,"over":16,"ball":6},"speed":31.1086305404316,"subtype":"BBCode","countingProgress":{"innings":1,"over":15,"ball":5},"bowlerId":193,"nonfacingBatsmanId":102,"facingBatsmanId":1564,"autoText":"J Faulkner to S Khan, %SPEED% good length outside off stump. He picks up a single","message":{"text":null},"tags":[],"timestamp":1430322755000,"id":1178181,"time":"15:50","updateTime":1430322621384,"sequence":160.0,"type":"Auto"},{"bbcode":"J Faulkner to D Karthik, %SPEED% short length just outside off stump. He hits a nice boundary","thisOver":"4","progress":{"innings":1,"over":16,"ball":7},"speed":36.7077967307773,"subtype":"BBCode","countingProgress":{"innings":1,"over":15,"ball":6},"bowlerId":193,"nonfacingBatsmanId":1564,"facingBatsmanId":102,"autoText":"J Faulkner to D Karthik, %SPEED% short length just outside off stump. He hits a nice boundary","message":{"text":null},"tags":["four"],"timestamp":1430322755000,"id":1178183,"time":"15:50","updateTime":1430322650691,"sequence":162.0,"type":"Auto"},{"bbcode":"Four! Faulkner goes short and Karthik launches himself into a pull shot that takes off past mid wicket. There was no catching that!","subtype":"BBCode","message":{"text":"<p>Four! Faulkner goes short and Karthik launches himself into a pull shot that takes off past mid wicket. There was no catching that!</p>"},"tags":[],"timestamp":1430322721000,"id":1178184,"time":"15:51","updateTime":1430322663822,"sequence":162.25,"type":"Manual"},{"innings":1,"over":16,"overRuns":12,"overWickets":0,"inningsRuns":142,"inningsWickets":4,"inningsAllOut":false,"team":{"id":9,"fullName":"Royal Challengers Bangalore","shortName":"Challengers","abbreviation":"RCB","primaryColor":"F1901D","secondaryColor":"FFFFFF","type":"m"},"batsmanSummaries":[{"batsman":{"id":102,"fullName":"Dinesh Karthik","shortName":"D Karthik","nationality":"Indian","rightHandedBat":true,"dateOfBirth":486432000000,"names":["Dinesh Karthik","D Karthik"]},"runs":27,"balls":18,"fours":3,"sixes":1},{"batsman":{"id":1564,"fullName":"Sarfaraz Khan","shortName":"S Khan","nationality":"Indian","rightHandedBat":true,"dateOfBirth":877478400000,"names":["Sarfaraz Khan","S Khan"]},"runs":8,"balls":6,"fours":1,"sixes":0}],"activeBatsman":1564,"bowlerSummary":{"bowler":{"id":193,"fullName":"James Faulkner","shortName":"J Faulkner","nationality":"Australian","rightHandedBat":false,"dateOfBirth":641347200000,"names":["James Faulkner","J Faulkner"]},"overs":"2","runs":26,"wickets":0,"maidens":0},"inningsBalls":96,"inningsMaxBalls":120,"inningsTarget":0,"message":{"text":null},"tags":[],"timestamp":1430322895000,"id":1178185,"time":"15:51","updateTime":1430322707113,"sequence":163.0,"type":"Eov"},{"bbcode":"S Watson to S Khan, %SPEED% full length outside off stump. He hits a nice boundary","thisOver":"4","progress":{"innings":1,"over":17,"ball":1},"speed":35.3827435122713,"subtype":"BBCode","countingProgress":{"innings":1,"over":16,"ball":1},"bowlerId":227,"nonfacingBatsmanId":102,"facingBatsmanId":1564,"autoText":"S Watson to S Khan, %SPEED% full length outside off stump. He hits a nice boundary","message":{"text":null},"tags":["four"],"timestamp":1430322807000,"id":1178187,"time":"15:52","updateTime":1430322736124,"sequence":163.5,"type":"Auto"},{"bbcode":"Four! Sarfaraz plants on the front foot, slashes a drive over point and it spins past the chasing third man","subtype":"BBCode","message":{"text":"<p>Four! Sarfaraz plants on the front foot, slashes a drive over point and it spins past the chasing third man</p>"},"tags":[],"timestamp":1430322789000,"id":1178188,"time":"15:52","updateTime":1430322746263,"sequence":164.5,"type":"Manual"},{"bbcode":"S Watson to S Khan, %SPEED% short length outside off stump. He hits a nice boundary","thisOver":"4","progress":{"innings":1,"over":17,"ball":2},"speed":35.2001717472287,"subtype":"BBCode","countingProgress":{"innings":1,"over":16,"ball":2},"bowlerId":227,"nonfacingBatsmanId":102,"facingBatsmanId":1564,"autoText":"S Watson to S Khan, %SPEED% short length outside off stump. He hits a nice boundary","message":{"text":null},"tags":["four"],"timestamp":1430322861000,"id":1178189,"time":"15:52","updateTime":1430322779202,"sequence":165.5,"type":"Auto"},{"bbcode":"Four! Watson looks confused! Khan uses finesse this time and glides the ball over the keeper and to the fence","subtype":"BBCode","message":{"text":"<p>Four! Watson looks confused! Khan uses finesse this time and glides the ball over the keeper and to the fence</p>"},"tags":[],"timestamp":1430322826000,"id":1178190,"time":"15:53","updateTime":1430322792076,"sequence":166.5,"type":"Manual"},{"bbcode":"S Watson to S Khan, [b]WICKET!!! D Karthik is out[/b] run out (Tim Southee)","thisOver":"2NbW","progress":{"innings":1,"over":17,"ball":3},"speed":37.8231896867592,"subtype":"BBCode","countingProgress":{"innings":1,"over":16,"ball":3},"bowlerId":227,"nonfacingBatsmanId":102,"facingBatsmanId":1564,"autoText":"S Watson to S Khan, <b>WICKET!!! D Karthik is out</b> run out (Tim Southee)","message":{"text":null},"tags":["wicket"],"timestamp":1430323058000,"id":1178193,"time":"15:55","updateTime":1430322902487,"sequence":167.5,"type":"Auto"},{"bbcode":"[b]Wicket! [/b]Whipped away onto the leg side, Karthik turned around and wanted the second run that wasn't there, he was sent back by Sarfaraz and another accurate throw from RR gets them another stolen wicket. ","subtype":"BBCode","message":{"text":"<p><strong>Wicket!&nbsp;</strong>Whipped away onto the leg side, Karthik turned around and wanted the second run that wasn't there, he was sent back by Sarfaraz and another accurate throw from RR gets them another stolen wicket.&nbsp;</p>"},"tags":[],"timestamp":1430323165000,"id":1178194,"time":"15:56","updateTime":1430322981577,"sequence":168.5,"type":"Manual"},{"bbcode":"S Watson to D Wiese, %SPEED% short length on middle stump. He picks up a single","thisOver":"1","progress":{"innings":1,"over":17,"ball":4},"speed":34.9068018876691,"subtype":"BBCode","countingProgress":{"innings":1,"over":16,"ball":3},"bowlerId":227,"nonfacingBatsmanId":1564,"facingBatsmanId":869,"autoText":"S Watson to D Wiese, %SPEED% short length on middle stump. He picks up a single","message":{"text":null},"tags":[],"timestamp":1430323106000,"id":1178195,"time":"15:56","updateTime":1430323008008,"sequence":169.5,"type":"Auto"},{"bbcode":"S Watson to S Khan, %SPEED% full length on leg stump. He picks up a single","thisOver":"1","progress":{"innings":1,"over":17,"ball":5},"speed":39.0069367965068,"subtype":"BBCode","countingProgress":{"innings":1,"over":16,"ball":4},"bowlerId":227,"nonfacingBatsmanId":869,"facingBatsmanId":1564,"autoText":"S Watson to S Khan, %SPEED% full length on leg stump. He picks up a single","message":{"text":null},"tags":[],"timestamp":1430323106000,"id":1178196,"time":"15:57","updateTime":1430323055017,"sequence":170.5,"type":"Auto"},{"bbcode":"S Watson to D Wiese, %SPEED% short length just outside off stump. He picks up a single","thisOver":"1","progress":{"innings":1,"over":17,"ball":6},"speed":33.7972571865521,"subtype":"BBCode","countingProgress":{"innings":1,"over":16,"ball":5},"bowlerId":227,"nonfacingBatsmanId":1564,"facingBatsmanId":869,"autoText":"S Watson to D Wiese, %SPEED% short length just outside off stump. He picks up a single","message":{"text":null},"tags":[],"timestamp":1430323160000,"id":1178197,"time":"15:58","updateTime":1430323092297,"sequence":171.5,"type":"Auto"},{"bbcode":"S Watson to S Khan, Wide delivery","thisOver":"1Wd","progress":{"innings":1,"over":17,"ball":7},"speed":38.0779169104881,"subtype":"BBCode","countingProgress":{"innings":1,"over":16,"ball":6},"bowlerId":227,"nonfacingBatsmanId":869,"facingBatsmanId":1564,"autoText":"S Watson to S Khan, Wide delivery","message":{"text":null},"tags":[],"timestamp":1430323143000,"id":1178198,"time":"15:59","updateTime":1430323140307,"sequence":172.5,"type":"Auto"},{"bbcode":"S Watson to S Khan, %SPEED% full toss outside off stump. He picks up a single","thisOver":"1","progress":{"innings":1,"over":17,"ball":8},"speed":38.1215670658694,"subtype":"BBCode","countingProgress":{"innings":1,"over":16,"ball":6},"bowlerId":227,"nonfacingBatsmanId":869,"facingBatsmanId":1564,"autoText":"S Watson to S Khan, %SPEED% full toss outside off stump. He picks up a single","message":{"text":null},"tags":[],"timestamp":1430323232000,"id":1178199,"time":"15:59","updateTime":1430323176549,"sequence":173.5,"type":"Auto"},{"innings":1,"over":17,"overRuns":15,"overWickets":1,"inningsRuns":157,"inningsWickets":5,"inningsAllOut":false,"team":{"id":9,"fullName":"Royal Challengers Bangalore","shortName":"Challengers","abbreviation":"RCB","primaryColor":"F1901D","secondaryColor":"FFFFFF","type":"m"},"batsmanSummaries":[{"batsman":{"id":1564,"fullName":"Sarfaraz Khan","shortName":"S Khan","nationality":"Indian","rightHandedBat":true,"dateOfBirth":877478400000,"names":["Sarfaraz Khan","S Khan"]},"runs":19,"balls":11,"fours":3,"sixes":0},{"batsman":{"id":869,"fullName":"David Wiese","shortName":"D Wiese","nationality":"South African","rightHandedBat":true,"dateOfBirth":485222400000,"names":["David Wiese","D Wiese"]},"runs":2,"balls":2,"fours":0,"sixes":0}],"activeBatsman":1564,"bowlerSummary":{"bowler":{"id":227,"fullName":"Shane Watson","shortName":"S Watson","nationality":"Australian","rightHandedBat":true,"dateOfBirth":361584000000,"names":["Shane Watson","S Watson"]},"overs":"3","runs":27,"wickets":0,"maidens":0},"inningsBalls":102,"inningsMaxBalls":120,"inningsTarget":0,"message":{"text":null},"tags":[],"timestamp":1430323176000,"id":1178200,"time":"15:59","updateTime":1430323176687,"sequence":174.5,"type":"Eov"},{"bbcode":"Watson calls upon the experience of Tambe late on here","subtype":"BBCode","message":{"text":"<p>Watson calls upon the experience of Tambe late on here</p>"},"tags":[],"timestamp":1430323256000,"id":1178201,"time":"16:00","updateTime":1430323256690,"sequence":175.5,"type":"Manual"},{"bbcode":"P Tambe to S Khan, %SPEED% short length on leg stump. He hits a nice boundary","thisOver":"4","progress":{"innings":1,"over":18,"ball":1},"speed":25.9194724125637,"subtype":"BBCode","countingProgress":{"innings":1,"over":17,"ball":1},"bowlerId":1114,"nonfacingBatsmanId":869,"facingBatsmanId":1564,"autoText":"P Tambe to S Khan, %SPEED% short length on leg stump. He hits a nice boundary","message":{"text":null},"tags":["four"],"timestamp":1430323357000,"id":1178202,"time":"16:00","updateTime":1430323257681,"sequence":176.5,"type":"Auto"},{"bbcode":"Four! Khan grabs the momentum with a predetermined sweep shot and executes it perfectly","subtype":"BBCode","message":{"text":"<p>Four! Khan grabs the momentum with a predetermined sweep shot and executes it perfectly</p>"},"tags":[],"timestamp":1430323292000,"id":1178203,"time":"16:01","updateTime":1430323267926,"sequence":177.5,"type":"Manual"},{"bbcode":"P Tambe to S Khan, %SPEED% good length on middle stump. He hits a great shot, that has gone all the way","thisOver":"6","progress":{"innings":1,"over":18,"ball":2},"speed":25.2370997402589,"subtype":"BBCode","countingProgress":{"innings":1,"over":17,"ball":2},"bowlerId":1114,"nonfacingBatsmanId":869,"facingBatsmanId":1564,"autoText":"P Tambe to S Khan, %SPEED% good length on middle stump. He hits a great shot, that has gone all the way","message":{"text":null},"tags":["six"],"timestamp":1430323357000,"id":1178204,"time":"16:01","updateTime":1430323285566,"sequence":178.5,"type":"Auto"},{"bbcode":"[b]Six![/b] The youngster is playing with no fear and skips down the wicket, punishing the ball way back over deep long off. He is certainly one to watch!","subtype":"BBCode","message":{"text":"<p><strong>Six!</strong> The youngster is playing with no fear and skips down the wicket, punishing the ball way back over deep long off. He is certainly one to watch!</p>"},"tags":[],"timestamp":1430323337000,"id":1178205,"time":"16:01","updateTime":1430323297297,"sequence":179.5,"type":"Manual"},{"bbcode":"P Tambe to S Khan, %SPEED% good length just outside off stump. He picks up a single","thisOver":"1","progress":{"innings":1,"over":18,"ball":3},"speed":25.4880590575003,"subtype":"BBCode","countingProgress":{"innings":1,"over":17,"ball":3},"bowlerId":1114,"nonfacingBatsmanId":869,"facingBatsmanId":1564,"autoText":"P Tambe to S Khan, %SPEED% good length just outside off stump. He picks up a single","message":{"text":null},"tags":[],"timestamp":1430323358000,"id":1178206,"time":"16:01","updateTime":1430323316703,"sequence":180.5,"type":"Auto"},{"bbcode":"P Tambe to D Wiese, %SPEED% good length going down leg. He plays and misses","thisOver":"1","progress":{"innings":1,"over":18,"ball":4},"speed":25.2968542729076,"subtype":"BBCode","countingProgress":{"innings":1,"over":17,"ball":4},"bowlerId":1114,"nonfacingBatsmanId":1564,"facingBatsmanId":869,"autoText":"P Tambe to D Wiese, %SPEED% good length going down leg. He plays and misses","message":{"text":null},"tags":[],"timestamp":1430323419000,"id":1178207,"time":"16:02","updateTime":1430323352430,"sequence":181.5,"type":"Auto"},{"bbcode":"P Tambe to S Khan, %SPEED% good length on leg stump. He hits a nice boundary","thisOver":"4","progress":{"innings":1,"over":18,"ball":5},"speed":25.2975982277707,"subtype":"BBCode","countingProgress":{"innings":1,"over":17,"ball":5},"bowlerId":1114,"nonfacingBatsmanId":869,"facingBatsmanId":1564,"autoText":"P Tambe to S Khan, %SPEED% good length on leg stump. He hits a nice boundary","message":{"text":null},"tags":["four"],"timestamp":1430323470000,"id":1178208,"time":"16:02","updateTime":1430323376327,"sequence":182.5,"type":"Auto"},{"bbcode":"Four! Southee makes a desperate dive at deep long off but Sarfaraz serves up another bold drive over the infield","subtype":"BBCode","message":{"text":"<p>Four! Southee makes a desperate dive at deep long off but Sarfaraz serves up another bold drive over the infield</p>"},"tags":[],"timestamp":1430323419000,"id":1178209,"time":"16:03","updateTime":1430323387993,"sequence":183.5,"type":"Manual"},{"bbcode":"P Tambe to S Khan, %SPEED% good length going down leg. He picks up two","thisOver":"2","progress":{"innings":1,"over":18,"ball":6},"speed":25.8682040900775,"subtype":"BBCode","countingProgress":{"innings":1,"over":17,"ball":6},"bowlerId":1114,"nonfacingBatsmanId":869,"facingBatsmanId":1564,"autoText":"P Tambe to S Khan, %SPEED% good length going down leg. He picks up two","message":{"text":null},"tags":[],"timestamp":1430323470000,"id":1178210,"time":"16:03","updateTime":1430323420412,"sequence":184.5,"type":"Auto"},{"innings":1,"over":18,"overRuns":18,"overWickets":0,"inningsRuns":175,"inningsWickets":5,"inningsAllOut":false,"team":{"id":9,"fullName":"Royal Challengers Bangalore","shortName":"Challengers","abbreviation":"RCB","primaryColor":"F1901D","secondaryColor":"FFFFFF","type":"m"},"batsmanSummaries":[{"batsman":{"id":1564,"fullName":"Sarfaraz Khan","shortName":"S Khan","nationality":"Indian","rightHandedBat":true,"dateOfBirth":877478400000,"names":["Sarfaraz Khan","S Khan"]},"runs":36,"balls":16,"fours":5,"sixes":1},{"batsman":{"id":869,"fullName":"David Wiese","shortName":"D Wiese","nationality":"South African","rightHandedBat":true,"dateOfBirth":485222400000,"names":["David Wiese","D Wiese"]},"runs":3,"balls":3,"fours":0,"sixes":0}],"activeBatsman":869,"bowlerSummary":{"bowler":{"id":1114,"fullName":"Pravin Tambe","shortName":"P Tambe","nationality":"Indian","rightHandedBat":true,"dateOfBirth":55728000000,"names":["Pravin Tambe","P Tambe"]},"overs":"3","runs":39,"wickets":0,"maidens":0},"inningsBalls":108,"inningsMaxBalls":120,"inningsTarget":0,"message":{"text":null},"tags":[],"timestamp":1430323420000,"id":1178211,"time":"16:03","updateTime":1430323420576,"sequence":185.5,"type":"Eov"},{"bbcode":"Kulkarni comes into the attack under huge pressure","subtype":"BBCode","message":{"text":"<p>Kulkarni comes into the attack under huge pressure</p>"},"tags":[],"timestamp":1430323572000,"id":1178213,"time":"16:06","updateTime":1430323570765,"sequence":186.0,"type":"Manual"},{"bbcode":"D Kulkarni to D Wiese, Wide delivery","thisOver":"1Wd","progress":{"innings":1,"over":19,"ball":1},"speed":36.8569369036435,"subtype":"BBCode","countingProgress":{"innings":1,"over":18,"ball":1},"bowlerId":101,"nonfacingBatsmanId":1564,"facingBatsmanId":869,"autoText":"D Kulkarni to D Wiese, Wide delivery","message":{"text":null},"tags":[],"timestamp":1430323550000,"id":1178212,"time":"16:05","updateTime":1430323548381,"sequence":186.5,"type":"Auto"},{"bbcode":"D Kulkarni to D Wiese, %SPEED% full length on middle stump. He hits a nice boundary","thisOver":"4","progress":{"innings":1,"over":19,"ball":2},"speed":37.2685141514841,"subtype":"BBCode","countingProgress":{"innings":1,"over":18,"ball":1},"bowlerId":101,"nonfacingBatsmanId":1564,"facingBatsmanId":869,"autoText":"D Kulkarni to D Wiese, %SPEED% full length on middle stump. He hits a nice boundary","message":{"text":null},"tags":["four"],"timestamp":1430323635000,"id":1178215,"time":"16:06","updateTime":1430323596035,"sequence":187.5,"type":"Auto"},{"bbcode":"Four! Wiese uses his long leavers to whack a straight drive back past the bowler and increase the pressure once more","subtype":"BBCode","message":{"text":"<p>Four! Wiese uses his long leavers to whack a straight drive back past the bowler and increase the pressure once more</p>"},"tags":[],"timestamp":1430323647000,"id":1178216,"time":"16:06","updateTime":1430323609737,"sequence":188.5,"type":"Manual"},{"bbcode":"D Kulkarni to D Wiese, no run, %SPEED% full toss outside off stump. He doesn't offer a shot","thisOver":".","progress":{"innings":1,"over":19,"ball":3},"speed":38.1733001448542,"subtype":"BBCode","countingProgress":{"innings":1,"over":18,"ball":2},"bowlerId":101,"nonfacingBatsmanId":1564,"facingBatsmanId":869,"autoText":"D Kulkarni to D Wiese, no run, %SPEED% full toss outside off stump. He doesn't offer a shot","message":{"text":null},"tags":[],"timestamp":1430323653000,"id":1178217,"time":"16:07","updateTime":1430323646784,"sequence":189.5,"type":"Auto"},{"bbcode":"D Kulkarni to D Wiese, %SPEED% full length outside off stump. He hits a nice boundary","thisOver":"4","progress":{"innings":1,"over":19,"ball":4},"speed":37.4925100763965,"subtype":"BBCode","countingProgress":{"innings":1,"over":18,"ball":3},"bowlerId":101,"nonfacingBatsmanId":1564,"facingBatsmanId":869,"autoText":"D Kulkarni to D Wiese, %SPEED% full length outside off stump. He hits a nice boundary","message":{"text":null},"tags":["four"],"timestamp":1430323769000,"id":1178218,"time":"16:07","updateTime":1430323677525,"sequence":190.5,"type":"Auto"},{"bbcode":"Four! Sliced away past third man! This has the potential to be another huge over for the home side. Watson comes to chat to his bowler...","subtype":"BBCode","message":{"text":"<p>Four! Sliced away past third man! This has the potential to be another huge over for the home side. Watson comes to chat to his bowler...</p>"},"tags":[],"timestamp":1430323724000,"id":1178219,"time":"16:08","updateTime":1430323689485,"sequence":191.5,"type":"Manual"},{"bbcode":"D Kulkarni to D Wiese, no run, %SPEED% short length outside off stump. He plays and misses","thisOver":".","progress":{"innings":1,"over":19,"ball":5},"speed":37.2869623468365,"subtype":"BBCode","countingProgress":{"innings":1,"over":18,"ball":4},"bowlerId":101,"nonfacingBatsmanId":1564,"facingBatsmanId":869,"autoText":"D Kulkarni to D Wiese, no run, %SPEED% short length outside off stump. He plays and misses","message":{"text":null},"tags":[],"timestamp":1430323751000,"id":1178220,"time":"16:09","updateTime":1430323748303,"sequence":192.5,"type":"Auto"},{"bbcode":"D Kulkarni to D Wiese, [b]WICKET!!! D Wiese is out[/b] c Tim Southee b Dhawal Kulkarni","thisOver":"W","progress":{"innings":1,"over":19,"ball":6},"speed":31.7592039974813,"subtype":"BBCode","countingProgress":{"innings":1,"over":18,"ball":5},"bowlerId":101,"nonfacingBatsmanId":1564,"facingBatsmanId":869,"autoText":"D Kulkarni to D Wiese, <b>WICKET!!! D Wiese is out</b> c Tim Southee b Dhawal Kulkarni","message":{"text":null},"tags":["wicket"],"timestamp":1430323828000,"id":1178221,"time":"16:10","updateTime":1430323805224,"sequence":193.5,"type":"Auto"},{"bbcode":"[b]Wicket![/b] Wiese didn't get a hold of the slower delivery and his delayed pull shot picks out Southee in the deep. In comes Harshal Patel...","subtype":"BBCode","message":{"text":"<p><strong>Wicket!</strong> Wiese didn't get a hold of the slower delivery and his delayed pull shot picks out Southee in the deep. In comes Harshal Patel...</p>"},"tags":[],"timestamp":1430323890000,"id":1178222,"time":"16:10","updateTime":1430323836180,"sequence":194.5,"type":"Manual"},{"bbcode":"D Kulkarni to S Khan, %SPEED% full toss on off stump. He hits a nice boundary","thisOver":"4","progress":{"innings":1,"over":19,"ball":7},"speed":38.7486403060086,"subtype":"BBCode","countingProgress":{"innings":1,"over":18,"ball":6},"bowlerId":101,"nonfacingBatsmanId":157,"facingBatsmanId":1564,"autoText":"D Kulkarni to S Khan, %SPEED% full toss on off stump. He hits a nice boundary","message":{"text":null},"tags":["four"],"timestamp":1430324009000,"id":1178223,"time":"16:11","updateTime":1430323912936,"sequence":195.5,"type":"Auto"},{"bbcode":"Four! Extraordinary! Sarfaraz decides to get low and paddle the ball fine right off his nose, what a brave shot from the youngster!","subtype":"BBCode","message":{"text":"<p>Four! Extraordinary! Sarfaraz decides to get low and paddle the ball fine right off his nose, what a brave shot from the youngster!</p>"},"tags":[],"timestamp":1430323993000,"id":1178225,"time":"16:12","updateTime":1430323925648,"sequence":196.0,"type":"Manual"},{"innings":1,"over":19,"overRuns":13,"overWickets":1,"inningsRuns":188,"inningsWickets":6,"inningsAllOut":false,"team":{"id":9,"fullName":"Royal Challengers Bangalore","shortName":"Challengers","abbreviation":"RCB","primaryColor":"F1901D","secondaryColor":"FFFFFF","type":"m"},"batsmanSummaries":[{"batsman":{"id":1564,"fullName":"Sarfaraz Khan","shortName":"S Khan","nationality":"Indian","rightHandedBat":true,"dateOfBirth":877478400000,"names":["Sarfaraz Khan","S Khan"]},"runs":40,"balls":17,"fours":6,"sixes":1},{"batsman":{"id":157,"fullName":"Harshal Patel","shortName":"H Patel","nationality":"Indian","rightHandedBat":false,"dateOfBirth":659318400000,"names":["Harshal Patel","H Patel"]},"runs":0,"balls":0,"fours":0,"sixes":0}],"activeBatsman":157,"bowlerSummary":{"bowler":{"id":101,"fullName":"Dhawal Kulkarni","shortName":"D Kulkarni","nationality":"Indian","rightHandedBat":true,"dateOfBirth":597715200000,"names":["Dhawal Kulkarni","D Kulkarni"]},"overs":"4","runs":36,"wickets":1,"maidens":0},"inningsBalls":114,"inningsMaxBalls":120,"inningsTarget":0,"message":{"text":null},"tags":[],"timestamp":1430323913000,"id":1178224,"time":"16:11","updateTime":1430323913074,"sequence":196.5,"type":"Eov"},{"bbcode":"T Southee to H Patel, %SPEED% short length just outside off stump. He hits a great shot, that has gone all the way","thisOver":"6","progress":{"innings":1,"over":20,"ball":1},"speed":37.2792038074719,"subtype":"BBCode","countingProgress":{"innings":1,"over":19,"ball":1},"bowlerId":307,"nonfacingBatsmanId":1564,"facingBatsmanId":157,"autoText":"T Southee to H Patel, %SPEED% short length just outside off stump. He hits a great shot, that has gone all the way","message":{"text":null},"tags":["six"],"timestamp":1430324061000,"id":1178227,"time":"16:13","updateTime":1430323994923,"sequence":197.5,"type":"Auto"},{"bbcode":"[b]Six![/b] What a way to start the final over! Patel backs into his crease and slaps the ball into the clouds and into the stands over wide mid on","subtype":"BBCode","message":{"text":"<p><strong>Six!</strong> What a way to start the final over! Patel backs into his crease and slaps the ball into the clouds and into the stands over wide mid on</p>"},"tags":[],"timestamp":1430324040000,"id":1178228,"time":"16:13","updateTime":1430324005358,"sequence":198.5,"type":"Manual"},{"bbcode":"T Southee to H Patel, 1 bye","thisOver":"1B","progress":{"innings":1,"over":20,"ball":2},"speed":29.4178647239951,"subtype":"BBCode","countingProgress":{"innings":1,"over":19,"ball":2},"bowlerId":307,"nonfacingBatsmanId":1564,"facingBatsmanId":157,"autoText":"T Southee to H Patel, 1 bye","message":{"text":null},"tags":[],"timestamp":1430324041000,"id":1178229,"time":"16:14","updateTime":1430324040967,"sequence":199.5,"type":"Auto"}]}