{"squadId":466,"totalVotes":5580,"players":[{"id":233,"voteCount":5370,"fullName":"AB de Villiers","shortName":"AB de Villiers"},{"id":164,"voteCount":5102,"fullName":"Virat Kohli","shortName":"V Kohli"},{"id":236,"voteCount":5052,"fullName":"Chris Gayle","shortName":"C Gayle"},{"id":490,"voteCount":4983,"fullName":"Mitchell Starc","shortName":"M Starc"},{"id":102,"voteCount":4348,"fullName":"Dinesh Karthik","shortName":"D Karthik"},{"id":111,"voteCount":4313,"fullName":"Yuzvendra Chahal","shortName":"Y Chahal"},{"id":61,"voteCount":4108,"fullName":"Varun Aaron","shortName":"V Aaron"},{"id":157,"voteCount":3711,"fullName":"Harshal Patel","shortName":"H Patel"},{"id":85,"voteCount":3448,"fullName":"Iqbal Abdulla","shortName":"I Abdulla"},{"id":869,"voteCount":3371,"fullName":"David Wiese","shortName":"D Wiese"},{"id":90,"voteCount":2166,"fullName":"Manvinder Bisla","shortName":"M Bisla"},{"id":72,"voteCount":1814,"fullName":"Mandeep Singh","shortName":"M Singh"},{"id":1564,"voteCount":1502,"fullName":"Sarfaraz Khan","shortName":"S Khan"},{"id":98,"voteCount":1148,"fullName":"Abu Nechim","shortName":"A Nechim"},{"id":12,"voteCount":1057,"fullName":"Subramaniam Badrinath","shortName":"S Badrinath"},{"id":589,"voteCount":973,"fullName":"Darren Sammy","shortName":"D Sammy"},{"id":48,"voteCount":936,"fullName":"Ashok Dinda","shortName":"A Dinda"},{"id":239,"voteCount":469,"fullName":"Rilee Rossouw","shortName":"R Rossouw"},{"id":278,"voteCount":404,"fullName":"Vijay Zol","shortName":"V Zol"},{"id":1092,"voteCount":292,"fullName":"Sandeep Warrier","shortName":"S Warrier"},{"id":162,"voteCount":255,"fullName":"Sreenath Arvind","shortName":"S Arvind"},{"id":942,"voteCount":237,"fullName":"Sean Abbott","shortName":"S Abbott"},{"id":1750,"voteCount":200,"fullName":"Yogesh Takawale","shortName":"Y Takawale"},{"id":858,"voteCount":173,"fullName":"Nic Maddinson","shortName":"N Maddinson"},{"id":1087,"voteCount":133,"fullName":"Jalaj Saxena","shortName":"J Saxena"},{"id":2748,"voteCount":127,"fullName":"Shishir Bhavane","shortName":"S Bhavane"}]}