{"squadId":465,"totalVotes":3533,"players":[{"id":227,"voteCount":3304,"fullName":"Shane Watson","shortName":"S Watson"},{"id":135,"voteCount":3283,"fullName":"Ajinkya Rahane","shortName":"A Rahane"},{"id":271,"voteCount":3197,"fullName":"Steve Smith","shortName":"S Smith"},{"id":193,"voteCount":3168,"fullName":"James Faulkner","shortName":"J Faulkner"},{"id":258,"voteCount":3127,"fullName":"Sanju Samson","shortName":"S Samson"},{"id":1114,"voteCount":3081,"fullName":"Pravin Tambe","shortName":"P Tambe"},{"id":1556,"voteCount":3039,"fullName":"Deepak Hooda","shortName":"D Hooda"},{"id":148,"voteCount":2844,"fullName":"Stuart Binny","shortName":"S Binny"},{"id":101,"voteCount":2535,"fullName":"Dhawal Kulkarni","shortName":"D Kulkarni"},{"id":276,"voteCount":2434,"fullName":"Karun Nair","shortName":"K Nair"},{"id":836,"voteCount":1997,"fullName":"Chris Morris","shortName":"C Morris"},{"id":307,"voteCount":1329,"fullName":"Tim Southee","shortName":"T Southee"},{"id":92,"voteCount":953,"fullName":"Rajat Bhatia","shortName":"R Bhatia"},{"id":66,"voteCount":601,"fullName":"Abhishek Nayar","shortName":"A Nayar"},{"id":32,"voteCount":495,"fullName":"Ankit Sharma","shortName":"A Sharma"},{"id":141,"voteCount":315,"fullName":"Dishant Yagnik","shortName":"D Yagnik"},{"id":1749,"voteCount":228,"fullName":"Rahul Tewatia","shortName":"R Tewatia"},{"id":2747,"voteCount":201,"fullName":"Sagar Trivedi","shortName":"SV Trivedi"},{"id":798,"voteCount":188,"fullName":"Kane Richardson","shortName":"K Richardson"},{"id":82,"voteCount":169,"fullName":"Vikramjeet Malik","shortName":"V Malik"},{"id":2745,"voteCount":157,"fullName":"Pradeep Sahu","shortName":"P Sahu"},{"id":317,"voteCount":142,"fullName":"Dinesh Salunkhe","shortName":"D Salunkhe"},{"id":913,"voteCount":134,"fullName":"Ben Cutting","shortName":"B Cutting"},{"id":183,"voteCount":94,"fullName":"Juan Theron","shortName":"J Theron"},{"id":2746,"voteCount":81,"fullName":"Barinder Saran","shortName":"BS Saran"}]}