{"matchInfo":{"description":"Match 29","matchType":"IPLT20","teams":[{"id":3713,"players":[{"names":["Chris Gayle","C Gayle"],"dateOfBirth":306720000000,"id":236,"fullName":"Chris Gayle","shortName":"C Gayle","nationality":"West Indian"},{"names":["Virat Kohli","V Kohli"],"dateOfBirth":594691200000,"id":164,"fullName":"Virat Kohli","shortName":"V Kohli","nationality":"Indian"},{"names":["Mandeep Singh","M Singh"],"dateOfBirth":693014400000,"id":72,"fullName":"Mandeep Singh","shortName":"M Singh","nationality":"Indian"},{"names":["AB de Villiers","AB de Villiers"],"dateOfBirth":445824000000,"id":233,"fullName":"AB de Villiers","shortName":"AB de Villiers","nationality":"South African"},{"names":["Dinesh Karthik","D Karthik"],"rightHandedBat":true,"dateOfBirth":486432000000,"id":102,"fullName":"Dinesh Karthik","shortName":"D Karthik","nationality":"Indian"},{"names":["Sarfaraz Khan","S Khan"],"rightHandedBat":true,"dateOfBirth":877478400000,"id":1564,"fullName":"Sarfaraz Khan","shortName":"S Khan","nationality":"Indian"},{"names":["David Wiese","D Wiese"],"rightHandedBat":true,"dateOfBirth":485222400000,"id":869,"fullName":"David Wiese","shortName":"D Wiese","nationality":"South African"},{"names":["Harshal Patel","H Patel"],"dateOfBirth":659318400000,"id":157,"fullName":"Harshal Patel","shortName":"H Patel","nationality":"Indian"},{"names":["Mitchell Starc","M Starc"],"rightHandedBat":true,"dateOfBirth":633657600000,"id":490,"fullName":"Mitchell Starc","shortName":"M Starc","nationality":"Australian"},{"names":["Varun Aaron","V Aaron"],"dateOfBirth":625622400000,"id":61,"fullName":"Varun Aaron","shortName":"V Aaron","nationality":"Indian"},{"names":["Yuzvendra Chahal","Y Chahal"],"rightHandedBat":true,"dateOfBirth":1330300800000,"id":111,"fullName":"Yuzvendra Chahal","shortName":"Y Chahal","nationality":"Indian"}],"team":{"type":"m","fullName":"Royal Challengers Bangalore","shortName":"Challengers","abbreviation":"RCB","primaryColor":"F1901D","secondaryColor":"FFFFFF","id":9},"wicketKeeper":{"names":["Dinesh Karthik","D Karthik"],"rightHandedBat":true,"dateOfBirth":486432000000,"id":102,"fullName":"Dinesh Karthik","shortName":"D Karthik","nationality":"Indian"},"captain":{"names":["Virat Kohli","V Kohli"],"dateOfBirth":594691200000,"id":164,"fullName":"Virat Kohli","shortName":"V Kohli","nationality":"Indian"}},{"id":3712,"players":[{"names":["Ajinkya Rahane","A Rahane"],"dateOfBirth":581472000000,"id":135,"fullName":"Ajinkya Rahane","shortName":"A Rahane","nationality":"Indian"},{"names":["Shane Watson","S Watson"],"rightHandedBat":true,"dateOfBirth":361584000000,"id":227,"fullName":"Shane Watson","shortName":"S Watson","nationality":"Australian"},{"names":["Steve Smith","S Smith"],"dateOfBirth":612748800000,"id":271,"fullName":"Steve Smith","shortName":"S Smith","nationality":"Australian"},{"names":["Karun Nair","K Nair"],"dateOfBirth":691977600000,"id":276,"fullName":"Karun Nair","shortName":"K Nair","nationality":"Indian"},{"names":["Deepak Hooda","D Hooda"],"rightHandedBat":true,"dateOfBirth":798249600000,"id":1556,"fullName":"Deepak Hooda","shortName":"D Hooda","nationality":"Indian"},{"names":["Sanju Samson","S Samson"],"dateOfBirth":784512000000,"id":258,"fullName":"Sanju Samson","shortName":"S Samson","nationality":"Indian"},{"names":["Stuart Binny","S Binny"],"dateOfBirth":455068800000,"id":148,"fullName":"Stuart Binny","shortName":"S Binny","nationality":"Indian"},{"names":["James Faulkner","J Faulkner"],"dateOfBirth":641347200000,"id":193,"fullName":"James Faulkner","shortName":"J Faulkner","nationality":"Australian"},{"names":["Tim Southee","T Southee"],"rightHandedBat":true,"dateOfBirth":597801600000,"id":307,"fullName":"Tim Southee","shortName":"T Southee","nationality":"New Zealander"},{"names":["Dhawal Kulkarni","D Kulkarni"],"rightHandedBat":true,"dateOfBirth":597715200000,"id":101,"fullName":"Dhawal Kulkarni","shortName":"D Kulkarni","nationality":"Indian"},{"names":["Pravin Tambe","P Tambe"],"rightHandedBat":true,"dateOfBirth":55728000000,"id":1114,"fullName":"Pravin Tambe","shortName":"P Tambe","nationality":"Indian"}],"team":{"type":"m","fullName":"Rajasthan Royals","shortName":"Royals","abbreviation":"RR","primaryColor":"004B8C","secondaryColor":"FFFFFF","id":8},"wicketKeeper":{"names":["Sanju Samson","S Samson"],"dateOfBirth":784512000000,"id":258,"fullName":"Sanju Samson","shortName":"S Samson","nationality":"Indian"},"captain":{"names":["Shane Watson","S Watson"],"rightHandedBat":true,"dateOfBirth":361584000000,"id":227,"fullName":"Shane Watson","shortName":"S Watson","nationality":"Australian"}}],"venue":{"id":5,"country":"India","fullName":"M. Chinnaswamy Stadium","shortName":"Chinnaswamy","city":"Bengaluru"},"matchDate":"2015-04-29T20:00:00+0530","battingOrder":[0,1],"additionalInfo":{"toss.elected":"Rajasthan Royals, who chose to field","match.summary":"No Result","photostream.link":"http://www.iplt20.com/photos/277/ipl-2015-match-29-rcb-v-rr","referee.name":"Ranjan Madugalle","home.team.fan.total":"10786","notes.1.1":"Powerplay - 52 runs, 2 wickets","umpire.name.3":"Chettithody Shamshuddin","toss.winner":"Rajasthan Royals","away.team.fan.total":"7968","notes.1.2":"RCB: 50 runs in 5.4 overs","umpire.name.4":"Virender Sharma","notes.1.3":"3rd Wicket: 50 runs in 34 balls (AB de Villiers 33, Mandeep Singh 14)","notes.1.4":"RCB: 100 runs in 11.4 overs","umpire.name.1":"Johan Cloete","notes.1.5":"AB de Villiers: 50 off 41 balls (9 x fours, 1 x six)","umpire.name.2":"Pashchim Pathak","notes.1.6":"RCB: 150 runs in 16.2 overs","notes.1.7":"RCB: 200 runs in 19.6 overs","report.thumb":"http://static2.iplt20.com/cms/media/images/320x213/39102.jpg","notes.1.8":"Innings Break: RCB - 200/7 in 20 overs","report.link":"http://www.iplt20.com/news/2015/match-reports/6388/report-m29-rcb-vs-rr"},"oversLimit":20,"matchState":"C","isLimitedOvers":true,"matchStatus":{"text":"No Result","outcome":"N"},"matchSummary":"No Result","tournamentLabel":"IPL 2015"},"matchId":{"tournamentId":{"name":"ipl2015","id":2785},"name":"ipl2015-29","id":3254,"parentId":{"name":"ipl2015","id":2785}},"innings":[{"inningsNumber":1,"scorecard":{"runs":200,"extras":{"noBallRuns":2,"wideRuns":6,"byeRuns":5,"legByeRuns":3},"battingStats":[{"mod":{"text":"c Deepak Hooda b Tim Southee","dismissedBp":{"over":1,"innings":1,"ball":4},"countingBp":{"over":1,"innings":1,"ball":4},"bowlerId":307,"additionalPlayerIds":[1556],"dismissedMethod":"ct"},"playerId":236,"r":10,"b":4,"sr":"250.00","4s":1,"6s":1},{"mod":{"text":"c Sanju Samson b Tim Southee","dismissedBp":{"over":3,"innings":1,"ball":2},"countingBp":{"over":3,"innings":1,"ball":2},"bowlerId":307,"additionalPlayerIds":[258],"dismissedMethod":"ct"},"playerId":164,"r":1,"b":4,"sr":"25.00","4s":0,"6s":0},{"mod":{"text":"run out (Deepak Hooda)","dismissedBp":{"over":14,"innings":1,"ball":5},"countingBp":{"over":14,"innings":1,"ball":5},"bowlerId":148,"additionalPlayerIds":[1556],"dismissedMethod":"ro"},"playerId":233,"r":57,"b":45,"sr":"126.66","4s":9,"6s":1},{"mod":{"text":"lbw Stuart Binny","dismissedBp":{"over":12,"innings":1,"ball":1},"countingBp":{"over":12,"innings":1,"ball":1},"bowlerId":148,"dismissedMethod":"lbw"},"playerId":72,"r":27,"b":20,"sr":"135.00","4s":4,"6s":0},{"mod":{"text":"run out (Tim Southee)","dismissedBp":{"over":17,"innings":1,"ball":3},"countingBp":{"over":17,"innings":1,"ball":2},"bowlerId":227,"additionalPlayerIds":[307],"dismissedMethod":"ro"},"playerId":102,"r":27,"b":18,"sr":"150.00","4s":3,"6s":1},{"playerId":1564,"r":45,"b":21,"sr":"214.28","4s":6,"6s":1},{"mod":{"text":"c Tim Southee b Dhawal Kulkarni","dismissedBp":{"over":19,"innings":1,"ball":6},"countingBp":{"over":19,"innings":1,"ball":5},"bowlerId":101,"additionalPlayerIds":[307],"dismissedMethod":"ct"},"playerId":869,"r":11,"b":8,"sr":"137.50","4s":2,"6s":0},{"mod":{"text":"run out (Ajinkya Rahane)","dismissedBp":{"over":20,"innings":1,"ball":6},"countingBp":{"over":20,"innings":1,"ball":6},"bowlerId":307,"additionalPlayerIds":[135],"dismissedMethod":"ro"},"playerId":157,"r":6,"b":2,"sr":"300.00","4s":0,"6s":1}],"bowlingStats":[{"playerId":307,"r":32,"w":2,"ov":"4","e":"8.00","nb":1,"d":12,"maid":0,"wd":0},{"playerId":101,"r":36,"w":1,"ov":"4","e":"9.00","nb":0,"d":12,"maid":0,"wd":2},{"playerId":193,"r":26,"w":0,"ov":"2","e":"13.00","nb":0,"d":2,"maid":0,"wd":1},{"playerId":227,"r":27,"w":0,"ov":"3","e":"9.00","nb":1,"d":6,"maid":0,"wd":3},{"playerId":1114,"r":39,"w":0,"ov":"3","e":"13.00","nb":0,"d":2,"maid":0,"wd":0},{"playerId":148,"r":32,"w":1,"ov":"4","e":"8.00","nb":0,"d":13,"maid":0,"wd":0}],"wkts":7,"fow":[{"bp":{"over":1,"innings":1,"ball":4},"playerId":236,"r":10,"w":1},{"bp":{"over":3,"innings":1,"ball":2},"playerId":164,"r":19,"w":2},{"bp":{"over":12,"innings":1,"ball":1},"playerId":72,"r":93,"w":3},{"bp":{"over":14,"innings":1,"ball":5},"playerId":233,"r":124,"w":4},{"bp":{"over":17,"innings":1,"ball":2},"playerId":102,"r":152,"w":5},{"bp":{"over":19,"innings":1,"ball":5},"playerId":869,"r":184,"w":6},{"bp":{"over":20,"innings":1,"ball":6},"playerId":157,"r":200,"w":7}]},"overProgress":"20","runRate":"10.00","overHistory":[{"ovNo":1,"ovBalls":[".","4","6","W",".","."]},{"ovNo":2,"ovBalls":[".","1","4",".",".","4B"]},{"ovNo":3,"ovBalls":[".","W","4","1","1Lb","."]},{"ovNo":4,"ovBalls":[".","4",".","4",".","."]},{"ovNo":5,"ovBalls":["1","4","4","4",".","1"]},{"ovNo":6,"ovBalls":[".",".","1Wd",".","1Wd","1","1","1"]},{"ovNo":7,"ovBalls":[".","4","4","1","2","4"]},{"ovNo":8,"ovBalls":[".",".",".","1",".","1"]},{"ovNo":9,"ovBalls":["1","4",".",".",".","2"]},{"ovNo":10,"ovBalls":["4",".","2",".","1Lb","."]},{"ovNo":11,"ovBalls":["1","1","4",".","1Wd","1","2"]},{"ovNo":12,"ovBalls":["W","1","2","6","1","."]},{"ovNo":13,"ovBalls":["2Nb",".","1","1Lb","1","1","1"]},{"ovNo":14,"ovBalls":["6",".","4","4","W","."]},{"ovNo":15,"ovBalls":["1","1",".","2","1","1"]},{"ovNo":16,"ovBalls":["1",".","1Wd","1","4","1","4"]},{"ovNo":17,"ovBalls":["4","4","2NbW","1","1","1","1Wd","1"]},{"ovNo":18,"ovBalls":["4","6","1","1","4","2"]},{"ovNo":19,"ovBalls":["1Wd","4",".","4",".","W","4"]},{"ovNo":20,"ovBalls":["6","1B","2",".","2","1W"]}]}],"currentState":{"phase":"C","facingBatsman":1564,"nonFacingBatsman":-1,"currentInningsIndex":0,"currentPartnership":16,"currentBowler":-1,"currentBatsmen":[1564,-1],"recentOvers":[{"ovNo":15,"ovBalls":["1","1",".","2","1","1"]},{"ovNo":16,"ovBalls":["1",".","1Wd","1","4","1","4"]},{"ovNo":17,"ovBalls":["4","4","2NbW","1","1","1","1Wd","1"]},{"ovNo":18,"ovBalls":["4","6","1","1","4","2"]},{"ovNo":19,"ovBalls":["1Wd","4",".","4",".","W","4"]},{"ovNo":20,"ovBalls":["6","1B","2",".","2","1W"]}]}}