{"fragment":7,"updateTime":1430763514000,"matchId":{"id":3263,"name":"ipl2015-38 - KKR vs. SRH","matchIdName":"ipl2015-38"},"commentaries":[{"bbcode":"U Yadav to K Sharma, %SPEED% short length outside off stump. He picks up a single","thisOver":"1","progress":{"innings":2,"over":13,"ball":2},"speed":38.4477184275432,"subtype":"BBCode","countingProgress":{"innings":2,"over":12,"ball":2},"bowlerId":59,"nonfacingBatsmanId":388,"facingBatsmanId":1118,"autoText":"U Yadav to K Sharma, %SPEED% short length outside off stump. He picks up a single","message":{"text":null},"tags":[],"timestamp":1430760492000,"id":1186121,"time":"17:26","updateTime":1430760418620,"sequence":300.0,"type":"Auto"},{"bbcode":"U Yadav to M Henriques. He plays and misses","thisOver":"1","progress":{"innings":2,"over":13,"ball":3},"subtype":"BBCode","countingProgress":{"innings":2,"over":12,"ball":3},"bowlerId":59,"nonfacingBatsmanId":1118,"facingBatsmanId":388,"autoText":"U Yadav to M Henriques. He plays and misses","message":{"text":null},"tags":[],"timestamp":1430763514000,"id":1186122,"time":"17:27","updateTime":1430760449798,"sequence":301.0,"type":"Auto"},{"bbcode":"U Yadav to K Sharma, %SPEED% short length just outside off stump. He picks up a single","thisOver":"1","progress":{"innings":2,"over":13,"ball":4},"speed":39.847070206154,"subtype":"BBCode","countingProgress":{"innings":2,"over":12,"ball":4},"bowlerId":59,"nonfacingBatsmanId":388,"facingBatsmanId":1118,"autoText":"U Yadav to K Sharma, %SPEED% short length just outside off stump. He picks up a single","message":{"text":null},"tags":[],"timestamp":1430760553000,"id":1186123,"time":"17:28","updateTime":1430760497098,"sequence":302.0,"type":"Auto"},{"bbcode":"U Yadav to M Henriques, %SPEED% short length just outside off stump. He plays and misses","thisOver":"1","progress":{"innings":2,"over":13,"ball":5},"speed":39.6192544290131,"subtype":"BBCode","countingProgress":{"innings":2,"over":12,"ball":5},"bowlerId":59,"nonfacingBatsmanId":1118,"facingBatsmanId":388,"autoText":"U Yadav to M Henriques, %SPEED% short length just outside off stump. He plays and misses","message":{"text":null},"tags":[],"timestamp":1430760624000,"id":1186124,"time":"17:29","updateTime":1430760540388,"sequence":303.0,"type":"Auto"},{"bbcode":"U Yadav to K Sharma, %SPEED% full toss on off stump. He picks up a single","thisOver":"1","progress":{"innings":2,"over":13,"ball":6},"speed":40.2357466463811,"subtype":"BBCode","countingProgress":{"innings":2,"over":12,"ball":6},"bowlerId":59,"nonfacingBatsmanId":388,"facingBatsmanId":1118,"autoText":"U Yadav to K Sharma, %SPEED% full toss on off stump. He picks up a single","message":{"text":null},"tags":[],"timestamp":1430760685000,"id":1186125,"time":"17:29","updateTime":1430760573812,"sequence":304.0,"type":"Auto"},{"innings":2,"over":13,"overRuns":6,"overWickets":0,"inningsRuns":75,"inningsWickets":6,"inningsAllOut":false,"team":{"id":62,"fullName":"Sunrisers Hyderabad","shortName":"Sunrisers","abbreviation":"SRH","primaryColor":"FF9C00","secondaryColor":"FFFFFF","type":"m"},"batsmanSummaries":[{"batsman":{"id":1118,"fullName":"Karn Sharma","shortName":"K Sharma","nationality":"Indian","rightHandedBat":false,"dateOfBirth":561945600000,"names":["Karn Sharma","K Sharma"]},"runs":3,"balls":3,"fours":0,"sixes":0},{"batsman":{"id":388,"fullName":"Moises Henriques","shortName":"M Henriques","nationality":"Australian","rightHandedBat":true,"dateOfBirth":539136000000,"names":["Moises Henriques","M Henriques"]},"runs":38,"balls":29,"fours":2,"sixes":2}],"activeBatsman":1118,"bowlerSummary":{"bowler":{"id":59,"fullName":"Umesh Yadav","shortName":"U Yadav","nationality":"Indian","rightHandedBat":false,"dateOfBirth":562118400000,"names":["Umesh Yadav","U Yadav"]},"overs":"3","runs":20,"wickets":2,"maidens":0},"inningsBalls":78,"inningsMaxBalls":120,"inningsTarget":168,"message":{"text":null},"tags":[],"timestamp":1430760574000,"id":1186126,"time":"17:29","updateTime":1430760574592,"sequence":305.0,"type":"Eov"},{"bbcode":"P Chawla to K Sharma, %SPEED% short length outside off stump. He picks up a single","thisOver":"1","progress":{"innings":2,"over":14,"ball":1},"speed":23.4042824531293,"subtype":"BBCode","countingProgress":{"innings":2,"over":13,"ball":1},"bowlerId":76,"nonfacingBatsmanId":388,"facingBatsmanId":1118,"autoText":"P Chawla to K Sharma, %SPEED% short length outside off stump. He picks up a single","message":{"text":null},"tags":[],"timestamp":1430760685000,"id":1186127,"time":"17:30","updateTime":1430760639645,"sequence":306.0,"type":"Auto"},{"bbcode":"P Chawla to M Henriques, %SPEED% full toss outside off stump. He picks up a single","thisOver":"1","progress":{"innings":2,"over":14,"ball":2},"speed":23.3615062661058,"subtype":"BBCode","countingProgress":{"innings":2,"over":13,"ball":2},"bowlerId":76,"nonfacingBatsmanId":1118,"facingBatsmanId":388,"autoText":"P Chawla to M Henriques, %SPEED% full toss outside off stump. He picks up a single","message":{"text":null},"tags":[],"timestamp":1430760735000,"id":1186128,"time":"17:31","updateTime":1430760675940,"sequence":307.0,"type":"Auto"},{"bbcode":"P Chawla to K Sharma. He picks up a single","thisOver":"1","progress":{"innings":2,"over":14,"ball":3},"subtype":"BBCode","countingProgress":{"innings":2,"over":13,"ball":3},"bowlerId":76,"nonfacingBatsmanId":388,"facingBatsmanId":1118,"autoText":"P Chawla to K Sharma. He picks up a single","message":{"text":null},"tags":[],"timestamp":1430763513000,"id":1186129,"time":"17:31","updateTime":1430760704456,"sequence":308.0,"type":"Auto"},{"bbcode":"P Chawla to M Henriques. He plays and misses","thisOver":"1","progress":{"innings":2,"over":14,"ball":4},"subtype":"BBCode","countingProgress":{"innings":2,"over":13,"ball":4},"bowlerId":76,"nonfacingBatsmanId":1118,"facingBatsmanId":388,"autoText":"P Chawla to M Henriques. He plays and misses","message":{"text":null},"tags":[],"timestamp":1430763513000,"id":1186130,"time":"17:32","updateTime":1430760736987,"sequence":309.0,"type":"Auto"},{"bbcode":"P Chawla to K Sharma, %SPEED% good length on off stump. He picks up a single","thisOver":"1","progress":{"innings":2,"over":14,"ball":5},"speed":23.8331297986114,"subtype":"BBCode","countingProgress":{"innings":2,"over":13,"ball":5},"bowlerId":76,"nonfacingBatsmanId":388,"facingBatsmanId":1118,"autoText":"P Chawla to K Sharma, %SPEED% good length on off stump. He picks up a single","message":{"text":null},"tags":[],"timestamp":1430760867000,"id":1186131,"time":"17:32","updateTime":1430760765047,"sequence":310.0,"type":"Auto"},{"bbcode":"P Chawla to M Henriques, %SPEED% good length just outside off stump. He picks up a single","thisOver":"1","progress":{"innings":2,"over":14,"ball":6},"speed":24.4674270626971,"subtype":"BBCode","countingProgress":{"innings":2,"over":13,"ball":6},"bowlerId":76,"nonfacingBatsmanId":1118,"facingBatsmanId":388,"autoText":"P Chawla to M Henriques, %SPEED% good length just outside off stump. He picks up a single","message":{"text":null},"tags":[],"timestamp":1430760867000,"id":1186132,"time":"17:33","updateTime":1430760795132,"sequence":311.0,"type":"Auto"},{"innings":2,"over":14,"overRuns":6,"overWickets":0,"inningsRuns":81,"inningsWickets":6,"inningsAllOut":false,"team":{"id":62,"fullName":"Sunrisers Hyderabad","shortName":"Sunrisers","abbreviation":"SRH","primaryColor":"FF9C00","secondaryColor":"FFFFFF","type":"m"},"batsmanSummaries":[{"batsman":{"id":388,"fullName":"Moises Henriques","shortName":"M Henriques","nationality":"Australian","rightHandedBat":true,"dateOfBirth":539136000000,"names":["Moises Henriques","M Henriques"]},"runs":41,"balls":32,"fours":2,"sixes":2},{"batsman":{"id":1118,"fullName":"Karn Sharma","shortName":"K Sharma","nationality":"Indian","rightHandedBat":false,"dateOfBirth":561945600000,"names":["Karn Sharma","K Sharma"]},"runs":6,"balls":6,"fours":0,"sixes":0}],"activeBatsman":388,"bowlerSummary":{"bowler":{"id":76,"fullName":"Piyush Chawla","shortName":"P Chawla","nationality":"Indian","rightHandedBat":false,"dateOfBirth":598924800000,"names":["Piyush Chawla","P Chawla"]},"overs":"4","runs":16,"wickets":1,"maidens":0},"inningsBalls":84,"inningsMaxBalls":120,"inningsTarget":168,"message":{"text":null},"tags":[],"timestamp":1430760795000,"id":1186133,"time":"17:33","updateTime":1430760795263,"sequence":312.0,"type":"Eov"},{"bbcode":"Strategic Timeout time, and with 87 required off 36, it's looking ominous for SRH. No-one's really been able to get going on this pitch, and with 2 overs of Hogg and Botha each still, KKR will feel confident of killing this game off.","subtype":"BBCode","message":{"text":"<p>Strategic Timeout time, and with 87 required off 36, it's looking ominous for SRH. No-one's really been able to get going on this pitch, and with 2 overs of Hogg and Botha each still, KKR will feel confident of killing this game off.</p>"},"tags":[],"timestamp":1430760925000,"id":1186134,"time":"17:35","updateTime":1430760925758,"sequence":313.0,"type":"Manual"},{"bbcode":"B Hogg to M Henriques, [b]WICKET!!! M Henriques is out[/b] c Manish Pandey b Brad Hogg","thisOver":"W","progress":{"innings":2,"over":15,"ball":1},"speed":24.2170363806915,"subtype":"BBCode","countingProgress":{"innings":2,"over":14,"ball":1},"bowlerId":231,"nonfacingBatsmanId":1118,"facingBatsmanId":388,"autoText":"B Hogg to M Henriques, <b>WICKET!!! M Henriques is out</b> c Manish Pandey b Brad Hogg","message":{"text":null},"tags":["wicket"],"timestamp":1430761067000,"id":1186135,"time":"17:37","updateTime":1430761027573,"sequence":314.0,"type":"Auto"},{"bbcode":"[b]Wicket![/b] That was more inevitable than Hogg's tongue sticking out at some point tonight! Henriques doesn't pick the wrong un, hits it straight up in the air and Manish does the rest","subtype":"BBCode","message":{"text":"<p><strong>Wicket!</strong> That was more inevitable than Hogg's tongue sticking out at some point tonight! Henriques doesn't pick the wrong un, hits it straight up in the air and Manish does the rest</p>"},"tags":[],"timestamp":1430761086000,"id":1186136,"time":"17:37","updateTime":1430761058236,"sequence":315.0,"type":"Manual"},{"bbcode":"B Hogg to K Sharma. He picks up a single","thisOver":"1","progress":{"innings":2,"over":15,"ball":2},"subtype":"BBCode","countingProgress":{"innings":2,"over":14,"ball":2},"bowlerId":231,"nonfacingBatsmanId":77,"facingBatsmanId":1118,"autoText":"B Hogg to K Sharma. He picks up a single","message":{"text":null},"tags":[],"timestamp":1430763513000,"id":1186137,"time":"17:38","updateTime":1430761110370,"sequence":316.0,"type":"Auto"},{"bbcode":"B Hogg to P Kumar, no run, %SPEED% good length on leg stump. He plays and misses","thisOver":".","progress":{"innings":2,"over":15,"ball":3},"speed":23.8631193733101,"subtype":"BBCode","countingProgress":{"innings":2,"over":14,"ball":3},"bowlerId":231,"nonfacingBatsmanId":1118,"facingBatsmanId":77,"autoText":"B Hogg to P Kumar, no run, %SPEED% good length on leg stump. He plays and misses","message":{"text":null},"tags":[],"timestamp":1430761222000,"id":1186138,"time":"17:39","updateTime":1430761145354,"sequence":317.0,"type":"Auto"},{"bbcode":"B Hogg to P Kumar, %SPEED% full length on leg stump. He picks up a single","thisOver":"1","progress":{"innings":2,"over":15,"ball":4},"speed":24.5341560821027,"subtype":"BBCode","countingProgress":{"innings":2,"over":14,"ball":4},"bowlerId":231,"nonfacingBatsmanId":1118,"facingBatsmanId":77,"autoText":"B Hogg to P Kumar, %SPEED% full length on leg stump. He picks up a single","message":{"text":null},"tags":[],"timestamp":1430761222000,"id":1186139,"time":"17:39","updateTime":1430761171858,"sequence":318.0,"type":"Auto"},{"bbcode":"B Hogg to K Sharma, %SPEED% short length outside off stump. He picks up a single","thisOver":"1","progress":{"innings":2,"over":15,"ball":5},"speed":23.9606616003576,"subtype":"BBCode","countingProgress":{"innings":2,"over":14,"ball":5},"bowlerId":231,"nonfacingBatsmanId":77,"facingBatsmanId":1118,"autoText":"B Hogg to K Sharma, %SPEED% short length outside off stump. He picks up a single","message":{"text":null},"tags":[],"timestamp":1430761273000,"id":1186140,"time":"17:40","updateTime":1430761203517,"sequence":319.0,"type":"Auto"},{"bbcode":"B Hogg to P Kumar, %SPEED% good length outside off stump. He plays and misses","thisOver":"4","progress":{"innings":2,"over":15,"ball":6},"speed":24.3118672308549,"subtype":"BBCode","countingProgress":{"innings":2,"over":14,"ball":6},"bowlerId":231,"nonfacingBatsmanId":1118,"facingBatsmanId":77,"autoText":"B Hogg to P Kumar, %SPEED% good length outside off stump. He plays and misses","message":{"text":null},"tags":["four"],"timestamp":1430761354000,"id":1186141,"time":"17:40","updateTime":1430761231941,"sequence":320.0,"type":"Auto"},{"bbcode":"Four! Praveen hasn't read that, but he's got four. Plays it really late, and it beats short third man to run away to the fenc","subtype":"BBCode","message":{"text":"<p>Four! Praveen hasn't read that, but he's got four. Plays it really late, and it beats short third man to run away to the fenc</p>"},"tags":[],"timestamp":1430761278000,"id":1186143,"time":"17:40","updateTime":1430761248085,"sequence":320.5,"type":"Manual"},{"innings":2,"over":15,"overRuns":7,"overWickets":1,"inningsRuns":88,"inningsWickets":7,"inningsAllOut":false,"team":{"id":62,"fullName":"Sunrisers Hyderabad","shortName":"Sunrisers","abbreviation":"SRH","primaryColor":"FF9C00","secondaryColor":"FFFFFF","type":"m"},"batsmanSummaries":[{"batsman":{"id":77,"fullName":"Praveen Kumar","shortName":"P Kumar","nationality":"Indian","rightHandedBat":false,"dateOfBirth":528595200000,"names":["Praveen Kumar","P Kumar"]},"runs":5,"balls":3,"fours":1,"sixes":0},{"batsman":{"id":1118,"fullName":"Karn Sharma","shortName":"K Sharma","nationality":"Indian","rightHandedBat":false,"dateOfBirth":561945600000,"names":["Karn Sharma","K Sharma"]},"runs":8,"balls":8,"fours":0,"sixes":0}],"activeBatsman":1118,"bowlerSummary":{"bowler":{"id":231,"fullName":"Brad Hogg","shortName":"B Hogg","nationality":"Australian","rightHandedBat":false,"dateOfBirth":34646400000,"names":["Brad Hogg","B Hogg"]},"overs":"3","runs":13,"wickets":2,"maidens":0},"inningsBalls":90,"inningsMaxBalls":120,"inningsTarget":168,"message":{"text":null},"tags":[],"timestamp":1430761232000,"id":1186142,"time":"17:40","updateTime":1430761232132,"sequence":321.0,"type":"Eov"},{"mediaId":"4215282359001","endpointUrlHq1":"http://brightcove.vo.llnwd.net/v1/uds/pd/3588749423001/201505/3780/3588749423001_4215567174001_MATCH-38-SRH-5TH-WKT.mp4","endpointUrlHq2":"http://brightcove.vo.llnwd.net/v1/uds/pd/3588749423001/201505/772/3588749423001_4215575643001_MATCH-38-SRH-5TH-WKT.mp4","endpointUrlAlt":"http://c.brightcove.com/services/mobile/streaming/index/rendition.m3u8?assetId=4215575503001","title":"M38: KKR vs SRH – Hanuma Vihari Wicket","largeThumbnail":"http://brightcove.vo.llnwd.net/v1/unsecured/media/3588749423001/201505/932/3588749423001_4215565982001_video-still-for-video-4215282359001.jpg?pubId=3588749423001","duration":27261,"endpointUrl":"http://brightcove.vo.llnwd.net/v1/uds/pd/3588749423001/201505/1004/3588749423001_4215574864001_MATCH-38-SRH-5TH-WKT.mp4","smallThumbnail":"http://brightcove.vo.llnwd.net/v1/unsecured/media/3588749423001/201505/1932/3588749423001_4215565981001_thumbnail-for-video-4215282359001.jpg?pubId=3588749423001","description":null,"endpointUrlMq":"http://brightcove.vo.llnwd.net/v1/uds/pd/3588749423001/201505/3644/3588749423001_4215575526001_MATCH-38-SRH-5TH-WKT.mp4","endpointUrlHq3":"http://brightcove.vo.llnwd.net/v1/uds/pd/3588749423001/201505/524/3588749423001_4215575625001_MATCH-38-SRH-5TH-WKT.mp4","publishDate":1430760232323,"message":{"text":null},"tags":["account:iplt20","kkr","2015","ipl2015","playerid 1117","match:ipl2015-38","IPL 2015","ipl2015-38","srh","innings 2","ball 4","over 12","wicket","channel:ipl-match-centre"],"timestamp":1430761478000,"id":1186151,"time":"17:44","updateTime":1430761448180,"sequence":321.25,"type":"Video"},{"mediaId":"4215282366001","endpointUrlHq1":"http://brightcove.vo.llnwd.net/v1/uds/pd/3588749423001/201505/580/3588749423001_4215591859001_MATCH-38-SRH-6TH-WKT.mp4","endpointUrlHq2":"http://brightcove.vo.llnwd.net/v1/uds/pd/3588749423001/201505/2644/3588749423001_4215591909001_MATCH-38-SRH-6TH-WKT.mp4","endpointUrlAlt":"http://c.brightcove.com/services/mobile/streaming/index/rendition.m3u8?assetId=4215594101001","title":"M38: KKR vs SRH – Bipul Sharma Wicket","largeThumbnail":"http://brightcove.vo.llnwd.net/v1/unsecured/media/3588749423001/201505/3932/3588749423001_4215565987001_video-still-for-video-4215282366001.jpg?pubId=3588749423001","duration":29165,"endpointUrl":"http://brightcove.vo.llnwd.net/v1/uds/pd/3588749423001/201505/2772/3588749423001_4215594812001_MATCH-38-SRH-6TH-WKT.mp4","smallThumbnail":"http://brightcove.vo.llnwd.net/v1/unsecured/media/3588749423001/201505/932/3588749423001_4215565986001_thumbnail-for-video-4215282366001.jpg?pubId=3588749423001","description":null,"endpointUrlMq":"http://brightcove.vo.llnwd.net/v1/uds/pd/3588749423001/201505/3652/3588749423001_4215591870001_MATCH-38-SRH-6TH-WKT.mp4","endpointUrlHq3":"http://brightcove.vo.llnwd.net/v1/uds/pd/3588749423001/201505/1740/3588749423001_4215596104001_MATCH-38-SRH-6TH-WKT.mp4","publishDate":1430760683420,"message":{"text":null},"tags":["account:iplt20","kkr","2015","ipl2015","match:ipl2015-38","playerid 69","IPL 2015","ipl2015-38","srh","innings 2","over 12","wicket","ball 6","channel:ipl-match-centre"],"timestamp":1430761484000,"id":1186152,"time":"17:44","updateTime":1430761448231,"sequence":321.375,"type":"Video"},{"subtype":"EmbeddedTweet","tweetjson":{"created_at":"Mon May 04 17:40:22 +0000 2015","id":595281828488982529,"id_str":"595281828488982529","text":"#SRH = David Warner + Bowlers \n#KKRvsSRH \n#PepsiIPL","source":"<a href=\"http://twitter.com/download/android\" rel=\"nofollow\">Twitter for Android</a>","truncated":false,"in_reply_to_status_id":null,"in_reply_to_status_id_str":null,"in_reply_to_user_id":null,"in_reply_to_user_id_str":null,"in_reply_to_screen_name":null,"user":{"id":2414708222,"id_str":"2414708222","name":"HP","screen_name":"Harilazy","location":"","description":"Lazy and unemployed cricket fan.","url":null,"entities":{"description":{"urls":[]}},"protected":false,"followers_count":8,"friends_count":24,"listed_count":1,"created_at":"Thu Mar 27 17:52:46 +0000 2014","favourites_count":183,"utc_offset":19800,"time_zone":"New Delhi","geo_enabled":true,"verified":false,"statuses_count":622,"lang":"en","contributors_enabled":false,"is_translator":false,"is_translation_enabled":false,"profile_background_color":"C0DEED","profile_background_image_url":"http://abs.twimg.com/images/themes/theme1/bg.png","profile_background_image_url_https":"https://abs.twimg.com/images/themes/theme1/bg.png","profile_background_tile":false,"profile_image_url":"http://pbs.twimg.com/profile_images/498422396013916160/g2oSEpoa_normal.jpeg","profile_image_url_https":"https://pbs.twimg.com/profile_images/498422396013916160/g2oSEpoa_normal.jpeg","profile_banner_url":"https://pbs.twimg.com/profile_banners/2414708222/1425306177","profile_link_color":"0084B4","profile_sidebar_border_color":"C0DEED","profile_sidebar_fill_color":"DDEEF6","profile_text_color":"333333","profile_use_background_image":true,"default_profile":true,"default_profile_image":false,"following":false,"follow_request_sent":false,"notifications":false},"geo":null,"coordinates":null,"place":null,"contributors":null,"retweet_count":0,"favorite_count":0,"entities":{"hashtags":[{"text":"SRH","indices":[0,4]},{"text":"KKRvsSRH","indices":[31,40]},{"text":"PepsiIPL","indices":[42,51]}],"symbols":[],"user_mentions":[],"urls":[]},"favorited":false,"retweeted":false,"lang":"en"},"message":{"text":"<blockquote class=\"twitter-tweet\" data-partner=\"tweetdeck\">\n<p lang=\"en\" dir=\"ltr\"><a href=\"https://twitter.com/hashtag/SRH?src=hash\">#SRH</a> = David Warner + Bowlers <a href=\"https://twitter.com/hashtag/KKRvsSRH?src=hash\">#KKRvsSRH</a> <a href=\"https://twitter.com/hashtag/PepsiIPL?src=hash\">#PepsiIPL</a></p>\n&mdash; HP (@Harilazy) <a href=\"https://twitter.com/Harilazy/status/595281828488982529\">May 4, 2015</a></blockquote>\n<script charset=\"utf-8\" type=\"text/javascript\" src=\"http://platform.twitter.com/widgets.js\"></script>"},"tags":[],"timestamp":1430761359000,"id":1186146,"time":"17:42","updateTime":1430761356398,"sequence":321.5,"type":"Manual"},{"bbcode":"J Botha to K Sharma, no run, %SPEED% short length just outside off stump. He plays and misses","thisOver":".","progress":{"innings":2,"over":16,"ball":1},"speed":28.1294185304683,"subtype":"BBCode","countingProgress":{"innings":2,"over":15,"ball":1},"bowlerId":224,"nonfacingBatsmanId":77,"facingBatsmanId":1118,"autoText":"J Botha to K Sharma, no run, %SPEED% short length just outside off stump. He plays and misses","message":{"text":null},"tags":[],"timestamp":1430761342000,"id":1186145,"time":"17:42","updateTime":1430761334309,"sequence":322.0,"type":"Auto"},{"bbcode":"J Botha to K Sharma, %SPEED% short length just outside off stump. He picks up a single","thisOver":"1","progress":{"innings":2,"over":16,"ball":2},"speed":22.0536080429686,"subtype":"BBCode","countingProgress":{"innings":2,"over":15,"ball":2},"bowlerId":224,"nonfacingBatsmanId":77,"facingBatsmanId":1118,"autoText":"J Botha to K Sharma, %SPEED% short length just outside off stump. He picks up a single","message":{"text":null},"tags":[],"timestamp":1430761456000,"id":1186147,"time":"17:42","updateTime":1430761358496,"sequence":324.0,"type":"Auto"},{"bbcode":"J Botha to P Kumar. He picks up a single","thisOver":"1","progress":{"innings":2,"over":16,"ball":3},"subtype":"BBCode","countingProgress":{"innings":2,"over":15,"ball":3},"bowlerId":224,"nonfacingBatsmanId":1118,"facingBatsmanId":77,"autoText":"J Botha to P Kumar. He picks up a single","message":{"text":null},"tags":[],"timestamp":1430763512000,"id":1186149,"time":"17:43","updateTime":1430761414713,"sequence":325.0,"type":"Auto"},{"bbcode":"J Botha to K Sharma, no run. He plays and misses","thisOver":".","progress":{"innings":2,"over":16,"ball":4},"subtype":"BBCode","countingProgress":{"innings":2,"over":15,"ball":4},"bowlerId":224,"nonfacingBatsmanId":77,"facingBatsmanId":1118,"autoText":"J Botha to K Sharma, no run. He plays and misses","message":{"text":null},"tags":[],"timestamp":1430763512000,"id":1186150,"time":"17:43","updateTime":1430761439010,"sequence":326.0,"type":"Auto"},{"bbcode":"J Botha to K Sharma. He picks up a single","thisOver":"1","progress":{"innings":2,"over":16,"ball":5},"subtype":"BBCode","countingProgress":{"innings":2,"over":15,"ball":5},"bowlerId":224,"nonfacingBatsmanId":77,"facingBatsmanId":1118,"autoText":"J Botha to K Sharma. He picks up a single","message":{"text":null},"tags":[],"timestamp":1430763512000,"id":1186153,"time":"17:44","updateTime":1430761472280,"sequence":329.0,"type":"Auto"},{"bbcode":"J Botha to P Kumar, %SPEED% full length just outside off stump. He picks up a single","thisOver":"1","progress":{"innings":2,"over":16,"ball":6},"speed":23.6014506491699,"subtype":"BBCode","countingProgress":{"innings":2,"over":15,"ball":6},"bowlerId":224,"nonfacingBatsmanId":1118,"facingBatsmanId":77,"autoText":"J Botha to P Kumar, %SPEED% full length just outside off stump. He picks up a single","message":{"text":null},"tags":[],"timestamp":1430761588000,"id":1186158,"time":"17:45","updateTime":1430761506676,"sequence":330.0,"type":"Auto"},{"innings":2,"over":16,"overRuns":4,"overWickets":0,"inningsRuns":92,"inningsWickets":7,"inningsAllOut":false,"team":{"id":62,"fullName":"Sunrisers Hyderabad","shortName":"Sunrisers","abbreviation":"SRH","primaryColor":"FF9C00","secondaryColor":"FFFFFF","type":"m"},"batsmanSummaries":[{"batsman":{"id":77,"fullName":"Praveen Kumar","shortName":"P Kumar","nationality":"Indian","rightHandedBat":false,"dateOfBirth":528595200000,"names":["Praveen Kumar","P Kumar"]},"runs":7,"balls":5,"fours":1,"sixes":0},{"batsman":{"id":1118,"fullName":"Karn Sharma","shortName":"K Sharma","nationality":"Indian","rightHandedBat":false,"dateOfBirth":561945600000,"names":["Karn Sharma","K Sharma"]},"runs":10,"balls":12,"fours":0,"sixes":0}],"activeBatsman":77,"bowlerSummary":{"bowler":{"id":224,"fullName":"Johan Botha","shortName":"J Botha","nationality":"South African","rightHandedBat":false,"dateOfBirth":389145600000,"names":["Johan Botha","J Botha"]},"overs":"3","runs":11,"wickets":0,"maidens":0},"inningsBalls":96,"inningsMaxBalls":120,"inningsTarget":168,"message":{"text":null},"tags":[],"timestamp":1430761506000,"id":1186159,"time":"17:45","updateTime":1430761506804,"sequence":331.0,"type":"Eov"},{"bbcode":"76 required off 4. Just a case of ticking off the balls for all parties concerned you would think.","subtype":"BBCode","message":{"text":"<p>76 required off 4. Just a case of ticking off the balls for all parties concerned you would think.</p>"},"tags":[],"timestamp":1430761557000,"id":1186160,"time":"17:45","updateTime":1430761557684,"sequence":332.0,"type":"Manual"},{"bbcode":"B Hogg to P Kumar, %SPEED% good length on middle stump. He picks up a single","thisOver":"1","progress":{"innings":2,"over":17,"ball":1},"speed":23.7076790021896,"subtype":"BBCode","countingProgress":{"innings":2,"over":16,"ball":1},"bowlerId":231,"nonfacingBatsmanId":1118,"facingBatsmanId":77,"autoText":"B Hogg to P Kumar, %SPEED% good length on middle stump. He picks up a single","message":{"text":null},"tags":[],"timestamp":1430761640000,"id":1186161,"time":"17:46","updateTime":1430761567027,"sequence":333.0,"type":"Auto"},{"bbcode":"B Hogg to K Sharma. He picks up a single","thisOver":"1","progress":{"innings":2,"over":17,"ball":2},"subtype":"BBCode","countingProgress":{"innings":2,"over":16,"ball":2},"bowlerId":231,"nonfacingBatsmanId":77,"facingBatsmanId":1118,"autoText":"B Hogg to K Sharma. He picks up a single","message":{"text":null},"tags":[],"timestamp":1430763511000,"id":1186162,"time":"17:46","updateTime":1430761599169,"sequence":334.0,"type":"Auto"},{"bbcode":"B Hogg to P Kumar. He picks up a single","thisOver":"1","progress":{"innings":2,"over":17,"ball":3},"subtype":"BBCode","countingProgress":{"innings":2,"over":16,"ball":3},"bowlerId":231,"nonfacingBatsmanId":1118,"facingBatsmanId":77,"autoText":"B Hogg to P Kumar. He picks up a single","message":{"text":null},"tags":[],"timestamp":1430763511000,"id":1186163,"time":"17:47","updateTime":1430761631705,"sequence":335.0,"type":"Auto"},{"bbcode":"B Hogg to K Sharma, no run, %SPEED% good length on off stump. He plays and misses","thisOver":".","progress":{"innings":2,"over":17,"ball":4},"speed":23.5136343316942,"subtype":"BBCode","countingProgress":{"innings":2,"over":16,"ball":4},"bowlerId":231,"nonfacingBatsmanId":77,"facingBatsmanId":1118,"autoText":"B Hogg to K Sharma, no run, %SPEED% good length on off stump. He plays and misses","message":{"text":null},"tags":[],"timestamp":1430761679000,"id":1186164,"time":"17:47","updateTime":1430761654947,"sequence":336.0,"type":"Auto"},{"bbcode":"B Hogg to K Sharma, %SPEED% short length on off stump. He picks up a single","thisOver":"1","progress":{"innings":2,"over":17,"ball":5},"speed":24.7797049206243,"subtype":"BBCode","countingProgress":{"innings":2,"over":16,"ball":5},"bowlerId":231,"nonfacingBatsmanId":77,"facingBatsmanId":1118,"autoText":"B Hogg to K Sharma, %SPEED% short length on off stump. He picks up a single","message":{"text":null},"tags":[],"timestamp":1430761771000,"id":1186165,"time":"17:47","updateTime":1430761679068,"sequence":337.0,"type":"Auto"},{"bbcode":"B Hogg to P Kumar, no run, %SPEED% good length outside off stump. He plays and misses","thisOver":".","progress":{"innings":2,"over":17,"ball":6},"speed":24.3548571695454,"subtype":"BBCode","countingProgress":{"innings":2,"over":16,"ball":6},"bowlerId":231,"nonfacingBatsmanId":1118,"facingBatsmanId":77,"autoText":"B Hogg to P Kumar, no run, %SPEED% good length outside off stump. He plays and misses","message":{"text":null},"tags":[],"timestamp":1430761719000,"id":1186166,"time":"17:48","updateTime":1430761717314,"sequence":338.0,"type":"Auto"},{"innings":2,"over":17,"overRuns":4,"overWickets":0,"inningsRuns":96,"inningsWickets":7,"inningsAllOut":false,"team":{"id":62,"fullName":"Sunrisers Hyderabad","shortName":"Sunrisers","abbreviation":"SRH","primaryColor":"FF9C00","secondaryColor":"FFFFFF","type":"m"},"batsmanSummaries":[{"batsman":{"id":77,"fullName":"Praveen Kumar","shortName":"P Kumar","nationality":"Indian","rightHandedBat":false,"dateOfBirth":528595200000,"names":["Praveen Kumar","P Kumar"]},"runs":9,"balls":8,"fours":1,"sixes":0},{"batsman":{"id":1118,"fullName":"Karn Sharma","shortName":"K Sharma","nationality":"Indian","rightHandedBat":false,"dateOfBirth":561945600000,"names":["Karn Sharma","K Sharma"]},"runs":12,"balls":15,"fours":0,"sixes":0}],"activeBatsman":1118,"bowlerSummary":{"bowler":{"id":231,"fullName":"Brad Hogg","shortName":"B Hogg","nationality":"Australian","rightHandedBat":false,"dateOfBirth":34646400000,"names":["Brad Hogg","B Hogg"]},"overs":"4","runs":17,"wickets":2,"maidens":0},"inningsBalls":102,"inningsMaxBalls":120,"inningsTarget":168,"message":{"text":null},"tags":[],"timestamp":1430761717000,"id":1186167,"time":"17:48","updateTime":1430761717456,"sequence":339.0,"type":"Eov"},{"bbcode":"J Botha to K Sharma, %SPEED% full length on middle stump. He hits a great shot, that has gone all the way","thisOver":"6","progress":{"innings":2,"over":18,"ball":1},"speed":28.9372169272203,"subtype":"BBCode","countingProgress":{"innings":2,"over":17,"ball":1},"bowlerId":224,"nonfacingBatsmanId":77,"facingBatsmanId":1118,"autoText":"J Botha to K Sharma, %SPEED% full length on middle stump. He hits a great shot, that has gone all the way","message":{"text":null},"tags":["six"],"timestamp":1430761984000,"id":1186168,"time":"17:49","updateTime":1430761776653,"sequence":340.0,"type":"Auto"},{"bbcode":"[b]Six! Dropped![/b] Difficult chance for Manish, but he palms it over for 6","subtype":"BBCode","message":{"text":"<p><strong>Six! Dropped!</strong> Difficult chance for Manish, but he palms it over for 6</p>"},"tags":[],"timestamp":1430761809000,"id":1186169,"time":"17:49","updateTime":1430761790749,"sequence":341.0,"type":"Manual"},{"bbcode":"J Botha to K Sharma, %SPEED% short length just outside off stump. He hits a great shot, that has gone all the way","thisOver":"6","progress":{"innings":2,"over":18,"ball":2},"speed":25.5405248908784,"subtype":"BBCode","countingProgress":{"innings":2,"over":17,"ball":2},"bowlerId":224,"nonfacingBatsmanId":77,"facingBatsmanId":1118,"autoText":"J Botha to K Sharma, %SPEED% short length just outside off stump. He hits a great shot, that has gone all the way","message":{"text":null},"tags":["six"],"timestamp":1430761883000,"id":1186170,"time":"17:50","updateTime":1430761809056,"sequence":342.0,"type":"Auto"},{"bbcode":"[b]Six![/b] Hold on folks! We may have a game on here! Dragged down and it's gone over mid-wicket","subtype":"BBCode","message":{"text":"<p><strong>Six!</strong> Hold on folks! We may have a game on here! Dragged down and it's gone over mid-wicket</p>"},"tags":[],"timestamp":1430761872000,"id":1186171,"time":"17:50","updateTime":1430761845017,"sequence":343.0,"type":"Manual"},{"bbcode":"J Botha to K Sharma, %SPEED% good length on off stump. He hits a great shot, that has gone all the way","thisOver":"6","progress":{"innings":2,"over":18,"ball":3},"speed":27.4025575943906,"subtype":"BBCode","countingProgress":{"innings":2,"over":17,"ball":3},"bowlerId":224,"nonfacingBatsmanId":77,"facingBatsmanId":1118,"autoText":"J Botha to K Sharma, %SPEED% good length on off stump. He hits a great shot, that has gone all the way","message":{"text":null},"tags":["six"],"timestamp":1430761933000,"id":1186172,"time":"17:50","updateTime":1430761850283,"sequence":344.0,"type":"Auto"},{"bbcode":"[b]Six![/b] Another one! Slogged over mid-wicket, and it's gone all the way","subtype":"BBCode","message":{"text":"<p><strong>Six!</strong> Another one! Slogged over mid-wicket, and it's gone all the way</p>"},"tags":[],"timestamp":1430761887000,"id":1186173,"time":"17:51","updateTime":1430761887262,"sequence":345.0,"type":"Manual"},{"bbcode":"J Botha to K Sharma, %SPEED% good length outside off stump. He picks up two","thisOver":"2","progress":{"innings":2,"over":18,"ball":4},"speed":23.1022526842073,"subtype":"BBCode","countingProgress":{"innings":2,"over":17,"ball":4},"bowlerId":224,"nonfacingBatsmanId":77,"facingBatsmanId":1118,"autoText":"J Botha to K Sharma, %SPEED% good length outside off stump. He picks up two","message":{"text":null},"tags":[],"timestamp":1430762353000,"id":1186174,"time":"17:52","updateTime":1430761941625,"sequence":346.0,"type":"Auto"},{"bbcode":"J Botha to K Sharma, Wide delivery","thisOver":"1Wd","progress":{"innings":2,"over":18,"ball":5},"speed":27.9871078446889,"subtype":"BBCode","countingProgress":{"innings":2,"over":17,"ball":5},"bowlerId":224,"nonfacingBatsmanId":77,"facingBatsmanId":1118,"autoText":"J Botha to K Sharma, Wide delivery","message":{"text":null},"tags":[],"timestamp":1430762419000,"id":1186175,"time":"17:52","updateTime":1430761967145,"sequence":347.0,"type":"Auto"},{"bbcode":"J Botha to K Sharma, [b]WICKET!!! K Sharma is out[/b] c Suryakumar Yadav b Johan Botha","thisOver":"W","progress":{"innings":2,"over":18,"ball":6},"subtype":"BBCode","countingProgress":{"innings":2,"over":17,"ball":5},"bowlerId":224,"nonfacingBatsmanId":77,"facingBatsmanId":1118,"autoText":"J Botha to K Sharma, <b>WICKET!!! K Sharma is out</b> c Suryakumar Yadav b Johan Botha","message":{"text":null},"tags":["wicket"],"timestamp":1430763511000,"id":1186176,"time":"17:53","updateTime":1430761992734,"sequence":348.0,"type":"Auto"},{"bbcode":"[b]Wicket![/b] Karn's fun is over! Tries to make it four sixes in the over, but picks out Suryakumar at long on","subtype":"BBCode","message":{"text":"<p><strong>Wicket!</strong> Karn's fun is over! Tries to make it four sixes in the over, but picks out Suryakumar at long on</p>"},"tags":[],"timestamp":1430762026000,"id":1186177,"time":"17:53","updateTime":1430762026388,"sequence":349.0,"type":"Manual"}]}