{"squadId":467,"totalVotes":3159,"players":[{"id":170,"voteCount":3017,"fullName":"David Warner","shortName":"D Warner"},{"id":41,"voteCount":2913,"fullName":"Shikhar Dhawan","shortName":"S Dhawan"},{"id":116,"voteCount":2884,"fullName":"Bhuvneshwar Kumar","shortName":"B Kumar"},{"id":52,"voteCount":2789,"fullName":"Naman Ojha","shortName":"N Ojha"},{"id":1118,"voteCount":2497,"fullName":"Karn Sharma","shortName":"K Sharma"},{"id":77,"voteCount":2482,"fullName":"Praveen Kumar","shortName":"P Kumar"},{"id":969,"voteCount":2262,"fullName":"Trent Boult","shortName":"T Boult"},{"id":34,"voteCount":2214,"fullName":"Ashish Reddy","shortName":"AA Reddy"},{"id":388,"voteCount":1740,"fullName":"Moises Henriques","shortName":"M Henriques"},{"id":197,"voteCount":1736,"fullName":"Eoin Morgan","shortName":"E Morgan"},{"id":180,"voteCount":1666,"fullName":"Dale Steyn","shortName":"D Steyn"},{"id":1125,"voteCount":1537,"fullName":"Lokesh Rahul","shortName":"L Rahul"},{"id":1117,"voteCount":1443,"fullName":"Hanuma Vihari","shortName":"H Vihari"},{"id":374,"voteCount":703,"fullName":"Ravi Bopara","shortName":"R Bopara"},{"id":38,"voteCount":633,"fullName":"Ishant Sharma","shortName":"I Sharma"},{"id":1093,"voteCount":444,"fullName":"Parveez Rasool","shortName":"P Rasool"},{"id":440,"voteCount":442,"fullName":"Kane Williamson","shortName":"K Williamson"},{"id":172,"voteCount":308,"fullName":"Kevin Pietersen","shortName":"K Pietersen"},{"id":69,"voteCount":246,"fullName":"Bipul Sharma","shortName":"B Sharma"},{"id":1555,"voteCount":172,"fullName":"Ricky Bhui","shortName":"R Bhui"},{"id":1086,"voteCount":168,"fullName":"Siddarth Kaul","shortName":"S Kaul"},{"id":1751,"voteCount":111,"fullName":"Chama Milind","shortName":"C Milind"},{"id":1122,"voteCount":94,"fullName":"Prasanth Padmanabhan","shortName":"P Padmanabhan"}]}