{"fragment":8,"updateTime":1462527943000,"matchId":{"id":3243,"name":"ipl2015-18 - RR vs. KXIP","matchIdName":"ipl2015-18"},"commentaries":[{"bbcode":"[b]Six![/b] Miller is on the move! He crashes off his pads and over mid wicket! The crowd are on the edge of their seats!","subtype":"BBCode","message":{"text":"<p><strong>Six!</strong> Miller is on the move! He crashes off his pads and over mid wicket! The crowd are on the edge of their seats!</p>"},"tags":[],"timestamp":1429638064000,"id":1168241,"time":"17:41","updateTime":1429638064118,"sequence":351.5,"type":"Manual"},{"bbcode":"D Hooda to D Miller, %SPEED% good length going down leg. He picks up a single","thisOver":"1","progress":{"innings":2,"over":18,"ball":2},"speed":25.9334055257443,"subtype":"BBCode","countingProgress":{"innings":2,"over":17,"ball":2},"bowlerId":1556,"nonfacingBatsmanId":1113,"facingBatsmanId":187,"autoText":"D Hooda to D Miller, %SPEED% good length going down leg. He picks up a single","message":{"text":null},"tags":[],"timestamp":1429638145000,"id":1168243,"time":"17:41","updateTime":1429638096763,"sequence":352.5,"type":"Auto"},{"bbcode":"D Hooda to A Patel, %SPEED% full length just outside off stump. He picks up a single","thisOver":"1","progress":{"innings":2,"over":18,"ball":3},"speed":24.4523915958873,"subtype":"BBCode","countingProgress":{"innings":2,"over":17,"ball":3},"bowlerId":1556,"nonfacingBatsmanId":187,"facingBatsmanId":1113,"autoText":"D Hooda to A Patel, %SPEED% full length just outside off stump. He picks up a single","message":{"text":null},"tags":[],"timestamp":1429638197000,"id":1168245,"time":"17:42","updateTime":1429638139282,"sequence":353.5,"type":"Auto"},{"bbcode":"D Hooda to D Miller, %SPEED% good length going down leg. He hits a great shot, that has gone all the way","thisOver":"6","progress":{"innings":2,"over":18,"ball":4},"speed":25.6690951008305,"subtype":"BBCode","countingProgress":{"innings":2,"over":17,"ball":4},"bowlerId":1556,"nonfacingBatsmanId":1113,"facingBatsmanId":187,"autoText":"D Hooda to D Miller, %SPEED% good length going down leg. He hits a great shot, that has gone all the way","message":{"text":null},"tags":["six"],"timestamp":1429638197000,"id":1168248,"time":"17:42","updateTime":1429638166144,"sequence":354.5,"type":"Auto"},{"bbcode":"[b]50 for David Miller[/b]","subtype":"BBCode","message":{"text":"<p><strong>50 for David Miller</strong></p>"},"tags":[],"timestamp":1429638196000,"id":1168250,"time":"17:43","updateTime":1429638194108,"sequence":355.0,"type":"Manual"},{"bbcode":"[b]Six![/b] Super striking! Killer Miller is in hunt of this run chase, he is the potential match winner... will he go all the way?! Watson is sweating!","subtype":"BBCode","message":{"text":"<p><strong>Six!</strong> Super striking! Killer Miller is in hunt of this run chase, he is the potential match winner... will he go all the way?! Watson is sweating!</p>"},"tags":[],"timestamp":1429638232000,"id":1168249,"time":"17:42","updateTime":1429638177868,"sequence":355.5,"type":"Manual"},{"bbcode":"D Hooda to D Miller, [b]WICKET!!! D Miller is out[/b] c Stuart Binny b Deepak Hooda","thisOver":"W","progress":{"innings":2,"over":18,"ball":5},"speed":27.7230194614359,"subtype":"BBCode","countingProgress":{"innings":2,"over":17,"ball":5},"bowlerId":1556,"nonfacingBatsmanId":1113,"facingBatsmanId":187,"autoText":"D Hooda to D Miller, <b>WICKET!!! D Miller is out</b> c Stuart Binny b Deepak Hooda","message":{"text":null},"tags":["wicket"],"timestamp":1429638269000,"id":1168257,"time":"17:43","updateTime":1429638236060,"sequence":360.5,"type":"Auto"},{"bbcode":"[b]Wicket![/b] Watson sighs and looks relieved. Miller doesn't get all over this one and picks out Binny who was sweeping the cover boundary","subtype":"BBCode","message":{"text":"<p><strong>Wicket!</strong> Watson sighs and looks relieved. Miller doesn't get all over this one and picks out Binny who was sweeping the cover boundary</p>"},"tags":[],"timestamp":1429638333000,"id":1168258,"time":"17:44","updateTime":1429638251486,"sequence":361.5,"type":"Manual"},{"bbcode":"D Hooda to A Patel. He picks up a single","thisOver":"1","progress":{"innings":2,"over":18,"ball":6},"speed":-1.0,"subtype":"BBCode","countingProgress":{"innings":2,"over":17,"ball":6},"bowlerId":1556,"nonfacingBatsmanId":213,"facingBatsmanId":1113,"autoText":"D Hooda to A Patel. He picks up a single","message":{"text":null},"tags":[],"timestamp":1429638380000,"id":1168261,"time":"17:45","updateTime":1429638314379,"sequence":362.5,"type":"Auto"},{"innings":2,"over":18,"overRuns":15,"overWickets":1,"inningsRuns":167,"inningsWickets":6,"inningsAllOut":false,"team":{"id":4,"fullName":"Kings XI Punjab","shortName":"Kings XI","abbreviation":"KXIP","primaryColor":"DA1F3D","secondaryColor":"FFFFFF","type":"m"},"batsmanSummaries":[{"batsman":{"id":1113,"fullName":"Axar Patel","shortName":"A Patel","nationality":"Indian","rightHandedBat":false,"dateOfBirth":759024000000,"names":["Axar Patel","A Patel"]},"runs":2,"balls":2,"fours":0,"sixes":0},{"batsman":{"id":213,"fullName":"Mitchell Johnson","shortName":"M Johnson","nationality":"Australian","rightHandedBat":true,"dateOfBirth":373507200000,"names":["Mitchell Johnson","M Johnson"]},"runs":0,"balls":0,"fours":0,"sixes":0}],"activeBatsman":1113,"bowlerSummary":{"bowler":{"id":1556,"fullName":"Deepak Hooda","shortName":"D Hooda","nationality":"Indian","rightHandedBat":true,"dateOfBirth":798249600000,"names":["Deepak Hooda","D Hooda"]},"overs":"3","runs":35,"wickets":1,"maidens":0},"inningsBalls":108,"inningsMaxBalls":120,"inningsTarget":192,"message":{"text":null},"tags":[],"timestamp":1429638314000,"id":1168262,"time":"17:45","updateTime":1429638314552,"sequence":363.5,"type":"Eov"},{"bbcode":"C Morris to A Patel, %SPEED% full toss on off stump. He plays and misses","thisOver":"1","progress":{"innings":2,"over":19,"ball":1},"speed":40.0543065853985,"subtype":"BBCode","countingProgress":{"innings":2,"over":18,"ball":1},"bowlerId":836,"nonfacingBatsmanId":213,"facingBatsmanId":1113,"autoText":"C Morris to A Patel, %SPEED% full toss on off stump. He plays and misses","message":{"text":null},"tags":[],"timestamp":1429638441000,"id":1168265,"time":"17:46","updateTime":1429638406763,"sequence":364.5,"type":"Auto"},{"bbcode":"C Morris to M Johnson, %SPEED% short length outside off stump. He plays and misses","thisOver":"2","progress":{"innings":2,"over":19,"ball":2},"speed":32.175808756071,"subtype":"BBCode","countingProgress":{"innings":2,"over":18,"ball":2},"bowlerId":836,"nonfacingBatsmanId":1113,"facingBatsmanId":213,"autoText":"C Morris to M Johnson, %SPEED% short length outside off stump. He plays and misses","message":{"text":null},"tags":[],"timestamp":1429638513000,"id":1168268,"time":"17:47","updateTime":1429638451607,"sequence":365.5,"type":"Auto"},{"bbcode":"C Morris to M Johnson, %SPEED% full toss on leg stump. He plays and misses","thisOver":"1","progress":{"innings":2,"over":19,"ball":3},"speed":40.6258928466529,"subtype":"BBCode","countingProgress":{"innings":2,"over":18,"ball":3},"bowlerId":836,"nonfacingBatsmanId":1113,"facingBatsmanId":213,"autoText":"C Morris to M Johnson, %SPEED% full toss on leg stump. He plays and misses","message":{"text":null},"tags":[],"timestamp":1429638565000,"id":1168270,"time":"17:48","updateTime":1429638484951,"sequence":366.5,"type":"Auto"},{"bbcode":"C Morris to A Patel, %SPEED% full toss just outside off stump. He picks up a single","thisOver":"1","progress":{"innings":2,"over":19,"ball":4},"speed":39.5257782973425,"subtype":"BBCode","countingProgress":{"innings":2,"over":18,"ball":4},"bowlerId":836,"nonfacingBatsmanId":213,"facingBatsmanId":1113,"autoText":"C Morris to A Patel, %SPEED% full toss just outside off stump. He picks up a single","message":{"text":null},"tags":[],"timestamp":1429638565000,"id":1168272,"time":"17:48","updateTime":1429638520133,"sequence":367.5,"type":"Auto"},{"bbcode":"[b]Dropped! [/b]Rahane chased hard in from mid on and dived at full stretch at his toes, his elbows hit the turf and the ball spilled out. That would have been one of the greats","subtype":"BBCode","message":{"text":"<p><strong>Dropped!&nbsp;</strong>Rahane chased hard in from mid on and dived at full stretch at his toes, his elbows hit the turf and the ball spilled out. That would have been one of the greats</p>"},"tags":[],"timestamp":1429638521000,"id":1168273,"time":"17:48","updateTime":1429638521442,"sequence":368.5,"type":"Manual"},{"bbcode":"C Morris to M Johnson, Wide delivery","thisOver":"1Wd","progress":{"innings":2,"over":19,"ball":5},"speed":33.2089817398107,"subtype":"BBCode","countingProgress":{"innings":2,"over":18,"ball":5},"bowlerId":836,"nonfacingBatsmanId":1113,"facingBatsmanId":213,"autoText":"C Morris to M Johnson, Wide delivery","message":{"text":null},"tags":[],"timestamp":1429638555000,"id":1168276,"time":"17:49","updateTime":1429638550055,"sequence":369.5,"type":"Auto"},{"bbcode":"C Morris to M Johnson, %SPEED% short length on off stump. He hits a nice boundary","thisOver":"4","progress":{"innings":2,"over":19,"ball":6},"speed":32.8563062349298,"subtype":"BBCode","countingProgress":{"innings":2,"over":18,"ball":5},"bowlerId":836,"nonfacingBatsmanId":1113,"facingBatsmanId":213,"autoText":"C Morris to M Johnson, %SPEED% short length on off stump. He hits a nice boundary","message":{"text":null},"tags":["four"],"timestamp":1429638677000,"id":1168279,"time":"17:49","updateTime":1429638586402,"sequence":370.5,"type":"Auto"},{"bbcode":"Four! Johnson bravely gets down on one knee and scoops the slower one fine past the man in short, game on!","subtype":"BBCode","message":{"text":"<p>Four! Johnson bravely gets down on one knee and scoops the slower one fine past the man in short, game on!</p>"},"tags":[],"timestamp":1429638631000,"id":1168281,"time":"17:49","updateTime":1429638599567,"sequence":371.5,"type":"Manual"},{"bbcode":"C Morris to M Johnson, %SPEED% full length on middle stump. He picks up a single","thisOver":"1","progress":{"innings":2,"over":19,"ball":7},"speed":40.5966877929273,"subtype":"BBCode","countingProgress":{"innings":2,"over":18,"ball":6},"bowlerId":836,"nonfacingBatsmanId":1113,"facingBatsmanId":213,"autoText":"C Morris to M Johnson, %SPEED% full length on middle stump. He picks up a single","message":{"text":null},"tags":[],"timestamp":1429638677000,"id":1168282,"time":"17:50","updateTime":1429638633032,"sequence":372.5,"type":"Auto"},{"innings":2,"over":19,"overRuns":11,"overWickets":0,"inningsRuns":178,"inningsWickets":6,"inningsAllOut":false,"team":{"id":4,"fullName":"Kings XI Punjab","shortName":"Kings XI","abbreviation":"KXIP","primaryColor":"DA1F3D","secondaryColor":"FFFFFF","type":"m"},"batsmanSummaries":[{"batsman":{"id":213,"fullName":"Mitchell Johnson","shortName":"M Johnson","nationality":"Australian","rightHandedBat":true,"dateOfBirth":373507200000,"names":["Mitchell Johnson","M Johnson"]},"runs":8,"balls":4,"fours":1,"sixes":0},{"batsman":{"id":1113,"fullName":"Axar Patel","shortName":"A Patel","nationality":"Indian","rightHandedBat":false,"dateOfBirth":759024000000,"names":["Axar Patel","A Patel"]},"runs":4,"balls":4,"fours":0,"sixes":0}],"activeBatsman":213,"bowlerSummary":{"bowler":{"id":836,"fullName":"Chris Morris","shortName":"C Morris","nationality":"South African","rightHandedBat":true,"dateOfBirth":546739200000,"names":["Chris Morris","C Morris"]},"overs":"4","runs":34,"wickets":1,"maidens":0},"inningsBalls":114,"inningsMaxBalls":120,"inningsTarget":192,"message":{"text":null},"tags":[],"timestamp":1429638633000,"id":1168283,"time":"17:50","updateTime":1429638633184,"sequence":373.5,"type":"Eov"},{"bbcode":"Faulkner has the final over, this is high pressure stuff now!","subtype":"BBCode","message":{"text":"<p>Faulkner has the final over, this is high pressure stuff now!</p>"},"tags":[],"timestamp":1429638741000,"id":1168292,"time":"17:52","updateTime":1429638741098,"sequence":374.5,"type":"Manual"},{"bbcode":"J Faulkner to M Johnson. He picks up two","thisOver":"2","progress":{"innings":2,"over":20,"ball":1},"speed":-1.0,"subtype":"BBCode","countingProgress":{"innings":2,"over":19,"ball":1},"bowlerId":193,"nonfacingBatsmanId":1113,"facingBatsmanId":213,"autoText":"J Faulkner to M Johnson. He picks up two","message":{"text":null},"tags":[],"timestamp":1429638801000,"id":1168293,"time":"17:52","updateTime":1429638757795,"sequence":375.5,"type":"Auto"},{"bbcode":"J Faulkner to M Johnson, %SPEED% full length outside off stump. He picks up two","thisOver":"2","progress":{"innings":2,"over":20,"ball":2},"speed":38.7572641931158,"subtype":"BBCode","countingProgress":{"innings":2,"over":19,"ball":2},"bowlerId":193,"nonfacingBatsmanId":1113,"facingBatsmanId":213,"autoText":"J Faulkner to M Johnson, %SPEED% full length outside off stump. He picks up two","message":{"text":null},"tags":[],"timestamp":1429638862000,"id":1168297,"time":"17:53","updateTime":1429638826002,"sequence":376.5,"type":"Auto"},{"bbcode":"Close! What an arm! Smith has a cannon at deep long on and Johnson manages to just get back for two","subtype":"BBCode","message":{"text":"<p>Close!&nbsp;What an arm! Smith has a cannon at deep long on and Johnson manages to just get back for two</p>"},"tags":[],"timestamp":1429638865000,"id":1168300,"time":"17:54","updateTime":1429638854241,"sequence":377.0,"type":"Manual"},{"bbcode":"J Faulkner to M Johnson, %SPEED% full toss just outside off stump. He picks up a single","thisOver":"1","progress":{"innings":2,"over":20,"ball":3},"speed":25.0782297720161,"subtype":"BBCode","countingProgress":{"innings":2,"over":19,"ball":3},"bowlerId":193,"nonfacingBatsmanId":1113,"facingBatsmanId":213,"autoText":"J Faulkner to M Johnson, %SPEED% full toss just outside off stump. He picks up a single","message":{"text":null},"tags":[],"timestamp":1429638913000,"id":1168299,"time":"17:54","updateTime":1429638844253,"sequence":377.5,"type":"Auto"},{"bbcode":"J Faulkner to A Patel, %SPEED% full length outside off stump. He plays and misses","thisOver":"2","progress":{"innings":2,"over":20,"ball":4},"speed":36.8797496647295,"subtype":"BBCode","countingProgress":{"innings":2,"over":19,"ball":4},"bowlerId":193,"nonfacingBatsmanId":213,"facingBatsmanId":1113,"autoText":"J Faulkner to A Patel, %SPEED% full length outside off stump. He plays and misses","message":{"text":null},"tags":[],"timestamp":1429638985000,"id":1168304,"time":"17:55","updateTime":1429638918677,"sequence":378.5,"type":"Auto"},{"bbcode":"J Faulkner to A Patel, %SPEED% full length just outside off stump. He picks up two","thisOver":"2","progress":{"innings":2,"over":20,"ball":5},"speed":37.6396960214573,"subtype":"BBCode","countingProgress":{"innings":2,"over":19,"ball":5},"bowlerId":193,"nonfacingBatsmanId":213,"facingBatsmanId":1113,"autoText":"J Faulkner to A Patel, %SPEED% full length just outside off stump. He picks up two","message":{"text":null},"tags":[],"timestamp":1429639037000,"id":1168307,"time":"17:55","updateTime":1429638954903,"sequence":379.5,"type":"Auto"},{"bbcode":"Close! Very aggressive running, a bit of luck as Samson drops the ball and now we only need 4 for a Super Over!","subtype":"BBCode","message":{"text":"<p>Close! Very aggressive running, a bit of luck as Samson drops the ball and now we only need 4 for a Super Over!</p>"},"tags":[],"timestamp":1429639004000,"id":1168310,"time":"17:56","updateTime":1429639004182,"sequence":380.5,"type":"Manual"},{"bbcode":"J Faulkner to A Patel. He hits a nice boundary","thisOver":"4","progress":{"innings":2,"over":20,"ball":6},"speed":-1.0,"subtype":"BBCode","countingProgress":{"innings":2,"over":19,"ball":6},"bowlerId":193,"nonfacingBatsmanId":213,"facingBatsmanId":1113,"autoText":"J Faulkner to A Patel. He hits a nice boundary","message":{"text":null},"tags":["four"],"timestamp":1429639037000,"id":1168311,"time":"17:56","updateTime":1429639004388,"sequence":381.5,"type":"Auto"},{"bbcode":"Four! Slashed away over point! We have a Super Over!","subtype":"BBCode","message":{"text":"<p>Four! Slashed away over point! We have a Super Over!</p>"},"tags":[],"timestamp":1429639050000,"id":1168313,"time":"17:56","updateTime":1429639018992,"sequence":382.0,"type":"Manual"},{"innings":2,"over":20,"overRuns":13,"overWickets":0,"inningsRuns":191,"inningsWickets":6,"inningsAllOut":false,"team":{"id":4,"fullName":"Kings XI Punjab","shortName":"Kings XI","abbreviation":"KXIP","primaryColor":"DA1F3D","secondaryColor":"FFFFFF","type":"m"},"batsmanSummaries":[{"batsman":{"id":1113,"fullName":"Axar Patel","shortName":"A Patel","nationality":"Indian","rightHandedBat":false,"dateOfBirth":759024000000,"names":["Axar Patel","A Patel"]},"runs":12,"balls":7,"fours":1,"sixes":0},{"batsman":{"id":213,"fullName":"Mitchell Johnson","shortName":"M Johnson","nationality":"Australian","rightHandedBat":true,"dateOfBirth":373507200000,"names":["Mitchell Johnson","M Johnson"]},"runs":13,"balls":7,"fours":1,"sixes":0}],"activeBatsman":213,"bowlerSummary":{"bowler":{"id":193,"fullName":"James Faulkner","shortName":"J Faulkner","nationality":"Australian","rightHandedBat":false,"dateOfBirth":641347200000,"names":["James Faulkner","J Faulkner"]},"overs":"4","runs":41,"wickets":0,"maidens":0},"inningsBalls":120,"inningsMaxBalls":120,"inningsTarget":192,"message":{"text":null},"tags":[],"timestamp":1429639004000,"id":1168312,"time":"17:56","updateTime":1429639004522,"sequence":382.5,"type":"Eov"},{"bbcode":"The teams cannot be split so we go into one of the most exciting moments in any sport... a Super Over!!","subtype":"BBCode","message":{"text":"<p>The teams cannot be split so we go into one of the most exciting moments in any sport... a Super Over!!</p>"},"tags":[],"timestamp":1429639257000,"id":1168323,"time":"18:00","updateTime":1429639255290,"sequence":383.0,"type":"Manual"},{"subtype":"EmbeddedTweet","tweetjson":{"created_at":"Tue Apr 21 17:57:01 +0000 2015","id":590574976488570880,"id_str":"590574976488570880","text":"SUPER OVER #IPL","source":"<a href=\"http://twitter.com\" rel=\"nofollow\">Twitter Web Client</a>","truncated":false,"in_reply_to_status_id":null,"in_reply_to_status_id_str":null,"in_reply_to_user_id":null,"in_reply_to_user_id_str":null,"in_reply_to_screen_name":null,"user":{"id":15639696,"id_str":"15639696","name":"IndianPremierLeague","screen_name":"IPL","location":"Mumbai, India","profile_location":null,"description":"Follow to get exclusive and real-time Indian Premier League news and updates.","url":"http://t.co/t6ijXbbB5o","entities":{"url":{"urls":[{"url":"http://t.co/t6ijXbbB5o","expanded_url":"http://www.iplt20.com","display_url":"iplt20.com","indices":[0,22]}]},"description":{"urls":[]}},"protected":false,"followers_count":2767771,"friends_count":101,"listed_count":3608,"created_at":"Tue Jul 29 00:25:41 +0000 2008","favourites_count":94,"utc_offset":19800,"time_zone":"Mumbai","geo_enabled":false,"verified":true,"statuses_count":37759,"lang":"en","contributors_enabled":false,"is_translator":false,"is_translation_enabled":false,"profile_background_color":"1A3989","profile_background_image_url":"http://pbs.twimg.com/profile_background_images/444347117209780224/QHfhUnln.jpeg","profile_background_image_url_https":"https://pbs.twimg.com/profile_background_images/444347117209780224/QHfhUnln.jpeg","profile_background_tile":false,"profile_image_url":"http://pbs.twimg.com/profile_images/378800000004890725/f44322e69f7579ef61effeaad22c28a1_normal.jpeg","profile_image_url_https":"https://pbs.twimg.com/profile_images/378800000004890725/f44322e69f7579ef61effeaad22c28a1_normal.jpeg","profile_banner_url":"https://pbs.twimg.com/profile_banners/15639696/1401779888","profile_link_color":"0099B9","profile_sidebar_border_color":"000000","profile_sidebar_fill_color":"95E8EC","profile_text_color":"3C3940","profile_use_background_image":true,"default_profile":false,"default_profile_image":false,"following":true,"follow_request_sent":false,"notifications":false},"geo":null,"coordinates":null,"place":null,"contributors":null,"retweet_count":132,"favorite_count":80,"entities":{"hashtags":[{"text":"IPL","indices":[11,15]}],"symbols":[],"user_mentions":[],"urls":[]},"favorited":false,"retweeted":false,"lang":"nl"},"message":{"text":"<blockquote class=\"twitter-tweet\" data-partner=\"tweetdeck\">\n<p>SUPER OVER <a href=\"https://twitter.com/hashtag/IPL?src=hash\">#IPL</a></p>\n&mdash; IndianPremierLeague (@IPL) <a href=\"https://twitter.com/IPL/status/590574976488570880\">April 21, 2015</a></blockquote>\n<script charset=\"utf-8\" type=\"text/javascript\" src=\"http://platform.twitter.com/widgets.js\"></script>"},"tags":[],"timestamp":1429639146000,"id":1168319,"time":"17:59","updateTime":1429639146311,"sequence":383.5,"type":"Manual"},{"bbcode":"KXIP come to the crease and it is Marsh and Miller! Watson brings his troops to the field and has to mastermined this amazing finish. Chris Morris has the ball in his hand and Miller will take the first","subtype":"BBCode","message":{"text":"<p>KXIP come to the crease and it is Marsh and Miller! Watson brings his troops to the field and has to mastermined this amazing finish. Chris Morris has the ball in his hand and Miller will take the first</p>"},"tags":[],"timestamp":1429639463000,"id":1168331,"time":"18:04","updateTime":1429639463801,"sequence":384.5,"type":"Manual"},{"bbcode":"C Morris to D Miller, [b]WICKET!!! D Miller is out[/b] lbw Chris Morris.","thisOver":"W","progress":{"innings":3,"over":1,"ball":1},"speed":-1.0,"subtype":"BBCode","countingProgress":{"innings":3,"over":0,"ball":1},"bowlerId":836,"nonfacingBatsmanId":191,"facingBatsmanId":187,"autoText":"C Morris to D Miller, <b>WICKET!!! D Miller is out</b> lbw Chris Morris.","message":{"text":null},"tags":["wicket"],"timestamp":1462527644000,"id":1575787,"time":"09:23","updateTime":1462526612985,"sequence":385.0,"type":"Auto"},{"bbcode":"[b]Ball 1 - [/b][b]Wicket![/b] Miller misses the full toss and is plumb in front of the stumps! The finger goes up and the Super Over produces the unexpected already. 0/1","subtype":"BBCode","message":{"text":"<p><strong>Ball 1 -&nbsp;</strong><strong>Wicket!</strong>&nbsp;Miller misses the full toss and is plumb in front of the stumps! The finger goes up and the Super Over produces the unexpected already. 0/1</p>"},"tags":[],"timestamp":1429639663000,"id":1168333,"time":"18:05","updateTime":1429639510818,"sequence":385.5,"type":"Manual"},{"bbcode":"C Morris to G Maxwell, one run.","thisOver":"1","progress":{"innings":3,"over":1,"ball":2},"subtype":"BBCode","countingProgress":{"innings":3,"over":0,"ball":2},"bowlerId":836,"nonfacingBatsmanId":191,"facingBatsmanId":282,"autoText":"C Morris to G Maxwell, one run.","message":{"text":null},"tags":[],"timestamp":1462527659000,"id":1575788,"time":"09:24","updateTime":1462526652733,"sequence":386.0,"type":"Auto"},{"bbcode":"[b]Ball 2 - [/b]Marsh skews the ball over the cover and it lands safe. 1 run! 1/1","subtype":"BBCode","message":{"text":"<p><strong>Ball 2 -&nbsp;</strong>Marsh skews the ball over the cover and it lands safe. 1 run! 1/1</p>"},"tags":[],"timestamp":1429639669000,"id":1168337,"time":"18:06","updateTime":1429639589987,"sequence":386.5,"type":"Manual"},{"bbcode":"C Morris to S Marsh, 5 runs, no-ball.","thisOver":"5Nb","progress":{"innings":3,"over":1,"ball":3},"subtype":"BBCode","countingProgress":{"innings":3,"over":0,"ball":3},"bowlerId":836,"nonfacingBatsmanId":282,"facingBatsmanId":191,"autoText":"C Morris to S Marsh, 5 runs, no-ball.","message":{"text":null},"tags":["four"],"timestamp":1462527696000,"id":1575789,"time":"09:24","updateTime":1462526661660,"sequence":387.0,"type":"Auto"},{"bbcode":"[b]Ball 3[/b] - Four! It is a waist high no ball and it is slapped away past point. 6/1","subtype":"BBCode","message":{"text":"<p><strong>Ball 3</strong> - Four! It is a waist high no ball and it is slapped away past point. 6/1</p>"},"tags":[],"timestamp":1429639678000,"id":1168339,"time":"18:07","updateTime":1429639649188,"sequence":387.5,"type":"Manual"},{"bbcode":"C Morris to S Marsh, FOUR.","thisOver":"4","progress":{"innings":3,"over":1,"ball":4},"subtype":"BBCode","countingProgress":{"innings":3,"over":0,"ball":3},"bowlerId":836,"nonfacingBatsmanId":282,"facingBatsmanId":191,"autoText":"C Morris to S Marsh, FOUR.","message":{"text":null},"tags":["four"],"timestamp":1462527716000,"id":1575790,"time":"09:24","updateTime":1462526667936,"sequence":388.0,"type":"Auto"},{"bbcode":"[b]Ball 4[/b] - Pulled away to the fence! What a strike! 10/1","subtype":"BBCode","message":{"text":"<p><strong>Ball 4</strong> - Pulled away to the fence! What a strike! 10/1</p>"},"tags":[],"timestamp":1429639706000,"id":1168342,"time":"18:08","updateTime":1429639687442,"sequence":388.5,"type":"Manual"},{"bbcode":"C Morris to S Marsh, FOUR.","thisOver":"4","progress":{"innings":3,"over":1,"ball":5},"subtype":"BBCode","countingProgress":{"innings":3,"over":0,"ball":4},"bowlerId":836,"nonfacingBatsmanId":282,"facingBatsmanId":191,"autoText":"C Morris to S Marsh, FOUR.","message":{"text":null},"tags":["four"],"timestamp":1462527731000,"id":1575791,"time":"09:24","updateTime":1462526672857,"sequence":389.0,"type":"Auto"},{"bbcode":"[b]Ball 5 - [/b]Four! Smashed down the ground! Marsh is loving this moment and this rockets down the ground. 14/1","subtype":"BBCode","message":{"text":"<p><strong>Ball 5 -&nbsp;</strong>Four!&nbsp;Smashed down the ground! Marsh is loving this moment and this rockets down the ground. 14/1</p>"},"tags":[],"timestamp":1429640051000,"id":1168345,"time":"18:08","updateTime":1429639736944,"sequence":389.5,"type":"Manual"},{"bbcode":"C Morris to S Marsh, no run.","thisOver":".","progress":{"innings":3,"over":1,"ball":6},"subtype":"BBCode","countingProgress":{"innings":3,"over":0,"ball":5},"bowlerId":836,"nonfacingBatsmanId":282,"facingBatsmanId":191,"autoText":"C Morris to S Marsh, no run.","message":{"text":null},"tags":[],"timestamp":1462527742000,"id":1575792,"time":"09:24","updateTime":1462526675957,"sequence":390.0,"type":"Auto"},{"bbcode":"[b]Ball 6 - [/b]A dot ball! Marsh misses a wide one outside his off stump. 14/1","subtype":"BBCode","message":{"text":"<p><strong>Ball 6 -&nbsp;</strong>A dot ball! Marsh misses a wide one outside his off stump. 14/1</p>"},"tags":[],"timestamp":1429639779000,"id":1168347,"time":"18:09","updateTime":1429639779256,"sequence":390.5,"type":"Manual"},{"bbcode":"C Morris to S Marsh, 1 leg bye.","thisOver":"1Lb","progress":{"innings":3,"over":1,"ball":7},"subtype":"BBCode","countingProgress":{"innings":3,"over":0,"ball":6},"bowlerId":836,"nonfacingBatsmanId":282,"facingBatsmanId":191,"autoText":"C Morris to S Marsh, 1 leg bye.","message":{"text":null},"tags":[],"timestamp":1462527752000,"id":1575793,"time":"09:24","updateTime":1462526692877,"sequence":391.0,"type":"Auto"},{"bbcode":"[b]Ball 7 - [/b] A toe crushing yorker bounces off the boot and the players take a leg bye. 15/1","subtype":"BBCode","message":{"text":"<p><strong>Ball 7 -&nbsp;</strong> A toe crushing yorker bounces off the boot and the players take a leg bye. 15/1</p>"},"tags":[],"timestamp":1429639838000,"id":1168350,"time":"18:10","updateTime":1429639838678,"sequence":391.5,"type":"Manual"},{"innings":3,"over":1,"overRuns":15,"overWickets":1,"inningsRuns":15,"inningsWickets":1,"inningsAllOut":false,"team":{"id":4,"fullName":"Kings XI Punjab","shortName":"Kings XI","abbreviation":"KXIP","primaryColor":"DA1F3D","secondaryColor":"FFFFFF","type":"m"},"batsmanSummaries":[{"batsman":{"id":191,"fullName":"Shaun Marsh","shortName":"S Marsh","nationality":"Australian","rightHandedBat":false,"dateOfBirth":426556800000,"names":["Shaun Marsh","S Marsh"]},"runs":12,"balls":5,"fours":3,"sixes":0},{"batsman":{"id":282,"fullName":"Glenn Maxwell","shortName":"G Maxwell","nationality":"Australian","rightHandedBat":false,"dateOfBirth":592790400000,"names":["Glenn Maxwell","G Maxwell"]},"runs":1,"balls":1,"fours":0,"sixes":0}],"activeBatsman":191,"bowlerSummary":{"bowler":{"id":836,"fullName":"Chris Morris","shortName":"C Morris","nationality":"South African","rightHandedBat":true,"dateOfBirth":546739200000,"names":["Chris Morris","C Morris"]},"overs":"1","runs":14,"wickets":1,"maidens":0},"inningsBalls":6,"inningsMaxBalls":6,"inningsTarget":0,"projectedScore":15,"requiredRuns":-1,"message":{"text":null},"tags":[],"timestamp":1462527765000,"id":1575794,"time":"09:24","updateTime":1462526693189,"sequence":392.0,"type":"Eov"},{"bbcode":"[b]Super Over - Rajasthan Royals require 16 runs to win[/b]","subtype":"BBCode","message":{"text":"<p><strong>Super Over - Rajasthan Royals require 16 runs to win</strong></p>"},"tags":[],"timestamp":1429639925000,"id":1168352,"time":"18:11","updateTime":1429639915856,"sequence":392.5,"type":"Manual"},{"subtype":"EmbeddedTweet","tweetjson":{"created_at":"Tue Apr 21 18:10:55 +0000 2015","id":590578474831769600,"id_str":"590578474831769600","text":".@shaunmarsh9 take a bow. Can't believe that this is his first game for #IPL2015","source":"<a href=\"http://twitter.com/download/iphone\" rel=\"nofollow\">Twitter for iPhone</a>","truncated":false,"in_reply_to_status_id":null,"in_reply_to_status_id_str":null,"in_reply_to_user_id":null,"in_reply_to_user_id_str":null,"in_reply_to_screen_name":null,"user":{"id":393842481,"id_str":"393842481","name":"Lisa Sthalekar","screen_name":"sthalekar93","location":"Sydney","profile_location":null,"description":"Former NSW and Australian Cricketer. Cricket commentator and specialist Coach. Love movies, a glass of wine & a tragic netball supporter. These views are my own","url":"http://t.co/1LusPoTn1m","entities":{"url":{"urls":[{"url":"http://t.co/1LusPoTn1m","expanded_url":"http://www.lisasthalekar.com","display_url":"lisasthalekar.com","indices":[0,22]}]},"description":{"urls":[]}},"protected":false,"followers_count":7835,"friends_count":312,"listed_count":128,"created_at":"Wed Oct 19 04:58:26 +0000 2011","favourites_count":509,"utc_offset":-36000,"time_zone":"Hawaii","geo_enabled":false,"verified":true,"statuses_count":2696,"lang":"en","contributors_enabled":false,"is_translator":false,"is_translation_enabled":false,"profile_background_color":"C0DEED","profile_background_image_url":"http://pbs.twimg.com/profile_background_images/351964998/bg2.jpg","profile_background_image_url_https":"https://pbs.twimg.com/profile_background_images/351964998/bg2.jpg","profile_background_tile":true,"profile_image_url":"http://pbs.twimg.com/profile_images/537151335829757952/x8JzcUXG_normal.jpeg","profile_image_url_https":"https://pbs.twimg.com/profile_images/537151335829757952/x8JzcUXG_normal.jpeg","profile_banner_url":"https://pbs.twimg.com/profile_banners/393842481/1378039878","profile_link_color":"0084B4","profile_sidebar_border_color":"C0DEED","profile_sidebar_fill_color":"DDEEF6","profile_text_color":"333333","profile_use_background_image":true,"default_profile":false,"default_profile_image":false,"following":false,"follow_request_sent":false,"notifications":false},"geo":null,"coordinates":null,"place":null,"contributors":null,"retweet_count":1,"favorite_count":2,"entities":{"hashtags":[{"text":"IPL2015","indices":[72,80]}],"symbols":[],"user_mentions":[{"screen_name":"shaunmarsh9","name":"shaun marsh","id":429035507,"id_str":"429035507","indices":[1,13]}],"urls":[]},"favorited":false,"retweeted":false,"lang":"en"},"message":{"text":"<blockquote class=\"twitter-tweet\" data-partner=\"tweetdeck\">\n<p>.<a href=\"https://twitter.com/shaunmarsh9\">@shaunmarsh9</a> take a bow. Can't believe that this is his first game for <a href=\"https://twitter.com/hashtag/IPL2015?src=hash\">#IPL2015</a></p>\n&mdash; Lisa Sthalekar (@sthalekar93) <a href=\"https://twitter.com/sthalekar93/status/590578474831769600\">April 21, 2015</a></blockquote>\n<script charset=\"utf-8\" type=\"text/javascript\" src=\"http://platform.twitter.com/widgets.js\"></script>"},"tags":[],"timestamp":1429639952000,"id":1168355,"time":"18:12","updateTime":1429639952329,"sequence":393.5,"type":"Manual"},{"bbcode":"Sehwag leads his side out with all his experience. Mitchell Johnson will have the responsibility of the bowling, the Royals have Watson taking the first ball and Faulkner at the non strikers. It is an all Australian affair!","subtype":"BBCode","message":{"text":"<p>Sehwag leads his side out with all his experience. Mitchell Johnson will have the responsibility of the bowling, the Royals have Watson taking the first ball and Faulkner at the non strikers. It is an all Australian affair!</p>"},"tags":[],"timestamp":1429640347000,"id":1168360,"time":"18:19","updateTime":1429640347536,"sequence":394.5,"type":"Manual"},{"bbcode":"M Johnson to S Watson, [b]WICKET!!! S Watson is out[/b] b Mitchell Johnson.","thisOver":"W","progress":{"innings":4,"over":1,"ball":1},"subtype":"BBCode","countingProgress":{"innings":4,"over":0,"ball":1},"bowlerId":213,"nonfacingBatsmanId":193,"facingBatsmanId":227,"autoText":"M Johnson to S Watson, <b>WICKET!!! S Watson is out</b> b Mitchell Johnson.","message":{"text":null},"tags":["wicket"],"timestamp":1462527874000,"id":1575795,"time":"09:25","updateTime":1462526727701,"sequence":395.0,"type":"Auto"},{"bbcode":"[b]Ball 1 - Wicket![/b] Timberrrrr! Watson moves to leg and misses the accurate yorker, off stump is uprooted! In comes Steve Smith! 16 off 5...","subtype":"BBCode","message":{"text":"<p><strong>Ball 1 - Wicket!</strong> Timberrrrr! Watson moves to leg and misses the accurate yorker, off stump is uprooted! In comes Steve Smith! 16 off 5...</p>"},"tags":[],"timestamp":1429640439000,"id":1168361,"time":"18:20","updateTime":1429640412763,"sequence":395.5,"type":"Manual"},{"bbcode":"M Johnson to S Smith, 5 runs, no-ball.","thisOver":"5Nb","progress":{"innings":4,"over":1,"ball":2},"subtype":"BBCode","countingProgress":{"innings":4,"over":0,"ball":2},"bowlerId":213,"nonfacingBatsmanId":193,"facingBatsmanId":271,"autoText":"M Johnson to S Smith, 5 runs, no-ball.","message":{"text":null},"tags":["four"],"timestamp":1462527880000,"id":1575796,"time":"09:25","updateTime":1462526742472,"sequence":396.0,"type":"Auto"},{"bbcode":"[b]Ball 2 - [/b]No ball waist high full toss... edged away fine on the off side by Smith. RR also get an extra ball. 11 off 5...","subtype":"BBCode","message":{"text":"<p><strong>Ball 2 -&nbsp;</strong>No ball waist high full toss... edged away fine on the off side by Smith. RR also get an extra ball. 11 off 5...</p>"},"tags":[],"timestamp":1429640582000,"id":1168365,"time":"18:22","updateTime":1429640536471,"sequence":396.5,"type":"Manual"},{"bbcode":"M Johnson to S Smith, one run.","thisOver":"1","progress":{"innings":4,"over":1,"ball":3},"subtype":"BBCode","countingProgress":{"innings":4,"over":0,"ball":2},"bowlerId":213,"nonfacingBatsmanId":193,"facingBatsmanId":271,"autoText":"M Johnson to S Smith, one run.","message":{"text":null},"tags":[],"timestamp":1462527894000,"id":1575797,"time":"09:25","updateTime":1462526747381,"sequence":397.0,"type":"Auto"},{"bbcode":"[b]Ball 3 - [/b]The yorker is dug out down the ground by Smith and a single is taken. 10 off 4...","subtype":"BBCode","message":{"text":"<p><strong>Ball 3 -&nbsp;</strong>The yorker is dug out down the ground by Smith and a single is taken. 10 off 4...</p>"},"tags":[],"timestamp":1429640573000,"id":1168367,"time":"18:22","updateTime":1429640560630,"sequence":397.5,"type":"Manual"},{"bbcode":"M Johnson to J Faulkner, [b]WICKET!!! J Faulkner is out[/b] run out (Wriddhiman Saha).","thisOver":"W","progress":{"innings":4,"over":1,"ball":4},"subtype":"BBCode","countingProgress":{"innings":4,"over":0,"ball":3},"bowlerId":213,"nonfacingBatsmanId":271,"facingBatsmanId":193,"autoText":"M Johnson to J Faulkner, <b>WICKET!!! J Faulkner is out</b> run out (Wriddhiman Saha).","message":{"text":null},"tags":["wicket"],"timestamp":1462527936000,"id":1575798,"time":"09:25","updateTime":1462526755453,"sequence":398.0,"type":"Auto"},{"bbcode":"[b]Ball 4 - Wicket![/b] Faulkner winds up a slog to leg and misses the ball. He was outside his crease and Saha keeps his cool to run him out and win the match","subtype":"BBCode","message":{"text":"<p><strong>Ball 4 - Wicket!</strong> Faulkner winds up a slog to leg and misses the ball. He was outside his crease and Saha keeps his cool to run him out and win the match</p>"},"tags":[],"timestamp":1429640653000,"id":1168371,"time":"18:24","updateTime":1429640653528,"sequence":398.5,"type":"Manual"},{"innings":4,"over":1,"overRuns":6,"overWickets":2,"inningsRuns":6,"inningsWickets":2,"inningsAllOut":true,"team":{"id":8,"fullName":"Rajasthan Royals","shortName":"Royals","abbreviation":"RR","primaryColor":"004B8C","secondaryColor":"FFFFFF","type":"m"},"batsmanSummaries":[{"batsman":{"id":271,"fullName":"Steve Smith","shortName":"S Smith","nationality":"Australian","rightHandedBat":false,"dateOfBirth":612748800000,"names":["Steve Smith","S Smith"]},"runs":5,"balls":2,"fours":1,"sixes":0}],"activeBatsman":-1,"bowlerSummary":{"bowler":{"id":213,"fullName":"Mitchell Johnson","shortName":"M Johnson","nationality":"Australian","rightHandedBat":true,"dateOfBirth":373507200000,"names":["Mitchell Johnson","M Johnson"]},"overs":"0.3","runs":6,"wickets":1,"maidens":0},"inningsBalls":3,"inningsMaxBalls":6,"inningsTarget":16,"projectedScore":-1,"requiredRuns":10,"message":{"text":null},"tags":[],"timestamp":1462527943000,"id":1575799,"time":"09:25","updateTime":1462526755769,"sequence":399.0,"type":"Eov"},{"bbcode":"[b]Match Tied (Kings XI Punjab win Super Over)[/b]","subtype":"BBCode","message":{"text":"<p><strong>Match Tied (Kings XI Punjab win Super Over)</strong></p>"},"tags":[],"timestamp":1429641222000,"id":1168374,"time":"18:24","updateTime":1429640685864,"sequence":399.5,"type":"Manual"}]}