{"squadId":461,"totalVotes":2877,"players":[{"id":45,"voteCount":2674,"fullName":"Virender Sehwag","shortName":"V Sehwag"},{"id":282,"voteCount":2580,"fullName":"Glenn Maxwell","shortName":"G Maxwell"},{"id":1112,"voteCount":2436,"fullName":"Sandeep Sharma","shortName":"Sandeep Sharma"},{"id":16,"voteCount":2420,"fullName":"Wriddhiman Saha","shortName":"W Saha"},{"id":1113,"voteCount":2416,"fullName":"Axar Patel","shortName":"A Patel"},{"id":19,"voteCount":2351,"fullName":"George Bailey","shortName":"G Bailey"},{"id":213,"voteCount":2314,"fullName":"Mitchell Johnson","shortName":"M Johnson"},{"id":412,"voteCount":2178,"fullName":"Anureet Singh","shortName":"Anureet Singh"},{"id":7,"voteCount":2120,"fullName":"Murali Vijay","shortName":"M Vijay"},{"id":187,"voteCount":2087,"fullName":"David Miller","shortName":"D Miller"},{"id":1085,"voteCount":1431,"fullName":"Manan Vohra","shortName":"M Vohra"},{"id":1088,"voteCount":1164,"fullName":"Rishi Dhawan","shortName":"R Dhawan"},{"id":215,"voteCount":635,"fullName":"Thisara Perera","shortName":"T Perera"},{"id":191,"voteCount":518,"fullName":"Shaun Marsh","shortName":"S Marsh"},{"id":254,"voteCount":459,"fullName":"Parvinder Awana","shortName":"P Awana"},{"id":1743,"voteCount":347,"fullName":"Karanveer Singh","shortName":"K Singh"},{"id":253,"voteCount":328,"fullName":"Gurkeerat Mann Singh","shortName":"GM Singh"},{"id":1744,"voteCount":239,"fullName":"Shivam Sharma","shortName":"Shivam Sharma"},{"id":1745,"voteCount":128,"fullName":"Shardul Thakur","shortName":"S Thakur"},{"id":2732,"voteCount":93,"fullName":"Nikhil Naik","shortName":"N Naik"},{"id":1752,"voteCount":92,"fullName":"Beuran Hendricks","shortName":"B Hendricks"},{"id":2733,"voteCount":72,"fullName":"Yogesh Golwalkar","shortName":"Y Golwalkar"}]}