{"squadId":465,"totalVotes":2779,"players":[{"id":227,"voteCount":2639,"fullName":"Shane Watson","shortName":"S Watson"},{"id":135,"voteCount":2612,"fullName":"Ajinkya Rahane","shortName":"A Rahane"},{"id":193,"voteCount":2588,"fullName":"James Faulkner","shortName":"J Faulkner"},{"id":271,"voteCount":2580,"fullName":"Steve Smith","shortName":"S Smith"},{"id":258,"voteCount":2578,"fullName":"Sanju Samson","shortName":"S Samson"},{"id":1114,"voteCount":2490,"fullName":"Pravin Tambe","shortName":"P Tambe"},{"id":1556,"voteCount":2440,"fullName":"Deepak Hooda","shortName":"D Hooda"},{"id":148,"voteCount":2242,"fullName":"Stuart Binny","shortName":"S Binny"},{"id":101,"voteCount":1947,"fullName":"Dhawal Kulkarni","shortName":"D Kulkarni"},{"id":276,"voteCount":1818,"fullName":"Karun Nair","shortName":"K Nair"},{"id":836,"voteCount":1710,"fullName":"Chris Morris","shortName":"C Morris"},{"id":307,"voteCount":926,"fullName":"Tim Southee","shortName":"T Southee"},{"id":32,"voteCount":725,"fullName":"Ankit Sharma","shortName":"A Sharma"},{"id":92,"voteCount":623,"fullName":"Rajat Bhatia","shortName":"R Bhatia"},{"id":66,"voteCount":410,"fullName":"Abhishek Nayar","shortName":"A Nayar"},{"id":141,"voteCount":209,"fullName":"Dishant Yagnik","shortName":"D Yagnik"},{"id":2747,"voteCount":152,"fullName":"Sagar Trivedi","shortName":"SV Trivedi"},{"id":798,"voteCount":112,"fullName":"Kane Richardson","shortName":"K Richardson"},{"id":2745,"voteCount":97,"fullName":"Pradeep Sahu","shortName":"P Sahu"},{"id":82,"voteCount":95,"fullName":"Vikramjeet Malik","shortName":"V Malik"},{"id":317,"voteCount":79,"fullName":"Dinesh Salunkhe","shortName":"D Salunkhe"},{"id":1749,"voteCount":75,"fullName":"Rahul Tewatia","shortName":"R Tewatia"},{"id":913,"voteCount":50,"fullName":"Ben Cutting","shortName":"B Cutting"},{"id":2746,"voteCount":42,"fullName":"Barinder Saran","shortName":"BS Saran"},{"id":183,"voteCount":31,"fullName":"Juan Theron","shortName":"J Theron"}]}