{"matchId":{"tournamentId":{"name":"ipl2015","id":2785},"parentId":{"name":"ipl2015","id":2785},"name":"ipl2015-18","id":3243},"innings":[{"scorecard":{"runs":191,"wkts":6,"battingStats":[{"sr":"137.03","4s":6,"6s":2,"mod":{"dismissedBp":{"innings":1,"over":18,"ball":5},"countingBp":{"innings":1,"over":18,"ball":4},"additionalPlayerIds":[16],"bowlerId":213,"dismissedMethod":"ct","text":"c Wriddhiman Saha b Mitchell Johnson"},"playerId":135,"r":74,"b":54},{"sr":"128.57","4s":5,"6s":2,"mod":{"dismissedBp":{"innings":1,"over":12,"ball":3},"countingBp":{"innings":1,"over":12,"ball":3},"additionalPlayerIds":[16],"bowlerId":1113,"dismissedMethod":"st","text":"st Wriddhiman Saha b Axar Patel"},"playerId":227,"r":45,"b":35},{"sr":"211.11","4s":1,"6s":2,"mod":{"dismissedBp":{"innings":1,"over":15,"ball":6},"countingBp":{"innings":1,"over":15,"ball":6},"bowlerId":1744,"dismissedMethod":"b","text":"b Shivam Sharma"},"playerId":1556,"r":19,"b":9},{"sr":"0.00","4s":0,"6s":0,"mod":{"dismissedBp":{"innings":1,"over":16,"ball":3},"countingBp":{"innings":1,"over":16,"ball":3},"additionalPlayerIds":[282],"bowlerId":1113,"dismissedMethod":"ct","text":"c Glenn Maxwell b Axar Patel"},"playerId":271,"r":0,"b":1},{"sr":"192.30","4s":2,"6s":1,"mod":{"dismissedBp":{"innings":1,"over":20,"ball":1},"countingBp":{"innings":1,"over":20,"ball":1},"additionalPlayerIds":[1113],"bowlerId":412,"dismissedMethod":"ct","text":"c Axar Patel b Anureet Singh"},"playerId":276,"r":25,"b":13},{"sr":"33.33","4s":0,"6s":0,"mod":{"dismissedBp":{"innings":1,"over":19,"ball":2},"countingBp":{"innings":1,"over":19,"ball":1},"additionalPlayerIds":[282],"bowlerId":1112,"dismissedMethod":"ct","text":"c Glenn Maxwell b Sandeep Sharma"},"playerId":193,"r":1,"b":3},{"sr":"300.00","4s":1,"6s":1,"playerId":148,"r":12,"b":4},{"sr":"250.00","4s":1,"6s":0,"playerId":258,"r":5,"b":2}],"bowlingStats":[{"e":"6.25","wd":3,"nb":0,"ov":"4","d":12,"maid":0,"playerId":1112,"r":25,"w":1},{"e":"10.25","wd":0,"nb":0,"ov":"4","d":7,"maid":0,"playerId":412,"r":41,"w":1},{"e":"8.25","wd":1,"nb":1,"ov":"4","d":9,"maid":0,"playerId":213,"r":33,"w":1},{"e":"7.50","wd":1,"nb":0,"ov":"4","d":7,"maid":0,"playerId":1113,"r":30,"w":2},{"e":"14.66","wd":0,"nb":0,"ov":"3","d":3,"maid":0,"playerId":1744,"r":44,"w":1},{"e":"15.00","wd":0,"nb":0,"ov":"1","d":1,"maid":0,"playerId":282,"r":15,"w":0}],"fow":[{"playerId":227,"bp":{"innings":1,"over":12,"ball":3},"r":95,"w":1},{"playerId":1556,"bp":{"innings":1,"over":15,"ball":6},"r":136,"w":2},{"playerId":271,"bp":{"innings":1,"over":16,"ball":3},"r":137,"w":3},{"playerId":135,"bp":{"innings":1,"over":18,"ball":4},"r":162,"w":4},{"playerId":193,"bp":{"innings":1,"over":19,"ball":1},"r":166,"w":5},{"playerId":276,"bp":{"innings":1,"over":20,"ball":1},"r":175,"w":6}],"extras":{"noBallRuns":1,"wideRuns":6,"legByeRuns":3}},"overProgress":"20","runRate":"9.55","inningsNumber":1,"overHistory":[{"ovNo":1,"ovBalls":["1","1Lb","2","1",".","1"]},{"ovNo":2,"ovBalls":[".","4",".",".","3","1"]},{"ovNo":3,"ovBalls":[".","2","4","1",".","1Wd","."]},{"ovNo":4,"ovBalls":[".",".",".","4","4","1"]},{"ovNo":5,"ovBalls":["1Lb",".",".","1Wd",".",".","1"]},{"ovNo":6,"ovBalls":[".",".",".","1","4","4"]},{"ovNo":7,"ovBalls":["1","1","2Wd","1","1",".","1"]},{"ovNo":8,"ovBalls":["1","1","1Lb","1","1","4"]},{"ovNo":9,"ovBalls":[".","1","4","6","4","4"]},{"ovNo":10,"ovBalls":["2",".","1","6","1","2"]},{"ovNo":11,"ovBalls":["1",".","1","1","1","."]},{"ovNo":12,"ovBalls":["1",".","W","1","2","1"]},{"ovNo":13,"ovBalls":["1",".","6","1","1","6"]},{"ovNo":14,"ovBalls":[".","6","1","1",".","1"]},{"ovNo":15,"ovBalls":["2","6","1","4",".","W"]},{"ovNo":16,"ovBalls":[".","1","W",".","1","4"]},{"ovNo":17,"ovBalls":["1","2","4","2","1","2"]},{"ovNo":18,"ovBalls":["1Wd","2","1","4","W","1Nb","1","1"]},{"ovNo":19,"ovBalls":["1Wd","W","6",".","1","1","1"]},{"ovNo":20,"ovBalls":["W","1","4","1","4","6"]}]},{"scorecard":{"runs":191,"wkts":6,"battingStats":[{"sr":"116.66","4s":0,"6s":2,"mod":{"dismissedBp":{"innings":2,"over":7,"ball":2},"countingBp":{"innings":2,"over":7,"ball":2},"additionalPlayerIds":[1749],"bowlerId":1749,"dismissedMethod":"ro","text":"run out (Rahul Tewatia)"},"playerId":7,"r":21,"b":18},{"sr":"25.00","4s":0,"6s":0,"mod":{"dismissedBp":{"innings":2,"over":2,"ball":6},"countingBp":{"innings":2,"over":2,"ball":6},"additionalPlayerIds":[271],"bowlerId":148,"dismissedMethod":"ro","text":"run out (Steve Smith)"},"playerId":45,"r":1,"b":4},{"sr":"162.50","4s":5,"6s":3,"mod":{"dismissedBp":{"innings":2,"over":15,"ball":3},"countingBp":{"innings":2,"over":15,"ball":3},"additionalPlayerIds":[135],"bowlerId":1114,"dismissedMethod":"ct","text":"c Ajinkya Rahane b Pravin Tambe"},"playerId":191,"r":65,"b":40},{"sr":"16.66","4s":0,"6s":0,"mod":{"dismissedBp":{"innings":2,"over":9,"ball":4},"countingBp":{"innings":2,"over":9,"ball":4},"additionalPlayerIds":[271],"bowlerId":1749,"dismissedMethod":"ct","text":"c Steve Smith b Rahul Tewatia"},"playerId":282,"r":1,"b":6},{"sr":"180.00","4s":1,"6s":5,"mod":{"dismissedBp":{"innings":2,"over":18,"ball":5},"countingBp":{"innings":2,"over":18,"ball":5},"additionalPlayerIds":[148],"bowlerId":1556,"dismissedMethod":"ct","text":"c Stuart Binny b Deepak Hooda"},"playerId":187,"r":54,"b":30},{"sr":"237.50","4s":4,"6s":0,"mod":{"dismissedBp":{"innings":2,"over":17,"ball":6},"countingBp":{"innings":2,"over":17,"ball":6},"bowlerId":836,"dismissedMethod":"b","text":"b Chris Morris"},"playerId":16,"r":19,"b":8},{"sr":"171.42","4s":1,"6s":0,"playerId":1113,"r":12,"b":7},{"sr":"185.71","4s":1,"6s":0,"playerId":213,"r":13,"b":7}],"bowlingStats":[{"e":"8.50","wd":1,"nb":0,"ov":"4","d":10,"maid":0,"playerId":836,"r":34,"w":1},{"e":"6.50","wd":0,"nb":0,"ov":"2","d":8,"maid":0,"playerId":148,"r":13,"w":0},{"e":"10.25","wd":0,"nb":0,"ov":"4","d":8,"maid":0,"playerId":193,"r":41,"w":0},{"e":"6.66","wd":0,"nb":0,"ov":"3","d":5,"maid":0,"playerId":1114,"r":20,"w":1},{"e":"10.33","wd":0,"nb":0,"ov":"3","d":6,"maid":0,"playerId":1749,"r":31,"w":1},{"e":"11.66","wd":0,"nb":0,"ov":"3","d":3,"maid":0,"playerId":1556,"r":35,"w":1},{"e":"13.00","wd":0,"nb":0,"ov":"1","d":0,"maid":0,"playerId":227,"r":13,"w":0}],"fow":[{"playerId":45,"bp":{"innings":2,"over":2,"ball":6},"r":3,"w":1},{"playerId":7,"bp":{"innings":2,"over":7,"ball":2},"r":42,"w":2},{"playerId":282,"bp":{"innings":2,"over":9,"ball":4},"r":59,"w":3},{"playerId":191,"bp":{"innings":2,"over":15,"ball":3},"r":117,"w":4},{"playerId":16,"bp":{"innings":2,"over":17,"ball":6},"r":152,"w":5},{"playerId":187,"bp":{"innings":2,"over":18,"ball":5},"r":166,"w":6}],"extras":{"wideRuns":1,"legByeRuns":4}},"overProgress":"20","runRate":"9.55","inningsNumber":2,"overHistory":[{"ovNo":1,"ovBalls":[".",".",".","2",".","."]},{"ovNo":2,"ovBalls":[".",".",".","1",".","W"]},{"ovNo":3,"ovBalls":[".","2","1",".","4","2"]},{"ovNo":4,"ovBalls":["6",".","1Lb",".","4","2"]},{"ovNo":5,"ovBalls":["1",".","1","1","3","2"]},{"ovNo":6,"ovBalls":[".",".",".",".","1","6"]},{"ovNo":7,"ovBalls":["2","W",".","4","1","."]},{"ovNo":8,"ovBalls":["1","1","4","1Lb",".","."]},{"ovNo":9,"ovBalls":["4","1",".","W","1","1"]},{"ovNo":10,"ovBalls":["1","1",".","1","1","2"]},{"ovNo":11,"ovBalls":["6","2",".","2","6","1"]},{"ovNo":12,"ovBalls":["1","1Lb","1",".",".","."]},{"ovNo":13,"ovBalls":["1","1","1","2","2","6"]},{"ovNo":14,"ovBalls":["6","1",".","2","4","1"]},{"ovNo":15,"ovBalls":["2","1","W","1","1","1"]},{"ovNo":16,"ovBalls":["1Lb","4","1",".","6","6"]},{"ovNo":17,"ovBalls":["4","4","1","1","4","W"]},{"ovNo":18,"ovBalls":["6","1","1","6","W","1"]},{"ovNo":19,"ovBalls":["1","2","1","1","1Wd","4","1"]},{"ovNo":20,"ovBalls":["2","2","1","2","2","4"]}]}],"tieBreaker":{"innings":[{"scorecard":{"runs":15,"wkts":1,"battingStats":[{"sr":"0.00","4s":0,"6s":0,"mod":{"dismissedBp":{"innings":3,"over":1,"ball":1},"countingBp":{"innings":3,"over":1,"ball":1},"bowlerId":836,"dismissedMethod":"lbw","text":"lbw Chris Morris"},"playerId":187,"r":0,"b":1},{"sr":"240.00","4s":3,"6s":0,"playerId":191,"r":12,"b":5},{"sr":"100.00","4s":0,"6s":0,"playerId":282,"r":1,"b":1}],"bowlingStats":[{"e":"14.00","wd":0,"nb":1,"ov":"1","d":3,"maid":0,"playerId":836,"r":14,"w":1}],"fow":[{"playerId":187,"bp":{"innings":3,"over":1,"ball":1},"r":0,"w":1}],"extras":{"noBallRuns":1,"legByeRuns":1}},"overProgress":"1","runRate":"15.00","inningsNumber":1,"overHistory":[{"ovNo":1,"ovBalls":["W","1","5Nb","4","4",".","1Lb"]}]},{"scorecard":{"runs":6,"wkts":2,"battingStats":[{"sr":"0.00","4s":0,"6s":0,"mod":{"dismissedBp":{"innings":4,"over":1,"ball":1},"countingBp":{"innings":4,"over":1,"ball":1},"bowlerId":213,"dismissedMethod":"b","text":"b Mitchell Johnson"},"playerId":227,"r":0,"b":1},{"sr":"0.00","4s":0,"6s":0,"mod":{"dismissedBp":{"innings":4,"over":1,"ball":4},"countingBp":{"innings":4,"over":1,"ball":3},"additionalPlayerIds":[16],"bowlerId":213,"dismissedMethod":"ro","text":"run out (Wriddhiman Saha)"},"playerId":193,"r":0,"b":1},{"sr":"250.00","4s":1,"6s":0,"playerId":271,"r":5,"b":2}],"bowlingStats":[{"e":"12.00","wd":0,"nb":1,"ov":"0.3","d":2,"maid":0,"playerId":213,"r":6,"w":1}],"fow":[{"playerId":227,"bp":{"innings":4,"over":1,"ball":1},"r":0,"w":1},{"playerId":193,"bp":{"innings":4,"over":1,"ball":3},"r":6,"w":2}],"extras":{"noBallRuns":1}},"overProgress":"0.3","runRate":"12.00","inningsNumber":2,"overHistory":[{"ovNo":1,"ovBalls":["W","5Nb","1","W"]}]}],"currentState":{"facingBatsman":-1,"nonFacingBatsman":271,"phase":"C","currentBatsmen":[271,-1],"recentOvers":[{"ovNo":1,"ovBalls":["W","5Nb","1","W"]}],"currentInningsIndex":1,"currentPartnership":6,"currentBowler":213}},"matchInfo":{"matchType":"IPLT20","battingOrder":[0,1],"venue":{"shortName":"Sardar Patel Stadium","city":"Ahmedabad","id":19,"country":"India","fullName":"Sardar Patel Stadium"},"additionalInfo":{"toss.elected":"Kings XI Punjab, who chose to field","match.video.id":"4187002110001","stats.link":"http://www.iplt20.com/news/2015/more-news/6190/quick-stats-m18-rr-vs-kxip","match.summary":"Match Tied (Kings XI Punjab won Super Over)","photostream.link":"http://www.iplt20.com/photos/266/ipl-2015-match-18-rr-v-kxip","mom.video.id":"4187297098001","home.team.fan.total":"8229","notes.1.1":"Powerplay - 43 runs, 0 wickets","away.team.fan.total":"9372","notes.1.2":"RR: 50 runs in 6.6 overs","umpire.name.3":"Anil Chaudhary","notes.1.3":"1st Wicket: 50 runs in 42 balls (Ajinkya Rahane 32, Shane Watson 12)","umpire.name.4":"Krishnamachari Srinivasan","umpire.name.1":"Marais Erasmus","notes.1.4":"RR: 100 runs in 12.1 overs","umpire.name.2":"S Ravi","notes.1.5":"Ajinkya Rahane: 50 off 40 balls (5 x fours, 1 x six)","notes.1.6":"RR: 150 runs in 16.4 overs","notes.1.7":"Innings Break: RR - 191/6 in 20 overs","highlights.link":"http://www.iplt20.com/videos/media/id/4187002110001/m18-rr-vs-kxip-match-highlights","result.playerofthematch":"Shaun Marsh","mom.video.thumb":"http://brightcove.vo.llnwd.net/v1/unsecured/media/3588749423001/201504/869/3588749423001_4187235049001_video-still-for-video-4187297098001.jpg?pubId=3588749423001","interview.link":"http://www.iplt20.com/news/2015/features/6180/super-marsh-beats-rr-eyes-csk","sixes.video.id":"4187002105001","interview.thumb":"http://static2.iplt20.com/cms/media/images/320x213/37160.jpg","referee.name":"Chinmaya Sharma","match.superover":"y","match.video.thumb":"http://brightcove.vo.llnwd.net/v1/unsecured/media/3588749423001/201504/755/3588749423001_4187074652001_video-still-for-video-4187002110001.jpg?pubId=3588749423001","stats.thumb":"http://static2.iplt20.com/cms/media/images/320x213/37163.jpg","notes.2.7":"DA Miller: 50 off 29 balls (1 x four, 5 x sixes)","toss.winner":"Kings XI Punjab","notes.2.5":"4th Wicket: 50 runs in 30 balls (Shaun Marsh 31, David Miller 18)","sixes.video.thumb":"http://brightcove.vo.llnwd.net/v1/unsecured/media/3588749423001/201504/1117/3588749423001_4187131358001_vs-55369915e4b0cf8851a593c4-1592194024001.jpg?pubId=3588749423001","notes.2.6":"KXIP: 150 runs in 16.5 overs","notes.2.3":"Shaun Marsh: 50 off 32 balls (5 x fours, 2 x sixes)","notes.2.4":"KXIP: 100 runs in 12.6 overs","report.thumb":"http://static2.iplt20.com/cms/media/images/650x433/37159.jpg","notes.2.1":"Powerplay - 40 runs, 1 wicket","notes.2.2":"KXIP: 50 runs in 7.3 overs","report.link":"http://www.iplt20.com/news/2015/match-reports/6172/report-m18-rr-vs-kxip"},"groupName":"","oversLimit":20,"tieBreaker":{"battingOrder":[1,0],"type":"SUPER_OVER"},"teams":[{"team":{"shortName":"Royals","abbreviation":"RR","primaryColor":"004B8C","secondaryColor":"FFFFFF","type":"m","fullName":"Rajasthan Royals","id":8},"players":[{"names":["Ajinkya Rahane","A Rahane"],"rightHandedBat":true,"dateOfBirth":581558400000,"shortName":"A Rahane","nationality":"Indian","id":135,"fullName":"Ajinkya Rahane"},{"names":["Shane Watson","S Watson"],"rightHandedBat":true,"dateOfBirth":361584000000,"shortName":"S Watson","nationality":"Australian","id":227,"fullName":"Shane Watson"},{"names":["Steve Smith","S Smith"],"dateOfBirth":612748800000,"shortName":"S Smith","nationality":"Australian","id":271,"fullName":"Steve Smith"},{"names":["Karun Nair","K Nair"],"dateOfBirth":691977600000,"shortName":"K Nair","nationality":"Indian","id":276,"fullName":"Karun Nair"},{"names":["Sanju Samson","S Samson"],"dateOfBirth":784512000000,"shortName":"S Samson","nationality":"Indian","id":258,"fullName":"Sanju Samson"},{"names":["Stuart Binny","S Binny"],"dateOfBirth":455068800000,"shortName":"S Binny","nationality":"Indian","id":148,"fullName":"Stuart Binny"},{"names":["Deepak Hooda","D Hooda"],"rightHandedBat":true,"dateOfBirth":798249600000,"shortName":"D Hooda","nationality":"Indian","id":1556,"fullName":"Deepak Hooda"},{"names":["James Faulkner","J Faulkner"],"dateOfBirth":641347200000,"shortName":"J Faulkner","nationality":"Australian","id":193,"fullName":"James Faulkner"},{"names":["Chris Morris","C Morris"],"rightHandedBat":true,"dateOfBirth":546739200000,"shortName":"C Morris","nationality":"South African","id":836,"fullName":"Chris Morris"},{"names":["Rahul Tewatia","R Tewatia"],"dateOfBirth":737856000000,"shortName":"R Tewatia","nationality":"Indian","id":1749,"fullName":"Rahul Tewatia"},{"names":["Pravin Tambe","P Tambe"],"rightHandedBat":true,"dateOfBirth":55728000000,"shortName":"P Tambe","nationality":"Indian","id":1114,"fullName":"Pravin Tambe"}],"wicketKeeper":{"names":["Sanju Samson","S Samson"],"dateOfBirth":784512000000,"shortName":"S Samson","nationality":"Indian","id":258,"fullName":"Sanju Samson"},"captain":{"names":["Shane Watson","S Watson"],"rightHandedBat":true,"dateOfBirth":361584000000,"shortName":"S Watson","nationality":"Australian","id":227,"fullName":"Shane Watson"},"id":3685},{"team":{"shortName":"Kings XI","abbreviation":"KXIP","primaryColor":"DA1F3D","secondaryColor":"FFFFFF","type":"m","fullName":"Kings XI Punjab","id":4},"players":[{"names":["Murali Vijay","M Vijay"],"dateOfBirth":449625600000,"shortName":"M Vijay","nationality":"Indian","id":7,"fullName":"Murali Vijay"},{"names":["Virender Sehwag","V Sehwag"],"dateOfBirth":277689600000,"shortName":"V Sehwag","nationality":"Indian","id":45,"fullName":"Virender Sehwag"},{"names":["Wriddhiman Saha","W Saha"],"dateOfBirth":467424000000,"shortName":"W Saha","nationality":"Indian","id":16,"fullName":"Wriddhiman Saha"},{"names":["Glenn Maxwell","G Maxwell"],"dateOfBirth":592790400000,"shortName":"G Maxwell","nationality":"Australian","id":282,"fullName":"Glenn Maxwell"},{"names":["Shaun Marsh","S Marsh"],"dateOfBirth":426556800000,"shortName":"S Marsh","nationality":"Australian","id":191,"fullName":"Shaun Marsh"},{"names":["David Miller","D Miller"],"dateOfBirth":613440000000,"shortName":"D Miller","nationality":"South African","id":187,"fullName":"David Miller"},{"names":["Mitchell Johnson","M Johnson"],"rightHandedBat":true,"dateOfBirth":373507200000,"shortName":"M Johnson","nationality":"Australian","id":213,"fullName":"Mitchell Johnson"},{"names":["Axar Patel","A Patel"],"dateOfBirth":759024000000,"shortName":"A Patel","nationality":"Indian","id":1113,"fullName":"Axar Patel"},{"names":["Anureet Singh","Anureet Singh"],"rightHandedBat":true,"dateOfBirth":383529600000,"shortName":"Anureet Singh","nationality":"Indian","id":412,"fullName":"Anureet Singh"},{"names":["Shivam Sharma","Shivam Sharma"],"rightHandedBat":true,"dateOfBirth":747532800000,"shortName":"Shivam Sharma","nationality":"Indian","id":1744,"fullName":"Shivam Sharma"},{"names":["Sandeep Sharma","Sandeep Sharma"],"rightHandedBat":true,"dateOfBirth":737683200000,"shortName":"Sandeep Sharma","nationality":"Indian","id":1112,"fullName":"Sandeep Sharma"}],"wicketKeeper":{"names":["Wriddhiman Saha","W Saha"],"dateOfBirth":467424000000,"shortName":"W Saha","nationality":"Indian","id":16,"fullName":"Wriddhiman Saha"},"captain":{"names":["Virender Sehwag","V Sehwag"],"dateOfBirth":277689600000,"shortName":"V Sehwag","nationality":"Indian","id":45,"fullName":"Virender Sehwag"},"id":3684}],"matchDate":"2015-04-21T20:00:00+0530","matchState":"C","matchStatus":{"text":"Match Tied (Kings XI Punjab won Super Over)","outcome":"B"},"isLimitedOvers":true,"matchSummary":"Match Tied (Kings XI Punjab won Super Over)","tournamentLabel":"IPL 2015","description":"Match 18"},"currentState":{"facingBatsman":213,"nonFacingBatsman":1113,"phase":"O","currentBatsmen":[213,1113],"recentOvers":[{"ovNo":15,"ovBalls":["2","1","W","1","1","1"]},{"ovNo":16,"ovBalls":["1Lb","4","1",".","6","6"]},{"ovNo":17,"ovBalls":["4","4","1","1","4","W"]},{"ovNo":18,"ovBalls":["6","1","1","6","W","1"]},{"ovNo":19,"ovBalls":["1","2","1","1","1Wd","4","1"]},{"ovNo":20,"ovBalls":["2","2","1","2","2","4"]}],"currentInningsIndex":1,"currentPartnership":25,"currentBowler":-1}}