{"fragment":7,"updateTime":1429970123000,"matchId":{"id":3248,"name":"ipl2015-23 - MI vs. SRH","matchIdName":"ipl2015-23"},"commentaries":[{"bbcode":"J Suchitch to R Bopara. He picks up a single","thisOver":"1","progress":{"innings":2,"over":13,"ball":1},"speed":-1.0,"subtype":"BBCode","countingProgress":{"innings":2,"over":12,"ball":1},"bowlerId":2741,"nonfacingBatsmanId":1125,"facingBatsmanId":374,"autoText":"J Suchitch to R Bopara. He picks up a single","message":{"text":null},"tags":[],"timestamp":1429968330000,"id":1174146,"time":"13:23","updateTime":1429968222290,"sequence":300.5,"type":"Auto"},{"bbcode":"J Suchitch to L Rahul, %SPEED% good length just outside off stump. He hits a great shot, that has gone all the way","thisOver":"6","progress":{"innings":2,"over":13,"ball":2},"speed":22.8973685346461,"subtype":"BBCode","countingProgress":{"innings":2,"over":12,"ball":2},"bowlerId":2741,"nonfacingBatsmanId":374,"facingBatsmanId":1125,"autoText":"J Suchitch to L Rahul, %SPEED% good length just outside off stump. He hits a great shot, that has gone all the way","message":{"text":null},"tags":["six"],"timestamp":1429968330000,"id":1174147,"time":"13:24","updateTime":1429968264268,"sequence":301.5,"type":"Auto"},{"bbcode":"[b]Six![/b] Heaved to leg! Rahul's sweep takes on the man at deep mid wicket and he gets just enough on it","subtype":"BBCode","message":{"text":"<p><strong>Six!</strong> Heaved to leg! Rahul's sweep takes on the man at deep mid wicket and he gets just enough on it</p>"},"tags":[],"timestamp":1429968308000,"id":1174149,"time":"13:24","updateTime":1429968274060,"sequence":302.5,"type":"Manual"},{"bbcode":"J Suchitch to L Rahul. He picks up a single","thisOver":"1","progress":{"innings":2,"over":13,"ball":3},"speed":-1.0,"subtype":"BBCode","countingProgress":{"innings":2,"over":12,"ball":3},"bowlerId":2741,"nonfacingBatsmanId":374,"facingBatsmanId":1125,"autoText":"J Suchitch to L Rahul. He picks up a single","message":{"text":null},"tags":[],"timestamp":1429968330000,"id":1174150,"time":"13:24","updateTime":1429968293280,"sequence":303.5,"type":"Auto"},{"bbcode":"J Suchitch to R Bopara, %SPEED% good length on middle stump. He hits a nice boundary","thisOver":"4","progress":{"innings":2,"over":13,"ball":4},"speed":25.4805543138131,"subtype":"BBCode","countingProgress":{"innings":2,"over":12,"ball":4},"bowlerId":2741,"nonfacingBatsmanId":1125,"facingBatsmanId":374,"autoText":"J Suchitch to R Bopara, %SPEED% good length on middle stump. He hits a nice boundary","message":{"text":null},"tags":["four"],"timestamp":1429968434000,"id":1174151,"time":"13:26","updateTime":1429968363296,"sequence":304.5,"type":"Auto"},{"bbcode":"Four! Bopara gets in on the act! He hammers down the ground and is millimeters away from a maximum","subtype":"BBCode","message":{"text":"<p>Four! Bopara gets in on the act! He hammers down the ground and is millimeters away from a maximum</p>"},"tags":[],"timestamp":1429968383000,"id":1174152,"time":"13:26","updateTime":1429968378811,"sequence":305.0,"type":"Manual"},{"bbcode":"J Suchitch to R Bopara, %SPEED% short length on middle stump. He picks up a single","thisOver":"1","progress":{"innings":2,"over":13,"ball":5},"speed":24.0422836975209,"subtype":"BBCode","countingProgress":{"innings":2,"over":12,"ball":5},"bowlerId":2741,"nonfacingBatsmanId":1125,"facingBatsmanId":374,"autoText":"J Suchitch to R Bopara, %SPEED% short length on middle stump. He picks up a single","message":{"text":null},"tags":[],"timestamp":1429968434000,"id":1174155,"time":"13:26","updateTime":1429968393655,"sequence":306.0,"type":"Auto"},{"bbcode":"J Suchitch to L Rahul, no run, %SPEED% full length going down leg. He plays and misses","thisOver":".","progress":{"innings":2,"over":13,"ball":6},"speed":24.9626850319747,"subtype":"BBCode","countingProgress":{"innings":2,"over":12,"ball":6},"bowlerId":2741,"nonfacingBatsmanId":374,"facingBatsmanId":1125,"autoText":"J Suchitch to L Rahul, no run, %SPEED% full length going down leg. He plays and misses","message":{"text":null},"tags":[],"timestamp":1429968434000,"id":1174156,"time":"13:27","updateTime":1429968423885,"sequence":307.0,"type":"Auto"},{"innings":2,"over":13,"overRuns":13,"overWickets":0,"inningsRuns":94,"inningsWickets":3,"inningsAllOut":false,"team":{"id":62,"fullName":"Sunrisers Hyderabad","shortName":"Sunrisers","abbreviation":"SRH","primaryColor":"FF9C00","secondaryColor":"FFFFFF","type":"m"},"batsmanSummaries":[{"batsman":{"id":1125,"fullName":"Lokesh Rahul","shortName":"L Rahul","nationality":"Indian","rightHandedBat":true,"dateOfBirth":703555200000,"names":["Lokesh Rahul","L Rahul"]},"runs":21,"balls":23,"fours":0,"sixes":1},{"batsman":{"id":374,"fullName":"Ravi Bopara","shortName":"R Bopara","nationality":"English","rightHandedBat":true,"dateOfBirth":484012800000,"names":["Ravi Bopara","R Bopara"]},"runs":11,"balls":10,"fours":1,"sixes":0}],"activeBatsman":374,"bowlerSummary":{"bowler":{"id":2741,"fullName":"Jagadeesha Suchitch","shortName":"J Suchitch","nationality":"Indian","rightHandedBat":false,"dateOfBirth":758678400000,"names":["Jagadeesha Suchitch","J Suchitch"]},"overs":"4","runs":25,"wickets":1,"maidens":0},"inningsBalls":78,"inningsMaxBalls":120,"inningsTarget":158,"message":{"text":null},"tags":[],"timestamp":1429968424000,"id":1174157,"time":"13:27","updateTime":1429968424104,"sequence":308.0,"type":"Eov"},{"mediaId":"4195538781001","endpointUrlHq1":"http://brightcove.vo.llnwd.net/v1/uds/pd/3588749423001/201504/2647/3588749423001_4195972055001_MATCH-23-SRH-2ND-SIX.mp4","endpointUrlHq2":"http://brightcove.vo.llnwd.net/v1/uds/pd/3588749423001/201504/2535/3588749423001_4195974201001_MATCH-23-SRH-2ND-SIX.mp4","endpointUrlAlt":"http://c.brightcove.com/services/mobile/streaming/index/rendition.m3u8?assetId=4195974202001","title":"M23: MI vs SRH – Lokesh Rahul Six","largeThumbnail":"http://brightcove.vo.llnwd.net/v1/unsecured/media/3588749423001/201504/3649/3588749423001_4195972058001_vs-553b9618e4b0f9157fdc00ba-767904725001.jpg?pubId=3588749423001","duration":29080,"endpointUrl":"http://brightcove.vo.llnwd.net/v1/uds/pd/3588749423001/201504/647/3588749423001_4195972049001_MATCH-23-SRH-2ND-SIX.mp4","smallThumbnail":"http://brightcove.vo.llnwd.net/v1/unsecured/media/3588749423001/201504/649/3588749423001_4195972059001_th-553b9618e4b0f9157fdc00ba-767904725001.jpg?pubId=3588749423001","description":null,"endpointUrlMq":"http://brightcove.vo.llnwd.net/v1/uds/pd/3588749423001/201504/1649/3588749423001_4195972056001_MATCH-23-SRH-2ND-SIX.mp4","endpointUrlHq3":"http://brightcove.vo.llnwd.net/v1/uds/pd/3588749423001/201504/2647/3588749423001_4195972051001_MATCH-23-SRH-2ND-SIX.mp4","publishDate":1429968399077,"message":{"text":null},"tags":["playerid 1125","account:iplt20","2015","ipl2015","six","IPL 2015","match:ipl2015-23","srh","innings 2","over 13","ball 2","ipl2015-23","channel:ipl-match-centre","mi"],"timestamp":1429968594000,"id":1174166,"time":"13:29","updateTime":1429968572702,"sequence":308.375,"type":"Video"},{"subtype":"EmbeddedTweet","tweetjson":{"created_at":"Sat Apr 25 13:21:41 +0000 2015","id":591955237780357120,"id_str":"591955237780357120","text":"Interesting to see Ravi Bopara in this environment for Sunrisers Tom Moody impressed with him","source":"<a href=\"http://twitter.com/#!/download/ipad\" rel=\"nofollow\">Twitter for iPad</a>","truncated":false,"in_reply_to_status_id":null,"in_reply_to_status_id_str":null,"in_reply_to_user_id":null,"in_reply_to_user_id_str":null,"in_reply_to_screen_name":null,"user":{"id":50684862,"id_str":"50684862","name":"David 'Bumble' Lloyd","screen_name":"BumbleCricket","location":"","description":"Start the car!","url":"http://t.co/ercwC01aVb","entities":{"url":{"urls":[{"url":"http://t.co/ercwC01aVb","expanded_url":"http://www.skysports.com/bumble","display_url":"skysports.com/bumble","indices":[0,22]}]},"description":{"urls":[]}},"protected":false,"followers_count":413137,"friends_count":31,"listed_count":3806,"created_at":"Thu Jun 25 16:01:52 +0000 2009","favourites_count":34,"utc_offset":3600,"time_zone":"London","geo_enabled":true,"verified":true,"statuses_count":52689,"lang":"en","contributors_enabled":false,"is_translator":false,"is_translation_enabled":false,"profile_background_color":"1D15B0","profile_background_image_url":"http://abs.twimg.com/images/themes/theme1/bg.png","profile_background_image_url_https":"https://abs.twimg.com/images/themes/theme1/bg.png","profile_background_tile":false,"profile_image_url":"http://pbs.twimg.com/profile_images/591470693910384641/Uq03lYZ7_normal.jpg","profile_image_url_https":"https://pbs.twimg.com/profile_images/591470693910384641/Uq03lYZ7_normal.jpg","profile_link_color":"D92020","profile_sidebar_border_color":"ED031A","profile_sidebar_fill_color":"FBF9FC","profile_text_color":"333333","profile_use_background_image":false,"default_profile":false,"default_profile_image":false,"following":false,"follow_request_sent":false,"notifications":false},"geo":null,"coordinates":null,"place":null,"contributors":null,"retweet_count":3,"favorite_count":4,"entities":{"hashtags":[],"symbols":[],"user_mentions":[],"urls":[]},"favorited":false,"retweeted":false,"lang":"en"},"message":{"text":"<blockquote class=\"twitter-tweet\" data-partner=\"tweetdeck\">\n<p>Interesting to see Ravi Bopara in this environment for Sunrisers Tom Moody impressed with him</p>\n&mdash; David 'Bumble' Lloyd (@BumbleCricket) <a href=\"https://twitter.com/BumbleCricket/status/591955237780357120\">April 25, 2015</a></blockquote>\n<script charset=\"utf-8\" type=\"text/javascript\" src=\"http://platform.twitter.com/widgets.js\"></script>"},"tags":[],"timestamp":1429968591000,"id":1174158,"time":"13:27","updateTime":1429968435985,"sequence":308.75,"type":"Manual"},{"bbcode":"H Singh to R Bopara. He picks up a single","thisOver":"1","progress":{"innings":2,"over":14,"ball":1},"speed":-1.0,"subtype":"BBCode","countingProgress":{"innings":2,"over":13,"ball":1},"bowlerId":103,"nonfacingBatsmanId":1125,"facingBatsmanId":374,"autoText":"H Singh to R Bopara. He picks up a single","message":{"text":null},"tags":[],"timestamp":1429968507000,"id":1174159,"time":"13:27","updateTime":1429968464013,"sequence":310.0,"type":"Auto"},{"bbcode":"H Singh to L Rahul, %SPEED% good length going down leg. He comes through for three","thisOver":"3","progress":{"innings":2,"over":14,"ball":2},"speed":25.6539021697259,"subtype":"BBCode","countingProgress":{"innings":2,"over":13,"ball":2},"bowlerId":103,"nonfacingBatsmanId":374,"facingBatsmanId":1125,"autoText":"H Singh to L Rahul, %SPEED% good length going down leg. He comes through for three","message":{"text":null},"tags":[],"timestamp":1429968560000,"id":1174160,"time":"13:28","updateTime":1429968494785,"sequence":311.0,"type":"Auto"},{"bbcode":"Close! That looked a certain boundary but Simmons pulls the first stop back into play and then he dives again from outside the rope to stop it rolling back. Sensational presence of mind.","subtype":"BBCode","message":{"text":"<p>Close! That looked a certain boundary but Simmons pulls the first stop back into play and then he dives again from outside the rope to stop it rolling back. Sensational presence of mind.</p>"},"tags":[],"timestamp":1429968558000,"id":1174161,"time":"13:29","updateTime":1429968553958,"sequence":312.0,"type":"Manual"},{"bbcode":"H Singh to R Bopara, no run. He plays and misses","thisOver":".","progress":{"innings":2,"over":14,"ball":3},"speed":-1.0,"subtype":"BBCode","countingProgress":{"innings":2,"over":13,"ball":3},"bowlerId":103,"nonfacingBatsmanId":1125,"facingBatsmanId":374,"autoText":"H Singh to R Bopara, no run. He plays and misses","message":{"text":null},"tags":[],"timestamp":1429968561000,"id":1174162,"time":"13:29","updateTime":1429968555164,"sequence":313.0,"type":"Auto"},{"bbcode":"H Singh to R Bopara, no run. He plays and misses","thisOver":".","progress":{"innings":2,"over":14,"ball":4},"speed":-1.0,"subtype":"BBCode","countingProgress":{"innings":2,"over":13,"ball":4},"bowlerId":103,"nonfacingBatsmanId":1125,"facingBatsmanId":374,"autoText":"H Singh to R Bopara, no run. He plays and misses","message":{"text":null},"tags":[],"timestamp":1429968612000,"id":1174163,"time":"13:29","updateTime":1429968555184,"sequence":314.0,"type":"Auto"},{"bbcode":"H Singh to R Bopara. He plays and misses","thisOver":"1","progress":{"innings":2,"over":14,"ball":5},"speed":-1.0,"subtype":"BBCode","countingProgress":{"innings":2,"over":13,"ball":5},"bowlerId":103,"nonfacingBatsmanId":1125,"facingBatsmanId":374,"autoText":"H Singh to R Bopara. He plays and misses","message":{"text":null},"tags":[],"timestamp":1429968620000,"id":1174169,"time":"13:29","updateTime":1429968585789,"sequence":315.0,"type":"Auto"},{"bbcode":"H Singh to L Rahul, no run. He doesn't offer a shot","thisOver":".","progress":{"innings":2,"over":14,"ball":6},"speed":-1.0,"subtype":"BBCode","countingProgress":{"innings":2,"over":13,"ball":6},"bowlerId":103,"nonfacingBatsmanId":374,"facingBatsmanId":1125,"autoText":"H Singh to L Rahul, no run. He doesn't offer a shot","message":{"text":null},"tags":[],"timestamp":1429968638000,"id":1174170,"time":"13:29","updateTime":1429968585810,"sequence":316.0,"type":"Auto"},{"bbcode":"[b]Russell Arnold: [/b][i]\"I think Bopara is the key here.\"[/i]","subtype":"BBCode","message":{"text":"<p><strong>Russell Arnold:&nbsp;</strong><em>\"I think Bopara is the key here.\"</em></p>"},"tags":[],"timestamp":1429968684000,"id":1174176,"time":"13:31","updateTime":1429968682794,"sequence":316.5,"type":"Manual"},{"innings":2,"over":14,"overRuns":5,"overWickets":0,"inningsRuns":99,"inningsWickets":3,"inningsAllOut":false,"team":{"id":62,"fullName":"Sunrisers Hyderabad","shortName":"Sunrisers","abbreviation":"SRH","primaryColor":"FF9C00","secondaryColor":"FFFFFF","type":"m"},"batsmanSummaries":[{"batsman":{"id":1125,"fullName":"Lokesh Rahul","shortName":"L Rahul","nationality":"Indian","rightHandedBat":true,"dateOfBirth":703555200000,"names":["Lokesh Rahul","L Rahul"]},"runs":24,"balls":25,"fours":0,"sixes":1},{"batsman":{"id":374,"fullName":"Ravi Bopara","shortName":"R Bopara","nationality":"English","rightHandedBat":true,"dateOfBirth":484012800000,"names":["Ravi Bopara","R Bopara"]},"runs":13,"balls":14,"fours":1,"sixes":0}],"activeBatsman":374,"bowlerSummary":{"bowler":{"id":103,"fullName":"Harbhajan Singh","shortName":"H Singh","nationality":"Indian","rightHandedBat":true,"dateOfBirth":331430400000,"names":["Harbhajan Singh","H Singh"]},"overs":"4","runs":36,"wickets":0,"maidens":0},"inningsBalls":84,"inningsMaxBalls":120,"inningsTarget":158,"message":{"text":null},"tags":[],"timestamp":1429968585000,"id":1174171,"time":"13:29","updateTime":1429968585993,"sequence":317.0,"type":"Eov"},{"bbcode":"Mitchell McClenaghan gets his field right and is back into the attack. Simmons has come off the field injured after that remarkable diving stop","subtype":"BBCode","message":{"text":"<p>Mitchell McClenaghan gets his field right and is back into the attack. Simmons has come off the field injured after that remarkable diving stop</p>"},"tags":[],"timestamp":1429968717000,"id":1174175,"time":"13:31","updateTime":1429968663475,"sequence":318.0,"type":"Manual"},{"bbcode":"M McClenaghan to R Bopara, %SPEED% full length just outside off stump. He picks up two","thisOver":"2","progress":{"innings":2,"over":15,"ball":1},"speed":34.2590028363364,"subtype":"BBCode","countingProgress":{"innings":2,"over":14,"ball":1},"bowlerId":730,"nonfacingBatsmanId":1125,"facingBatsmanId":374,"autoText":"M McClenaghan to R Bopara, %SPEED% full length just outside off stump. He picks up two","message":{"text":null},"tags":[],"timestamp":1429968798000,"id":1174178,"time":"13:32","updateTime":1429968726943,"sequence":319.0,"type":"Auto"},{"bbcode":"M McClenaghan to R Bopara, %SPEED% good length outside off stump. He plays and misses","thisOver":"1","progress":{"innings":2,"over":15,"ball":2},"speed":33.9522529072902,"subtype":"BBCode","countingProgress":{"innings":2,"over":14,"ball":2},"bowlerId":730,"nonfacingBatsmanId":1125,"facingBatsmanId":374,"autoText":"M McClenaghan to R Bopara, %SPEED% good length outside off stump. He plays and misses","message":{"text":null},"tags":[],"timestamp":1429968798000,"id":1174179,"time":"13:32","updateTime":1429968757030,"sequence":320.0,"type":"Auto"},{"bbcode":"M McClenaghan to L Rahul, %SPEED% full toss outside off stump. He plays and misses","thisOver":"1","progress":{"innings":2,"over":15,"ball":3},"speed":34.9128296826106,"subtype":"BBCode","countingProgress":{"innings":2,"over":14,"ball":3},"bowlerId":730,"nonfacingBatsmanId":374,"facingBatsmanId":1125,"autoText":"M McClenaghan to L Rahul, %SPEED% full toss outside off stump. He plays and misses","message":{"text":null},"tags":[],"timestamp":1429968850000,"id":1174181,"time":"13:33","updateTime":1429968817414,"sequence":321.0,"type":"Auto"},{"bbcode":"M McClenaghan to R Bopara. He plays and misses","thisOver":"1","progress":{"innings":2,"over":15,"ball":4},"speed":-1.0,"subtype":"BBCode","countingProgress":{"innings":2,"over":14,"ball":4},"bowlerId":730,"nonfacingBatsmanId":1125,"facingBatsmanId":374,"autoText":"M McClenaghan to R Bopara. He plays and misses","message":{"text":null},"tags":[],"timestamp":1429968850000,"id":1174182,"time":"13:34","updateTime":1429968847571,"sequence":322.0,"type":"Auto"},{"bbcode":"M McClenaghan to L Rahul, [b]WICKET!!! L Rahul is out[/b] c Ambati Rayudu b Mitchell McClenaghan","thisOver":"W","progress":{"innings":2,"over":15,"ball":5},"speed":34.4014241504856,"subtype":"BBCode","countingProgress":{"innings":2,"over":14,"ball":5},"bowlerId":730,"nonfacingBatsmanId":374,"facingBatsmanId":1125,"autoText":"M McClenaghan to L Rahul, <b>WICKET!!! L Rahul is out</b> c Ambati Rayudu b Mitchell McClenaghan","message":{"text":null},"tags":["wicket"],"timestamp":1429968890000,"id":1174183,"time":"13:34","updateTime":1429968877804,"sequence":323.0,"type":"Auto"},{"bbcode":"[b]Wicket![/b] Rahul clears his front leg and slices a slog into the mitts of long off. MI will feel they are in the drivers seat now","subtype":"BBCode","message":{"text":"<p><strong>Wicket!</strong> Rahul clears his front leg and slices a slog into the mitts of long off. MI will feel they are in the drivers seat now</p>"},"tags":[],"timestamp":1429968936000,"id":1174184,"time":"13:34","updateTime":1429968896092,"sequence":324.0,"type":"Manual"},{"bbcode":"M McClenaghan to R Bopara, no run, %SPEED% full length just outside off stump. He doesn't offer a shot","thisOver":".","progress":{"innings":2,"over":15,"ball":6},"speed":38.1122447258732,"subtype":"BBCode","countingProgress":{"innings":2,"over":14,"ball":6},"bowlerId":730,"nonfacingBatsmanId":1117,"facingBatsmanId":374,"autoText":"M McClenaghan to R Bopara, no run, %SPEED% full length just outside off stump. He doesn't offer a shot","message":{"text":null},"tags":[],"timestamp":1429969040000,"id":1174185,"time":"13:36","updateTime":1429968980149,"sequence":325.0,"type":"Auto"},{"bbcode":"[b]David Lloyd: [/b][i]\"MI are dragging this back!\"[/i]","subtype":"BBCode","message":{"text":"<p><strong>David Lloyd:&nbsp;</strong><em>\"MI are dragging this back!\"</em></p>"},"tags":[],"timestamp":1429969183000,"id":1174187,"time":"13:37","updateTime":1429969045844,"sequence":325.5,"type":"Manual"},{"innings":2,"over":15,"overRuns":5,"overWickets":1,"inningsRuns":104,"inningsWickets":4,"inningsAllOut":false,"team":{"id":62,"fullName":"Sunrisers Hyderabad","shortName":"Sunrisers","abbreviation":"SRH","primaryColor":"FF9C00","secondaryColor":"FFFFFF","type":"m"},"batsmanSummaries":[{"batsman":{"id":374,"fullName":"Ravi Bopara","shortName":"R Bopara","nationality":"English","rightHandedBat":true,"dateOfBirth":484012800000,"names":["Ravi Bopara","R Bopara"]},"runs":17,"balls":18,"fours":1,"sixes":0},{"batsman":{"id":1117,"fullName":"Hanuma Vihari","shortName":"H Vihari","nationality":"Indian","rightHandedBat":true,"dateOfBirth":750470400000,"names":["Hanuma Vihari","H Vihari"]},"runs":0,"balls":0,"fours":0,"sixes":0}],"activeBatsman":1117,"bowlerSummary":{"bowler":{"id":730,"fullName":"Mitchell McClenaghan","shortName":"M McClenaghan","nationality":"New Zealander","rightHandedBat":false,"dateOfBirth":518832000000,"names":["Mitchell McClenaghan","M McClenaghan"]},"overs":"3","runs":17,"wickets":2,"maidens":0},"inningsBalls":90,"inningsMaxBalls":120,"inningsTarget":158,"message":{"text":null},"tags":[],"timestamp":1429968980000,"id":1174186,"time":"13:36","updateTime":1429968980383,"sequence":326.0,"type":"Eov"},{"bbcode":"Vinay Kumar comes on instead of Malinga despite some deliberation","subtype":"BBCode","message":{"text":"<p>Vinay Kumar comes on instead of Malinga despite some deliberation</p>"},"tags":[],"timestamp":1429969180000,"id":1174190,"time":"13:39","updateTime":1429969178169,"sequence":327.5,"type":"Manual"},{"mediaId":"4195538783001","endpointUrlHq1":"http://brightcove.vo.llnwd.net/v1/uds/pd/3588749423001/201504/3361/3588749423001_4195984062001_MATCH-23-SRH-4TH-WKT.mp4","endpointUrlHq2":"http://brightcove.vo.llnwd.net/v1/uds/pd/3588749423001/201504/2361/3588749423001_4195984061001_MATCH-23-SRH-4TH-WKT.mp4","endpointUrlAlt":"http://c.brightcove.com/services/mobile/streaming/index/rendition.m3u8?assetId=4195984046001","title":"M23: MI vs SRH – Lokesh Rahul Wicket","largeThumbnail":"http://brightcove.vo.llnwd.net/v1/unsecured/media/3588749423001/201504/657/3588749423001_4195901424001_video-still-for-video-4195538783001.jpg?pubId=3588749423001","duration":28480,"endpointUrl":"http://brightcove.vo.llnwd.net/v1/uds/pd/3588749423001/201504/3471/3588749423001_4195974272001_MATCH-23-SRH-4TH-WKT.mp4","smallThumbnail":"http://brightcove.vo.llnwd.net/v1/unsecured/media/3588749423001/201504/3657/3588749423001_4195901423001_thumbnail-for-video-4195538783001.jpg?pubId=3588749423001","description":null,"endpointUrlMq":"http://brightcove.vo.llnwd.net/v1/uds/pd/3588749423001/201504/471/3588749423001_4195974271001_MATCH-23-SRH-4TH-WKT.mp4","endpointUrlHq3":"http://brightcove.vo.llnwd.net/v1/uds/pd/3588749423001/201504/1471/3588749423001_4195974274001_MATCH-23-SRH-4TH-WKT.mp4","publishDate":1429969040737,"message":{"text":null},"tags":["playerid 1125","account:iplt20","2015","over 15","ipl2015","IPL 2015","match:ipl2015-23","srh","innings 2","ipl2015-23","wicket","ball 5","channel:ipl-match-centre","mi"],"timestamp":1429969355000,"id":1174197,"time":"13:41","updateTime":1429969312518,"sequence":327.75,"type":"Video"},{"bbcode":"V Kumar to H Vihari, %SPEED% short length outside off stump. He picks up a single","thisOver":"1","progress":{"innings":2,"over":16,"ball":1},"speed":35.846256746705,"subtype":"BBCode","countingProgress":{"innings":2,"over":15,"ball":1},"bowlerId":166,"nonfacingBatsmanId":374,"facingBatsmanId":1117,"autoText":"V Kumar to H Vihari, %SPEED% short length outside off stump. He picks up a single","message":{"text":null},"tags":[],"timestamp":1429969164000,"id":1174189,"time":"13:38","updateTime":1429969121521,"sequence":328.0,"type":"Auto"},{"bbcode":"V Kumar to R Bopara, no run. He plays and misses","thisOver":".","progress":{"innings":2,"over":16,"ball":2},"speed":-1.0,"subtype":"BBCode","countingProgress":{"innings":2,"over":15,"ball":2},"bowlerId":166,"nonfacingBatsmanId":1117,"facingBatsmanId":374,"autoText":"V Kumar to R Bopara, no run. He plays and misses","message":{"text":null},"tags":[],"timestamp":1429969182000,"id":1174192,"time":"13:39","updateTime":1429969182344,"sequence":329.0,"type":"Auto"},{"bbcode":"V Kumar to R Bopara, %SPEED% short length outside off stump. He picks up a single","thisOver":"1","progress":{"innings":2,"over":16,"ball":3},"speed":29.4091769046219,"subtype":"BBCode","countingProgress":{"innings":2,"over":15,"ball":3},"bowlerId":166,"nonfacingBatsmanId":1117,"facingBatsmanId":374,"autoText":"V Kumar to R Bopara, %SPEED% short length outside off stump. He picks up a single","message":{"text":null},"tags":[],"timestamp":1429969269000,"id":1174194,"time":"13:40","updateTime":1429969223082,"sequence":330.0,"type":"Auto"},{"bbcode":"V Kumar to H Vihari, %SPEED% short length outside off stump. He hits a nice boundary","thisOver":"4","progress":{"innings":2,"over":16,"ball":4},"speed":36.022420366975,"subtype":"BBCode","countingProgress":{"innings":2,"over":15,"ball":4},"bowlerId":166,"nonfacingBatsmanId":374,"facingBatsmanId":1117,"autoText":"V Kumar to H Vihari, %SPEED% short length outside off stump. He hits a nice boundary","message":{"text":null},"tags":["four"],"timestamp":1429969342000,"id":1174195,"time":"13:41","updateTime":1429969282803,"sequence":331.0,"type":"Auto"},{"bbcode":"Four! This time the pull finds the gap between long on and deep mid wicket. SRH needed that! ","subtype":"BBCode","message":{"text":"<p>Four! This time the pull finds the gap between long on and deep mid wicket. SRH needed that!&nbsp;</p>"},"tags":[],"timestamp":1429969308000,"id":1174196,"time":"13:41","updateTime":1429969308925,"sequence":332.0,"type":"Manual"},{"bbcode":"V Kumar to H Vihari, no run, %SPEED% full length outside off stump. He doesn't offer a shot","thisOver":".","progress":{"innings":2,"over":16,"ball":5},"speed":34.8791784632196,"subtype":"BBCode","countingProgress":{"innings":2,"over":15,"ball":5},"bowlerId":166,"nonfacingBatsmanId":374,"facingBatsmanId":1117,"autoText":"V Kumar to H Vihari, no run, %SPEED% full length outside off stump. He doesn't offer a shot","message":{"text":null},"tags":[],"timestamp":1429969353000,"id":1174198,"time":"13:42","updateTime":1429969323013,"sequence":334.0,"type":"Auto"},{"bbcode":"V Kumar to H Vihari, %SPEED% full length outside off stump. He plays and misses","thisOver":"4","progress":{"innings":2,"over":16,"ball":6},"speed":34.8791784632196,"subtype":"BBCode","countingProgress":{"innings":2,"over":15,"ball":6},"bowlerId":166,"nonfacingBatsmanId":374,"facingBatsmanId":1117,"autoText":"V Kumar to H Vihari, %SPEED% full length outside off stump. He plays and misses","message":{"text":null},"tags":["four"],"timestamp":1429969394000,"id":1174199,"time":"13:42","updateTime":1429969353183,"sequence":335.0,"type":"Auto"},{"bbcode":"Four! Gold dust! Vihari gets another vital boundary, this one a lucky edge on the off side. They will take it!","subtype":"BBCode","message":{"text":"<p>Four! Gold dust! Vihari gets another vital boundary, this one a lucky edge on the off side. They will take it!</p>"},"tags":[],"timestamp":1429969407000,"id":1174203,"time":"13:42","updateTime":1429969364353,"sequence":335.5,"type":"Manual"},{"innings":2,"over":16,"overRuns":10,"overWickets":0,"inningsRuns":114,"inningsWickets":4,"inningsAllOut":false,"team":{"id":62,"fullName":"Sunrisers Hyderabad","shortName":"Sunrisers","abbreviation":"SRH","primaryColor":"FF9C00","secondaryColor":"FFFFFF","type":"m"},"batsmanSummaries":[{"batsman":{"id":1117,"fullName":"Hanuma Vihari","shortName":"H Vihari","nationality":"Indian","rightHandedBat":true,"dateOfBirth":750470400000,"names":["Hanuma Vihari","H Vihari"]},"runs":9,"balls":4,"fours":2,"sixes":0},{"batsman":{"id":374,"fullName":"Ravi Bopara","shortName":"R Bopara","nationality":"English","rightHandedBat":true,"dateOfBirth":484012800000,"names":["Ravi Bopara","R Bopara"]},"runs":18,"balls":20,"fours":1,"sixes":0}],"activeBatsman":374,"bowlerSummary":{"bowler":{"id":166,"fullName":"Vinay Kumar","shortName":"V Kumar","nationality":"Indian","rightHandedBat":false,"dateOfBirth":445392000000,"names":["Vinay Kumar","V Kumar"]},"overs":"3","runs":23,"wickets":0,"maidens":0},"inningsBalls":96,"inningsMaxBalls":120,"inningsTarget":158,"message":{"text":null},"tags":[],"timestamp":1429969353000,"id":1174200,"time":"13:42","updateTime":1429969353366,"sequence":336.0,"type":"Eov"},{"bbcode":"We take a Timeout with everything very much in the balance. Which way will it go?! Do not miss the finish!","subtype":"BBCode","message":{"text":"<p>We take a Timeout with everything very much in the balance. Which way will it go?! Do not miss the finish!</p>"},"tags":[],"timestamp":1429969437000,"id":1174205,"time":"13:43","updateTime":1429969437151,"sequence":337.0,"type":"Manual"},{"bbcode":"It is Lasith Malinga! Arguably the greatest death bowler on the planet...","subtype":"BBCode","message":{"text":"<p>It is Lasith Malinga! Arguably the greatest death bowler on the planet...</p>"},"tags":[],"timestamp":1429969583000,"id":1174209,"time":"13:45","updateTime":1429969557692,"sequence":337.5,"type":"Manual"},{"bbcode":"L Malinga to R Bopara, %SPEED% full length outside off stump. He plays and misses","thisOver":"1","progress":{"innings":2,"over":17,"ball":1},"speed":37.334890918753,"subtype":"BBCode","countingProgress":{"innings":2,"over":16,"ball":1},"bowlerId":211,"nonfacingBatsmanId":1117,"facingBatsmanId":374,"autoText":"L Malinga to R Bopara, %SPEED% full length outside off stump. He plays and misses","message":{"text":null},"tags":[],"timestamp":1429969637000,"id":1174208,"time":"13:45","updateTime":1429969554559,"sequence":338.0,"type":"Auto"},{"bbcode":"L Malinga to H Vihari, 2 runs, no-ball. He plays and misses","thisOver":"2Nb","progress":{"innings":2,"over":17,"ball":2},"speed":32.6235104599655,"subtype":"BBCode","countingProgress":{"innings":2,"over":16,"ball":2},"bowlerId":211,"nonfacingBatsmanId":374,"facingBatsmanId":1117,"autoText":"L Malinga to H Vihari, 2 runs, no-ball. He plays and misses","message":{"text":null},"tags":[],"timestamp":1429969637000,"id":1174212,"time":"13:47","updateTime":1429969625762,"sequence":339.0,"type":"Auto"},{"bbcode":"L Malinga to R Bopara, %SPEED% full length outside off stump. He picks up two","thisOver":"2","progress":{"innings":2,"over":17,"ball":3},"speed":38.3918053456833,"subtype":"BBCode","countingProgress":{"innings":2,"over":16,"ball":2},"bowlerId":211,"nonfacingBatsmanId":1117,"facingBatsmanId":374,"autoText":"L Malinga to R Bopara, %SPEED% full length outside off stump. He picks up two","message":{"text":null},"tags":[],"timestamp":1429969760000,"id":1174217,"time":"13:48","updateTime":1429969685584,"sequence":340.0,"type":"Auto"},{"bbcode":"Close! Unbelievable fielding! The ball was rocketing to the point boundary but Pandya gets his jet pack on and flies to flick back the ball before the rope. WOW!","subtype":"BBCode","message":{"text":"<p>Close! Unbelievable fielding! The ball was rocketing to the point boundary but Pandya gets his jet pack on and flies to flick back the ball before the rope. WOW!</p>"},"tags":[],"timestamp":1429969822000,"id":1174222,"time":"13:48","updateTime":1429969711694,"sequence":341.0,"type":"Manual"},{"bbcode":"L Malinga to R Bopara, no run, %SPEED% full toss just outside off stump. He plays and misses","thisOver":".","progress":{"innings":2,"over":17,"ball":4},"speed":38.5223410254808,"subtype":"BBCode","countingProgress":{"innings":2,"over":16,"ball":3},"bowlerId":211,"nonfacingBatsmanId":1117,"facingBatsmanId":374,"autoText":"L Malinga to R Bopara, no run, %SPEED% full toss just outside off stump. He plays and misses","message":{"text":null},"tags":[],"timestamp":1429969733000,"id":1174223,"time":"13:48","updateTime":1429969725748,"sequence":342.0,"type":"Auto"},{"bbcode":"L Malinga to R Bopara, %SPEED% full length outside off stump. He plays and misses","thisOver":"1","progress":{"innings":2,"over":17,"ball":5},"speed":36.3781081590053,"subtype":"BBCode","countingProgress":{"innings":2,"over":16,"ball":4},"bowlerId":211,"nonfacingBatsmanId":1117,"facingBatsmanId":374,"autoText":"L Malinga to R Bopara, %SPEED% full length outside off stump. He plays and misses","message":{"text":null},"tags":[],"timestamp":1429969815000,"id":1174224,"time":"13:49","updateTime":1429969766645,"sequence":343.0,"type":"Auto"},{"bbcode":"L Malinga to H Vihari, no run, %SPEED% short length outside off stump. He plays and misses","thisOver":".","progress":{"innings":2,"over":17,"ball":6},"speed":34.2455815135032,"subtype":"BBCode","countingProgress":{"innings":2,"over":16,"ball":5},"bowlerId":211,"nonfacingBatsmanId":374,"facingBatsmanId":1117,"autoText":"L Malinga to H Vihari, no run, %SPEED% short length outside off stump. He plays and misses","message":{"text":null},"tags":[],"timestamp":1429969827000,"id":1174226,"time":"13:50","updateTime":1429969827031,"sequence":344.0,"type":"Auto"},{"bbcode":"L Malinga to H Vihari, %SPEED% full length going down leg. He hits a nice boundary","thisOver":"4","progress":{"innings":2,"over":17,"ball":7},"speed":38.0224931975695,"subtype":"BBCode","countingProgress":{"innings":2,"over":16,"ball":6},"bowlerId":211,"nonfacingBatsmanId":374,"facingBatsmanId":1117,"autoText":"L Malinga to H Vihari, %SPEED% full length going down leg. He hits a nice boundary","message":{"text":null},"tags":["four"],"timestamp":1429969884000,"id":1174228,"time":"13:50","updateTime":1429969857194,"sequence":345.0,"type":"Auto"},{"bbcode":"Four! Whipped away at just the right time! This match ebbs and flows to the finish. It could go either way!","subtype":"BBCode","message":{"text":"<p>Four! Whipped away at just the right time! This match ebbs and flows to the finish. It could go either way!</p>"},"tags":[],"timestamp":1429969887000,"id":1174230,"time":"13:51","updateTime":1429969885081,"sequence":345.5,"type":"Manual"},{"innings":2,"over":17,"overRuns":10,"overWickets":0,"inningsRuns":124,"inningsWickets":4,"inningsAllOut":false,"team":{"id":62,"fullName":"Sunrisers Hyderabad","shortName":"Sunrisers","abbreviation":"SRH","primaryColor":"FF9C00","secondaryColor":"FFFFFF","type":"m"},"batsmanSummaries":[{"batsman":{"id":1117,"fullName":"Hanuma Vihari","shortName":"H Vihari","nationality":"Indian","rightHandedBat":true,"dateOfBirth":750470400000,"names":["Hanuma Vihari","H Vihari"]},"runs":14,"balls":7,"fours":3,"sixes":0},{"batsman":{"id":374,"fullName":"Ravi Bopara","shortName":"R Bopara","nationality":"English","rightHandedBat":true,"dateOfBirth":484012800000,"names":["Ravi Bopara","R Bopara"]},"runs":22,"balls":24,"fours":1,"sixes":0}],"activeBatsman":374,"bowlerSummary":{"bowler":{"id":211,"fullName":"Lasith Malinga","shortName":"L Malinga","nationality":"Sri Lankan","rightHandedBat":true,"dateOfBirth":430876800000,"names":["Lasith Malinga","L Malinga"]},"overs":"3","runs":23,"wickets":1,"maidens":0},"inningsBalls":102,"inningsMaxBalls":120,"inningsTarget":158,"message":{"text":null},"tags":[],"timestamp":1429969857000,"id":1174229,"time":"13:50","updateTime":1429969857349,"sequence":346.0,"type":"Eov"},{"subtype":"EmbeddedTweet","tweetjson":{"created_at":"Sat Apr 25 13:52:41 +0000 2015","id":591963038309167105,"id_str":"591963038309167105","text":"Awesome four saves from #MI. All the credits goes to @JontyRhodes8, the fielding coach of #MI. You are the real hero.#MIvSRH @IPL #PepsiIPL","source":"<a href=\"http://twitter.com/download/android\" rel=\"nofollow\">Twitter for Android</a>","truncated":false,"in_reply_to_status_id":null,"in_reply_to_status_id_str":null,"in_reply_to_user_id":null,"in_reply_to_user_id_str":null,"in_reply_to_screen_name":null,"user":{"id":632004035,"id_str":"632004035","name":"Vishnu M Krishnan","screen_name":"vishnu9830","location":"Sreekrishnapuram","description":"Life is like photography, we develop from negatives ...","url":"http://t.co/QMqnVQDrB2","entities":{"url":{"urls":[{"url":"http://t.co/QMqnVQDrB2","expanded_url":"http://akaththalam.blogspot.in/","display_url":"akaththalam.blogspot.in","indices":[0,22]}]},"description":{"urls":[]}},"protected":false,"followers_count":22,"friends_count":130,"listed_count":0,"created_at":"Tue Jul 10 14:01:56 +0000 2012","favourites_count":33,"utc_offset":null,"time_zone":null,"geo_enabled":true,"verified":false,"statuses_count":79,"lang":"en","contributors_enabled":false,"is_translator":false,"is_translation_enabled":false,"profile_background_color":"EDECE9","profile_background_image_url":"http://abs.twimg.com/images/themes/theme3/bg.gif","profile_background_image_url_https":"https://abs.twimg.com/images/themes/theme3/bg.gif","profile_background_tile":false,"profile_image_url":"http://pbs.twimg.com/profile_images/562462840720605184/XgD_l3KU_normal.jpeg","profile_image_url_https":"https://pbs.twimg.com/profile_images/562462840720605184/XgD_l3KU_normal.jpeg","profile_banner_url":"https://pbs.twimg.com/profile_banners/632004035/1422936778","profile_link_color":"088253","profile_sidebar_border_color":"D3D2CF","profile_sidebar_fill_color":"E3E2DE","profile_text_color":"634047","profile_use_background_image":true,"default_profile":false,"default_profile_image":false,"following":false,"follow_request_sent":false,"notifications":false},"geo":null,"coordinates":null,"place":null,"contributors":null,"retweet_count":0,"favorite_count":0,"entities":{"hashtags":[{"text":"MI","indices":[24,27]},{"text":"MI","indices":[90,93]},{"text":"MIvSRH","indices":[117,124]},{"text":"PepsiIPL","indices":[130,139]}],"symbols":[],"user_mentions":[{"screen_name":"JontyRhodes8","name":"Jonty Rhodes","id":934113512,"id_str":"934113512","indices":[53,66]},{"screen_name":"IPL","name":"IndianPremierLeague","id":15639696,"id_str":"15639696","indices":[125,129]}],"urls":[]},"favorited":false,"retweeted":false,"lang":"en"},"message":{"text":"<blockquote class=\"twitter-tweet\" data-partner=\"tweetdeck\">\n<p>Awesome four saves from <a href=\"https://twitter.com/hashtag/MI?src=hash\">#MI</a>. All the credits goes to <a href=\"https://twitter.com/JontyRhodes8\">@JontyRhodes8</a>, the fielding coach of <a href=\"https://twitter.com/hashtag/MI?src=hash\">#MI</a>. You are the real hero.<a href=\"https://twitter.com/hashtag/MIvSRH?src=hash\">#MIvSRH</a> <a href=\"https://twitter.com/IPL\">@IPL</a> <a href=\"https://twitter.com/hashtag/PepsiIPL?src=hash\">#PepsiIPL</a></p>\n&mdash; Vishnu M Krishnan (@vishnu9830) <a href=\"https://twitter.com/vishnu9830/status/591963038309167105\">April 25, 2015</a></blockquote>\n<script charset=\"utf-8\" type=\"text/javascript\" src=\"http://platform.twitter.com/widgets.js\"></script>"},"tags":[],"timestamp":1429970013000,"id":1174238,"time":"13:53","updateTime":1429970002650,"sequence":346.5,"type":"Manual"},{"bbcode":"M McClenaghan to R Bopara, no run, %SPEED% full toss outside off stump. He plays and misses","thisOver":".","progress":{"innings":2,"over":18,"ball":1},"speed":37.7862070568992,"subtype":"BBCode","countingProgress":{"innings":2,"over":17,"ball":1},"bowlerId":730,"nonfacingBatsmanId":1117,"facingBatsmanId":374,"autoText":"M McClenaghan to R Bopara, no run, %SPEED% full toss outside off stump. He plays and misses","message":{"text":null},"tags":[],"timestamp":1429969946000,"id":1174233,"time":"13:51","updateTime":1429969917532,"sequence":347.0,"type":"Auto"},{"bbcode":"M McClenaghan to R Bopara, %SPEED% short length outside off stump. He plays and misses","thisOver":"1","progress":{"innings":2,"over":18,"ball":2},"speed":33.1575462709839,"subtype":"BBCode","countingProgress":{"innings":2,"over":17,"ball":2},"bowlerId":730,"nonfacingBatsmanId":1117,"facingBatsmanId":374,"autoText":"M McClenaghan to R Bopara, %SPEED% short length outside off stump. He plays and misses","message":{"text":null},"tags":[],"timestamp":1429969998000,"id":1174236,"time":"13:52","updateTime":1429969978511,"sequence":348.0,"type":"Auto"},{"bbcode":"M McClenaghan to H Vihari, %SPEED% full toss going down leg. He picks up a single","thisOver":"1","progress":{"innings":2,"over":18,"ball":3},"speed":38.8007878057246,"subtype":"BBCode","countingProgress":{"innings":2,"over":17,"ball":3},"bowlerId":730,"nonfacingBatsmanId":374,"facingBatsmanId":1117,"autoText":"M McClenaghan to H Vihari, %SPEED% full toss going down leg. He picks up a single","message":{"text":null},"tags":[],"timestamp":1429970123000,"id":1174244,"time":"13:54","updateTime":1429970050606,"sequence":349.0,"type":"Auto"}]}