{"matchInfo":{"description":"Match 23","matchType":"IPLT20","teams":[{"id":3701,"players":[{"names":["Lendl Simmons","L Simmons"],"rightHandedBat":true,"dateOfBirth":475459200000,"id":595,"fullName":"Lendl Simmons","shortName":"L Simmons","nationality":"West Indian"},{"names":["Parthiv Patel","P Patel"],"dateOfBirth":479174400000,"id":44,"fullName":"Parthiv Patel","shortName":"P Patel","nationality":"Indian"},{"names":["Unmukt Chand","U Chand"],"dateOfBirth":733104000000,"id":60,"fullName":"Unmukt Chand","shortName":"U Chand","nationality":"Indian"},{"names":["Rohit Sharma","RG Sharma"],"rightHandedBat":true,"dateOfBirth":546739200000,"id":107,"fullName":"Rohit Sharma","shortName":"RG Sharma","nationality":"Indian"},{"names":["Kieron Pollard","K Pollard"],"rightHandedBat":true,"dateOfBirth":547776000000,"id":210,"fullName":"Kieron Pollard","shortName":"K Pollard","nationality":"West Indian"},{"names":["Ambati Rayudu","A Rayudu"],"rightHandedBat":true,"dateOfBirth":496281600000,"id":100,"fullName":"Ambati Rayudu","shortName":"A Rayudu","nationality":"Indian"},{"names":["Harbhajan Singh","H Singh"],"rightHandedBat":true,"dateOfBirth":331430400000,"id":103,"fullName":"Harbhajan Singh","shortName":"H Singh","nationality":"Indian"},{"names":["Jagadeesha Suchitch","J Suchitch"],"dateOfBirth":758678400000,"id":2741,"fullName":"Jagadeesha Suchitch","shortName":"J Suchitch","nationality":"Indian"},{"names":["Mitchell McClenaghan","M McClenaghan"],"dateOfBirth":518832000000,"id":730,"fullName":"Mitchell McClenaghan","shortName":"M McClenaghan","nationality":"New Zealander"},{"names":["Vinay Kumar","V Kumar"],"dateOfBirth":445392000000,"id":166,"fullName":"Vinay Kumar","shortName":"V Kumar","nationality":"Indian"},{"names":["Lasith Malinga","L Malinga"],"rightHandedBat":true,"dateOfBirth":430876800000,"id":211,"fullName":"Lasith Malinga","shortName":"L Malinga","nationality":"Sri Lankan"}],"team":{"type":"m","fullName":"Mumbai Indians","shortName":"Mumbai","abbreviation":"MI","primaryColor":"00AEEF","secondaryColor":"FFFFFF","id":6},"wicketKeeper":{"names":["Parthiv Patel","P Patel"],"dateOfBirth":479174400000,"id":44,"fullName":"Parthiv Patel","shortName":"P Patel","nationality":"Indian"},"captain":{"names":["Rohit Sharma","RG Sharma"],"rightHandedBat":true,"dateOfBirth":546739200000,"id":107,"fullName":"Rohit Sharma","shortName":"RG Sharma","nationality":"Indian"}},{"id":3700,"players":[{"names":["Shikhar Dhawan","S Dhawan"],"dateOfBirth":502588800000,"id":41,"fullName":"Shikhar Dhawan","shortName":"S Dhawan","nationality":"Indian"},{"names":["David Warner","D Warner"],"dateOfBirth":530755200000,"id":170,"fullName":"David Warner","shortName":"D Warner","nationality":"Australian"},{"names":["Ravi Bopara","R Bopara"],"rightHandedBat":true,"dateOfBirth":484012800000,"id":374,"fullName":"Ravi Bopara","shortName":"R Bopara","nationality":"English"},{"names":["Naman Ojha","N Ojha"],"dateOfBirth":427507200000,"id":52,"fullName":"Naman Ojha","shortName":"N Ojha","nationality":"Indian"},{"names":["Lokesh Rahul","L Rahul"],"rightHandedBat":true,"dateOfBirth":703555200000,"id":1125,"fullName":"Lokesh Rahul","shortName":"L Rahul","nationality":"Indian"},{"names":["Hanuma Vihari","H Vihari"],"rightHandedBat":true,"dateOfBirth":750470400000,"id":1117,"fullName":"Hanuma Vihari","shortName":"H Vihari","nationality":"Indian"},{"names":["Karn Sharma","K Sharma"],"dateOfBirth":561945600000,"id":1118,"fullName":"Karn Sharma","shortName":"K Sharma","nationality":"Indian"},{"names":["Praveen Kumar","P Kumar"],"dateOfBirth":528595200000,"id":77,"fullName":"Praveen Kumar","shortName":"P Kumar","nationality":"Indian"},{"names":["Trent Boult","T Boult"],"rightHandedBat":true,"dateOfBirth":617068800000,"id":969,"fullName":"Trent Boult","shortName":"T Boult","nationality":"New Zealander"},{"names":["Bhuvneshwar Kumar","B Kumar"],"dateOfBirth":660355200000,"id":116,"fullName":"Bhuvneshwar Kumar","shortName":"B Kumar","nationality":"Indian"},{"names":["Dale Steyn","D Steyn"],"dateOfBirth":425520000000,"id":180,"fullName":"Dale Steyn","shortName":"D Steyn","nationality":"South African"}],"team":{"type":"m","fullName":"Sunrisers Hyderabad","shortName":"Sunrisers","abbreviation":"SRH","primaryColor":"FF9C00","secondaryColor":"FFFFFF","id":62},"wicketKeeper":{"names":["Naman Ojha","N Ojha"],"dateOfBirth":427507200000,"id":52,"fullName":"Naman Ojha","shortName":"N Ojha","nationality":"Indian"},"captain":{"names":["David Warner","D Warner"],"dateOfBirth":530755200000,"id":170,"fullName":"David Warner","shortName":"D Warner","nationality":"Australian"}}],"venue":{"id":4,"country":"India","fullName":"Wankhede Stadium","shortName":"Wankhede Stadium","city":"Mumbai"},"matchDate":"2015-04-25T16:00:00+0530","battingOrder":[0,1],"additionalInfo":{"toss.elected":"Mumbai Indians, who chose to bat","match.video.id":"4195998276001","stats.link":"http://www.iplt20.com/news/2015/more-news/6291/quick-stats-m23-mi-vs-srh","match.summary":"","photostream.link":"http://www.iplt20.com/photos/271/ipl-2015-match-23-mi-v-srh","mom.video.id":"4195998278001","home.team.fan.total":"5876","notes.1.1":"Powerplay - 46 runs, 1 wicket","away.team.fan.total":"8620","notes.1.2":"MI: 50 runs in 7.1 overs","umpire.name.3":"Simon Fry","notes.1.3":"MI: 100 runs in 12.2 overs","umpire.name.4":"O Nandan","umpire.name.1":"Kumar Dharmasena","notes.1.4":"Lendl Simmons: 50 off 41 balls (6 x fours, 1 x six)","umpire.name.2":"Chris Gaffaney","notes.1.5":"3rd Wicket: 50 runs in 32 balls (Lendl Simmons 29, Rohit Sharma 22)","notes.1.6":"MI: 150 runs in 19.3 overs","notes.1.7":"Innings Break: MI - 157/8 in 20 overs","highlights.link":"http://www.iplt20.com/videos/media/id/4195998276001/m23-mi-vs-srh-match-highlights","result.playerofthematch":"Lasith Malinga","mom.video.thumb":"http://brightcove.vo.llnwd.net/v1/unsecured/media/3588749423001/201504/1775/3588749423001_4196045640001_video-still-for-video-4195998278001.jpg?pubId=3588749423001","interview.link":"http://www.iplt20.com/news/2015/features/6293/mitch-wants-to-shine-in-blue-and-gold","sixes.video.id":"4195998268001","interview.thumb":"http://static2.iplt20.com/cms/media/images/320x213/38303.jpg","referee.name":"Roshan Mahanama","match.video.thumb":"http://brightcove.vo.llnwd.net/v1/unsecured/media/3588749423001/201504/775/3588749423001_4196045633001_video-still-for-video-4195998276001.jpg?pubId=3588749423001","stats.thumb":"http://static2.iplt20.com/cms/media/images/320x213/38249.jpg","toss.winner":"Mumbai Indians","sixes.video.thumb":"http://brightcove.vo.llnwd.net/v1/unsecured/media/3588749423001/201504/3457/3588749423001_4196045610001_video-still-for-video-4195998268001.jpg?pubId=3588749423001","notes.2.3":"SH: 100 runs in 14.1 overs","report.thumb":"http://static2.iplt20.com/cms/media/images/320x213/38112.jpg","notes.2.1":"Powerplay - 52 runs, 2 wickets","report.link":"http://www.iplt20.com/news/2015/match-reports/6283/report-m23-mi-vs-srh","notes.2.2":"SRH: 50 runs in 5.1 overs"},"oversLimit":20,"matchState":"C","isLimitedOvers":true,"matchStatus":{"text":"Mumbai Indians won by 20 runs","outcome":"A"},"matchSummary":"","tournamentLabel":"IPL 2015"},"matchId":{"tournamentId":{"name":"ipl2015","id":2785},"name":"ipl2015-23","id":3248,"parentId":{"name":"ipl2015","id":2785}},"innings":[{"inningsNumber":1,"scorecard":{"runs":157,"extras":{"wideRuns":9,"legByeRuns":1},"battingStats":[{"mod":{"text":"b Dale Steyn","dismissedBp":{"over":13,"innings":1,"ball":3},"countingBp":{"over":13,"innings":1,"ball":3},"bowlerId":180,"dismissedMethod":"b"},"playerId":595,"r":51,"b":42,"sr":"121.42","4s":6,"6s":1},{"mod":{"text":"c Hanuma Vihari b Dale Steyn","dismissedBp":{"over":6,"innings":1,"ball":4},"countingBp":{"over":6,"innings":1,"ball":4},"bowlerId":180,"additionalPlayerIds":[1117],"dismissedMethod":"ct"},"playerId":44,"r":17,"b":17,"sr":"100.00","4s":3,"6s":0},{"mod":{"text":"c Shikhar Dhawan b Praveen Kumar","dismissedBp":{"over":7,"innings":1,"ball":6},"countingBp":{"over":7,"innings":1,"ball":6},"bowlerId":77,"additionalPlayerIds":[41],"dismissedMethod":"ct"},"playerId":60,"r":5,"b":4,"sr":"125.00","4s":1,"6s":0},{"mod":{"text":"c Bhuvneshwar Kumar b Karn Sharma","dismissedBp":{"over":14,"innings":1,"ball":5},"countingBp":{"over":14,"innings":1,"ball":5},"bowlerId":1118,"additionalPlayerIds":[116],"dismissedMethod":"ct"},"playerId":107,"r":24,"b":15,"sr":"160.00","4s":2,"6s":1},{"mod":{"text":"b Bhuvneshwar Kumar","dismissedBp":{"over":20,"innings":1,"ball":1},"countingBp":{"over":20,"innings":1,"ball":1},"bowlerId":116,"dismissedMethod":"b"},"playerId":210,"r":33,"b":24,"sr":"137.50","4s":3,"6s":1},{"mod":{"text":"c Trent Boult b Bhuvneshwar Kumar","dismissedBp":{"over":17,"innings":1,"ball":4},"countingBp":{"over":17,"innings":1,"ball":4},"bowlerId":116,"additionalPlayerIds":[969],"dismissedMethod":"ct"},"playerId":100,"r":7,"b":7,"sr":"100.00","4s":1,"6s":0},{"mod":{"text":"c Bhuvneshwar Kumar b Praveen Kumar","dismissedBp":{"over":18,"innings":1,"ball":4},"countingBp":{"over":18,"innings":1,"ball":3},"bowlerId":77,"additionalPlayerIds":[116],"dismissedMethod":"ct"},"playerId":103,"r":0,"b":4,"sr":"0.00","4s":0,"6s":0},{"playerId":2741,"r":9,"b":5,"sr":"180.00","4s":0,"6s":0},{"mod":{"text":"c Naman Ojha b Bhuvneshwar Kumar","dismissedBp":{"over":20,"innings":1,"ball":2},"countingBp":{"over":20,"innings":1,"ball":2},"bowlerId":116,"additionalPlayerIds":[52],"dismissedMethod":"ct"},"playerId":166,"r":0,"b":1,"sr":"0.00","4s":0,"6s":0},{"playerId":730,"r":1,"b":1,"sr":"100.00","4s":0,"6s":0}],"bowlingStats":[{"playerId":969,"r":27,"w":0,"ov":"4","e":"6.75","nb":0,"d":8,"maid":0,"wd":2},{"playerId":116,"r":26,"w":3,"ov":"4","e":"6.50","nb":0,"d":14,"maid":0,"wd":4},{"playerId":180,"r":38,"w":2,"ov":"4","e":"9.50","nb":0,"d":8,"maid":0,"wd":0},{"playerId":77,"r":35,"w":2,"ov":"4","e":"8.75","nb":0,"d":8,"maid":0,"wd":3},{"playerId":1118,"r":30,"w":1,"ov":"4","e":"7.50","nb":0,"d":5,"maid":0,"wd":0}],"wkts":8,"fow":[{"bp":{"over":6,"innings":1,"ball":4},"playerId":44,"r":42,"w":1},{"bp":{"over":7,"innings":1,"ball":6},"playerId":60,"r":49,"w":2},{"bp":{"over":13,"innings":1,"ball":3},"playerId":595,"r":100,"w":3},{"bp":{"over":14,"innings":1,"ball":5},"playerId":107,"r":108,"w":4},{"bp":{"over":17,"innings":1,"ball":4},"playerId":100,"r":126,"w":5},{"bp":{"over":18,"innings":1,"ball":3},"playerId":103,"r":128,"w":6},{"bp":{"over":20,"innings":1,"ball":1},"playerId":210,"r":149,"w":7},{"bp":{"over":20,"innings":1,"ball":2},"playerId":166,"r":149,"w":8}]},"overProgress":"20","runRate":"7.85","overHistory":[{"ovNo":1,"ovBalls":[".","2","4","1Wd",".","4","."]},{"ovNo":2,"ovBalls":[".",".",".","4","1Wd",".","1Wd","1Wd","1"]},{"ovNo":3,"ovBalls":["1",".","1","1",".","1"]},{"ovNo":4,"ovBalls":["1",".","1","4","1","."]},{"ovNo":5,"ovBalls":[".",".","1","4",".","1Lb"]},{"ovNo":6,"ovBalls":["1","1","4","W","4","."]},{"ovNo":7,"ovBalls":["1","1",".",".","1","W"]},{"ovNo":8,"ovBalls":["1",".","1","4",".","1"]},{"ovNo":9,"ovBalls":[".","1","4","1",".","."]},{"ovNo":10,"ovBalls":["1","1","1",".","6","1"]},{"ovNo":11,"ovBalls":["1","1","1","6","1","1"]},{"ovNo":12,"ovBalls":["1","4","1","1","1","1"]},{"ovNo":13,"ovBalls":["4","4","W",".",".","4"]},{"ovNo":14,"ovBalls":["1","1","1","1","W","."]},{"ovNo":15,"ovBalls":["1",".","1","1",".","1"]},{"ovNo":16,"ovBalls":["1","1","2","1",".","4"]},{"ovNo":17,"ovBalls":["4","1",".","W",".","."]},{"ovNo":18,"ovBalls":["1Wd","1",".","W","4","1Wd","6","1Wd","1"]},{"ovNo":19,"ovBalls":[".","1Wd","1","2","1","2","1"]},{"ovNo":20,"ovBalls":["W","W","1","1Wd","2","2","2"]}]},{"inningsNumber":2,"scorecard":{"runs":137,"extras":{"noBallRuns":1,"wideRuns":2,"legByeRuns":2},"battingStats":[{"mod":{"text":"c Lasith Malinga b Mitchell McClenaghan","dismissedBp":{"over":6,"innings":2,"ball":7},"countingBp":{"over":6,"innings":2,"ball":6},"bowlerId":730,"additionalPlayerIds":[211],"dismissedMethod":"ct"},"playerId":41,"r":42,"b":29,"sr":"144.82","4s":7,"6s":1},{"mod":{"text":"c Ambati Rayudu b Lasith Malinga","dismissedBp":{"over":5,"innings":2,"ball":6},"countingBp":{"over":5,"innings":2,"ball":6},"bowlerId":211,"additionalPlayerIds":[100],"dismissedMethod":"ct"},"playerId":170,"r":9,"b":7,"sr":"128.57","4s":2,"6s":0},{"mod":{"text":"c Ambati Rayudu b Mitchell McClenaghan","dismissedBp":{"over":15,"innings":2,"ball":5},"countingBp":{"over":15,"innings":2,"ball":5},"bowlerId":730,"additionalPlayerIds":[100],"dismissedMethod":"ct"},"playerId":1125,"r":25,"b":27,"sr":"92.59","4s":0,"6s":1},{"mod":{"text":"c Kieron Pollard b Jagadeesha Suchitch","dismissedBp":{"over":9,"innings":2,"ball":4},"countingBp":{"over":9,"innings":2,"ball":4},"bowlerId":2741,"additionalPlayerIds":[210],"dismissedMethod":"ct"},"playerId":52,"r":9,"b":9,"sr":"100.00","4s":0,"6s":0},{"mod":{"text":"c (sub Hardik Pandya) b Mitchell McClenaghan","dismissedBp":{"over":18,"innings":2,"ball":4},"countingBp":{"over":18,"innings":2,"ball":4},"bowlerId":730,"dismissedMethod":"ct"},"playerId":374,"r":23,"b":27,"sr":"85.18","4s":1,"6s":0},{"mod":{"text":"c Parthiv Patel b Lasith Malinga","dismissedBp":{"over":19,"innings":2,"ball":1},"countingBp":{"over":19,"innings":2,"ball":1},"bowlerId":211,"additionalPlayerIds":[44],"dismissedMethod":"ct"},"playerId":1117,"r":16,"b":10,"sr":"160.00","4s":3,"6s":0},{"playerId":1118,"r":2,"b":5,"sr":"40.00","4s":0,"6s":0},{"mod":{"text":"b Lasith Malinga","dismissedBp":{"over":19,"innings":2,"ball":3},"countingBp":{"over":19,"innings":2,"ball":3},"bowlerId":211,"dismissedMethod":"b"},"playerId":77,"r":0,"b":2,"sr":"0.00","4s":0,"6s":0},{"mod":{"text":"c Kieron Pollard b Lasith Malinga","dismissedBp":{"over":19,"innings":2,"ball":4},"countingBp":{"over":19,"innings":2,"ball":4},"bowlerId":211,"additionalPlayerIds":[210],"dismissedMethod":"ct"},"playerId":180,"r":0,"b":1,"sr":"0.00","4s":0,"6s":0},{"playerId":116,"r":6,"b":4,"sr":"150.00","4s":1,"6s":0}],"bowlingStats":[{"playerId":103,"r":36,"w":0,"ov":"4","e":"9.00","nb":0,"d":11,"maid":0,"wd":0},{"playerId":730,"r":20,"w":3,"ov":"4","e":"5.00","nb":0,"d":13,"maid":0,"wd":1},{"playerId":211,"r":23,"w":4,"ov":"4","e":"5.75","nb":1,"d":14,"maid":1,"wd":0},{"playerId":2741,"r":25,"w":1,"ov":"4","e":"6.25","nb":0,"d":9,"maid":0,"wd":0},{"playerId":166,"r":31,"w":0,"ov":"4","e":"7.75","nb":0,"d":7,"maid":0,"wd":1}],"wkts":8,"fow":[{"bp":{"over":5,"innings":2,"ball":6},"playerId":170,"r":45,"w":1},{"bp":{"over":6,"innings":2,"ball":6},"playerId":41,"r":52,"w":2},{"bp":{"over":9,"innings":2,"ball":4},"playerId":52,"r":68,"w":3},{"bp":{"over":15,"innings":2,"ball":5},"playerId":1125,"r":104,"w":4},{"bp":{"over":18,"innings":2,"ball":4},"playerId":374,"r":126,"w":5},{"bp":{"over":19,"innings":2,"ball":1},"playerId":1117,"r":127,"w":6},{"bp":{"over":19,"innings":2,"ball":3},"playerId":77,"r":127,"w":7},{"bp":{"over":19,"innings":2,"ball":4},"playerId":180,"r":127,"w":8}]},"overProgress":"20","runRate":"6.85","overHistory":[{"ovNo":1,"ovBalls":["4",".","1","4",".","."]},{"ovNo":2,"ovBalls":[".",".",".",".","4","1"]},{"ovNo":3,"ovBalls":[".","2",".","1",".","4"]},{"ovNo":4,"ovBalls":["4",".","4","4","6","."]},{"ovNo":5,"ovBalls":["1",".",".","4","1","W"]},{"ovNo":6,"ovBalls":["4","1Wd",".",".",".","2","W"]},{"ovNo":7,"ovBalls":[".","1","1","1","1","1"]},{"ovNo":8,"ovBalls":["1","1","1","1","1Wd","1","1"]},{"ovNo":9,"ovBalls":[".","2","2","W",".","."]},{"ovNo":10,"ovBalls":[".","1",".","2","2","1"]},{"ovNo":11,"ovBalls":[".",".",".","1","1","1"]},{"ovNo":12,"ovBalls":[".","1",".",".","2","1"]},{"ovNo":13,"ovBalls":["1","6","1","4","1","."]},{"ovNo":14,"ovBalls":["1","3",".",".","1","."]},{"ovNo":15,"ovBalls":["2","1","1","1","W","."]},{"ovNo":16,"ovBalls":["1",".","1","4",".","4"]},{"ovNo":17,"ovBalls":["1","2Nb","2",".","1",".","4"]},{"ovNo":18,"ovBalls":[".","1","1","W","1","."]},{"ovNo":19,"ovBalls":["W",".","W","W",".","1Lb"]},{"ovNo":20,"ovBalls":["2","1Lb",".","4",".","2"]}]}],"currentState":{"phase":"C","facingBatsman":1118,"nonFacingBatsman":116,"currentInningsIndex":1,"currentPartnership":10,"currentBowler":-1,"currentBatsmen":[1118,116],"recentOvers":[{"ovNo":15,"ovBalls":["2","1","1","1","W","."]},{"ovNo":16,"ovBalls":["1",".","1","4",".","4"]},{"ovNo":17,"ovBalls":["1","2Nb","2",".","1",".","4"]},{"ovNo":18,"ovBalls":[".","1","1","W","1","."]},{"ovNo":19,"ovBalls":["W",".","W","W",".","1Lb"]},{"ovNo":20,"ovBalls":["2","1Lb",".","4",".","2"]}]}}