{"fragment":7,"updateTime":1428775531000,"matchId":{"id":3230,"name":"ipl2015-05 - KKR vs. RCB","matchIdName":"ipl2015-05"},"commentaries":[{"bbcode":"S Narine to C Gayle, no run. He plays and misses","thisOver":".","progress":{"innings":2,"over":14,"ball":1},"subtype":"BBCode","countingProgress":{"innings":2,"over":13,"ball":1},"bowlerId":203,"nonfacingBatsmanId":589,"facingBatsmanId":236,"autoText":"S Narine to C Gayle, no run. He plays and misses","message":{"text":null},"tags":[],"timestamp":1428775531000,"id":1156517,"time":"17:29","updateTime":1428773359094,"sequence":300.0,"type":"Auto"},{"bbcode":"S Narine to C Gayle, %SPEED% short length just outside off stump. He picks up a single","thisOver":"1","progress":{"innings":2,"over":14,"ball":2},"speed":27.9237213260542,"subtype":"BBCode","countingProgress":{"innings":2,"over":13,"ball":2},"bowlerId":203,"nonfacingBatsmanId":589,"facingBatsmanId":236,"autoText":"S Narine to C Gayle, %SPEED% short length just outside off stump. He picks up a single","message":{"text":null},"tags":[],"timestamp":1428773420000,"id":1156518,"time":"17:29","updateTime":1428773379010,"sequence":301.0,"type":"Auto"},{"bbcode":"[b]50 for Chris Gayle[/b]\\nThe big man's back! Top innings, but the job isn't finished yet, and he knows it","subtype":"BBCode","message":{"text":"<p><strong>50 for Chris Gayle</strong><br />The big man's back! Top innings, but the job isn't finished yet, and he knows it</p>"},"tags":[],"timestamp":1428773443000,"id":1156522,"time":"17:30","updateTime":1428773440463,"sequence":303.5,"type":"Manual"},{"bbcode":"S Narine to D Sammy, %SPEED% good length outside off stump. He picks up a single","thisOver":"1","progress":{"innings":2,"over":14,"ball":3},"speed":26.4364797625287,"subtype":"BBCode","countingProgress":{"innings":2,"over":13,"ball":3},"bowlerId":203,"nonfacingBatsmanId":236,"facingBatsmanId":589,"autoText":"S Narine to D Sammy, %SPEED% good length outside off stump. He picks up a single","message":{"text":null},"tags":[],"timestamp":1428773471000,"id":1156521,"time":"17:30","updateTime":1428773428999,"sequence":304.0,"type":"Auto"},{"bbcode":"S Narine to C Gayle, no run. He plays and misses","thisOver":".","progress":{"innings":2,"over":14,"ball":4},"subtype":"BBCode","countingProgress":{"innings":2,"over":13,"ball":4},"bowlerId":203,"nonfacingBatsmanId":589,"facingBatsmanId":236,"autoText":"S Narine to C Gayle, no run. He plays and misses","message":{"text":null},"tags":[],"timestamp":1428775530000,"id":1156526,"time":"17:30","updateTime":1428773449340,"sequence":305.0,"type":"Auto"},{"bbcode":"S Narine to C Gayle, %SPEED% good length just outside off stump. He plays and misses","thisOver":"1","progress":{"innings":2,"over":14,"ball":5},"speed":26.665702353965,"subtype":"BBCode","countingProgress":{"innings":2,"over":13,"ball":5},"bowlerId":203,"nonfacingBatsmanId":589,"facingBatsmanId":236,"autoText":"S Narine to C Gayle, %SPEED% good length just outside off stump. He plays and misses","message":{"text":null},"tags":[],"timestamp":1428773542000,"id":1156527,"time":"17:31","updateTime":1428773481235,"sequence":306.0,"type":"Auto"},{"bbcode":"S Narine to D Sammy, %SPEED% short length going down leg. He picks up a single","thisOver":"1","progress":{"innings":2,"over":14,"ball":6},"speed":24.6501655183143,"subtype":"BBCode","countingProgress":{"innings":2,"over":13,"ball":6},"bowlerId":203,"nonfacingBatsmanId":236,"facingBatsmanId":589,"autoText":"S Narine to D Sammy, %SPEED% short length going down leg. He picks up a single","message":{"text":null},"tags":[],"timestamp":1428773542000,"id":1156528,"time":"17:31","updateTime":1428773499315,"sequence":307.0,"type":"Auto"},{"innings":2,"over":14,"overRuns":4,"overWickets":0,"inningsRuns":117,"inningsWickets":4,"inningsAllOut":false,"team":{"id":9,"fullName":"Royal Challengers Bangalore","shortName":"Challengers","abbreviation":"RCB","primaryColor":"F1901D","secondaryColor":"FFFFFF","type":"m"},"batsmanSummaries":[{"batsman":{"id":589,"fullName":"Darren Sammy","shortName":"D Sammy","nationality":"West Indian","rightHandedBat":true,"dateOfBirth":440726400000,"names":["Darren Sammy","D Sammy"]},"runs":6,"balls":6,"fours":0,"sixes":0},{"batsman":{"id":236,"fullName":"Chris Gayle","shortName":"C Gayle","nationality":"West Indian","rightHandedBat":false,"dateOfBirth":306720000000,"names":["Chris Gayle","C Gayle"]},"runs":51,"balls":39,"fours":4,"sixes":3}],"activeBatsman":589,"bowlerSummary":{"bowler":{"id":203,"fullName":"Sunil Narine","shortName":"S Narine","nationality":"West Indian","rightHandedBat":false,"dateOfBirth":580608000000,"names":["Sunil Narine","S Narine"]},"overs":"3","runs":9,"wickets":0,"maidens":0},"inningsBalls":84,"inningsMaxBalls":120,"inningsTarget":178,"message":{"text":null},"tags":[],"timestamp":1428773499000,"id":1156529,"time":"17:31","updateTime":1428773499641,"sequence":308.0,"type":"Eov"},{"bbcode":"Narine's starting to find his groove at Pepsi IPL 2015! Getting it to turn and beat Gayle's bat time after time","subtype":"BBCode","message":{"text":"<p>Narine's starting to find his groove at Pepsi IPL 2015! Getting it to turn and beat Gayle's bat time after time</p>"},"tags":[],"timestamp":1428773516000,"id":1156530,"time":"17:31","updateTime":1428773516866,"sequence":309.0,"type":"Manual"},{"bbcode":"S Al Hasan to D Sammy, no run, %SPEED% good length on leg stump. He doesn't offer a shot","thisOver":".","progress":{"innings":2,"over":15,"ball":1},"speed":24.3151235631473,"subtype":"BBCode","countingProgress":{"innings":2,"over":14,"ball":1},"bowlerId":201,"nonfacingBatsmanId":236,"facingBatsmanId":589,"autoText":"S Al Hasan to D Sammy, no run, %SPEED% good length on leg stump. He doesn't offer a shot","message":{"text":null},"tags":[],"timestamp":1428773653000,"id":1156531,"time":"17:32","updateTime":1428773569619,"sequence":310.0,"type":"Auto"},{"bbcode":"S Al Hasan to D Sammy, %SPEED% good length outside off stump. He picks up a single","thisOver":"1","progress":{"innings":2,"over":15,"ball":2},"speed":24.090630730877,"subtype":"BBCode","countingProgress":{"innings":2,"over":14,"ball":2},"bowlerId":201,"nonfacingBatsmanId":236,"facingBatsmanId":589,"autoText":"S Al Hasan to D Sammy, %SPEED% good length outside off stump. He picks up a single","message":{"text":null},"tags":[],"timestamp":1428773653000,"id":1156532,"time":"17:33","updateTime":1428773589595,"sequence":311.0,"type":"Auto"},{"bbcode":"S Al Hasan to C Gayle, %SPEED% short length outside off stump. He picks up a single","thisOver":"1","progress":{"innings":2,"over":15,"ball":3},"speed":26.2840871664578,"subtype":"BBCode","countingProgress":{"innings":2,"over":14,"ball":3},"bowlerId":201,"nonfacingBatsmanId":589,"facingBatsmanId":236,"autoText":"S Al Hasan to C Gayle, %SPEED% short length outside off stump. He picks up a single","message":{"text":null},"tags":[],"timestamp":1428773714000,"id":1156533,"time":"17:33","updateTime":1428773629920,"sequence":312.0,"type":"Auto"},{"bbcode":"S Al Hasan to D Sammy, [b]WICKET!!! D Sammy is out[/b] st Robin Uthappa b Shakib Al Hasan","thisOver":"W","progress":{"innings":2,"over":15,"ball":4},"subtype":"BBCode","countingProgress":{"innings":2,"over":14,"ball":4},"bowlerId":201,"nonfacingBatsmanId":236,"facingBatsmanId":589,"autoText":"S Al Hasan to D Sammy, <b>WICKET!!! D Sammy is out</b> st Robin Uthappa b Shakib Al Hasan","message":{"text":null},"tags":["wicket"],"timestamp":1428775530000,"id":1156534,"time":"17:34","updateTime":1428773682729,"sequence":313.0,"type":"Auto"},{"bbcode":"[b]Wicket![/b] Huge wicket! The tail will now be exposed. Shakib flights it, Sammy looks to go huge, misses it, and Uthappa does the business!","subtype":"BBCode","message":{"text":"<p><strong>Wicket!</strong> Huge wicket! The tail will now be exposed. Shakib flights it, Sammy looks to go huge, misses it, and Uthappa does the business!</p>"},"tags":[],"timestamp":1428773718000,"id":1156535,"time":"17:35","updateTime":1428773718254,"sequence":314.0,"type":"Manual"},{"bbcode":"It's all with you Mr Gayle","subtype":"BBCode","message":{"text":"<p>It's all with you Mr Gayle</p>"},"tags":[],"timestamp":1428773804000,"id":1156537,"time":"17:36","updateTime":1428773797467,"sequence":314.5,"type":"Manual"},{"bbcode":"S Al Hasan to S Abbott, no run, %SPEED% good length going down leg. He doesn't offer a shot","thisOver":".","progress":{"innings":2,"over":15,"ball":5},"speed":22.4009717211673,"subtype":"BBCode","countingProgress":{"innings":2,"over":14,"ball":5},"bowlerId":201,"nonfacingBatsmanId":236,"facingBatsmanId":942,"autoText":"S Al Hasan to S Abbott, no run, %SPEED% good length going down leg. He doesn't offer a shot","message":{"text":null},"tags":[],"timestamp":1428773835000,"id":1156536,"time":"17:36","updateTime":1428773790172,"sequence":315.0,"type":"Auto"},{"bbcode":"S Al Hasan to S Abbott, no run, %SPEED% good length on off stump. He doesn't offer a shot","thisOver":".","progress":{"innings":2,"over":15,"ball":6},"speed":21.6428815429129,"subtype":"BBCode","countingProgress":{"innings":2,"over":14,"ball":6},"bowlerId":201,"nonfacingBatsmanId":236,"facingBatsmanId":942,"autoText":"S Al Hasan to S Abbott, no run, %SPEED% good length on off stump. He doesn't offer a shot","message":{"text":null},"tags":[],"timestamp":1428773835000,"id":1156540,"time":"17:36","updateTime":1428773804857,"sequence":316.0,"type":"Auto"},{"innings":2,"over":15,"overRuns":2,"overWickets":1,"inningsRuns":119,"inningsWickets":5,"inningsAllOut":false,"team":{"id":9,"fullName":"Royal Challengers Bangalore","shortName":"Challengers","abbreviation":"RCB","primaryColor":"F1901D","secondaryColor":"FFFFFF","type":"m"},"batsmanSummaries":[{"batsman":{"id":942,"fullName":"Sean Abbott","shortName":"S Abbott","nationality":"Australian","rightHandedBat":true,"dateOfBirth":699321600000,"names":["Sean Abbott","S Abbott"]},"runs":0,"balls":2,"fours":0,"sixes":0},{"batsman":{"id":236,"fullName":"Chris Gayle","shortName":"C Gayle","nationality":"West Indian","rightHandedBat":false,"dateOfBirth":306720000000,"names":["Chris Gayle","C Gayle"]},"runs":52,"balls":40,"fours":4,"sixes":3}],"activeBatsman":236,"bowlerSummary":{"bowler":{"id":201,"fullName":"Shakib Al Hasan","shortName":"S Al Hasan","nationality":"Bangladeshi","rightHandedBat":false,"dateOfBirth":543542400000,"names":["Shakib Al Hasan","S Al Hasan"]},"overs":"1","runs":2,"wickets":1,"maidens":0},"inningsBalls":90,"inningsMaxBalls":120,"inningsTarget":178,"message":{"text":null},"tags":[],"timestamp":1428773805000,"id":1156541,"time":"17:36","updateTime":1428773805020,"sequence":317.0,"type":"Eov"},{"bbcode":"Y Pathan to C Gayle, %SPEED% short length outside off stump. He hits a nice boundary","thisOver":"4","progress":{"innings":2,"over":16,"ball":1},"speed":23.9749266029045,"subtype":"BBCode","countingProgress":{"innings":2,"over":15,"ball":1},"bowlerId":96,"nonfacingBatsmanId":942,"facingBatsmanId":236,"autoText":"Y Pathan to C Gayle, %SPEED% short length outside off stump. He hits a nice boundary","message":{"text":null},"tags":["four"],"timestamp":1428773967000,"id":1156542,"time":"17:38","updateTime":1428773881690,"sequence":318.0,"type":"Auto"},{"bbcode":"Four! Short from Yusuf, and it's hammered through mid-wicket for four","subtype":"BBCode","message":{"text":"<p>Four! Short from Yusuf, and it's hammered through mid-wicket for four</p>"},"tags":[],"timestamp":1428773944000,"id":1156544,"time":"17:38","updateTime":1428773925469,"sequence":318.5,"type":"Manual"},{"bbcode":"Y Pathan to C Gayle. He hits a great shot, that has gone all the way","thisOver":"6","progress":{"innings":2,"over":16,"ball":2},"subtype":"BBCode","countingProgress":{"innings":2,"over":15,"ball":2},"bowlerId":96,"nonfacingBatsmanId":942,"facingBatsmanId":236,"autoText":"Y Pathan to C Gayle. He hits a great shot, that has gone all the way","message":{"text":null},"tags":["six"],"timestamp":1428775529000,"id":1156543,"time":"17:38","updateTime":1428773903033,"sequence":319.0,"type":"Auto"},{"bbcode":"[b]Six! [/b]Creamed over long off. This is a crucial over!","subtype":"BBCode","message":{"text":"<p><strong>Six!&nbsp;</strong>Creamed over long off. This is a crucial over!</p>"},"tags":[],"timestamp":1428773964000,"id":1156547,"time":"17:39","updateTime":1428773947865,"sequence":319.5,"type":"Manual"},{"bbcode":"Y Pathan to C Gayle. He picks up a single","thisOver":"1","progress":{"innings":2,"over":16,"ball":3},"speed":-1.0,"subtype":"BBCode","countingProgress":{"innings":2,"over":15,"ball":3},"bowlerId":96,"nonfacingBatsmanId":942,"facingBatsmanId":236,"autoText":"Y Pathan to C Gayle. He picks up a single","message":{"text":null},"tags":[],"timestamp":1428773967000,"id":1156546,"time":"17:38","updateTime":1428773932299,"sequence":320.0,"type":"Auto"},{"bbcode":"Y Pathan to S Abbott, no run. He doesn't offer a shot","thisOver":".","progress":{"innings":2,"over":16,"ball":4},"speed":-1.0,"subtype":"BBCode","countingProgress":{"innings":2,"over":15,"ball":4},"bowlerId":96,"nonfacingBatsmanId":236,"facingBatsmanId":942,"autoText":"Y Pathan to S Abbott, no run. He doesn't offer a shot","message":{"text":null},"tags":[],"timestamp":1428774017000,"id":1156549,"time":"17:39","updateTime":1428773952351,"sequence":321.0,"type":"Auto"},{"bbcode":"Y Pathan to S Abbott, %SPEED% good length on off stump. He picks up a single","thisOver":"1","progress":{"innings":2,"over":16,"ball":5},"speed":21.6428815429129,"subtype":"BBCode","countingProgress":{"innings":2,"over":15,"ball":5},"bowlerId":96,"nonfacingBatsmanId":236,"facingBatsmanId":942,"autoText":"Y Pathan to S Abbott, %SPEED% good length on off stump. He picks up a single","message":{"text":null},"tags":[],"timestamp":1428774168000,"id":1156550,"time":"17:39","updateTime":1428773971432,"sequence":322.0,"type":"Auto"},{"bbcode":"Y Pathan to C Gayle. He plays and misses","thisOver":"1","progress":{"innings":2,"over":16,"ball":6},"subtype":"BBCode","countingProgress":{"innings":2,"over":15,"ball":6},"bowlerId":96,"nonfacingBatsmanId":942,"facingBatsmanId":236,"autoText":"Y Pathan to C Gayle. He plays and misses","message":{"text":null},"tags":[],"timestamp":1428774078000,"id":1156551,"time":"17:39","updateTime":1428773991092,"sequence":323.0,"type":"Auto"},{"bbcode":"[b]Dropped! [/b]Morkel's dropped Gayle again! Gayle slog sweeps straight to him, but it was hit so powerfully, he can't hold on","subtype":"BBCode","message":{"text":"<p><strong>Dropped!&nbsp;</strong>Morkel's dropped Gayle again! Gayle slog sweeps straight to him, but it was hit so powerfully, he can't hold on</p>"},"tags":[],"timestamp":1428774052000,"id":1156553,"time":"17:40","updateTime":1428774032552,"sequence":323.5,"type":"Manual"},{"innings":2,"over":16,"overRuns":13,"overWickets":0,"inningsRuns":132,"inningsWickets":5,"inningsAllOut":false,"team":{"id":9,"fullName":"Royal Challengers Bangalore","shortName":"Challengers","abbreviation":"RCB","primaryColor":"F1901D","secondaryColor":"FFFFFF","type":"m"},"batsmanSummaries":[{"batsman":{"id":236,"fullName":"Chris Gayle","shortName":"C Gayle","nationality":"West Indian","rightHandedBat":false,"dateOfBirth":306720000000,"names":["Chris Gayle","C Gayle"]},"runs":64,"balls":44,"fours":5,"sixes":4},{"batsman":{"id":942,"fullName":"Sean Abbott","shortName":"S Abbott","nationality":"Australian","rightHandedBat":true,"dateOfBirth":699321600000,"names":["Sean Abbott","S Abbott"]},"runs":1,"balls":4,"fours":0,"sixes":0}],"activeBatsman":236,"bowlerSummary":{"bowler":{"id":96,"fullName":"Yusuf Pathan","shortName":"Y Pathan","nationality":"Indian","rightHandedBat":false,"dateOfBirth":406339200000,"names":["Yusuf Pathan","Y Pathan"]},"overs":"4","runs":40,"wickets":2,"maidens":0},"inningsBalls":96,"inningsMaxBalls":120,"inningsTarget":178,"message":{"text":null},"tags":[],"timestamp":1428773991000,"id":1156552,"time":"17:39","updateTime":1428773991273,"sequence":324.0,"type":"Eov"},{"mediaId":"4167365848001","endpointUrlHq1":"http://brightcove.vo.llnwd.net/v1/uds/pd/3588749423001/201504/833/3588749423001_4167365377001_RCB-2ND-WKT.mp4","endpointUrlHq2":"http://brightcove.vo.llnwd.net/v1/uds/pd/3588749423001/201504/2833/3588749423001_4167365375001_RCB-2ND-WKT.mp4","endpointUrlAlt":"http://c.brightcove.com/services/mobile/streaming/index/rendition.m3u8?assetId=4167356313001","title":"M5: KKR vs RCB – Dinesh Karthik Wicket","largeThumbnail":"http://brightcove.vo.llnwd.net/v1/unsecured/media/3588749423001/201504/713/3588749423001_4167354240001_video-still-for-video-4167365848001.jpg?pubId=3588749423001","duration":28840,"endpointUrl":"http://brightcove.vo.llnwd.net/v1/uds/pd/3588749423001/201504/567/3588749423001_4167356304001_RCB-2ND-WKT.mp4","smallThumbnail":"http://brightcove.vo.llnwd.net/v1/unsecured/media/3588749423001/201504/1713/3588749423001_4167354239001_thumbnail-for-video-4167365848001.jpg?pubId=3588749423001","description":null,"endpointUrlMq":"http://brightcove.vo.llnwd.net/v1/uds/pd/3588749423001/201504/1791/3588749423001_4167344229001_RCB-2ND-WKT.mp4","endpointUrlHq3":"http://brightcove.vo.llnwd.net/v1/uds/pd/3588749423001/201504/2833/3588749423001_4167365383001_RCB-2ND-WKT.mp4","publishDate":1428772346247,"message":{"text":null},"tags":["account:iplt20","kkr","2015","over 8","ipl2015","ipl2015-05","IPL 2015","innings 2","match:ipl2015-05","ball 3","playerid 102","wicket","channel:ipl-match-centre","rcb"],"timestamp":1428774395000,"id":1156561,"time":"17:46","updateTime":1428774371629,"sequence":324.5,"type":"Video"},{"mediaId":"4167365867001","endpointUrlHq1":"http://brightcove.vo.llnwd.net/v1/uds/pd/3588749423001/201504/1313/3588749423001_4167385381001_RCB-4TH-SIX.mp4","endpointUrlHq2":"http://brightcove.vo.llnwd.net/v1/uds/pd/3588749423001/201504/1057/3588749423001_4167369257001_RCB-4TH-SIX.mp4","endpointUrlAlt":"http://c.brightcove.com/services/mobile/streaming/index/rendition.m3u8?assetId=4167371603001","title":"M5: KKR vs RCB – AB de Villiers Six","largeThumbnail":"http://brightcove.vo.llnwd.net/v1/unsecured/media/3588749423001/201504/2713/3588749423001_4167354250001_video-still-for-video-4167365867001.jpg?pubId=3588749423001","duration":25520,"endpointUrl":"http://brightcove.vo.llnwd.net/v1/uds/pd/3588749423001/201504/313/3588749423001_4167385370001_RCB-4TH-SIX.mp4","smallThumbnail":"http://brightcove.vo.llnwd.net/v1/unsecured/media/3588749423001/201504/3713/3588749423001_4167354249001_thumbnail-for-video-4167365867001.jpg?pubId=3588749423001","description":null,"endpointUrlMq":"http://brightcove.vo.llnwd.net/v1/uds/pd/3588749423001/201504/2057/3588749423001_4167369256001_RCB-4TH-SIX.mp4","endpointUrlHq3":"http://brightcove.vo.llnwd.net/v1/uds/pd/3588749423001/201504/1753/3588749423001_4167371602001_RCB-4TH-SIX.mp4","publishDate":1428773478334,"message":{"text":null},"tags":["account:iplt20","kkr","2015","ipl2015","playerid 233","six","ipl2015-05","IPL 2015","innings 2","match:ipl2015-05","ball 5","over 10","channel:ipl-match-centre","rcb"],"timestamp":1428774400000,"id":1156562,"time":"17:46","updateTime":1428774371700,"sequence":324.75,"type":"Video"},{"bbcode":"Strategic timeout time. That drop could be absolutely crucial. It's all down to Gayle. The longer he stays, the more Gambhir will be feeling very nervous.","subtype":"BBCode","message":{"text":"<p>Strategic timeout time. That drop could be absolutely crucial. It's all down to Gayle. The longer he stays, the more Gambhir will be feeling very nervous.</p>"},"tags":[],"timestamp":1428774109000,"id":1156555,"time":"17:41","updateTime":1428774109040,"sequence":325.0,"type":"Manual"},{"bbcode":"S Al Hasan to C Gayle, [b]WICKET!!! S Abbott is out[/b] run out (Morne Morkel)","thisOver":"1W","progress":{"innings":2,"over":17,"ball":1},"speed":24.4970943227537,"subtype":"BBCode","countingProgress":{"innings":2,"over":16,"ball":1},"bowlerId":201,"nonfacingBatsmanId":942,"facingBatsmanId":236,"autoText":"S Al Hasan to C Gayle, <b>WICKET!!! S Abbott is out</b> run out (Morne Morkel)","message":{"text":null},"tags":["wicket"],"timestamp":1428774298000,"id":1156556,"time":"17:43","updateTime":1428774231867,"sequence":326.0,"type":"Auto"},{"bbcode":"[b]Wicket![/b] Morkel's helped repay some of the damage that drop could have caused! Bullet arm from long off, and Abbott's just short of his crease","subtype":"BBCode","message":{"text":"<p><strong>Wicket!</strong> Morkel's helped repay some of the damage that drop could have caused! Bullet arm from long off, and Abbott's just short of his crease</p>"},"tags":[],"timestamp":1428774314000,"id":1156557,"time":"17:44","updateTime":1428774272147,"sequence":327.0,"type":"Manual"},{"bbcode":"S Al Hasan to C Gayle, Wide delivery","thisOver":"1Wd","progress":{"innings":2,"over":17,"ball":2},"subtype":"BBCode","countingProgress":{"innings":2,"over":16,"ball":2},"bowlerId":201,"nonfacingBatsmanId":157,"facingBatsmanId":236,"autoText":"S Al Hasan to C Gayle, Wide delivery","message":{"text":null},"tags":[],"timestamp":1428775529000,"id":1156558,"time":"17:45","updateTime":1428774322644,"sequence":328.0,"type":"Auto"},{"bbcode":"S Al Hasan to C Gayle, no run, %SPEED% full length on leg stump. He doesn't offer a shot","thisOver":".","progress":{"innings":2,"over":17,"ball":3},"speed":22.1278497988377,"subtype":"BBCode","countingProgress":{"innings":2,"over":16,"ball":2},"bowlerId":201,"nonfacingBatsmanId":157,"facingBatsmanId":236,"autoText":"S Al Hasan to C Gayle, no run, %SPEED% full length on leg stump. He doesn't offer a shot","message":{"text":null},"tags":[],"timestamp":1428774383000,"id":1156559,"time":"17:45","updateTime":1428774341804,"sequence":329.0,"type":"Auto"},{"bbcode":"S Al Hasan to C Gayle, no run, %SPEED% full length going down leg. He doesn't offer a shot","thisOver":".","progress":{"innings":2,"over":17,"ball":4},"speed":23.2901206973625,"subtype":"BBCode","countingProgress":{"innings":2,"over":16,"ball":3},"bowlerId":201,"nonfacingBatsmanId":157,"facingBatsmanId":236,"autoText":"S Al Hasan to C Gayle, no run, %SPEED% full length going down leg. He doesn't offer a shot","message":{"text":null},"tags":[],"timestamp":1428774443000,"id":1156560,"time":"17:46","updateTime":1428774361955,"sequence":330.0,"type":"Auto"},{"bbcode":"S Al Hasan to C Gayle. He hits a great shot, that has gone all the way","thisOver":"6","progress":{"innings":2,"over":17,"ball":5},"subtype":"BBCode","countingProgress":{"innings":2,"over":16,"ball":4},"bowlerId":201,"nonfacingBatsmanId":157,"facingBatsmanId":236,"autoText":"S Al Hasan to C Gayle. He hits a great shot, that has gone all the way","message":{"text":null},"tags":["six"],"timestamp":1428775529000,"id":1156563,"time":"17:46","updateTime":1428774382166,"sequence":333.0,"type":"Auto"},{"bbcode":"[b]Six![/b] It's a beauty! In the slot for Gayle, and it's destroyed over mid-wicket for six","subtype":"BBCode","message":{"text":"<p><strong>Six!</strong> It's a beauty! In the slot for Gayle, and it's destroyed over mid-wicket for six</p>"},"tags":[],"timestamp":1428774433000,"id":1156568,"time":"17:46","updateTime":1428774405286,"sequence":334.0,"type":"Manual"},{"bbcode":"S Al Hasan to C Gayle. He hits a great shot, that has gone all the way","thisOver":"6","progress":{"innings":2,"over":17,"ball":6},"subtype":"BBCode","countingProgress":{"innings":2,"over":16,"ball":5},"bowlerId":201,"nonfacingBatsmanId":157,"facingBatsmanId":236,"autoText":"S Al Hasan to C Gayle. He hits a great shot, that has gone all the way","message":{"text":null},"tags":["six"],"timestamp":1428775528000,"id":1156569,"time":"17:46","updateTime":1428774412226,"sequence":335.0,"type":"Auto"},{"bbcode":"[b]Six! [/b]And another! Full toss, and it's smoked over mid-wicket for another monster six","subtype":"BBCode","message":{"text":"<p><strong>Six!&nbsp;</strong>And another! Full toss, and it's smoked over mid-wicket for another monster six</p>"},"tags":[],"timestamp":1428774467000,"id":1156570,"time":"17:47","updateTime":1428774437308,"sequence":336.0,"type":"Manual"},{"bbcode":"S Al Hasan to C Gayle. He plays and misses","thisOver":"1","progress":{"innings":2,"over":17,"ball":7},"speed":-1.0,"subtype":"BBCode","countingProgress":{"innings":2,"over":16,"ball":6},"bowlerId":201,"nonfacingBatsmanId":157,"facingBatsmanId":236,"autoText":"S Al Hasan to C Gayle. He plays and misses","message":{"text":null},"tags":[],"timestamp":1428774494000,"id":1156571,"time":"17:47","updateTime":1428774452098,"sequence":337.0,"type":"Auto"},{"innings":2,"over":17,"overRuns":15,"overWickets":1,"inningsRuns":147,"inningsWickets":6,"inningsAllOut":false,"team":{"id":9,"fullName":"Royal Challengers Bangalore","shortName":"Challengers","abbreviation":"RCB","primaryColor":"F1901D","secondaryColor":"FFFFFF","type":"m"},"batsmanSummaries":[{"batsman":{"id":236,"fullName":"Chris Gayle","shortName":"C Gayle","nationality":"West Indian","rightHandedBat":false,"dateOfBirth":306720000000,"names":["Chris Gayle","C Gayle"]},"runs":78,"balls":50,"fours":5,"sixes":6},{"batsman":{"id":157,"fullName":"Harshal Patel","shortName":"H Patel","nationality":"Indian","rightHandedBat":false,"dateOfBirth":659318400000,"names":["Harshal Patel","H Patel"]},"runs":0,"balls":0,"fours":0,"sixes":0}],"activeBatsman":236,"bowlerSummary":{"bowler":{"id":201,"fullName":"Shakib Al Hasan","shortName":"S Al Hasan","nationality":"Bangladeshi","rightHandedBat":false,"dateOfBirth":543542400000,"names":["Shakib Al Hasan","S Al Hasan"]},"overs":"2","runs":17,"wickets":1,"maidens":0},"inningsBalls":102,"inningsMaxBalls":120,"inningsTarget":178,"message":{"text":null},"tags":[],"timestamp":1428774452000,"id":1156572,"time":"17:47","updateTime":1428774452237,"sequence":338.0,"type":"Eov"},{"bbcode":"S Narine to C Gayle. He hits a nice boundary","thisOver":"4","progress":{"innings":2,"over":18,"ball":1},"speed":-1.0,"subtype":"BBCode","countingProgress":{"innings":2,"over":17,"ball":1},"bowlerId":203,"nonfacingBatsmanId":157,"facingBatsmanId":236,"autoText":"S Narine to C Gayle. He hits a nice boundary","message":{"text":null},"tags":["four"],"timestamp":1428774565000,"id":1156573,"time":"17:48","updateTime":1428774512584,"sequence":339.0,"type":"Auto"},{"bbcode":"Four! Too short from Narine, Gayle rocks back and punishes it over mid on for four more","subtype":"BBCode","message":{"text":"<p>Four! Too short from Narine, Gayle rocks back and punishes it over mid on for four more</p>"},"tags":[],"timestamp":1428774575000,"id":1156574,"time":"17:49","updateTime":1428774548124,"sequence":340.0,"type":"Manual"},{"bbcode":"S Narine to C Gayle. He hits a nice boundary","thisOver":"4","progress":{"innings":2,"over":18,"ball":2},"speed":-1.0,"subtype":"BBCode","countingProgress":{"innings":2,"over":17,"ball":2},"bowlerId":203,"nonfacingBatsmanId":157,"facingBatsmanId":236,"autoText":"S Narine to C Gayle. He hits a nice boundary","message":{"text":null},"tags":["four"],"timestamp":1428774615000,"id":1156575,"time":"17:49","updateTime":1428774552484,"sequence":341.0,"type":"Auto"},{"bbcode":"Four! Slog sweep through mid-wicket, and Gayle's doing this at a canter. Utterly brilliant!","subtype":"BBCode","message":{"text":"<p>Four! Slog sweep through mid-wicket, and Gayle's doing this at a canter. Utterly brilliant!</p>"},"tags":[],"timestamp":1428774602000,"id":1156576,"time":"17:49","updateTime":1428774578386,"sequence":342.0,"type":"Manual"},{"bbcode":"S Narine to C Gayle. He picks up two","thisOver":"2","progress":{"innings":2,"over":18,"ball":3},"subtype":"BBCode","countingProgress":{"innings":2,"over":17,"ball":3},"bowlerId":203,"nonfacingBatsmanId":157,"facingBatsmanId":236,"autoText":"S Narine to C Gayle. He picks up two","message":{"text":null},"tags":[],"timestamp":1428775528000,"id":1156577,"time":"17:49","updateTime":1428774592735,"sequence":343.0,"type":"Auto"},{"bbcode":"S Narine to C Gayle. He picks up a single","thisOver":"1","progress":{"innings":2,"over":18,"ball":4},"speed":-1.0,"subtype":"BBCode","countingProgress":{"innings":2,"over":17,"ball":4},"bowlerId":203,"nonfacingBatsmanId":157,"facingBatsmanId":236,"autoText":"S Narine to C Gayle. He picks up a single","message":{"text":null},"tags":[],"timestamp":1428774698000,"id":1156578,"time":"17:50","updateTime":1428774622881,"sequence":344.0,"type":"Auto"},{"bbcode":"S Narine to H Patel, no run. He doesn't offer a shot","thisOver":".","progress":{"innings":2,"over":18,"ball":5},"speed":-1.0,"subtype":"BBCode","countingProgress":{"innings":2,"over":17,"ball":5},"bowlerId":203,"nonfacingBatsmanId":236,"facingBatsmanId":157,"autoText":"S Narine to H Patel, no run. He doesn't offer a shot","message":{"text":null},"tags":[],"timestamp":1428774793000,"id":1156579,"time":"17:51","updateTime":1428774672761,"sequence":345.0,"type":"Auto"},{"bbcode":"S Narine to H Patel. He hits a great shot, that has gone all the way","thisOver":"6","progress":{"innings":2,"over":18,"ball":6},"speed":-1.0,"subtype":"BBCode","countingProgress":{"innings":2,"over":17,"ball":6},"bowlerId":203,"nonfacingBatsmanId":236,"facingBatsmanId":157,"autoText":"S Narine to H Patel. He hits a great shot, that has gone all the way","message":{"text":null},"tags":["six"],"timestamp":1428775394000,"id":1156580,"time":"17:51","updateTime":1428774703193,"sequence":346.0,"type":"Auto"},{"bbcode":"[b]Six![/b] What on earth?! Harshal Patel has just danced down the track to THE Sunil Narine! It's gone all the way! That's ludicrous!","subtype":"BBCode","message":{"text":"<p><strong>Six!</strong> What on earth?! Harshal Patel has just danced down the track to THE Sunil Narine! It's gone all the way! That's ludicrous!</p>"},"tags":[],"timestamp":1428774749000,"id":1156582,"time":"17:52","updateTime":1428774720851,"sequence":346.5,"type":"Manual"},{"innings":2,"over":18,"overRuns":17,"overWickets":0,"inningsRuns":164,"inningsWickets":6,"inningsAllOut":false,"team":{"id":9,"fullName":"Royal Challengers Bangalore","shortName":"Challengers","abbreviation":"RCB","primaryColor":"F1901D","secondaryColor":"FFFFFF","type":"m"},"batsmanSummaries":[{"batsman":{"id":157,"fullName":"Harshal Patel","shortName":"H Patel","nationality":"Indian","rightHandedBat":false,"dateOfBirth":659318400000,"names":["Harshal Patel","H Patel"]},"runs":6,"balls":2,"fours":0,"sixes":1},{"batsman":{"id":236,"fullName":"Chris Gayle","shortName":"C Gayle","nationality":"West Indian","rightHandedBat":false,"dateOfBirth":306720000000,"names":["Chris Gayle","C Gayle"]},"runs":89,"balls":54,"fours":7,"sixes":6}],"activeBatsman":236,"bowlerSummary":{"bowler":{"id":203,"fullName":"Sunil Narine","shortName":"S Narine","nationality":"West Indian","rightHandedBat":false,"dateOfBirth":580608000000,"names":["Sunil Narine","S Narine"]},"overs":"4","runs":26,"wickets":0,"maidens":0},"inningsBalls":108,"inningsMaxBalls":120,"inningsTarget":178,"message":{"text":null},"tags":[],"timestamp":1428774703000,"id":1156581,"time":"17:51","updateTime":1428774703380,"sequence":347.0,"type":"Eov"}]}