{"matchInfo":{"description":"Match 37","matchType":"IPLT20","teams":[{"id":3731,"players":[{"names":["Brendon McCullum","B McCullum"],"dateOfBirth":370396800000,"id":202,"fullName":"Brendon McCullum","shortName":"B McCullum","nationality":"New Zealander"},{"names":["Dwayne Smith","DR Smith"],"dateOfBirth":418953600000,"id":413,"fullName":"Dwayne Smith","shortName":"DR Smith","nationality":"West Indian"},{"names":["Suresh Raina","S Raina"],"dateOfBirth":533433600000,"id":14,"fullName":"Suresh Raina","shortName":"S Raina","nationality":"Indian"},{"names":["Francois du Plessis","F du Plessis"],"dateOfBirth":458524800000,"id":24,"fullName":"Francois du Plessis","shortName":"F du Plessis","nationality":"South African"},{"names":["Ravindra Jadeja","R Jadeja"],"dateOfBirth":597369600000,"id":9,"fullName":"Ravindra Jadeja","shortName":"R Jadeja","nationality":"Indian"},{"names":["MS Dhoni","MS Dhoni"],"dateOfBirth":363312000000,"id":1,"fullName":"MS Dhoni","shortName":"MS Dhoni","nationality":"Indian"},{"names":["Dwayne Bravo","DJ Bravo"],"dateOfBirth":434332800000,"id":25,"fullName":"Dwayne Bravo","shortName":"DJ Bravo","nationality":"West Indian"},{"names":["Pawan Negi","P Negi"],"dateOfBirth":410659200000,"id":53,"fullName":"Pawan Negi","shortName":"P Negi","nationality":"Indian"},{"names":["Mohit Sharma","M Sharma"],"dateOfBirth":693100800000,"id":1107,"fullName":"Mohit Sharma","shortName":"M Sharma","nationality":"Indian"},{"names":["Ishwar Pandey","I Pandey"],"rightHandedBat":true,"dateOfBirth":619142400000,"id":1090,"fullName":"Ishwar Pandey","shortName":"I Pandey","nationality":"Indian"},{"names":["Ashish Nehra","A Nehra"],"dateOfBirth":294192000000,"id":115,"fullName":"Ashish Nehra","shortName":"A Nehra","nationality":"Indian"}],"team":{"type":"m","fullName":"Chennai Super Kings","shortName":"Super Kings","abbreviation":"CSK","primaryColor":"FDB913","secondaryColor":"FFFFFF","id":1},"wicketKeeper":{"names":["MS Dhoni","MS Dhoni"],"dateOfBirth":363312000000,"id":1,"fullName":"MS Dhoni","shortName":"MS Dhoni","nationality":"Indian"},"captain":{"names":["MS Dhoni","MS Dhoni"],"dateOfBirth":363312000000,"id":1,"fullName":"MS Dhoni","shortName":"MS Dhoni","nationality":"Indian"}},{"id":3730,"players":[{"names":["Virat Kohli","V Kohli"],"dateOfBirth":594691200000,"id":164,"fullName":"Virat Kohli","shortName":"V Kohli","nationality":"Indian"},{"names":["Nic Maddinson","N Maddinson"],"dateOfBirth":693273600000,"id":858,"fullName":"Nic Maddinson","shortName":"N Maddinson","nationality":"Australian"},{"names":["AB de Villiers","AB de Villiers"],"dateOfBirth":445824000000,"id":233,"fullName":"AB de Villiers","shortName":"AB de Villiers","nationality":"South African"},{"names":["Mandeep Singh","M Singh"],"dateOfBirth":693014400000,"id":72,"fullName":"Mandeep Singh","shortName":"M Singh","nationality":"Indian"},{"names":["Dinesh Karthik","D Karthik"],"rightHandedBat":true,"dateOfBirth":486432000000,"id":102,"fullName":"Dinesh Karthik","shortName":"D Karthik","nationality":"Indian"},{"names":["Sarfaraz Khan","S Khan"],"rightHandedBat":true,"dateOfBirth":877478400000,"id":1564,"fullName":"Sarfaraz Khan","shortName":"S Khan","nationality":"Indian"},{"names":["David Wiese","D Wiese"],"rightHandedBat":true,"dateOfBirth":485222400000,"id":869,"fullName":"David Wiese","shortName":"D Wiese","nationality":"South African"},{"names":["Iqbal Abdulla","I Abdulla"],"dateOfBirth":628560000000,"id":85,"fullName":"Iqbal Abdulla","shortName":"I Abdulla","nationality":"Indian"},{"names":["Mitchell Starc","M Starc"],"rightHandedBat":true,"dateOfBirth":633657600000,"id":490,"fullName":"Mitchell Starc","shortName":"M Starc","nationality":"Australian"},{"names":["Harshal Patel","H Patel"],"dateOfBirth":659318400000,"id":157,"fullName":"Harshal Patel","shortName":"H Patel","nationality":"Indian"},{"names":["Yuzvendra Chahal","Y Chahal"],"rightHandedBat":true,"dateOfBirth":1330300800000,"id":111,"fullName":"Yuzvendra Chahal","shortName":"Y Chahal","nationality":"Indian"}],"team":{"type":"m","fullName":"Royal Challengers Bangalore","shortName":"Challengers","abbreviation":"RCB","primaryColor":"F1901D","secondaryColor":"FFFFFF","id":9},"wicketKeeper":{"names":["Dinesh Karthik","D Karthik"],"rightHandedBat":true,"dateOfBirth":486432000000,"id":102,"fullName":"Dinesh Karthik","shortName":"D Karthik","nationality":"Indian"},"captain":{"names":["Virat Kohli","V Kohli"],"dateOfBirth":594691200000,"id":164,"fullName":"Virat Kohli","shortName":"V Kohli","nationality":"Indian"}}],"venue":{"id":1,"country":"India","fullName":"M. A. Chidambaram Stadium","shortName":"Chidambaram","city":"Chennai"},"matchDate":"2015-05-04T16:00:00+0530","battingOrder":[0,1],"additionalInfo":{"toss.elected":"Chennai Super Kings, who chose to bat","match.video.id":"4215027536001","stats.link":"http://www.iplt20.com/news/2015/more-news/6537/quick-stats-m37-csk-vs-rcb","match.summary":"","photostream.link":"http://www.iplt20.com/photos/285/ipl-2015-match-37-csk-v-rcb","mom.video.id":"4215282269001","home.team.fan.total":"11582","notes.1.1":"Powerplay - 37 runs, 2 wickets","away.team.fan.total":"6533","notes.1.2":"CSK: 50 runs in 8.2 overs","umpire.name.3":"Johan Cloete","notes.1.3":"3rd Wicket: 50 runs in 40 balls (Suresh Raina 28, Francois du Plessis 19)","umpire.name.4":"Pashchim Pathak","umpire.name.1":"Chettithody Shamshuddin","notes.1.4":"Suresh Raina: 50 off 44 balls (5 x fours, 1 x six)","umpire.name.2":"Krishnaraj Srinath","notes.1.5":"CSK: 100 runs in 14.5 overs","notes.1.6":"Innings Break: CSK - 148/9 in 20 overs","highlights.link":"http://www.iplt20.com/videos/media/id/4215027536001/m37-csk-vs-rcb-match-highlights","result.playerofthematch":"Suresh Raina","mom.video.thumb":"http://brightcove.vo.llnwd.net/v1/unsecured/media/3588749423001/201505/3356/3588749423001_4215279863001_video-still-for-video-4215282269001.jpg?pubId=3588749423001","interview.link":"http://www.iplt20.com/news/2015/features/6526/raina-and-the-essence-of-ipl","sixes.video.id":"4215027503001","interview.thumb":"http://static2.iplt20.com/cms/media/images/320x213/40623.jpg","referee.name":"Javagal Srinath","match.video.thumb":"http://brightcove.vo.llnwd.net/v1/unsecured/media/3588749423001/201505/3412/3588749423001_4215135412001_video-still-for-video-4215027536001.jpg?pubId=3588749423001","stats.thumb":"http://static2.iplt20.com/cms/media/images/320x213/40661.jpg","toss.winner":"Chennai Super Kings","sixes.video.thumb":"http://brightcove.vo.llnwd.net/v1/unsecured/media/3588749423001/201505/2100/3588749423001_4215185849001_vs-55478267e4b002ea51e659b9-1083021587001.jpg?pubId=3588749423001","notes.2.3":"4th Wicket: 50 runs in 39 balls (Virat Kohli 29, Dinesh Karthik 22)","report.thumb":"http://static2.iplt20.com/cms/media/images/320x213/40505.jpg","notes.2.4":"RCB: 100 runs in 14.6 overs","notes.2.1":"Powerplay - 42 runs, 3 wickets","report.link":"http://www.iplt20.com/news/2015/match-reports/6516/report-m37-csk-vs-rcb","notes.2.2":"RCB: 50 runs in 7.2 overs"},"oversLimit":20,"matchState":"C","isLimitedOvers":true,"matchStatus":{"text":"Chennai Super Kings won by 24 runs","outcome":"A"},"matchSummary":"","tournamentLabel":"IPL 2015"},"matchId":{"tournamentId":{"name":"ipl2015","id":2785},"name":"ipl2015-37","id":3262,"parentId":{"name":"ipl2015","id":2785}},"innings":[{"inningsNumber":1,"scorecard":{"runs":148,"extras":{"wideRuns":5},"battingStats":[{"mod":{"text":"b Mitchell Starc","dismissedBp":{"over":1,"innings":1,"ball":6},"countingBp":{"over":1,"innings":1,"ball":6},"bowlerId":490,"dismissedMethod":"b"},"playerId":413,"r":0,"b":6,"sr":"0.00","4s":0,"6s":0},{"mod":{"text":"c Iqbal Abdulla b David Wiese","dismissedBp":{"over":6,"innings":1,"ball":3},"countingBp":{"over":6,"innings":1,"ball":3},"bowlerId":869,"additionalPlayerIds":[85],"dismissedMethod":"ct"},"playerId":202,"r":20,"b":15,"sr":"133.33","4s":4,"6s":0},{"mod":{"text":"lbw Harshal Patel","dismissedBp":{"over":15,"innings":1,"ball":6},"countingBp":{"over":15,"innings":1,"ball":6},"bowlerId":157,"dismissedMethod":"lbw"},"playerId":14,"r":52,"b":46,"sr":"113.04","4s":5,"6s":1},{"mod":{"text":"b Harshal Patel","dismissedBp":{"over":15,"innings":1,"ball":1},"countingBp":{"over":15,"innings":1,"ball":1},"bowlerId":157,"dismissedMethod":"b"},"playerId":24,"r":24,"b":20,"sr":"120.00","4s":0,"6s":1},{"mod":{"text":"c Mitchell Starc b David Wiese","dismissedBp":{"over":19,"innings":1,"ball":3},"countingBp":{"over":19,"innings":1,"ball":3},"bowlerId":869,"additionalPlayerIds":[490],"dismissedMethod":"ct"},"playerId":1,"r":29,"b":18,"sr":"161.11","4s":2,"6s":2},{"mod":{"text":"c Virat Kohli b Yuzvendra Chahal","dismissedBp":{"over":18,"innings":1,"ball":1},"countingBp":{"over":18,"innings":1,"ball":1},"bowlerId":111,"additionalPlayerIds":[164],"dismissedMethod":"ct"},"playerId":9,"r":3,"b":4,"sr":"75.00","4s":0,"6s":0},{"mod":{"text":"b Mitchell Starc","dismissedBp":{"over":20,"innings":1,"ball":6},"countingBp":{"over":20,"innings":1,"ball":5},"bowlerId":490,"dismissedMethod":"b"},"playerId":53,"r":13,"b":7,"sr":"185.71","4s":1,"6s":1},{"mod":{"text":"c David Wiese b Mitchell Starc","dismissedBp":{"over":20,"innings":1,"ball":4},"countingBp":{"over":20,"innings":1,"ball":4},"bowlerId":490,"additionalPlayerIds":[869],"dismissedMethod":"ct"},"playerId":25,"r":2,"b":3,"sr":"66.66","4s":0,"6s":0},{"mod":{"text":"run out (Dinesh Karthik)","dismissedBp":{"over":20,"innings":1,"ball":7},"countingBp":{"over":20,"innings":1,"ball":6},"bowlerId":490,"additionalPlayerIds":[102],"dismissedMethod":"ro"},"playerId":1107,"r":0,"b":0,"4s":0,"6s":0},{"playerId":115,"r":0,"b":1,"sr":"0.00","4s":0,"6s":0}],"bowlingStats":[{"playerId":490,"r":24,"w":3,"ov":"4","e":"6.00","nb":0,"d":13,"maid":1,"wd":1},{"playerId":111,"r":36,"w":1,"ov":"4","e":"9.00","nb":0,"d":7,"maid":0,"wd":0},{"playerId":869,"r":29,"w":2,"ov":"4","e":"7.25","nb":0,"d":9,"maid":0,"wd":0},{"playerId":157,"r":19,"w":2,"ov":"4","e":"4.75","nb":0,"d":13,"maid":0,"wd":3},{"playerId":85,"r":34,"w":0,"ov":"3","e":"11.33","nb":0,"d":4,"maid":0,"wd":1},{"playerId":164,"r":6,"w":0,"ov":"1","e":"6.00","nb":0,"d":1,"maid":0,"wd":0}],"wkts":9,"fow":[{"bp":{"over":1,"innings":1,"ball":6},"playerId":413,"r":0,"w":1},{"bp":{"over":6,"innings":1,"ball":3},"playerId":202,"r":34,"w":2},{"bp":{"over":15,"innings":1,"ball":1},"playerId":24,"r":98,"w":3},{"bp":{"over":15,"innings":1,"ball":6},"playerId":14,"r":101,"w":4},{"bp":{"over":18,"innings":1,"ball":1},"playerId":9,"r":122,"w":5},{"bp":{"over":19,"innings":1,"ball":3},"playerId":1,"r":139,"w":6},{"bp":{"over":20,"innings":1,"ball":4},"playerId":25,"r":147,"w":7},{"bp":{"over":20,"innings":1,"ball":5},"playerId":53,"r":148,"w":8},{"bp":{"over":20,"innings":1,"ball":6},"playerId":1107,"r":148,"w":9}]},"overProgress":"20","runRate":"7.40","overHistory":[{"ovNo":1,"ovBalls":[".",".",".",".",".","W"]},{"ovNo":2,"ovBalls":["1","1",".",".","4","."]},{"ovNo":3,"ovBalls":["1",".",".","2","4","4"]},{"ovNo":4,"ovBalls":["4",".",".","1",".","."]},{"ovNo":5,"ovBalls":["4",".",".","1","1","1"]},{"ovNo":6,"ovBalls":["1","4","W",".","2","1"]},{"ovNo":7,"ovBalls":["1","1","1Wd","1","1","1","1"]},{"ovNo":8,"ovBalls":["1",".",".",".","1Wd",".","2"]},{"ovNo":9,"ovBalls":[".","6","1","4","4","."]},{"ovNo":10,"ovBalls":["1","1","1","1Wd",".","1Wd",".","."]},{"ovNo":11,"ovBalls":["1",".",".","2","1","1"]},{"ovNo":12,"ovBalls":["2","1","1","1",".","1"]},{"ovNo":13,"ovBalls":["6",".","1","1","1","1"]},{"ovNo":14,"ovBalls":["1","1","1","4","1","1"]},{"ovNo":15,"ovBalls":["W",".",".","1","2","W"]},{"ovNo":16,"ovBalls":[".","6","1","1",".","4"]},{"ovNo":17,"ovBalls":["1",".","1","1","2","4"]},{"ovNo":18,"ovBalls":["W","6","1","1","1","6"]},{"ovNo":19,"ovBalls":["2",".","W",".","4","1"]},{"ovNo":20,"ovBalls":["1",".","2","W","1Wd","W","W"]}]},{"inningsNumber":2,"scorecard":{"runs":124,"extras":{"wideRuns":1,"legByeRuns":1},"battingStats":[{"mod":{"text":"b Ishwar Pandey","dismissedBp":{"over":3,"innings":2,"ball":1},"countingBp":{"over":3,"innings":2,"ball":1},"bowlerId":1090,"dismissedMethod":"b"},"playerId":858,"r":4,"b":7,"sr":"57.14","4s":1,"6s":0},{"mod":{"text":"run out (Dwayne Bravo)","dismissedBp":{"over":14,"innings":2,"ball":6},"countingBp":{"over":14,"innings":2,"ball":6},"bowlerId":25,"additionalPlayerIds":[25],"dismissedMethod":"ro"},"playerId":164,"r":48,"b":44,"sr":"109.09","4s":2,"6s":1},{"mod":{"text":"c Francois du Plessis b Ishwar Pandey","dismissedBp":{"over":5,"innings":2,"ball":6},"countingBp":{"over":5,"innings":2,"ball":6},"bowlerId":1090,"additionalPlayerIds":[24],"dismissedMethod":"ct"},"playerId":233,"r":21,"b":14,"sr":"150.00","4s":5,"6s":0},{"mod":{"text":"run out (Pawan Negi)","dismissedBp":{"over":6,"innings":2,"ball":2},"countingBp":{"over":6,"innings":2,"ball":2},"bowlerId":1107,"additionalPlayerIds":[53],"dismissedMethod":"ro"},"playerId":72,"r":0,"b":0,"4s":0,"6s":0},{"mod":{"text":"c Dwayne Smith b Ashish Nehra","dismissedBp":{"over":15,"innings":2,"ball":1},"countingBp":{"over":15,"innings":2,"ball":1},"bowlerId":115,"additionalPlayerIds":[413],"dismissedMethod":"ct"},"playerId":102,"r":23,"b":20,"sr":"115.00","4s":4,"6s":0},{"mod":{"text":"c Dwayne Smith b Ashish Nehra","dismissedBp":{"over":17,"innings":2,"ball":5},"countingBp":{"over":17,"innings":2,"ball":4},"bowlerId":115,"additionalPlayerIds":[413],"dismissedMethod":"ct"},"playerId":1564,"r":8,"b":8,"sr":"100.00","4s":1,"6s":0},{"mod":{"text":"c Pawan Negi b Dwayne Bravo","dismissedBp":{"over":20,"innings":2,"ball":1},"countingBp":{"over":20,"innings":2,"ball":1},"bowlerId":25,"additionalPlayerIds":[53],"dismissedMethod":"ct"},"playerId":869,"r":17,"b":14,"sr":"121.42","4s":2,"6s":0},{"mod":{"text":"c MS Dhoni b Ashish Nehra","dismissedBp":{"over":17,"innings":2,"ball":7},"countingBp":{"over":17,"innings":2,"ball":6},"bowlerId":115,"additionalPlayerIds":[1],"dismissedMethod":"ct"},"playerId":157,"r":0,"b":1,"sr":"0.00","4s":0,"6s":0},{"mod":{"text":"c Suresh Raina b Mohit Sharma","dismissedBp":{"over":19,"innings":2,"ball":6},"countingBp":{"over":19,"innings":2,"ball":6},"bowlerId":1107,"additionalPlayerIds":[14],"dismissedMethod":"ct"},"playerId":490,"r":1,"b":7,"sr":"14.28","4s":0,"6s":0},{"mod":{"text":"c Pawan Negi b Dwayne Bravo","dismissedBp":{"over":20,"innings":2,"ball":4},"countingBp":{"over":20,"innings":2,"ball":4},"bowlerId":25,"additionalPlayerIds":[53],"dismissedMethod":"ct"},"playerId":85,"r":0,"b":3,"sr":"0.00","4s":0,"6s":0},{"playerId":111,"r":0,"b":0,"4s":0,"6s":0}],"bowlingStats":[{"playerId":1090,"r":28,"w":2,"ov":"4","e":"7.00","nb":0,"d":14,"maid":0,"wd":0},{"playerId":115,"r":19,"w":3,"ov":"4","e":"4.75","nb":0,"d":13,"maid":0,"wd":1},{"playerId":1107,"r":29,"w":1,"ov":"4","e":"7.25","nb":0,"d":8,"maid":0,"wd":0},{"playerId":9,"r":11,"w":0,"ov":"2","e":"5.50","nb":0,"d":5,"maid":0,"wd":0},{"playerId":53,"r":19,"w":0,"ov":"2","e":"9.50","nb":0,"d":4,"maid":0,"wd":0},{"playerId":25,"r":17,"w":2,"ov":"3.4","e":"4.63","nb":0,"d":13,"maid":0,"wd":0}],"allOut":true,"wkts":10,"fow":[{"bp":{"over":3,"innings":2,"ball":1},"playerId":858,"r":10,"w":1},{"bp":{"over":5,"innings":2,"ball":6},"playerId":233,"r":34,"w":2},{"bp":{"over":6,"innings":2,"ball":2},"playerId":72,"r":34,"w":3},{"bp":{"over":14,"innings":2,"ball":6},"playerId":164,"r":97,"w":4},{"bp":{"over":15,"innings":2,"ball":1},"playerId":102,"r":97,"w":5},{"bp":{"over":17,"innings":2,"ball":4},"playerId":1564,"r":111,"w":6},{"bp":{"over":17,"innings":2,"ball":6},"playerId":157,"r":112,"w":7},{"bp":{"over":19,"innings":2,"ball":6},"playerId":490,"r":124,"w":8},{"bp":{"over":20,"innings":2,"ball":1},"playerId":869,"r":124,"w":9},{"bp":{"over":20,"innings":2,"ball":4},"playerId":85,"r":124,"w":10}]},"overProgress":"19.4","runRate":"6.30","overHistory":[{"ovNo":1,"ovBalls":[".",".","4",".",".","."]},{"ovNo":2,"ovBalls":[".",".","2","4",".","."]},{"ovNo":3,"ovBalls":["W",".","4",".","4","."]},{"ovNo":4,"ovBalls":["1",".","1","1",".","4"]},{"ovNo":5,"ovBalls":["1","4",".","4",".","W"]},{"ovNo":6,"ovBalls":[".","W","1","3",".","4"]},{"ovNo":7,"ovBalls":["1","1","1",".","4","."]},{"ovNo":8,"ovBalls":[".","1","1","1",".","4"]},{"ovNo":9,"ovBalls":["1",".","1","4","2","1"]},{"ovNo":10,"ovBalls":[".",".","1","4",".","1"]},{"ovNo":11,"ovBalls":["1",".",".",".",".","1"]},{"ovNo":12,"ovBalls":["6","2",".","2","2","1"]},{"ovNo":13,"ovBalls":["1","1",".","2","2","1"]},{"ovNo":14,"ovBalls":["1",".","1Lb",".","2","W"]},{"ovNo":15,"ovBalls":["W",".","1","1",".","1"]},{"ovNo":16,"ovBalls":["1",".","4","2","1","1"]},{"ovNo":17,"ovBalls":["1Wd","1",".",".","W","1","W"]},{"ovNo":18,"ovBalls":["4","1",".",".",".","."]},{"ovNo":19,"ovBalls":["4","1","1","1",".","W"]},{"ovNo":20,"ovBalls":["W",".",".","W"]}]}],"currentState":{"phase":"C","facingBatsman":-1,"nonFacingBatsman":111,"currentInningsIndex":1,"currentBowler":25,"currentBatsmen":[-1,111],"recentOvers":[{"ovNo":15,"ovBalls":["W",".","1","1",".","1"]},{"ovNo":16,"ovBalls":["1",".","4","2","1","1"]},{"ovNo":17,"ovBalls":["1Wd","1",".",".","W","1","W"]},{"ovNo":18,"ovBalls":["4","1",".",".",".","."]},{"ovNo":19,"ovBalls":["4","1","1","1",".","W"]},{"ovNo":20,"ovBalls":["W",".",".","W"]}]}}