{"fragment":7,"updateTime":1429364682000,"matchId":{"id":3238,"name":"ipl2015-13 - SRH vs. DD","matchIdName":"ipl2015-13"},"commentaries":[{"mediaId":"4181196203001","endpointUrlHq1":"http://brightcove.vo.llnwd.net/v1/uds/pd/3588749423001/201504/1172/3588749423001_4181205488001_SRH-1ST-WKT.mp4","endpointUrlHq2":"http://brightcove.vo.llnwd.net/v1/uds/pd/3588749423001/201504/3148/3588749423001_4181188059001_SRH-1ST-WKT.mp4","endpointUrlAlt":"http://c.brightcove.com/services/mobile/streaming/index/rendition.m3u8?assetId=4181188061001","title":"M13: SRH vs DD – Shikhar Dhawan Wicket","largeThumbnail":"http://brightcove.vo.llnwd.net/v1/unsecured/media/3588749423001/201504/1188/3588749423001_4181146114001_video-still-for-video-4181196203001.jpg?pubId=3588749423001","duration":21920,"endpointUrl":"http://brightcove.vo.llnwd.net/v1/uds/pd/3588749423001/201504/20/3588749423001_4181196112001_SRH-1ST-WKT.mp4","smallThumbnail":"http://brightcove.vo.llnwd.net/v1/unsecured/media/3588749423001/201504/188/3588749423001_4181146113001_thumbnail-for-video-4181196203001.jpg?pubId=3588749423001","description":null,"endpointUrlMq":"http://brightcove.vo.llnwd.net/v1/uds/pd/3588749423001/201504/1020/3588749423001_4181196113001_SRH-1ST-WKT.mp4","endpointUrlHq3":"http://brightcove.vo.llnwd.net/v1/uds/pd/3588749423001/201504/148/3588749423001_4181188060001_SRH-1ST-WKT.mp4","publishDate":1429361975492,"message":{"text":null},"tags":["account:iplt20","over 7","match:ipl2015-13","2015","ipl2015","dd","ipl2015-13","IPL 2015","srh","innings 2","ball 1","wicket","channel:ipl-match-centre","playerid 41"],"timestamp":1429362910000,"id":1164848,"time":"13:15","updateTime":1429362910427,"sequence":300.0,"type":"Video"},{"mediaId":"4181196204001","endpointUrlHq1":"http://brightcove.vo.llnwd.net/v1/uds/pd/3588749423001/201504/2148/3588749423001_4181188066001_SRH-2ND-WKT.mp4","endpointUrlHq2":"http://brightcove.vo.llnwd.net/v1/uds/pd/3588749423001/201504/1124/3588749423001_4181205481001_SRH-2ND-WKT.mp4","endpointUrlAlt":"http://c.brightcove.com/services/mobile/streaming/index/rendition.m3u8?assetId=4181198905001","title":"M13: SRH vs DD – David Warner Wicket","largeThumbnail":"http://brightcove.vo.llnwd.net/v1/unsecured/media/3588749423001/201504/3188/3588749423001_4181146116001_video-still-for-video-4181196204001.jpg?pubId=3588749423001","duration":26843,"endpointUrl":"http://brightcove.vo.llnwd.net/v1/uds/pd/3588749423001/201504/3124/3588749423001_4181205475001_SRH-2ND-WKT.mp4","smallThumbnail":"http://brightcove.vo.llnwd.net/v1/unsecured/media/3588749423001/201504/2188/3588749423001_4181146115001_thumbnail-for-video-4181196204001.jpg?pubId=3588749423001","description":null,"endpointUrlMq":"http://brightcove.vo.llnwd.net/v1/uds/pd/3588749423001/201504/2124/3588749423001_4181205476001_SRH-2ND-WKT.mp4","endpointUrlHq3":"http://brightcove.vo.llnwd.net/v1/uds/pd/3588749423001/201504/1172/3588749423001_4181205484001_SRH-2ND-WKT.mp4","publishDate":1429361977766,"message":{"text":null},"tags":["account:iplt20","over 7","match:ipl2015-13","2015","ipl2015","dd","ipl2015-13","IPL 2015","srh","innings 2","ball 3","wicket","playerid 170","channel:ipl-match-centre"],"timestamp":1429362910000,"id":1164849,"time":"13:15","updateTime":1429362910485,"sequence":301.0,"type":"Video"},{"bbcode":"A Mathews to R Bopara, %SPEED% good length on middle stump. He picks up a single","thisOver":"1","progress":{"innings":2,"over":13,"ball":1},"speed":33.3082730072164,"subtype":"BBCode","countingProgress":{"innings":2,"over":12,"ball":1},"bowlerId":217,"nonfacingBatsmanId":1125,"facingBatsmanId":374,"autoText":"A Mathews to R Bopara, %SPEED% good length on middle stump. He picks up a single","message":{"text":null},"tags":[],"timestamp":1429363042000,"id":1164850,"time":"13:15","updateTime":1429362958385,"sequence":302.0,"type":"Auto"},{"bbcode":"A Mathews to L Rahul, no run, %SPEED% short length on middle stump. He doesn't offer a shot","thisOver":".","progress":{"innings":2,"over":13,"ball":2},"speed":35.5616864529399,"subtype":"BBCode","countingProgress":{"innings":2,"over":12,"ball":2},"bowlerId":217,"nonfacingBatsmanId":374,"facingBatsmanId":1125,"autoText":"A Mathews to L Rahul, no run, %SPEED% short length on middle stump. He doesn't offer a shot","message":{"text":null},"tags":[],"timestamp":1429363042000,"id":1164851,"time":"13:16","updateTime":1429362993159,"sequence":303.0,"type":"Auto"},{"bbcode":"A Mathews to L Rahul, %SPEED% short length on leg stump. He plays and misses","thisOver":"2","progress":{"innings":2,"over":13,"ball":3},"speed":29.0716285603102,"subtype":"BBCode","countingProgress":{"innings":2,"over":12,"ball":3},"bowlerId":217,"nonfacingBatsmanId":374,"facingBatsmanId":1125,"autoText":"A Mathews to L Rahul, %SPEED% short length on leg stump. He plays and misses","message":{"text":null},"tags":[],"timestamp":1429363096000,"id":1164852,"time":"13:17","updateTime":1429363036249,"sequence":304.0,"type":"Auto"},{"bbcode":"[b]Dropped! [/b]High up into the night's sky from Rahul, Joseph doesn't look comfortable under it at mid on and puts it down!","subtype":"BBCode","message":{"text":"<p><strong>Dropped!&nbsp;</strong>High up into the night's sky from Rahul, Joseph doesn't look comfortable under it at mid on and puts it down!</p>"},"tags":[],"timestamp":1429363083000,"id":1164853,"time":"13:17","updateTime":1429363054289,"sequence":305.0,"type":"Manual"},{"bbcode":"A Mathews to L Rahul, [b]WICKET!!! L Rahul is out[/b] b Angelo Mathews","thisOver":"W","progress":{"innings":2,"over":13,"ball":4},"speed":35.1474741578559,"subtype":"BBCode","countingProgress":{"innings":2,"over":12,"ball":4},"bowlerId":217,"nonfacingBatsmanId":374,"facingBatsmanId":1125,"autoText":"A Mathews to L Rahul, <b>WICKET!!! L Rahul is out</b> b Angelo Mathews","message":{"text":null},"tags":["wicket"],"timestamp":1429363116000,"id":1164854,"time":"13:17","updateTime":1429363064480,"sequence":306.0,"type":"Auto"},{"bbcode":"[b]Wicket![/b] It doesn't matter now! Rahul moves too far across and Mathews rips out his leg stump!","subtype":"BBCode","message":{"text":"<p><strong>Wicket!</strong> It doesn't matter now! Rahul moves too far across and Mathews rips out his leg stump!</p>"},"tags":[],"timestamp":1429363110000,"id":1164855,"time":"13:18","updateTime":1429363110676,"sequence":307.0,"type":"Manual"},{"subtype":"EmbeddedTweet","tweetjson":{"created_at":"Sat Apr 18 13:18:56 +0000 2015","id":589417829771841536,"id_str":"589417829771841536","text":"Dropped &amp; then Bowled! drama!!  #SRHvsDD #pepsiIPL #IPL","source":"<a href=\"https://mobile.twitter.com\" rel=\"nofollow\">Mobile Web (M2)</a>","truncated":false,"in_reply_to_status_id":null,"in_reply_to_status_id_str":null,"in_reply_to_user_id":null,"in_reply_to_user_id_str":null,"in_reply_to_screen_name":null,"user":{"id":2411944625,"id_str":"2411944625","name":"ViratKohli @imVkohli","screen_name":"iamnishanta","location":"India","profile_location":null,"description":"Nishanta Borah•15 years ▪ Cricket•Badminton•Tennis•F1•MotoGP ▪ Living only for @RobertDowneyJr•@katyperry•@msdhoni @imVkohli•@iamsrk","url":"http://t.co/noKjAsDs7O","entities":{"url":{"urls":[{"url":"http://t.co/noKjAsDs7O","expanded_url":"http://iplt20.com","display_url":"iplt20.com","indices":[0,22]}]},"description":{"urls":[]}},"protected":false,"followers_count":1427,"friends_count":7,"listed_count":5,"created_at":"Sat Mar 15 05:45:59 +0000 2014","favourites_count":6,"utc_offset":19800,"time_zone":"Kolkata","geo_enabled":true,"verified":false,"statuses_count":36308,"lang":"en","contributors_enabled":false,"is_translator":false,"is_translation_enabled":false,"profile_background_color":"C0DEED","profile_background_image_url":"http://abs.twimg.com/images/themes/theme1/bg.png","profile_background_image_url_https":"https://abs.twimg.com/images/themes/theme1/bg.png","profile_background_tile":false,"profile_image_url":"http://pbs.twimg.com/profile_images/546301611249651712/pPWwbLV1_normal.jpeg","profile_image_url_https":"https://pbs.twimg.com/profile_images/546301611249651712/pPWwbLV1_normal.jpeg","profile_banner_url":"https://pbs.twimg.com/profile_banners/2411944625/1419083424","profile_link_color":"0084B4","profile_sidebar_border_color":"C0DEED","profile_sidebar_fill_color":"DDEEF6","profile_text_color":"333333","profile_use_background_image":true,"default_profile":true,"default_profile_image":false,"following":false,"follow_request_sent":false,"notifications":false},"geo":null,"coordinates":null,"place":null,"contributors":null,"retweet_count":0,"favorite_count":0,"entities":{"hashtags":[{"text":"SRHvsDD","indices":[36,44]},{"text":"pepsiIPL","indices":[45,54]},{"text":"IPL","indices":[55,59]}],"symbols":[],"user_mentions":[],"urls":[]},"favorited":false,"retweeted":false,"lang":"en"},"message":{"text":"<blockquote class=\"twitter-tweet\" data-partner=\"tweetdeck\">\n<p>Dropped &amp; then Bowled! drama!! <a href=\"https://twitter.com/hashtag/SRHvsDD?src=hash\">#SRHvsDD</a> <a href=\"https://twitter.com/hashtag/pepsiIPL?src=hash\">#pepsiIPL</a> <a href=\"https://twitter.com/hashtag/IPL?src=hash\">#IPL</a></p>\n&mdash; ViratKohli @imVkohli (@iamnishanta) <a href=\"https://twitter.com/iamnishanta/status/589417829771841536\">April 18, 2015</a></blockquote>\n<script charset=\"utf-8\" type=\"text/javascript\" src=\"http://platform.twitter.com/widgets.js\"></script>"},"tags":[],"timestamp":1429363170000,"id":1164857,"time":"13:19","updateTime":1429363167900,"sequence":307.5,"type":"Manual"},{"bbcode":"A Mathews to N Ojha, %SPEED% short length just outside off stump. He picks up a single","thisOver":"1","progress":{"innings":2,"over":13,"ball":5},"speed":33.1247206079571,"subtype":"BBCode","countingProgress":{"innings":2,"over":12,"ball":5},"bowlerId":217,"nonfacingBatsmanId":374,"facingBatsmanId":52,"autoText":"A Mathews to N Ojha, %SPEED% short length just outside off stump. He picks up a single","message":{"text":null},"tags":[],"timestamp":1429363229000,"id":1164856,"time":"13:19","updateTime":1429363149861,"sequence":308.0,"type":"Auto"},{"bbcode":"A Mathews to R Bopara, no run, %SPEED% full length outside off stump. He plays and misses","thisOver":".","progress":{"innings":2,"over":13,"ball":6},"speed":35.9854962093821,"subtype":"BBCode","countingProgress":{"innings":2,"over":12,"ball":6},"bowlerId":217,"nonfacingBatsmanId":52,"facingBatsmanId":374,"autoText":"A Mathews to R Bopara, no run, %SPEED% full length outside off stump. He plays and misses","message":{"text":null},"tags":[],"timestamp":1429363183000,"id":1164859,"time":"13:19","updateTime":1429363180187,"sequence":309.0,"type":"Auto"},{"innings":2,"over":13,"overRuns":4,"overWickets":1,"inningsRuns":90,"inningsWickets":3,"inningsAllOut":false,"team":{"id":62,"fullName":"Sunrisers Hyderabad","shortName":"Sunrisers","abbreviation":"SRH","primaryColor":"FF9C00","secondaryColor":"FFFFFF","type":"m"},"batsmanSummaries":[{"batsman":{"id":374,"fullName":"Ravi Bopara","shortName":"R Bopara","nationality":"English","rightHandedBat":true,"dateOfBirth":484012800000,"names":["Ravi Bopara","R Bopara"]},"runs":15,"balls":18,"fours":0,"sixes":0},{"batsman":{"id":52,"fullName":"Naman Ojha","shortName":"N Ojha","nationality":"Indian","rightHandedBat":false,"dateOfBirth":427507200000,"names":["Naman Ojha","N Ojha"]},"runs":1,"balls":1,"fours":0,"sixes":0}],"activeBatsman":52,"bowlerSummary":{"bowler":{"id":217,"fullName":"Angelo Mathews","shortName":"A Mathews","nationality":"Sri Lankan","rightHandedBat":false,"dateOfBirth":549590400000,"names":["Angelo Mathews","A Mathews"]},"overs":"2","runs":16,"wickets":1,"maidens":0},"inningsBalls":78,"inningsMaxBalls":120,"inningsTarget":168,"message":{"text":null},"tags":[],"timestamp":1429363180000,"id":1164860,"time":"13:19","updateTime":1429363180367,"sequence":310.0,"type":"Eov"},{"bbcode":"N Coulter-Nile to N Ojha, %SPEED% short length just outside off stump. He picks up a single","thisOver":"1","progress":{"innings":2,"over":14,"ball":1},"speed":39.4278050961109,"subtype":"BBCode","countingProgress":{"innings":2,"over":13,"ball":1},"bowlerId":840,"nonfacingBatsmanId":374,"facingBatsmanId":52,"autoText":"N Coulter-Nile to N Ojha, %SPEED% short length just outside off stump. He picks up a single","message":{"text":null},"tags":[],"timestamp":1429363331000,"id":1164861,"time":"13:21","updateTime":1429363298680,"sequence":311.0,"type":"Auto"},{"bbcode":"N Coulter-Nile to R Bopara, no run, %SPEED% full length just outside off stump. He doesn't offer a shot","thisOver":".","progress":{"innings":2,"over":14,"ball":2},"speed":39.3879440776929,"subtype":"BBCode","countingProgress":{"innings":2,"over":13,"ball":2},"bowlerId":840,"nonfacingBatsmanId":52,"facingBatsmanId":374,"autoText":"N Coulter-Nile to R Bopara, no run, %SPEED% full length just outside off stump. He doesn't offer a shot","message":{"text":null},"tags":[],"timestamp":1429363393000,"id":1164862,"time":"13:22","updateTime":1429363332528,"sequence":312.0,"type":"Auto"},{"bbcode":"N Coulter-Nile to R Bopara, %SPEED% short length just outside off stump. He hits a nice boundary","thisOver":"4","progress":{"innings":2,"over":14,"ball":3},"speed":39.6513187304426,"subtype":"BBCode","countingProgress":{"innings":2,"over":13,"ball":3},"bowlerId":840,"nonfacingBatsmanId":52,"facingBatsmanId":374,"autoText":"N Coulter-Nile to R Bopara, %SPEED% short length just outside off stump. He hits a nice boundary","message":{"text":null},"tags":["four"],"timestamp":1429363474000,"id":1164863,"time":"13:22","updateTime":1429363365867,"sequence":313.0,"type":"Auto"},{"bbcode":"Four! Short and Bopara middles the pull shot over mid-wicket for four!","subtype":"BBCode","message":{"text":"<p>Four! Short and Bopara middles the pull shot over mid-wicket for four!</p>"},"tags":[],"timestamp":1429363387000,"id":1164864,"time":"13:23","updateTime":1429363387372,"sequence":314.0,"type":"Manual"},{"bbcode":"N Coulter-Nile to R Bopara, no run, %SPEED% short length outside off stump. He plays and misses","thisOver":".","progress":{"innings":2,"over":14,"ball":4},"speed":35.7621814930711,"subtype":"BBCode","countingProgress":{"innings":2,"over":13,"ball":4},"bowlerId":840,"nonfacingBatsmanId":52,"facingBatsmanId":374,"autoText":"N Coulter-Nile to R Bopara, no run, %SPEED% short length outside off stump. He plays and misses","message":{"text":null},"tags":[],"timestamp":1429363474000,"id":1164865,"time":"13:23","updateTime":1429363398826,"sequence":315.0,"type":"Auto"},{"bbcode":"N Coulter-Nile to R Bopara, %SPEED% short length just outside off stump. He plays and misses","thisOver":"6","progress":{"innings":2,"over":14,"ball":5},"speed":39.6538801912127,"subtype":"BBCode","countingProgress":{"innings":2,"over":13,"ball":5},"bowlerId":840,"nonfacingBatsmanId":52,"facingBatsmanId":374,"autoText":"N Coulter-Nile to R Bopara, %SPEED% short length just outside off stump. He plays and misses","message":{"text":null},"tags":["six"],"timestamp":1429363516000,"id":1164866,"time":"13:23","updateTime":1429363431783,"sequence":316.0,"type":"Auto"},{"bbcode":"[b]Six![/b] Bopara goes down the ground and just beats the man on the fence at long on! JUST! Palmed over the rope and that's the 100 up for SRH.","subtype":"BBCode","message":{"text":"<p><strong>Six!</strong> Bopara goes down the ground and just beats the man on the fence at long on! JUST! Palmed over the rope and that's the 100 up for SRH.</p>"},"tags":[],"timestamp":1429363625000,"id":1164867,"time":"13:24","updateTime":1429363459310,"sequence":317.0,"type":"Manual"},{"bbcode":"N Coulter-Nile to R Bopara, no run, %SPEED% full length on middle stump. He doesn't offer a shot","thisOver":".","progress":{"innings":2,"over":14,"ball":6},"speed":40.1333855090207,"subtype":"BBCode","countingProgress":{"innings":2,"over":13,"ball":6},"bowlerId":840,"nonfacingBatsmanId":52,"facingBatsmanId":374,"autoText":"N Coulter-Nile to R Bopara, no run, %SPEED% full length on middle stump. He doesn't offer a shot","message":{"text":null},"tags":[],"timestamp":1429363516000,"id":1164868,"time":"13:24","updateTime":1429363469334,"sequence":318.0,"type":"Auto"},{"innings":2,"over":14,"overRuns":11,"overWickets":0,"inningsRuns":101,"inningsWickets":3,"inningsAllOut":false,"team":{"id":62,"fullName":"Sunrisers Hyderabad","shortName":"Sunrisers","abbreviation":"SRH","primaryColor":"FF9C00","secondaryColor":"FFFFFF","type":"m"},"batsmanSummaries":[{"batsman":{"id":374,"fullName":"Ravi Bopara","shortName":"R Bopara","nationality":"English","rightHandedBat":true,"dateOfBirth":484012800000,"names":["Ravi Bopara","R Bopara"]},"runs":25,"balls":23,"fours":1,"sixes":1},{"batsman":{"id":52,"fullName":"Naman Ojha","shortName":"N Ojha","nationality":"Indian","rightHandedBat":false,"dateOfBirth":427507200000,"names":["Naman Ojha","N Ojha"]},"runs":2,"balls":2,"fours":0,"sixes":0}],"activeBatsman":52,"bowlerSummary":{"bowler":{"id":840,"fullName":"Nathan Coulter-Nile","shortName":"N Coulter-Nile","nationality":"Australian","rightHandedBat":true,"dateOfBirth":560908800000,"names":["Nathan Coulter-Nile","N Coulter-Nile"]},"overs":"3","runs":21,"wickets":0,"maidens":0},"inningsBalls":84,"inningsMaxBalls":120,"inningsTarget":168,"message":{"text":null},"tags":[],"timestamp":1429363469000,"id":1164869,"time":"13:24","updateTime":1429363469498,"sequence":319.0,"type":"Eov"},{"mediaId":"4181196205001","endpointUrlHq1":"http://brightcove.vo.llnwd.net/v1/uds/pd/3588749423001/201504/1316/3588749423001_4181213453001_SRH-1ST-SIX.mp4","endpointUrlHq2":"http://brightcove.vo.llnwd.net/v1/uds/pd/3588749423001/201504/2212/3588749423001_4181196165001_SRH-1ST-SIX.mp4","endpointUrlAlt":"http://c.brightcove.com/services/mobile/streaming/index/rendition.m3u8?assetId=4181210047001","title":"M13: SRH vs DD – Lokesh Rahul Six","largeThumbnail":"http://brightcove.vo.llnwd.net/v1/unsecured/media/3588749423001/201504/3316/3588749423001_4181213455001_vs-553257abe4b0cf8851a58ade-1592194023001.jpg?pubId=3588749423001","duration":24010,"endpointUrl":"http://brightcove.vo.llnwd.net/v1/uds/pd/3588749423001/201504/2588/3588749423001_4181210037001_SRH-1ST-SIX.mp4","smallThumbnail":"http://brightcove.vo.llnwd.net/v1/unsecured/media/3588749423001/201504/2316/3588749423001_4181213456001_th-553257abe4b0cf8851a58ade-1592194023001.jpg?pubId=3588749423001","description":null,"endpointUrlMq":"http://brightcove.vo.llnwd.net/v1/uds/pd/3588749423001/201504/2644/3588749423001_4181210043001_SRH-1ST-SIX.mp4","endpointUrlHq3":"http://brightcove.vo.llnwd.net/v1/uds/pd/3588749423001/201504/1028/3588749423001_4181215586001_SRH-1ST-SIX.mp4","publishDate":1429362590510,"message":{"text":null},"tags":["playerid 1125","account:iplt20","match:ipl2015-13","2015","ipl2015","six","dd","ipl2015-13","IPL 2015","srh","innings 2","ball 3","over 10","channel:ipl-match-centre"],"timestamp":1429363670000,"id":1164873,"time":"13:27","updateTime":1429363650328,"sequence":319.5,"type":"Video"},{"mediaId":"4181196207001","endpointUrlHq1":"http://brightcove.vo.llnwd.net/v1/uds/pd/3588749423001/201504/1644/3588749423001_4181210068001_SRH-2ND-SIX.mp4","endpointUrlHq2":"http://brightcove.vo.llnwd.net/v1/uds/pd/3588749423001/201504/2644/3588749423001_4181210067001_SRH-2ND-SIX.mp4","endpointUrlAlt":"http://c.brightcove.com/services/mobile/streaming/index/rendition.m3u8?assetId=4181210074001","title":"M13: SRH vs DD – Lokesh Rahul Six","largeThumbnail":"http://brightcove.vo.llnwd.net/v1/unsecured/media/3588749423001/201504/644/3588749423001_4181210069001_vs-55325883e4b0cf8851a58ae8-1083021586001.jpg?pubId=3588749423001","duration":23480,"endpointUrl":"http://brightcove.vo.llnwd.net/v1/uds/pd/3588749423001/201504/1716/3588749423001_4181215091001_SRH-2ND-SIX.mp4","smallThumbnail":"http://brightcove.vo.llnwd.net/v1/unsecured/media/3588749423001/201504/3644/3588749423001_4181210070001_th-55325883e4b0cf8851a58ae8-1083021586001.jpg?pubId=3588749423001","description":null,"endpointUrlMq":"http://brightcove.vo.llnwd.net/v1/uds/pd/3588749423001/201504/652/3588749423001_4181210075001_SRH-2ND-SIX.mp4","endpointUrlHq3":"http://brightcove.vo.llnwd.net/v1/uds/pd/3588749423001/201504/1716/3588749423001_4181215095001_SRH-2ND-SIX.mp4","publishDate":1429362805344,"message":{"text":null},"tags":["playerid 1125","account:iplt20","match:ipl2015-13","2015","ipl2015","six","dd","ipl2015-13","IPL 2015","srh","innings 2","ball 3","over 11","channel:ipl-match-centre"],"timestamp":1429363672000,"id":1164874,"time":"13:27","updateTime":1429363650384,"sequence":319.75,"type":"Video"},{"bbcode":"A Mathews to N Ojha, %SPEED% good length going down leg. He picks up a single","thisOver":"1","progress":{"innings":2,"over":15,"ball":1},"speed":36.0003777482756,"subtype":"BBCode","countingProgress":{"innings":2,"over":14,"ball":1},"bowlerId":217,"nonfacingBatsmanId":374,"facingBatsmanId":52,"autoText":"A Mathews to N Ojha, %SPEED% good length going down leg. He picks up a single","message":{"text":null},"tags":[],"timestamp":1429363567000,"id":1164870,"time":"13:25","updateTime":1429363540322,"sequence":320.0,"type":"Auto"},{"bbcode":"A Mathews to R Bopara, %SPEED% full length on leg stump. He picks up a single","thisOver":"1","progress":{"innings":2,"over":15,"ball":2},"speed":35.9869479668927,"subtype":"BBCode","countingProgress":{"innings":2,"over":14,"ball":2},"bowlerId":217,"nonfacingBatsmanId":52,"facingBatsmanId":374,"autoText":"A Mathews to R Bopara, %SPEED% full length on leg stump. He picks up a single","message":{"text":null},"tags":[],"timestamp":1429363649000,"id":1164871,"time":"13:26","updateTime":1429363573383,"sequence":321.0,"type":"Auto"},{"bbcode":"A Mathews to N Ojha, %SPEED% good length going down leg. He plays and misses","thisOver":"2","progress":{"innings":2,"over":15,"ball":3},"speed":35.359856951274,"subtype":"BBCode","countingProgress":{"innings":2,"over":14,"ball":3},"bowlerId":217,"nonfacingBatsmanId":374,"facingBatsmanId":52,"autoText":"A Mathews to N Ojha, %SPEED% good length going down leg. He plays and misses","message":{"text":null},"tags":[],"timestamp":1429363701000,"id":1164872,"time":"13:26","updateTime":1429363618570,"sequence":322.0,"type":"Auto"},{"bbcode":"A Mathews to N Ojha, %SPEED% good length just outside off stump. He hits a nice boundary","thisOver":"4","progress":{"innings":2,"over":15,"ball":4},"speed":35.6987546485475,"subtype":"BBCode","countingProgress":{"innings":2,"over":14,"ball":4},"bowlerId":217,"nonfacingBatsmanId":374,"facingBatsmanId":52,"autoText":"A Mathews to N Ojha, %SPEED% good length just outside off stump. He hits a nice boundary","message":{"text":null},"tags":["four"],"timestamp":1429363701000,"id":1164875,"time":"13:27","updateTime":1429363660059,"sequence":325.0,"type":"Auto"},{"bbcode":"Four! What a shot that, flat over extra cover from Ojha, didn't move his feet at all but he just slapped it!","subtype":"BBCode","message":{"text":"<p>Four! What a shot that, flat over extra cover from Ojha, didn't move his feet at all but he just slapped it!</p>"},"tags":[],"timestamp":1429363702000,"id":1164879,"time":"13:28","updateTime":1429363693831,"sequence":325.25,"type":"Manual"},{"bbcode":"A Mathews to N Ojha, no run, %SPEED% short length on middle stump. He doesn't offer a shot","thisOver":".","progress":{"innings":2,"over":15,"ball":5},"speed":32.8565042467591,"subtype":"BBCode","countingProgress":{"innings":2,"over":14,"ball":5},"bowlerId":217,"nonfacingBatsmanId":374,"facingBatsmanId":52,"autoText":"A Mathews to N Ojha, no run, %SPEED% short length on middle stump. He doesn't offer a shot","message":{"text":null},"tags":[],"timestamp":1429363700000,"id":1164878,"time":"13:28","updateTime":1429363693516,"sequence":325.5,"type":"Auto"},{"bbcode":"A Mathews to N Ojha, no run, %SPEED% short length on middle stump. He doesn't offer a shot","thisOver":".","progress":{"innings":2,"over":15,"ball":5},"speed":32.8565042467591,"subtype":"BBCode","countingProgress":{"innings":2,"over":14,"ball":5},"bowlerId":217,"nonfacingBatsmanId":374,"facingBatsmanId":52,"autoText":"A Mathews to N Ojha, no run, %SPEED% short length on middle stump. He doesn't offer a shot","message":{"text":null},"tags":[],"timestamp":1429363701000,"id":1164880,"time":"13:28","updateTime":1429363700358,"sequence":326.0,"type":"Auto"},{"bbcode":"A Mathews to N Ojha, %SPEED% short length on middle stump. He plays and misses","thisOver":"1","progress":{"innings":2,"over":15,"ball":6},"speed":31.5393576119797,"subtype":"BBCode","countingProgress":{"innings":2,"over":14,"ball":6},"bowlerId":217,"nonfacingBatsmanId":374,"facingBatsmanId":52,"autoText":"A Mathews to N Ojha, %SPEED% short length on middle stump. He plays and misses","message":{"text":null},"tags":[],"timestamp":1429363891000,"id":1164882,"time":"13:28","updateTime":1429363726426,"sequence":327.0,"type":"Auto"},{"innings":2,"over":15,"overRuns":9,"overWickets":0,"inningsRuns":110,"inningsWickets":3,"inningsAllOut":false,"team":{"id":62,"fullName":"Sunrisers Hyderabad","shortName":"Sunrisers","abbreviation":"SRH","primaryColor":"FF9C00","secondaryColor":"FFFFFF","type":"m"},"batsmanSummaries":[{"batsman":{"id":52,"fullName":"Naman Ojha","shortName":"N Ojha","nationality":"Indian","rightHandedBat":false,"dateOfBirth":427507200000,"names":["Naman Ojha","N Ojha"]},"runs":10,"balls":7,"fours":1,"sixes":0},{"batsman":{"id":374,"fullName":"Ravi Bopara","shortName":"R Bopara","nationality":"English","rightHandedBat":true,"dateOfBirth":484012800000,"names":["Ravi Bopara","R Bopara"]},"runs":26,"balls":24,"fours":1,"sixes":1}],"activeBatsman":52,"bowlerSummary":{"bowler":{"id":217,"fullName":"Angelo Mathews","shortName":"A Mathews","nationality":"Sri Lankan","rightHandedBat":false,"dateOfBirth":549590400000,"names":["Angelo Mathews","A Mathews"]},"overs":"3","runs":25,"wickets":1,"maidens":0},"inningsBalls":90,"inningsMaxBalls":120,"inningsTarget":168,"message":{"text":null},"tags":[],"timestamp":1429363726000,"id":1164883,"time":"13:28","updateTime":1429363726565,"sequence":328.0,"type":"Eov"},{"subtype":"EmbeddedTweet","tweetjson":{"created_at":"Sat Apr 18 13:30:00 +0000 2015","id":589420615062388736,"id_str":"589420615062388736","text":"If Bopara stays in then #SRH are right in this #PepsiIPL #SRHvDD","source":"<a href=\"https://mobile.twitter.com\" rel=\"nofollow\">Mobile Web (M5)</a>","truncated":false,"in_reply_to_status_id":null,"in_reply_to_status_id_str":null,"in_reply_to_user_id":null,"in_reply_to_user_id_str":null,"in_reply_to_screen_name":null,"user":{"id":526272608,"id_str":"526272608","name":"Vivienne Moss","screen_name":"Viv46starfish","location":"","profile_location":null,"description":"","url":null,"entities":{"description":{"urls":[]}},"protected":false,"followers_count":13,"friends_count":18,"listed_count":1,"created_at":"Fri Mar 16 10:55:19 +0000 2012","favourites_count":0,"utc_offset":null,"time_zone":null,"geo_enabled":false,"verified":false,"statuses_count":8,"lang":"en","contributors_enabled":false,"is_translator":false,"is_translation_enabled":false,"profile_background_color":"C0DEED","profile_background_image_url":"http://abs.twimg.com/images/themes/theme1/bg.png","profile_background_image_url_https":"https://abs.twimg.com/images/themes/theme1/bg.png","profile_background_tile":false,"profile_image_url":"http://pbs.twimg.com/profile_images/1900849889/viv_1_normal.jpg","profile_image_url_https":"https://pbs.twimg.com/profile_images/1900849889/viv_1_normal.jpg","profile_link_color":"0084B4","profile_sidebar_border_color":"C0DEED","profile_sidebar_fill_color":"DDEEF6","profile_text_color":"333333","profile_use_background_image":true,"default_profile":true,"default_profile_image":false,"following":false,"follow_request_sent":false,"notifications":false},"geo":null,"coordinates":null,"place":null,"contributors":null,"retweet_count":0,"favorite_count":0,"entities":{"hashtags":[{"text":"SRH","indices":[24,28]},{"text":"PepsiIPL","indices":[47,56]},{"text":"SRHvDD","indices":[57,64]}],"symbols":[],"user_mentions":[],"urls":[]},"favorited":false,"retweeted":false,"lang":"en"},"message":{"text":"<blockquote class=\"twitter-tweet\" lang=\"en\">\n<p>If Bopara stays in then <a href=\"https://twitter.com/hashtag/SRH?src=hash\">#SRH</a> are right in this <a href=\"https://twitter.com/hashtag/PepsiIPL?src=hash\">#PepsiIPL</a> <a href=\"https://twitter.com/hashtag/SRHvDD?src=hash\">#SRHvDD</a></p>\n&mdash; Vivienne Moss (@Viv46starfish) <a href=\"https://twitter.com/Viv46starfish/status/589420615062388736\">April 18, 2015</a></blockquote>\n<script charset=\"utf-8\" type=\"text/javascript\" src=\"http://platform.twitter.com/widgets.js\"></script>"},"tags":[],"timestamp":1429363827000,"id":1164885,"time":"13:30","updateTime":1429363825798,"sequence":328.5,"type":"Manual"},{"bbcode":"I Tahir to N Ojha, %SPEED% full length going down leg. He picks up a single","thisOver":"1","progress":{"innings":2,"over":16,"ball":1},"speed":23.8265534197586,"subtype":"BBCode","countingProgress":{"innings":2,"over":15,"ball":1},"bowlerId":898,"nonfacingBatsmanId":374,"facingBatsmanId":52,"autoText":"I Tahir to N Ojha, %SPEED% full length going down leg. He picks up a single","message":{"text":null},"tags":[],"timestamp":1429363928000,"id":1164884,"time":"13:30","updateTime":1429363814801,"sequence":329.0,"type":"Auto"},{"bbcode":"I Tahir to R Bopara. He hits a great shot, that has gone all the way","thisOver":"6","progress":{"innings":2,"over":16,"ball":2},"speed":-1.0,"subtype":"BBCode","countingProgress":{"innings":2,"over":15,"ball":2},"bowlerId":898,"nonfacingBatsmanId":52,"facingBatsmanId":374,"autoText":"I Tahir to R Bopara. He hits a great shot, that has gone all the way","message":{"text":null},"tags":["six"],"timestamp":1429363891000,"id":1164887,"time":"13:30","updateTime":1429363830523,"sequence":330.0,"type":"Auto"},{"bbcode":"I Tahir to R Bopara. He picks up a single","thisOver":"1","progress":{"innings":2,"over":16,"ball":3},"speed":-1.0,"subtype":"BBCode","countingProgress":{"innings":2,"over":15,"ball":3},"bowlerId":898,"nonfacingBatsmanId":52,"facingBatsmanId":374,"autoText":"I Tahir to R Bopara. He picks up a single","message":{"text":null},"tags":[],"timestamp":1429363942000,"id":1164888,"time":"13:30","updateTime":1429363859338,"sequence":331.0,"type":"Auto"},{"bbcode":"[b]Six! [/b]Bopara is keeping SRH's chances alive here, launches into another full delivery and gets it away for a maximum over extra co[b]ver![/b]","subtype":"BBCode","message":{"text":"<p><strong>Six! </strong>Bopara is keeping SRH's chances alive here, launches into another full delivery and gets it away for a maximum over extra co<strong>ver!</strong></p>"},"tags":[],"timestamp":1429363895000,"id":1164889,"time":"13:31","updateTime":1429363860377,"sequence":332.0,"type":"Manual"},{"bbcode":"I Tahir to N Ojha. He plays and misses","thisOver":"1","progress":{"innings":2,"over":16,"ball":4},"speed":-1.0,"subtype":"BBCode","countingProgress":{"innings":2,"over":15,"ball":4},"bowlerId":898,"nonfacingBatsmanId":374,"facingBatsmanId":52,"autoText":"I Tahir to N Ojha. He plays and misses","message":{"text":null},"tags":[],"timestamp":1429363942000,"id":1164890,"time":"13:31","updateTime":1429363876651,"sequence":333.0,"type":"Auto"},{"bbcode":"I Tahir to R Bopara. He picks up a single","thisOver":"1","progress":{"innings":2,"over":16,"ball":5},"speed":-1.0,"subtype":"BBCode","countingProgress":{"innings":2,"over":15,"ball":5},"bowlerId":898,"nonfacingBatsmanId":52,"facingBatsmanId":374,"autoText":"I Tahir to R Bopara. He picks up a single","message":{"text":null},"tags":[],"timestamp":1429363958000,"id":1164891,"time":"13:31","updateTime":1429363901995,"sequence":334.0,"type":"Auto"},{"bbcode":"I Tahir to N Ojha, [b]WICKET!!! N Ojha is out[/b] c JP Duminy b Imran Tahir","thisOver":"W","progress":{"innings":2,"over":16,"ball":6},"speed":-1.0,"subtype":"BBCode","countingProgress":{"innings":2,"over":15,"ball":6},"bowlerId":898,"nonfacingBatsmanId":374,"facingBatsmanId":52,"autoText":"I Tahir to N Ojha, <b>WICKET!!! N Ojha is out</b> c JP Duminy b Imran Tahir","message":{"text":null},"tags":["wicket"],"timestamp":1429363990000,"id":1164892,"time":"13:32","updateTime":1429363925482,"sequence":335.0,"type":"Auto"},{"bbcode":"[b]Wicket![/b] Timely wicket this, Ojha cuts and Duminy takes a fine catch low to his right at point!","subtype":"BBCode","message":{"text":"<p><strong>Wicket!</strong> Timely wicket this, Ojha cuts and Duminy takes a fine catch low to his right at point!</p>"},"tags":[],"timestamp":1429363985000,"id":1164894,"time":"13:33","updateTime":1429363982714,"sequence":335.5,"type":"Manual"},{"innings":2,"over":16,"overRuns":10,"overWickets":1,"inningsRuns":120,"inningsWickets":4,"inningsAllOut":false,"team":{"id":62,"fullName":"Sunrisers Hyderabad","shortName":"Sunrisers","abbreviation":"SRH","primaryColor":"FF9C00","secondaryColor":"FFFFFF","type":"m"},"batsmanSummaries":[{"batsman":{"id":374,"fullName":"Ravi Bopara","shortName":"R Bopara","nationality":"English","rightHandedBat":true,"dateOfBirth":484012800000,"names":["Ravi Bopara","R Bopara"]},"runs":34,"balls":27,"fours":1,"sixes":2}],"activeBatsman":374,"bowlerSummary":{"bowler":{"id":898,"fullName":"Imran Tahir","shortName":"I Tahir","nationality":"South African","rightHandedBat":true,"dateOfBirth":291340800000,"names":["Imran Tahir","I Tahir"]},"overs":"3","runs":19,"wickets":1,"maidens":0},"inningsBalls":96,"inningsMaxBalls":120,"inningsTarget":168,"message":{"text":null},"tags":[],"timestamp":1429363963000,"id":1164893,"time":"13:32","updateTime":1429363925820,"sequence":336.0,"type":"Eov"},{"mediaId":"4181196209001","endpointUrlHq1":"http://brightcove.vo.llnwd.net/v1/uds/pd/3588749423001/201504/3476/3588749423001_4181225599001_SRH-3RD-WKT.mp4","endpointUrlHq2":"http://brightcove.vo.llnwd.net/v1/uds/pd/3588749423001/201504/1748/3588749423001_4181222460001_SRH-3RD-WKT.mp4","endpointUrlAlt":"http://c.brightcove.com/services/mobile/streaming/index/rendition.m3u8?assetId=4181225609001","title":"M13: SRH vs DD – Lokesh Rahul Wicket","largeThumbnail":"http://brightcove.vo.llnwd.net/v1/unsecured/media/3588749423001/201504/476/3588749423001_4181225602001_vs-55325ac5e4b0cf8851a58b19-1592194024001.jpg?pubId=3588749423001","duration":27725,"endpointUrl":"http://brightcove.vo.llnwd.net/v1/uds/pd/3588749423001/201504/3476/3588749423001_4181225595001_SRH-3RD-WKT.mp4","smallThumbnail":null,"description":null,"endpointUrlMq":"http://brightcove.vo.llnwd.net/v1/uds/pd/3588749423001/201504/2476/3588749423001_4181225596001_SRH-3RD-WKT.mp4","endpointUrlHq3":"http://brightcove.vo.llnwd.net/v1/uds/pd/3588749423001/201504/820/3588749423001_4181225604001_SRH-3RD-WKT.mp4","publishDate":1429363382014,"message":{"text":null},"tags":["playerid 1125","account:iplt20","match:ipl2015-13","2015","ipl2015","dd","ipl2015-13","IPL 2015","srh","innings 2","over 13","ball 4","wicket","channel:ipl-match-centre"],"timestamp":1429364049000,"id":1164897,"time":"13:33","updateTime":1429364025577,"sequence":336.5,"type":"Video"},{"bbcode":"Strategic Timeout - 48 required from the last 4 overs...Bopara has this on his bat at the moment with 12 an over required he is striking the ball really well. Exciting finish ahead!","subtype":"BBCode","message":{"text":"<p>Strategic Timeout - 48 required from the last 4 overs...Bopara has this on his bat at the moment with 12 an over required he is striking the ball really well. Exciting finish ahead!</p>"},"tags":[],"timestamp":1429364082000,"id":1164896,"time":"13:33","updateTime":1429363994587,"sequence":337.0,"type":"Manual"},{"subtype":"EmbeddedTweet","tweetjson":{"created_at":"Sat Apr 18 13:34:34 +0000 2015","id":589421765362778113,"id_str":"589421765362778113","text":"What a ripper from JPD #SRHvDD","source":"<a href=\"http://twitter.com\" rel=\"nofollow\">Twitter Web Client</a>","truncated":false,"in_reply_to_status_id":null,"in_reply_to_status_id_str":null,"in_reply_to_user_id":null,"in_reply_to_user_id_str":null,"in_reply_to_screen_name":null,"user":{"id":1563277974,"id_str":"1563277974","name":"The Special One","screen_name":"shalenCFC","location":"Planet Earth","profile_location":null,"description":"22+, Software Developer, Loves Football, Foodie, Tech-Freak, Cricket Fan, Dash Designer.http://t.co/8Zq6zJsU4H","url":null,"entities":{"description":{"urls":[{"url":"http://t.co/8Zq6zJsU4H","expanded_url":"http://favstar.fm/users/ShailendraVirdi","display_url":"favstar.fm/users/Shailend…","indices":[88,110]}]}},"protected":false,"followers_count":2042,"friends_count":1532,"listed_count":28,"created_at":"Tue Jul 02 14:20:02 +0000 2013","favourites_count":13607,"utc_offset":19800,"time_zone":"New Delhi","geo_enabled":true,"verified":false,"statuses_count":10242,"lang":"en","contributors_enabled":false,"is_translator":false,"is_translation_enabled":true,"profile_background_color":"0099B9","profile_background_image_url":"http://abs.twimg.com/images/themes/theme4/bg.gif","profile_background_image_url_https":"https://abs.twimg.com/images/themes/theme4/bg.gif","profile_background_tile":false,"profile_image_url":"http://pbs.twimg.com/profile_images/587490719327092736/pcRXh2P6_normal.jpg","profile_image_url_https":"https://pbs.twimg.com/profile_images/587490719327092736/pcRXh2P6_normal.jpg","profile_banner_url":"https://pbs.twimg.com/profile_banners/1563277974/1429077732","profile_link_color":"0099B9","profile_sidebar_border_color":"5ED4DC","profile_sidebar_fill_color":"95E8EC","profile_text_color":"3C3940","profile_use_background_image":true,"default_profile":false,"default_profile_image":false,"following":false,"follow_request_sent":false,"notifications":false},"geo":null,"coordinates":null,"place":null,"contributors":null,"retweet_count":0,"favorite_count":0,"entities":{"hashtags":[{"text":"SRHvDD","indices":[23,30]}],"symbols":[],"user_mentions":[],"urls":[]},"favorited":false,"retweeted":false,"lang":"en"},"message":{"text":"<blockquote class=\"twitter-tweet\" data-partner=\"tweetdeck\">\n<p>What a ripper from JPD <a href=\"https://twitter.com/hashtag/SRHvDD?src=hash\">#SRHvDD</a></p>\n&mdash; The Special One (@shalenCFC) <a href=\"https://twitter.com/shalenCFC/status/589421765362778113\">April 18, 2015</a></blockquote>\n<script charset=\"utf-8\" type=\"text/javascript\" src=\"http://platform.twitter.com/widgets.js\"></script>"},"tags":[],"timestamp":1429364122000,"id":1164899,"time":"13:35","updateTime":1429364122120,"sequence":338.0,"type":"Manual"},{"bbcode":"JP Duminy to R Bopara, %SPEED% good length outside off stump. He hits a great shot, that has gone all the way","thisOver":"6","progress":{"innings":2,"over":17,"ball":1},"speed":25.6864447337015,"subtype":"BBCode","countingProgress":{"innings":2,"over":16,"ball":1},"bowlerId":182,"nonfacingBatsmanId":197,"facingBatsmanId":374,"autoText":"JP Duminy to R Bopara, %SPEED% good length outside off stump. He hits a great shot, that has gone all the way","message":{"text":null},"tags":["six"],"timestamp":1429364300000,"id":1164900,"time":"13:36","updateTime":1429364192786,"sequence":339.0,"type":"Auto"},{"bbcode":"[b]Six![/b] Ravi! In the slot and he clears the front leg for six more over extra cover!","subtype":"BBCode","message":{"text":"<p><strong>Six!</strong> Ravi! In the slot and he clears the front leg for six more over extra cover!</p>"},"tags":[],"timestamp":1429364225000,"id":1164901,"time":"13:37","updateTime":1429364225634,"sequence":340.0,"type":"Manual"},{"bbcode":"JP Duminy to R Bopara, %SPEED% full length going down leg. He picks up a single","thisOver":"1","progress":{"innings":2,"over":17,"ball":2},"speed":24.5864997764864,"subtype":"BBCode","countingProgress":{"innings":2,"over":16,"ball":2},"bowlerId":182,"nonfacingBatsmanId":197,"facingBatsmanId":374,"autoText":"JP Duminy to R Bopara, %SPEED% full length going down leg. He picks up a single","message":{"text":null},"tags":[],"timestamp":1429364300000,"id":1164902,"time":"13:37","updateTime":1429364232953,"sequence":341.0,"type":"Auto"},{"bbcode":"JP Duminy to E Morgan, %SPEED% good length on middle stump. He picks up a single","thisOver":"1","progress":{"innings":2,"over":17,"ball":3},"speed":24.9755188594817,"subtype":"BBCode","countingProgress":{"innings":2,"over":16,"ball":3},"bowlerId":182,"nonfacingBatsmanId":374,"facingBatsmanId":197,"autoText":"JP Duminy to E Morgan, %SPEED% good length on middle stump. He picks up a single","message":{"text":null},"tags":[],"timestamp":1429364364000,"id":1164903,"time":"13:37","updateTime":1429364275484,"sequence":342.0,"type":"Auto"},{"bbcode":"Close! Morgan gambles on the single to mid-wicket and gets away with it at the throw misses!","subtype":"BBCode","message":{"text":"<p>Close! Morgan gambles on the single to mid-wicket and gets away with it at the throw misses!</p>"},"tags":[],"timestamp":1429364321000,"id":1164904,"time":"13:38","updateTime":1429364303208,"sequence":343.0,"type":"Manual"},{"bbcode":"JP Duminy to R Bopara, [b]WICKET!!! R Bopara is out[/b] c Manoj Tiwary b JP Duminy","thisOver":"W","progress":{"innings":2,"over":17,"ball":4},"speed":25.8003261867365,"subtype":"BBCode","countingProgress":{"innings":2,"over":16,"ball":4},"bowlerId":182,"nonfacingBatsmanId":197,"facingBatsmanId":374,"autoText":"JP Duminy to R Bopara, <b>WICKET!!! R Bopara is out</b> c Manoj Tiwary b JP Duminy","message":{"text":null},"tags":["wicket"],"timestamp":1429364333000,"id":1164905,"time":"13:38","updateTime":1429364315706,"sequence":344.0,"type":"Auto"},{"bbcode":"[b]Wicket![/b] Huge blow for the Sunrisers as Bopara holes out to Tiwary at long off!","subtype":"BBCode","message":{"text":"<p><strong>Wicket!</strong> Huge blow for the Sunrisers as Bopara holes out to Tiwary at long off!</p>"},"tags":[],"timestamp":1429364646000,"id":1164906,"time":"13:39","updateTime":1429364350893,"sequence":345.0,"type":"Manual"},{"bbcode":"JP Duminy to AA Reddy, %SPEED% good length just outside off stump. He picks up a single","thisOver":"1","progress":{"innings":2,"over":17,"ball":5},"speed":25.8552390444819,"subtype":"BBCode","countingProgress":{"innings":2,"over":16,"ball":5},"bowlerId":182,"nonfacingBatsmanId":197,"facingBatsmanId":34,"autoText":"JP Duminy to AA Reddy, %SPEED% good length just outside off stump. He picks up a single","message":{"text":null},"tags":[],"timestamp":1429364486000,"id":1164907,"time":"13:39","updateTime":1429364396707,"sequence":346.0,"type":"Auto"},{"bbcode":"JP Duminy to E Morgan, [b]WICKET!!! E Morgan is out[/b] b JP Duminy","thisOver":"W","progress":{"innings":2,"over":17,"ball":6},"speed":26.2725378375048,"subtype":"BBCode","countingProgress":{"innings":2,"over":16,"ball":6},"bowlerId":182,"nonfacingBatsmanId":34,"facingBatsmanId":197,"autoText":"JP Duminy to E Morgan, <b>WICKET!!! E Morgan is out</b> b JP Duminy","message":{"text":null},"tags":["wicket"],"timestamp":1429364485000,"id":1164908,"time":"13:40","updateTime":1429364434245,"sequence":347.0,"type":"Auto"},{"bbcode":"[b]Wicket![/b] Morgan makes room but Duminy fires the quicker delivery into his off stump!","subtype":"BBCode","message":{"text":"<p><strong>Wicket!</strong> Morgan makes room but Duminy fires the quicker delivery into his off stump!</p>"},"tags":[],"timestamp":1429364479000,"id":1164910,"time":"13:41","updateTime":1429364478307,"sequence":347.5,"type":"Manual"},{"innings":2,"over":17,"overRuns":9,"overWickets":2,"inningsRuns":129,"inningsWickets":6,"inningsAllOut":false,"team":{"id":62,"fullName":"Sunrisers Hyderabad","shortName":"Sunrisers","abbreviation":"SRH","primaryColor":"FF9C00","secondaryColor":"FFFFFF","type":"m"},"batsmanSummaries":[{"batsman":{"id":34,"fullName":"Ashish Reddy","shortName":"AA Reddy","nationality":"Indian","rightHandedBat":false,"dateOfBirth":351820800000,"names":["Ashish Reddy","AA Reddy"]},"runs":1,"balls":1,"fours":0,"sixes":0}],"activeBatsman":34,"bowlerSummary":{"bowler":{"id":182,"fullName":"JP Duminy","shortName":"JP Duminy","nationality":"South African","rightHandedBat":false,"dateOfBirth":450748800000,"names":["JP Duminy","JP Duminy"]},"overs":"3","runs":17,"wickets":4,"maidens":0},"inningsBalls":102,"inningsMaxBalls":120,"inningsTarget":168,"message":{"text":null},"tags":[],"timestamp":1429364485000,"id":1164909,"time":"13:40","updateTime":1429364434380,"sequence":348.0,"type":"Eov"},{"bbcode":"I Tahir to AA Reddy, %SPEED% full length on middle stump. He picks up a single","thisOver":"1","progress":{"innings":2,"over":18,"ball":1},"speed":21.502011622709,"subtype":"BBCode","countingProgress":{"innings":2,"over":17,"ball":1},"bowlerId":898,"nonfacingBatsmanId":1118,"facingBatsmanId":34,"autoText":"I Tahir to AA Reddy, %SPEED% full length on middle stump. He picks up a single","message":{"text":null},"tags":[],"timestamp":1429364682000,"id":1164912,"time":"13:42","updateTime":1429364548816,"sequence":349.0,"type":"Auto"}]}