{"squadId":467,"totalVotes":1303,"players":[{"id":170,"voteCount":1271,"fullName":"David Warner","shortName":"D Warner"},{"id":41,"voteCount":1241,"fullName":"Shikhar Dhawan","shortName":"S Dhawan"},{"id":52,"voteCount":1189,"fullName":"Naman Ojha","shortName":"N Ojha"},{"id":116,"voteCount":1167,"fullName":"Bhuvneshwar Kumar","shortName":"B Kumar"},{"id":1118,"voteCount":1090,"fullName":"Karn Sharma","shortName":"K Sharma"},{"id":77,"voteCount":1035,"fullName":"Praveen Kumar","shortName":"P Kumar"},{"id":1125,"voteCount":1023,"fullName":"Lokesh Rahul","shortName":"L Rahul"},{"id":969,"voteCount":973,"fullName":"Trent Boult","shortName":"T Boult"},{"id":374,"voteCount":936,"fullName":"Ravi Bopara","shortName":"R Bopara"},{"id":34,"voteCount":728,"fullName":"Ashish Reddy","shortName":"AA Reddy"},{"id":197,"voteCount":654,"fullName":"Eoin Morgan","shortName":"E Morgan"},{"id":180,"voteCount":634,"fullName":"Dale Steyn","shortName":"D Steyn"},{"id":38,"voteCount":372,"fullName":"Ishant Sharma","shortName":"I Sharma"},{"id":440,"voteCount":327,"fullName":"Kane Williamson","shortName":"K Williamson"},{"id":1093,"voteCount":247,"fullName":"Parveez Rasool","shortName":"P Rasool"},{"id":1117,"voteCount":196,"fullName":"Hanuma Vihari","shortName":"H Vihari"},{"id":172,"voteCount":145,"fullName":"Kevin Pietersen","shortName":"K Pietersen"},{"id":88,"voteCount":136,"fullName":"Laxmi Ratan Shukla","shortName":"L Ratan Shukla"},{"id":1086,"voteCount":90,"fullName":"Siddarth Kaul","shortName":"S Kaul"},{"id":1555,"voteCount":64,"fullName":"Ricky Bhui","shortName":"R Bhui"},{"id":388,"voteCount":58,"fullName":"Moises Henriques","shortName":"M Henriques"},{"id":1751,"voteCount":36,"fullName":"Chama Milind","shortName":"C Milind"},{"id":1122,"voteCount":24,"fullName":"Prasanth Padmanabhan","shortName":"P Padmanabhan"}]}