{"squadId":462,"totalVotes":1209,"players":[{"id":182,"voteCount":1115,"fullName":"JP Duminy","shortName":"JP Duminy"},{"id":113,"voteCount":1113,"fullName":"Yuvraj Singh","shortName":"Y Singh"},{"id":898,"voteCount":1033,"fullName":"Imran Tahir","shortName":"I Tahir"},{"id":158,"voteCount":1004,"fullName":"Mayank Agarwal","shortName":"M Agarwal"},{"id":30,"voteCount":937,"fullName":"Amit Mishra","shortName":"A Mishra"},{"id":297,"voteCount":848,"fullName":"Kedar Jadhav","shortName":"K Jadhav"},{"id":217,"voteCount":839,"fullName":"Angelo Mathews","shortName":"A Mathews"},{"id":89,"voteCount":793,"fullName":"Manoj Tiwary","shortName":"M Tiwary"},{"id":840,"voteCount":742,"fullName":"Nathan Coulter-Nile","shortName":"N Coulter-Nile"},{"id":1563,"voteCount":709,"fullName":"Shreyas Iyer","shortName":"S Iyer"},{"id":26,"voteCount":449,"fullName":"Albie Morkel","shortName":"A Morkel"},{"id":165,"voteCount":430,"fullName":"Zaheer Khan","shortName":"Z Khan"},{"id":94,"voteCount":413,"fullName":"Mohammed Shami","shortName":"M Shami"},{"id":86,"voteCount":402,"fullName":"Jaidev Unadkat","shortName":"J Unadkat"},{"id":2736,"voteCount":340,"fullName":"Domnic Joseph","shortName":"D Joseph"},{"id":155,"voteCount":263,"fullName":"CM Gautam","shortName":"CM Gautam"},{"id":834,"voteCount":247,"fullName":"Quinton de Kock","shortName":"Q de Kock"},{"id":57,"voteCount":180,"fullName":"Shahbaz Nadeem","shortName":"S Nadeem"},{"id":1740,"voteCount":170,"fullName":"Jayant Yadav","shortName":"J Yadav"},{"id":163,"voteCount":167,"fullName":"Saurabh Tiwary","shortName":"S Tiwary"},{"id":2734,"voteCount":32,"fullName":"Srikar Bharat","shortName":"S Bharat"},{"id":951,"voteCount":30,"fullName":"Gurinder Sandhu","shortName":"G Sandhu"},{"id":2735,"voteCount":23,"fullName":"KK Jiyas","shortName":"KK Jiyas"},{"id":1020,"voteCount":22,"fullName":"Travis Head","shortName":"TM Head"},{"id":964,"voteCount":14,"fullName":"Markus Stoinis","shortName":"MP Stoinis"}]}