{"matchInfo":{"description":"Match 25","matchType":"IPLT20","matchDate":"2014-05-05T16:00:00+0530","venue":{"id":19,"country":"India","fullName":"Sardar Patel Stadium","shortName":"Sardar Patel Stadium","city":"Ahmedabad"},"battingOrder":[0,1],"additionalInfo":{"toss.elected":"Kolkata Knight Riders, who chose to field","match.video.id":"c4587d63081741999cde4451d7b11905","stats.link":"http://www.iplt20.com/news/2014/more-news/4948/quick-stats-match-25-rr-v-kkr","match.summary":"","photostream.link":"http://www.iplt20.com/photos/212/ipl-2014-match-25-rr-v-kkr","mom.video.id":"98eec98cde4e47648e40e49c639921fc","home.team.fan.total":"5471","notes.1.1":"Powerplay  - 50 runs, 0 wickets","away.team.fan.total":"5218","notes.1.2":"RR: 50 runs in 5.6 overs","umpire.name.3":"Anil Chaudhary","notes.1.3":"1st Wicket: 50 runs in 36 balls (Ajinkya Rahane 30, Karun Nair 18)","umpire.name.4":"Nitin Menon","umpire.name.1":"Nigel Llong","notes.1.4":"RR: 100 runs in 12.6 overs","umpire.name.2":"CK Nandan","notes.1.5":"2nd Wicket: 50 runs in 39 balls (Karun Nair 24, Sanju Samson 24)","notes.1.6":"RR: 150 runs in 17.6 overs ","notes.1.7":"Innings Break: RR - 170/6 in 20 overs","highlights.link":"http://www.iplt20.com/videos/media/id/c4587d63081741999cde4451d7b11905/m25-rr-vs-kkr-match-highlights","result.playerofthematch":"Pravin Tambe","mom.video.thumb":"http://images.lvp.llnw.net/bec92a81ddd44d1c80669f5061c90861/media/98eec98cde4e47648e40e49c639921fc/xFj.540x304.jpeg","interview.link":"http://www.iplt20.com/news/2014/features/4935/james-faulkner-owning-the-death-overs","sixes.video.id":"ba42408b9f2e427398c094074ba4bddd","interview.thumb":"http://static2.iplt20.com/cms/media/images/630x420/28434.jpg","referee.name":"Ranjan Madugalle","match.video.thumb":"http://images.lvp.llnw.net/bec92a81ddd44d1c80669f5061c90861/media/c4587d63081741999cde4451d7b11905/YrE.540x304.jpeg","stats.thumb":"http://static2.iplt20.com/cms/media/images/630x420/28507.jpg","notes.2.7":"Gautam Gambhir: 50 off 32 balls (6 x fours, 1 x six)","toss.winner":"Kolkata Knight Riders","notes.2.8":"KKR: 150 runs in 18.4 overs","notes.2.5":"KKR: 100 runs in 12.2 overs","sixes.video.thumb":"http://static2.iplt20.com/cms/media/images/630x420/28312.jpg","notes.2.6":"1st Wicket: 100 runs in 74 balls (Robin Uthappa 56, Gautam Gambhir 43)","notes.2.3":"1st Wicket: 50 runs in 36 balls (Robin Uthappa 28, Gautam Gambhir 22)","notes.2.4":"Robin Uthappa: 50 off 39 balls (5 x fours, 2 x sixes)","report.thumb":"http://static2.iplt20.com/cms/media/images/630x420/28367.jpg","notes.2.1":"Powerplay  - 50 runs, 0 wickets","notes.2.2":"KKR: 50 runs in 5.6 overs","report.link":"http://www.iplt20.com/news/2014/match-reports/4931/report-match-25-rr-vs-kkr"},"oversLimit":20,"teams":[{"id":2417,"players":[{"names":["Ajinkya Rahane","A Rahane"],"dateOfBirth":581472000000,"id":135,"fullName":"Ajinkya Rahane","shortName":"A Rahane","nationality":"Indian"},{"names":["Karun Nair","K Nair"],"dateOfBirth":691977600000,"id":276,"fullName":"Karun Nair","shortName":"K Nair","nationality":"Indian"},{"names":["Shane Watson","S Watson"],"rightHandedBat":true,"dateOfBirth":361584000000,"id":227,"fullName":"Shane Watson","shortName":"S Watson","nationality":"Australian"},{"names":["Sanju Samson","S Samson"],"dateOfBirth":784512000000,"id":258,"fullName":"Sanju Samson","shortName":"S Samson","nationality":"Indian"},{"names":["Stuart Binny","S Binny"],"dateOfBirth":455068800000,"id":148,"fullName":"Stuart Binny","shortName":"S Binny","nationality":"Indian"},{"names":["Steve Smith","S Smith"],"dateOfBirth":612748800000,"id":271,"fullName":"Steve Smith","shortName":"S Smith","nationality":"Australian"},{"names":["James Faulkner","J Faulkner"],"dateOfBirth":641347200000,"id":193,"fullName":"James Faulkner","shortName":"J Faulkner","nationality":"Australian"},{"names":["Rajat Bhatia","R Bhatia"],"dateOfBirth":309398400000,"id":92,"fullName":"Rajat Bhatia","shortName":"R Bhatia","nationality":"Indian"},{"names":["Tim Southee","T Southee"],"rightHandedBat":true,"dateOfBirth":597801600000,"id":307,"fullName":"Tim Southee","shortName":"T Southee","nationality":"New Zealander"},{"names":["Rahul Tewatia","R Tewatia"],"dateOfBirth":737856000000,"id":1749,"fullName":"Rahul Tewatia","shortName":"R Tewatia","nationality":"Indian"},{"names":["Pravin Tambe","P Tambe"],"rightHandedBat":true,"dateOfBirth":55728000000,"id":1114,"fullName":"Pravin Tambe","shortName":"P Tambe","nationality":"Indian"}],"team":{"type":"m","fullName":"Rajasthan Royals","shortName":"Royals","abbreviation":"RR","primaryColor":"004B8C","secondaryColor":"FFFFFF","id":8},"wicketKeeper":{"names":["Sanju Samson","S Samson"],"dateOfBirth":784512000000,"id":258,"fullName":"Sanju Samson","shortName":"S Samson","nationality":"Indian"},"captain":{"names":["Shane Watson","S Watson"],"rightHandedBat":true,"dateOfBirth":361584000000,"id":227,"fullName":"Shane Watson","shortName":"S Watson","nationality":"Australian"}},{"id":2416,"players":[{"names":["Robin Uthappa","R Uthappa"],"dateOfBirth":500515200000,"id":127,"fullName":"Robin Uthappa","shortName":"R Uthappa","nationality":"Indian"},{"names":["Gautam Gambhir","G Gambhir"],"dateOfBirth":371865600000,"id":84,"fullName":"Gautam Gambhir","shortName":"G Gambhir","nationality":"Indian"},{"names":["Manish Pandey","M Pandey"],"dateOfBirth":621388800000,"id":123,"fullName":"Manish Pandey","shortName":"M Pandey","nationality":"Indian"},{"names":["Shakib Al Hasan","S Al Hasan"],"dateOfBirth":543542400000,"id":201,"fullName":"Shakib Al Hasan","shortName":"S Al Hasan","nationality":"Bangladeshi"},{"names":["Suryakumar Yadav","S Yadav"],"rightHandedBat":true,"dateOfBirth":653270400000,"id":108,"fullName":"Suryakumar Yadav","shortName":"S Yadav","nationality":"Indian"},{"names":["Yusuf Pathan","Y Pathan"],"dateOfBirth":406339200000,"id":96,"fullName":"Yusuf Pathan","shortName":"Y Pathan","nationality":"Indian"},{"names":["Ryan ten Doeschate","R ten Doeschate"],"dateOfBirth":331171200000,"id":200,"fullName":"Ryan ten Doeschate","shortName":"R ten Doeschate","nationality":"Dutch"},{"names":["Andre Russell","A Russell"],"dateOfBirth":578275200000,"id":177,"fullName":"Andre Russell","shortName":"A Russell","nationality":"West Indian"},{"names":["Vinay Kumar","V Kumar"],"dateOfBirth":445392000000,"id":166,"fullName":"Vinay Kumar","shortName":"V Kumar","nationality":"Indian"},{"names":["Umesh Yadav","U Yadav"],"dateOfBirth":562118400000,"id":59,"fullName":"Umesh Yadav","shortName":"U Yadav","nationality":"Indian"},{"names":["Sunil Narine","S Narine"],"dateOfBirth":580608000000,"id":203,"fullName":"Sunil Narine","shortName":"S Narine","nationality":"West Indian"}],"team":{"type":"m","fullName":"Kolkata Knight Riders","shortName":"Knight Riders","abbreviation":"KKR","primaryColor":"6F2C91","secondaryColor":"FFFFFF","id":5},"wicketKeeper":{"names":["Robin Uthappa","R Uthappa"],"dateOfBirth":500515200000,"id":127,"fullName":"Robin Uthappa","shortName":"R Uthappa","nationality":"Indian"},"captain":{"names":["Gautam Gambhir","G Gambhir"],"dateOfBirth":371865600000,"id":84,"fullName":"Gautam Gambhir","shortName":"G Gambhir","nationality":"Indian"}}],"matchState":"C","isLimitedOvers":true,"matchStatus":{"text":"Rajasthan Royals won by 10 runs","outcome":"A"},"matchSummary":"","tournamentLabel":"IPL 2014"},"matchId":{"tournamentId":{"name":"ipl2014","id":2374},"name":"ipl2014-25","id":2448,"parentId":{"name":"ipl2014","id":2374}},"innings":[{"inningsNumber":1,"scorecard":{"runs":170,"wkts":6,"battingStats":[{"mod":{"text":"run out (Sunil Narine)","dismissedBp":{"over":7,"innings":1,"ball":3},"countingBp":{"over":7,"innings":1,"ball":3},"bowlerId":177,"additionalPlayerIds":[203],"dismissedMethod":"ro"},"playerId":135,"r":30,"b":22,"sr":"136.36","4s":3,"6s":1},{"mod":{"text":"st Robin Uthappa b Shakib Al Hasan","dismissedBp":{"over":14,"innings":1,"ball":4},"countingBp":{"over":14,"innings":1,"ball":3},"bowlerId":201,"additionalPlayerIds":[127],"dismissedMethod":"st"},"playerId":276,"r":44,"b":35,"sr":"125.71","4s":4,"6s":1},{"mod":{"text":"c Manish Pandey b Sunil Narine","dismissedBp":{"over":17,"innings":1,"ball":2},"countingBp":{"over":17,"innings":1,"ball":2},"bowlerId":203,"additionalPlayerIds":[123],"dismissedMethod":"ct"},"playerId":258,"r":37,"b":31,"sr":"119.35","4s":3,"6s":0},{"mod":{"text":"c Suryakumar Yadav b Sunil Narine","dismissedBp":{"over":19,"innings":1,"ball":3},"countingBp":{"over":19,"innings":1,"ball":3},"bowlerId":203,"additionalPlayerIds":[108],"dismissedMethod":"ct"},"playerId":227,"r":31,"b":20,"sr":"155.00","4s":2,"6s":2},{"mod":{"text":"c Ryan ten Doeschate b Vinay Kumar","dismissedBp":{"over":20,"innings":1,"ball":4},"countingBp":{"over":20,"innings":1,"ball":4},"bowlerId":166,"additionalPlayerIds":[200],"dismissedMethod":"ct"},"playerId":148,"r":11,"b":9,"sr":"122.22","4s":0,"6s":1},{"mod":{"text":"c Suryakumar Yadav b Vinay Kumar","dismissedBp":{"over":20,"innings":1,"ball":3},"countingBp":{"over":20,"innings":1,"ball":3},"bowlerId":166,"additionalPlayerIds":[108],"dismissedMethod":"ct"},"playerId":271,"r":3,"b":2,"sr":"150.00","4s":0,"6s":0},{"playerId":193,"r":1,"b":1,"sr":"100.00","4s":0,"6s":0},{"playerId":92,"r":6,"b":1,"sr":"600.00","4s":0,"6s":1}],"bowlingStats":[{"playerId":166,"r":42,"w":2,"ov":"4","d":8,"maid":0,"e":"10.50","wd":0,"nb":0},{"playerId":59,"r":31,"w":0,"ov":"3","d":5,"maid":0,"e":"10.33","wd":0,"nb":0},{"playerId":201,"r":25,"w":1,"ov":"4","d":8,"maid":0,"e":"6.25","wd":3,"nb":0},{"playerId":203,"r":28,"w":2,"ov":"4","d":9,"maid":0,"e":"7.00","wd":0,"nb":0},{"playerId":177,"r":27,"w":0,"ov":"3","d":4,"maid":0,"e":"9.00","wd":0,"nb":1},{"playerId":200,"r":14,"w":0,"ov":"2","d":3,"maid":0,"e":"7.00","wd":0,"nb":0}],"fow":[{"bp":{"over":7,"innings":1,"ball":3},"playerId":135,"r":52,"w":1},{"bp":{"over":14,"innings":1,"ball":3},"playerId":276,"r":105,"w":2},{"bp":{"over":17,"innings":1,"ball":2},"playerId":258,"r":136,"w":3},{"bp":{"over":19,"innings":1,"ball":3},"playerId":227,"r":153,"w":4},{"bp":{"over":20,"innings":1,"ball":3},"playerId":271,"r":163,"w":5},{"bp":{"over":20,"innings":1,"ball":4},"playerId":148,"r":163,"w":6}],"extras":{"noBallRuns":1,"wideRuns":3,"legByeRuns":3}},"overProgress":"20","runRate":"8.50","overHistory":[{"ovNo":1,"ovBalls":["4",".","1",".",".","."]},{"ovNo":2,"ovBalls":[".","1Lb","4","3",".","1"]},{"ovNo":3,"ovBalls":["2","2","2",".",".","1"]},{"ovNo":4,"ovBalls":[".",".","4","6","1","1"]},{"ovNo":5,"ovBalls":["1Wd",".","4","4","1","1","."]},{"ovNo":6,"ovBalls":["1",".",".","1",".","4"]},{"ovNo":7,"ovBalls":["2",".","W","1","1","4"]},{"ovNo":8,"ovBalls":["1Lb","1","1","1","1","."]},{"ovNo":9,"ovBalls":["1","4",".","1","1","1"]},{"ovNo":10,"ovBalls":["1","1","1","1",".","1"]},{"ovNo":11,"ovBalls":["1",".","1","1","2","."]},{"ovNo":12,"ovBalls":[".","1","1","1","6","2"]},{"ovNo":13,"ovBalls":[".","1","1","2","1","4"]},{"ovNo":14,"ovBalls":["1Wd","2","1","W",".","1Wd",".","."]},{"ovNo":15,"ovBalls":["1","1","4","2",".","2"]},{"ovNo":16,"ovBalls":["6","4","1","1","6","1"]},{"ovNo":17,"ovBalls":["1","W",".","1","1","1Lb"]},{"ovNo":18,"ovBalls":["4","2Nb","1",".","2","1","1"]},{"ovNo":19,"ovBalls":["1","2","W",".","6","."]},{"ovNo":20,"ovBalls":["3","1","W","W","1","6"]}]},{"inningsNumber":2,"scorecard":{"runs":160,"wkts":6,"battingStats":[{"mod":{"text":"c Rajat Bhatia b Shane Watson","dismissedBp":{"over":15,"innings":2,"ball":3},"countingBp":{"over":15,"innings":2,"ball":3},"bowlerId":227,"additionalPlayerIds":[92],"dismissedMethod":"ct"},"playerId":127,"r":65,"b":52,"sr":"125.00","4s":5,"6s":3},{"mod":{"text":"c Sanju Samson b Shane Watson","dismissedBp":{"over":15,"innings":2,"ball":1},"countingBp":{"over":15,"innings":2,"ball":1},"bowlerId":227,"additionalPlayerIds":[258],"dismissedMethod":"ct"},"playerId":84,"r":54,"b":34,"sr":"158.82","4s":6,"6s":1},{"mod":{"text":"b Shane Watson","dismissedBp":{"over":15,"innings":2,"ball":5},"countingBp":{"over":15,"innings":2,"ball":5},"bowlerId":227,"dismissedMethod":"b"},"playerId":177,"r":1,"b":3,"sr":"33.33","4s":0,"6s":0},{"mod":{"text":"st Sanju Samson b Pravin Tambe","dismissedBp":{"over":16,"innings":2,"ball":1},"countingBp":{"over":16,"innings":2},"bowlerId":1114,"additionalPlayerIds":[258],"dismissedMethod":"st"},"playerId":123,"r":0,"b":0,"4s":0,"6s":0},{"playerId":201,"r":21,"b":14,"sr":"150.00","4s":1,"6s":1},{"mod":{"text":"c & b Pravin Tambe","dismissedBp":{"over":16,"innings":2,"ball":2},"countingBp":{"over":16,"innings":2,"ball":1},"bowlerId":1114,"additionalPlayerIds":[1114],"dismissedMethod":"ct"},"playerId":96,"r":0,"b":1,"sr":"0.00","4s":0,"6s":0},{"mod":{"text":"lbw Pravin Tambe","dismissedBp":{"over":16,"innings":2,"ball":3},"countingBp":{"over":16,"innings":2,"ball":2},"bowlerId":1114,"dismissedMethod":"lbw"},"playerId":200,"r":0,"b":1,"sr":"0.00","4s":0,"6s":0},{"playerId":108,"r":9,"b":17,"sr":"52.94","4s":0,"6s":0}],"bowlingStats":[{"playerId":227,"r":21,"w":3,"ov":"4","d":12,"maid":0,"e":"5.25","wd":0,"nb":1},{"playerId":307,"r":33,"w":0,"ov":"3","d":6,"maid":0,"e":"11.00","wd":2,"nb":0},{"playerId":1114,"r":26,"w":3,"ov":"4","d":7,"maid":0,"e":"6.50","wd":1,"nb":0},{"playerId":193,"r":27,"w":0,"ov":"4","d":7,"maid":0,"e":"6.75","wd":0,"nb":1},{"playerId":92,"r":30,"w":0,"ov":"3","d":1,"maid":0,"e":"10.00","wd":0,"nb":0},{"playerId":1749,"r":18,"w":0,"ov":"2","d":2,"maid":0,"e":"9.00","wd":0,"nb":0}],"fow":[{"bp":{"over":15,"innings":2,"ball":1},"playerId":84,"r":121,"w":1},{"bp":{"over":15,"innings":2,"ball":3},"playerId":127,"r":122,"w":2},{"bp":{"over":15,"innings":2,"ball":5},"playerId":177,"r":122,"w":3},{"bp":{"over":16,"innings":2},"playerId":123,"r":123,"w":4},{"bp":{"over":16,"innings":2,"ball":1},"playerId":96,"r":123,"w":5},{"bp":{"over":16,"innings":2,"ball":2},"playerId":200,"r":123,"w":6}],"extras":{"noBallRuns":2,"wideRuns":3,"legByeRuns":5}},"overProgress":"20","runRate":"8.00","overHistory":[{"ovNo":1,"ovBalls":[".",".","4",".","1","."]},{"ovNo":2,"ovBalls":[".",".",".","1","3","4"]},{"ovNo":3,"ovBalls":[".","1","4","4",".","1"]},{"ovNo":4,"ovBalls":["1","1",".","4","2","."]},{"ovNo":5,"ovBalls":["2","1",".","1","4","."]},{"ovNo":6,"ovBalls":[".",".","1","4","4","2"]},{"ovNo":7,"ovBalls":["1","1","6","1","1","1"]},{"ovNo":8,"ovBalls":["1","1","1","1",".","1"]},{"ovNo":9,"ovBalls":["1","1","1","2",".","4"]},{"ovNo":10,"ovBalls":[".","1","1","1Lb","1","1"]},{"ovNo":11,"ovBalls":["6",".","1","1","1","4"]},{"ovNo":12,"ovBalls":["1","1","1","1","1","."]},{"ovNo":13,"ovBalls":["1","1","1","6","1Lb","6"]},{"ovNo":14,"ovBalls":[".","4","1","2",".","."]},{"ovNo":15,"ovBalls":["W","1","W",".","W","."]},{"ovNo":16,"ovBalls":["1WdW","W","W",".","1","1","1"]},{"ovNo":17,"ovBalls":["1","1","1","2","1","."]},{"ovNo":18,"ovBalls":["1","1Wd",".","1Lb","6","1Wd","4","1"]},{"ovNo":19,"ovBalls":["1",".","1","1","1","2Nb","1Lb"]},{"ovNo":20,"ovBalls":["1Nb","1","1Lb",".","1","1","1"]}]}],"currentState":{"phase":"C","facingBatsman":108,"nonFacingBatsman":201,"currentInningsIndex":1,"currentPartnership":37,"currentBowler":-1,"currentBatsmen":[201,108],"recentOvers":[{"ovNo":15,"ovBalls":["W","1","W",".","W","."]},{"ovNo":16,"ovBalls":["1WdW","W","W",".","1","1","1"]},{"ovNo":17,"ovBalls":["1","1","1","2","1","."]},{"ovNo":18,"ovBalls":["1","1Wd",".","1Lb","6","1Wd","4","1"]},{"ovNo":19,"ovBalls":["1",".","1","1","1","2Nb","1Lb"]},{"ovNo":20,"ovBalls":["1Nb","1","1Lb",".","1","1","1"]}]}}