{"fragment":7,"updateTime":1430594273000,"matchId":{"id":3259,"name":"ipl2015-34 - SRH vs. CSK","matchIdName":"ipl2015-34"},"commentaries":[{"bbcode":"AA Reddy to MS Dhoni, %SPEED% full length just outside off stump. He picks up two","thisOver":"2","progress":{"innings":2,"over":13,"ball":1},"speed":32.92719880331,"subtype":"BBCode","countingProgress":{"innings":2,"over":12,"ball":1},"bowlerId":34,"nonfacingBatsmanId":24,"facingBatsmanId":1,"autoText":"AA Reddy to MS Dhoni, %SPEED% full length just outside off stump. He picks up two","message":{"text":null},"tags":[],"timestamp":1430588596000,"id":1183232,"time":"17:42","updateTime":1430588535389,"sequence":300.0,"type":"Auto"},{"bbcode":"AA Reddy to MS Dhoni. He picks up a single","thisOver":"1","progress":{"innings":2,"over":13,"ball":2},"subtype":"BBCode","countingProgress":{"innings":2,"over":12,"ball":2},"bowlerId":34,"nonfacingBatsmanId":24,"facingBatsmanId":1,"autoText":"AA Reddy to MS Dhoni. He picks up a single","message":{"text":null},"tags":[],"timestamp":1430594273000,"id":1183234,"time":"17:42","updateTime":1430588569670,"sequence":301.0,"type":"Auto"},{"bbcode":"AA Reddy to F du Plessis, %SPEED% full length going down leg. He picks up a single","thisOver":"1","progress":{"innings":2,"over":13,"ball":3},"speed":34.4658024139472,"subtype":"BBCode","countingProgress":{"innings":2,"over":12,"ball":3},"bowlerId":34,"nonfacingBatsmanId":1,"facingBatsmanId":24,"autoText":"AA Reddy to F du Plessis, %SPEED% full length going down leg. He picks up a single","message":{"text":null},"tags":[],"timestamp":1430588667000,"id":1183236,"time":"17:43","updateTime":1430588613373,"sequence":302.0,"type":"Auto"},{"bbcode":"AA Reddy to MS Dhoni, [b]WICKET!!! F du Plessis is out[/b] run out (Ashish Reddy)","thisOver":"W","progress":{"innings":2,"over":13,"ball":4},"speed":33.8058180043872,"subtype":"BBCode","countingProgress":{"innings":2,"over":12,"ball":4},"bowlerId":34,"nonfacingBatsmanId":24,"facingBatsmanId":1,"autoText":"AA Reddy to MS Dhoni, <b>WICKET!!! F du Plessis is out</b> run out (Ashish Reddy)","message":{"text":null},"tags":["wicket"],"timestamp":1430588690000,"id":1183240,"time":"17:44","updateTime":1430588657506,"sequence":304.0,"type":"Auto"},{"bbcode":"[b]Wicket![/b] Out of nothing, SRH have a key wicket! Great work by Reddy, as Dhoni's hit the ball back hard at Faf, and there's a game of \"Yes, No\" between the two batsmen as the ball hits the Umpire!","subtype":"BBCode","message":{"text":"<p><strong>Wicket!</strong>&nbsp;Out of nothing, SRH have a key wicket! Great work by Reddy, as Dhoni's hit the ball back hard at Faf, and there's a game of \"Yes, No\" between the two batsmen as the ball hits the Umpire!</p>"},"tags":[],"timestamp":1430588781000,"id":1183243,"time":"17:44","updateTime":1430588679616,"sequence":305.0,"type":"Manual"},{"bbcode":"AA Reddy to MS Dhoni, [b]WICKET!!! MS Dhoni is out[/b] b Ashish Reddy","thisOver":"W","progress":{"innings":2,"over":13,"ball":5},"subtype":"BBCode","countingProgress":{"innings":2,"over":12,"ball":5},"bowlerId":34,"nonfacingBatsmanId":53,"facingBatsmanId":1,"autoText":"AA Reddy to MS Dhoni, <b>WICKET!!! MS Dhoni is out</b> b Ashish Reddy","message":{"text":null},"tags":["wicket"],"timestamp":1430594273000,"id":1183244,"time":"17:46","updateTime":1430588774661,"sequence":306.0,"type":"Auto"},{"bbcode":"[b]Wicket![/b] The crowd's erupted! What an over! Dhoni deceived and the stumps are disturbed! This game's swung massively back in SRH's favour!","subtype":"BBCode","message":{"text":"<p><strong>Wicket!</strong> The crowd's erupted! What an over! Dhoni deceived and the stumps are disturbed! This game's swung massively back in SRH's favour!</p>"},"tags":[],"timestamp":1430588837000,"id":1183246,"time":"17:46","updateTime":1430588792762,"sequence":307.0,"type":"Manual"},{"bbcode":"AA Reddy to DJ Bravo, %SPEED% full toss just outside off stump. He picks up a single","thisOver":"1","progress":{"innings":2,"over":13,"ball":6},"speed":33.8211097605133,"subtype":"BBCode","countingProgress":{"innings":2,"over":12,"ball":6},"bowlerId":34,"nonfacingBatsmanId":53,"facingBatsmanId":25,"autoText":"AA Reddy to DJ Bravo, %SPEED% full toss just outside off stump. He picks up a single","message":{"text":null},"tags":[],"timestamp":1430588900000,"id":1183247,"time":"17:47","updateTime":1430588867109,"sequence":308.0,"type":"Auto"},{"innings":2,"over":13,"overRuns":5,"overWickets":2,"inningsRuns":115,"inningsWickets":5,"inningsAllOut":false,"team":{"id":1,"fullName":"Chennai Super Kings","shortName":"Super Kings","abbreviation":"CSK","primaryColor":"FDB913","secondaryColor":"FFFFFF","type":"m"},"batsmanSummaries":[{"batsman":{"id":25,"fullName":"Dwayne Bravo","shortName":"DJ Bravo","nationality":"West Indian","rightHandedBat":false,"dateOfBirth":434332800000,"names":["Dwayne Bravo","DJ Bravo"]},"runs":1,"balls":1,"fours":0,"sixes":0},{"batsman":{"id":53,"fullName":"Pawan Negi","shortName":"P Negi","nationality":"Indian","rightHandedBat":false,"dateOfBirth":410659200000,"names":["Pawan Negi","P Negi"]},"runs":0,"balls":0,"fours":0,"sixes":0}],"activeBatsman":25,"bowlerSummary":{"bowler":{"id":34,"fullName":"Ashish Reddy","shortName":"AA Reddy","nationality":"Indian","rightHandedBat":false,"dateOfBirth":351820800000,"names":["Ashish Reddy","AA Reddy"]},"overs":"1","runs":5,"wickets":1,"maidens":0},"inningsBalls":78,"inningsMaxBalls":120,"inningsTarget":193,"message":{"text":null},"tags":[],"timestamp":1430588867000,"id":1183248,"time":"17:47","updateTime":1430588867306,"sequence":309.0,"type":"Eov"},{"subtype":"EmbeddedTweet","tweetjson":{"created_at":"Sat May 02 17:50:10 +0000 2015","id":594559518144536578,"id_str":"594559518144536578","text":"What a turning point for #csk in #ashishreddy 's over....#dhoni bowled by a googly... #SRHvsCSK #ipl","source":"<a href=\"http://twitter.com/download/android\" rel=\"nofollow\">Twitter for Android</a>","truncated":false,"in_reply_to_status_id":null,"in_reply_to_status_id_str":null,"in_reply_to_user_id":null,"in_reply_to_user_id_str":null,"in_reply_to_screen_name":null,"user":{"id":41418939,"id_str":"41418939","name":"Hemanshu Mistry","screen_name":"_hemanshu_","location":"Mumbai, India","description":"PR & Communication Consultant | Cricket Enthusiast | Movie Buff | Hardcore Bombayite I Tweets are personal I RT's are not endorsements. IG - hemanshu4","url":null,"entities":{"description":{"urls":[]}},"protected":false,"followers_count":716,"friends_count":405,"listed_count":19,"created_at":"Wed May 20 18:37:35 +0000 2009","favourites_count":1317,"utc_offset":-25200,"time_zone":"Pacific Time (US & Canada)","geo_enabled":true,"verified":false,"statuses_count":16246,"lang":"en","contributors_enabled":false,"is_translator":false,"is_translation_enabled":false,"profile_background_color":"642D8B","profile_background_image_url":"http://abs.twimg.com/images/themes/theme10/bg.gif","profile_background_image_url_https":"https://abs.twimg.com/images/themes/theme10/bg.gif","profile_background_tile":true,"profile_image_url":"http://pbs.twimg.com/profile_images/574249023848087552/3raF7ONg_normal.jpeg","profile_image_url_https":"https://pbs.twimg.com/profile_images/574249023848087552/3raF7ONg_normal.jpeg","profile_banner_url":"https://pbs.twimg.com/profile_banners/41418939/1427557415","profile_link_color":"FF0000","profile_sidebar_border_color":"65B0DA","profile_sidebar_fill_color":"7AC3EE","profile_text_color":"3D1957","profile_use_background_image":true,"default_profile":false,"default_profile_image":false,"following":false,"follow_request_sent":false,"notifications":false},"geo":null,"coordinates":null,"place":null,"contributors":null,"retweet_count":0,"favorite_count":0,"entities":{"hashtags":[{"text":"csk","indices":[25,29]},{"text":"ashishreddy","indices":[33,45]},{"text":"dhoni","indices":[57,63]},{"text":"SRHvsCSK","indices":[86,95]},{"text":"ipl","indices":[96,100]}],"symbols":[],"user_mentions":[],"urls":[]},"favorited":false,"retweeted":false,"lang":"en"},"message":{"text":"<blockquote class=\"twitter-tweet\" data-partner=\"tweetdeck\">\n<p lang=\"en\" dir=\"ltr\">What a turning point for <a href=\"https://twitter.com/hashtag/csk?src=hash\">#csk</a> in <a href=\"https://twitter.com/hashtag/ashishreddy?src=hash\">#ashishreddy</a> 's over....<a href=\"https://twitter.com/hashtag/dhoni?src=hash\">#dhoni</a> bowled by a googly... <a href=\"https://twitter.com/hashtag/SRHvsCSK?src=hash\">#SRHvsCSK</a> <a href=\"https://twitter.com/hashtag/ipl?src=hash\">#ipl</a></p>\n&mdash; Hemanshu Mistry (@_hemanshu_) <a href=\"https://twitter.com/_hemanshu_/status/594559518144536578\">May 2, 2015</a></blockquote>\n<script charset=\"utf-8\" type=\"text/javascript\" src=\"http://platform.twitter.com/widgets.js\"></script>"},"tags":[],"timestamp":1430589031000,"id":1183260,"time":"17:50","updateTime":1430589024269,"sequence":309.5,"type":"Manual"},{"bbcode":"M Henriques to DJ Bravo, no run, %SPEED% full toss just outside off stump. He doesn't offer a shot","thisOver":".","progress":{"innings":2,"over":14,"ball":1},"speed":35.1754560510884,"subtype":"BBCode","countingProgress":{"innings":2,"over":13,"ball":1},"bowlerId":388,"nonfacingBatsmanId":53,"facingBatsmanId":25,"autoText":"M Henriques to DJ Bravo, no run, %SPEED% full toss just outside off stump. He doesn't offer a shot","message":{"text":null},"tags":[],"timestamp":1430589010000,"id":1183253,"time":"17:49","updateTime":1430588949845,"sequence":310.0,"type":"Auto"},{"bbcode":"M Henriques to DJ Bravo, no run, %SPEED% full length just outside off stump. He plays and misses","thisOver":".","progress":{"innings":2,"over":14,"ball":2},"speed":34.7340187751453,"subtype":"BBCode","countingProgress":{"innings":2,"over":13,"ball":2},"bowlerId":388,"nonfacingBatsmanId":53,"facingBatsmanId":25,"autoText":"M Henriques to DJ Bravo, no run, %SPEED% full length just outside off stump. He plays and misses","message":{"text":null},"tags":[],"timestamp":1430589010000,"id":1183257,"time":"17:49","updateTime":1430588979163,"sequence":311.0,"type":"Auto"},{"bbcode":"M Henriques to DJ Bravo, %SPEED% short length on off stump. He picks up a single","thisOver":"1","progress":{"innings":2,"over":14,"ball":3},"speed":36.2938448570331,"subtype":"BBCode","countingProgress":{"innings":2,"over":13,"ball":3},"bowlerId":388,"nonfacingBatsmanId":53,"facingBatsmanId":25,"autoText":"M Henriques to DJ Bravo, %SPEED% short length on off stump. He picks up a single","message":{"text":null},"tags":[],"timestamp":1430589092000,"id":1183258,"time":"17:50","updateTime":1430589011543,"sequence":312.0,"type":"Auto"},{"bbcode":"M Henriques to P Negi, no run, %SPEED% short length just outside off stump. He plays and misses","thisOver":".","progress":{"innings":2,"over":14,"ball":4},"speed":35.6754978725269,"subtype":"BBCode","countingProgress":{"innings":2,"over":13,"ball":4},"bowlerId":388,"nonfacingBatsmanId":25,"facingBatsmanId":53,"autoText":"M Henriques to P Negi, no run, %SPEED% short length just outside off stump. He plays and misses","message":{"text":null},"tags":[],"timestamp":1430589055000,"id":1183264,"time":"17:50","updateTime":1430589049909,"sequence":313.0,"type":"Auto"},{"bbcode":"M Henriques to P Negi, no run, %SPEED% short length outside off stump. He plays and misses","thisOver":".","progress":{"innings":2,"over":14,"ball":5},"speed":29.7182740104089,"subtype":"BBCode","countingProgress":{"innings":2,"over":13,"ball":5},"bowlerId":388,"nonfacingBatsmanId":25,"facingBatsmanId":53,"autoText":"M Henriques to P Negi, no run, %SPEED% short length outside off stump. He plays and misses","message":{"text":null},"tags":[],"timestamp":1430589086000,"id":1183266,"time":"17:51","updateTime":1430589084025,"sequence":314.0,"type":"Auto"},{"bbcode":"M Henriques to P Negi, no run, %SPEED% short length on off stump. He doesn't offer a shot","thisOver":".","progress":{"innings":2,"over":14,"ball":6},"speed":28.2704241331941,"subtype":"BBCode","countingProgress":{"innings":2,"over":13,"ball":6},"bowlerId":388,"nonfacingBatsmanId":25,"facingBatsmanId":53,"autoText":"M Henriques to P Negi, no run, %SPEED% short length on off stump. He doesn't offer a shot","message":{"text":null},"tags":[],"timestamp":1430589192000,"id":1183268,"time":"17:52","updateTime":1430589125137,"sequence":315.0,"type":"Auto"},{"innings":2,"over":14,"overRuns":1,"overWickets":0,"inningsRuns":116,"inningsWickets":5,"inningsAllOut":false,"team":{"id":1,"fullName":"Chennai Super Kings","shortName":"Super Kings","abbreviation":"CSK","primaryColor":"FDB913","secondaryColor":"FFFFFF","type":"m"},"batsmanSummaries":[{"batsman":{"id":53,"fullName":"Pawan Negi","shortName":"P Negi","nationality":"Indian","rightHandedBat":false,"dateOfBirth":410659200000,"names":["Pawan Negi","P Negi"]},"runs":0,"balls":3,"fours":0,"sixes":0},{"batsman":{"id":25,"fullName":"Dwayne Bravo","shortName":"DJ Bravo","nationality":"West Indian","rightHandedBat":false,"dateOfBirth":434332800000,"names":["Dwayne Bravo","DJ Bravo"]},"runs":2,"balls":4,"fours":0,"sixes":0}],"activeBatsman":25,"bowlerSummary":{"bowler":{"id":388,"fullName":"Moises Henriques","shortName":"M Henriques","nationality":"Australian","rightHandedBat":true,"dateOfBirth":539136000000,"names":["Moises Henriques","M Henriques"]},"overs":"4","runs":20,"wickets":2,"maidens":0},"inningsBalls":84,"inningsMaxBalls":120,"inningsTarget":193,"message":{"text":null},"tags":[],"timestamp":1430589125000,"id":1183269,"time":"17:52","updateTime":1430589125332,"sequence":316.0,"type":"Eov"},{"mediaId":"4211437516001","endpointUrlHq1":"http://brightcove.vo.llnwd.net/v1/uds/pd/3588749423001/201505/3597/3588749423001_4211485628001_MATCH-34-CSK-4TH-WKT.mp4","endpointUrlHq2":"http://brightcove.vo.llnwd.net/v1/uds/pd/3588749423001/201505/2771/3588749423001_4211498832001_MATCH-34-CSK-4TH-WKT.mp4","endpointUrlAlt":"http://c.brightcove.com/services/mobile/streaming/index/rendition.m3u8?assetId=4211485625001","title":"M34: SRH vs CSK – Francois du Plessis Wicket","largeThumbnail":"http://brightcove.vo.llnwd.net/v1/unsecured/media/3588749423001/201505/597/3588749423001_4211485629001_vs-55450e96e4b0163004bd4a5a-767904722001.jpg?pubId=3588749423001","duration":28004,"endpointUrl":"http://brightcove.vo.llnwd.net/v1/uds/pd/3588749423001/201505/1597/3588749423001_4211485626001_MATCH-34-CSK-4TH-WKT.mp4","smallThumbnail":"http://brightcove.vo.llnwd.net/v1/unsecured/media/3588749423001/201505/1597/3588749423001_4211485630001_th-55450e96e4b0163004bd4a5a-767904722001.jpg?pubId=3588749423001","description":null,"endpointUrlMq":"http://brightcove.vo.llnwd.net/v1/uds/pd/3588749423001/201505/2187/3588749423001_4211494297001_MATCH-34-CSK-4TH-WKT.mp4","endpointUrlHq3":"http://brightcove.vo.llnwd.net/v1/uds/pd/3588749423001/201505/3045/3588749423001_4211494283001_MATCH-34-CSK-4TH-WKT.mp4","publishDate":1430589069336,"message":{"text":null},"tags":["account:iplt20","2015","ipl2015","IPL 2015","srh","innings 2","match:ipl2015-34","over 13","ipl2015-34","ball 4","wicket","playerid 24","channel:ipl-match-centre","csk"],"timestamp":1430589371000,"id":1183279,"time":"17:55","updateTime":1430589316253,"sequence":316.5,"type":"Video"},{"mediaId":"4211437517001","endpointUrlHq1":"http://brightcove.vo.llnwd.net/v1/uds/pd/3588749423001/201505/2187/3588749423001_4211494293001_MATCH-34-CSK-5TH-WKT.mp4","endpointUrlHq2":"http://brightcove.vo.llnwd.net/v1/uds/pd/3588749423001/201505/1707/3588749423001_4211498885001_MATCH-34-CSK-5TH-WKT.mp4","endpointUrlAlt":"http://c.brightcove.com/services/mobile/streaming/index/rendition.m3u8?assetId=4211498894001","title":"M34: SRH vs CSK – MS Dhoni Wicket","largeThumbnail":"http://brightcove.vo.llnwd.net/v1/unsecured/media/3588749423001/201505/1187/3588749423001_4211494294001_vs-55450ee1e4b0163004bd4a64-672293876001.jpg?pubId=3588749423001","duration":28770,"endpointUrl":"http://brightcove.vo.llnwd.net/v1/uds/pd/3588749423001/201505/1635/3588749423001_4211485646001_MATCH-34-CSK-5TH-WKT.mp4","smallThumbnail":"http://brightcove.vo.llnwd.net/v1/unsecured/media/3588749423001/201505/187/3588749423001_4211494295001_th-55450ee1e4b0163004bd4a64-672293876001.jpg?pubId=3588749423001","description":null,"endpointUrlMq":"http://brightcove.vo.llnwd.net/v1/uds/pd/3588749423001/201505/2635/3588749423001_4211485645001_MATCH-34-CSK-5TH-WKT.mp4","endpointUrlHq3":"http://brightcove.vo.llnwd.net/v1/uds/pd/3588749423001/201505/707/3588749423001_4211498898001_MATCH-34-CSK-5TH-WKT.mp4","publishDate":1430589139680,"message":{"text":null},"tags":["account:iplt20","2015","ipl2015","playerid 1","IPL 2015","srh","innings 2","match:ipl2015-34","over 13","ipl2015-34","wicket","ball 5","channel:ipl-match-centre","csk"],"timestamp":1430589374000,"id":1183280,"time":"17:55","updateTime":1430589316311,"sequence":316.75,"type":"Video"},{"bbcode":"What an over by Henriques just before the Strategic Timeout. CSK are now facing a massive uphill battle. But with Bravo still in the ranks, both sides know that this game's not over.","subtype":"BBCode","message":{"text":"<p>What an over by Henriques just before the Strategic Timeout. CSK are now facing a massive uphill battle. But with Bravo still in the ranks, both sides know that this game's not over.</p>"},"tags":[],"timestamp":1430589199000,"id":1183272,"time":"17:53","updateTime":1430589199671,"sequence":317.0,"type":"Manual"},{"bbcode":"AA Reddy to DJ Bravo, %SPEED% full length on leg stump. He plays and misses","thisOver":"1","progress":{"innings":2,"over":15,"ball":1},"speed":32.1622698670831,"subtype":"BBCode","countingProgress":{"innings":2,"over":14,"ball":1},"bowlerId":34,"nonfacingBatsmanId":53,"facingBatsmanId":25,"autoText":"AA Reddy to DJ Bravo, %SPEED% full length on leg stump. He plays and misses","message":{"text":null},"tags":[],"timestamp":1430589375000,"id":1183277,"time":"17:55","updateTime":1430589307546,"sequence":318.0,"type":"Auto"},{"bbcode":"AA Reddy to P Negi. He picks up a single","thisOver":"1","progress":{"innings":2,"over":15,"ball":2},"subtype":"BBCode","countingProgress":{"innings":2,"over":14,"ball":2},"bowlerId":34,"nonfacingBatsmanId":25,"facingBatsmanId":53,"autoText":"AA Reddy to P Negi. He picks up a single","message":{"text":null},"tags":[],"timestamp":1430594273000,"id":1183282,"time":"17:55","updateTime":1430589356293,"sequence":321.0,"type":"Auto"},{"bbcode":"AA Reddy to DJ Bravo, %SPEED% full length just outside off stump. He picks up a single","thisOver":"1","progress":{"innings":2,"over":15,"ball":3},"speed":33.0751829749786,"subtype":"BBCode","countingProgress":{"innings":2,"over":14,"ball":3},"bowlerId":34,"nonfacingBatsmanId":53,"facingBatsmanId":25,"autoText":"AA Reddy to DJ Bravo, %SPEED% full length just outside off stump. He picks up a single","message":{"text":null},"tags":[],"timestamp":1430589437000,"id":1183286,"time":"17:56","updateTime":1430589392854,"sequence":322.0,"type":"Auto"},{"bbcode":"AA Reddy to P Negi, %SPEED% good length on middle stump. He hits a great shot, that has gone all the way","thisOver":"6","progress":{"innings":2,"over":15,"ball":4},"speed":31.427326898803,"subtype":"BBCode","countingProgress":{"innings":2,"over":14,"ball":4},"bowlerId":34,"nonfacingBatsmanId":25,"facingBatsmanId":53,"autoText":"AA Reddy to P Negi, %SPEED% good length on middle stump. He hits a great shot, that has gone all the way","message":{"text":null},"tags":["six"],"timestamp":1430589508000,"id":1183289,"time":"17:57","updateTime":1430589423406,"sequence":323.0,"type":"Auto"},{"bbcode":"[b]Six![/b] That was needed! And how! Amazing slog over mid-wicket, and it's gone a whopping 97 metres!","subtype":"BBCode","message":{"text":"<p><strong>Six!</strong> That was needed! And how! Amazing slog over mid-wicket, and it's gone a whopping 97 metres!</p>"},"tags":[],"timestamp":1430589472000,"id":1183290,"time":"17:57","updateTime":1430589443341,"sequence":324.0,"type":"Manual"},{"bbcode":"AA Reddy to P Negi, %SPEED% full length on middle stump. He hits a nice boundary","thisOver":"4","progress":{"innings":2,"over":15,"ball":5},"speed":32.1976831507263,"subtype":"BBCode","countingProgress":{"innings":2,"over":14,"ball":5},"bowlerId":34,"nonfacingBatsmanId":25,"facingBatsmanId":53,"autoText":"AA Reddy to P Negi, %SPEED% full length on middle stump. He hits a nice boundary","message":{"text":null},"tags":["four"],"timestamp":1430589559000,"id":1183291,"time":"17:57","updateTime":1430589471124,"sequence":325.0,"type":"Auto"},{"bbcode":"Four! Crunched through cover this time, and CSK are coming!","subtype":"BBCode","message":{"text":"<p>Four! Crunched through cover this time, and CSK are coming!</p>"},"tags":[],"timestamp":1430589490000,"id":1183293,"time":"17:58","updateTime":1430589490913,"sequence":326.0,"type":"Manual"},{"bbcode":"AA Reddy to P Negi, %SPEED% full toss on off stump. He picks up a single","thisOver":"1","progress":{"innings":2,"over":15,"ball":6},"speed":29.3642378185555,"subtype":"BBCode","countingProgress":{"innings":2,"over":14,"ball":6},"bowlerId":34,"nonfacingBatsmanId":25,"facingBatsmanId":53,"autoText":"AA Reddy to P Negi, %SPEED% full toss on off stump. He picks up a single","message":{"text":null},"tags":[],"timestamp":1430589559000,"id":1183296,"time":"17:58","updateTime":1430589516240,"sequence":327.0,"type":"Auto"},{"innings":2,"over":15,"overRuns":14,"overWickets":0,"inningsRuns":130,"inningsWickets":5,"inningsAllOut":false,"team":{"id":1,"fullName":"Chennai Super Kings","shortName":"Super Kings","abbreviation":"CSK","primaryColor":"FDB913","secondaryColor":"FFFFFF","type":"m"},"batsmanSummaries":[{"batsman":{"id":53,"fullName":"Pawan Negi","shortName":"P Negi","nationality":"Indian","rightHandedBat":false,"dateOfBirth":410659200000,"names":["Pawan Negi","P Negi"]},"runs":12,"balls":7,"fours":1,"sixes":1},{"batsman":{"id":25,"fullName":"Dwayne Bravo","shortName":"DJ Bravo","nationality":"West Indian","rightHandedBat":false,"dateOfBirth":434332800000,"names":["Dwayne Bravo","DJ Bravo"]},"runs":4,"balls":6,"fours":0,"sixes":0}],"activeBatsman":53,"bowlerSummary":{"bowler":{"id":34,"fullName":"Ashish Reddy","shortName":"AA Reddy","nationality":"Indian","rightHandedBat":false,"dateOfBirth":351820800000,"names":["Ashish Reddy","AA Reddy"]},"overs":"2","runs":19,"wickets":1,"maidens":0},"inningsBalls":90,"inningsMaxBalls":120,"inningsTarget":193,"message":{"text":null},"tags":[],"timestamp":1430589516000,"id":1183297,"time":"17:58","updateTime":1430589516385,"sequence":328.0,"type":"Eov"},{"bbcode":"P Kumar to P Negi, %SPEED% full length going down leg. He picks up a single","thisOver":"1","progress":{"innings":2,"over":16,"ball":1},"speed":37.4548814284943,"subtype":"BBCode","countingProgress":{"innings":2,"over":15,"ball":1},"bowlerId":77,"nonfacingBatsmanId":25,"facingBatsmanId":53,"autoText":"P Kumar to P Negi, %SPEED% full length going down leg. He picks up a single","message":{"text":null},"tags":[],"timestamp":1430589671000,"id":1183300,"time":"18:00","updateTime":1430589602714,"sequence":329.0,"type":"Auto"},{"bbcode":"P Kumar to DJ Bravo, %SPEED% full toss on middle stump. He picks up a single","thisOver":"1","progress":{"innings":2,"over":16,"ball":2},"speed":36.3939967697073,"subtype":"BBCode","countingProgress":{"innings":2,"over":15,"ball":2},"bowlerId":77,"nonfacingBatsmanId":53,"facingBatsmanId":25,"autoText":"P Kumar to DJ Bravo, %SPEED% full toss on middle stump. He picks up a single","message":{"text":null},"tags":[],"timestamp":1430589741000,"id":1183303,"time":"18:01","updateTime":1430589668403,"sequence":330.0,"type":"Auto"},{"bbcode":"P Kumar to P Negi. He picks up a single","thisOver":"1","progress":{"innings":2,"over":16,"ball":3},"subtype":"BBCode","countingProgress":{"innings":2,"over":15,"ball":3},"bowlerId":77,"nonfacingBatsmanId":25,"facingBatsmanId":53,"autoText":"P Kumar to P Negi. He picks up a single","message":{"text":null},"tags":[],"timestamp":1430594272000,"id":1183306,"time":"18:01","updateTime":1430589705005,"sequence":331.0,"type":"Auto"},{"bbcode":"P Kumar to DJ Bravo, %SPEED% full toss on off stump. He picks up a single","thisOver":"1","progress":{"innings":2,"over":16,"ball":4},"speed":35.9891876786286,"subtype":"BBCode","countingProgress":{"innings":2,"over":15,"ball":4},"bowlerId":77,"nonfacingBatsmanId":53,"facingBatsmanId":25,"autoText":"P Kumar to DJ Bravo, %SPEED% full toss on off stump. He picks up a single","message":{"text":null},"tags":[],"timestamp":1430589801000,"id":1183308,"time":"18:02","updateTime":1430589744754,"sequence":332.0,"type":"Auto"},{"bbcode":"P Kumar to P Negi. He plays and misses","thisOver":"1","progress":{"innings":2,"over":16,"ball":5},"subtype":"BBCode","countingProgress":{"innings":2,"over":15,"ball":5},"bowlerId":77,"nonfacingBatsmanId":25,"facingBatsmanId":53,"autoText":"P Kumar to P Negi. He plays and misses","message":{"text":null},"tags":[],"timestamp":1430594272000,"id":1183311,"time":"18:03","updateTime":1430589785311,"sequence":333.0,"type":"Auto"},{"bbcode":"P Kumar to DJ Bravo, %SPEED% full toss going down leg. He picks up a single","thisOver":"1","progress":{"innings":2,"over":16,"ball":6},"speed":36.2686052587844,"subtype":"BBCode","countingProgress":{"innings":2,"over":15,"ball":6},"bowlerId":77,"nonfacingBatsmanId":53,"facingBatsmanId":25,"autoText":"P Kumar to DJ Bravo, %SPEED% full toss going down leg. He picks up a single","message":{"text":null},"tags":[],"timestamp":1430589924000,"id":1183313,"time":"18:04","updateTime":1430589841674,"sequence":334.0,"type":"Auto"},{"innings":2,"over":16,"overRuns":6,"overWickets":0,"inningsRuns":136,"inningsWickets":5,"inningsAllOut":false,"team":{"id":1,"fullName":"Chennai Super Kings","shortName":"Super Kings","abbreviation":"CSK","primaryColor":"FDB913","secondaryColor":"FFFFFF","type":"m"},"batsmanSummaries":[{"batsman":{"id":25,"fullName":"Dwayne Bravo","shortName":"DJ Bravo","nationality":"West Indian","rightHandedBat":false,"dateOfBirth":434332800000,"names":["Dwayne Bravo","DJ Bravo"]},"runs":7,"balls":9,"fours":0,"sixes":0},{"batsman":{"id":53,"fullName":"Pawan Negi","shortName":"P Negi","nationality":"Indian","rightHandedBat":false,"dateOfBirth":410659200000,"names":["Pawan Negi","P Negi"]},"runs":15,"balls":10,"fours":1,"sixes":1}],"activeBatsman":25,"bowlerSummary":{"bowler":{"id":77,"fullName":"Praveen Kumar","shortName":"P Kumar","nationality":"Indian","rightHandedBat":false,"dateOfBirth":528595200000,"names":["Praveen Kumar","P Kumar"]},"overs":"3","runs":28,"wickets":0,"maidens":0},"inningsBalls":96,"inningsMaxBalls":120,"inningsTarget":193,"message":{"text":null},"tags":[],"timestamp":1430589841000,"id":1183314,"time":"18:04","updateTime":1430589841813,"sequence":335.0,"type":"Eov"},{"subtype":"EmbeddedTweet","tweetjson":{"created_at":"Sat May 02 17:54:37 +0000 2015","id":594560640716419075,"id_str":"594560640716419075","text":"Well done Ashish @SunRisers great temperament while bowling against Dhoni bhai. I am sure this will be a big blow for @ChennaiIPL. #SRHvCSK","source":"<a href=\"http://twitter.com/download/iphone\" rel=\"nofollow\">Twitter for iPhone</a>","truncated":false,"in_reply_to_status_id":null,"in_reply_to_status_id_str":null,"in_reply_to_user_id":null,"in_reply_to_user_id_str":null,"in_reply_to_screen_name":null,"user":{"id":121828529,"id_str":"121828529","name":"Pragyan Ojha","screen_name":"pragyanojha","location":"Hyderabad, Telangana, India","description":"PROUD INDIAN. 261st Test Cricketer for Team India. Member of Hyderabad Cricket Team.","url":"http://t.co/HuH10bLZAR","entities":{"url":{"urls":[{"url":"http://t.co/HuH10bLZAR","expanded_url":"http://www.facebook.com/iampragyanojha","display_url":"facebook.com/iampragyanojha","indices":[0,22]}]},"description":{"urls":[]}},"protected":false,"followers_count":509657,"friends_count":54,"listed_count":1032,"created_at":"Wed Mar 10 18:34:31 +0000 2010","favourites_count":3,"utc_offset":19800,"time_zone":"New Delhi","geo_enabled":false,"verified":true,"statuses_count":694,"lang":"en","contributors_enabled":false,"is_translator":false,"is_translation_enabled":false,"profile_background_color":"7FB3E0","profile_background_image_url":"http://pbs.twimg.com/profile_background_images/166551049/Oj_3.jpg","profile_background_image_url_https":"https://pbs.twimg.com/profile_background_images/166551049/Oj_3.jpg","profile_background_tile":false,"profile_image_url":"http://pbs.twimg.com/profile_images/491067343460507648/hVgjqpuT_normal.jpeg","profile_image_url_https":"https://pbs.twimg.com/profile_images/491067343460507648/hVgjqpuT_normal.jpeg","profile_banner_url":"https://pbs.twimg.com/profile_banners/121828529/1423794836","profile_link_color":"0084B4","profile_sidebar_border_color":"FFFFFF","profile_sidebar_fill_color":"C0DFEC","profile_text_color":"333333","profile_use_background_image":false,"default_profile":false,"default_profile_image":false,"following":false,"follow_request_sent":false,"notifications":false},"geo":null,"coordinates":null,"place":null,"contributors":null,"retweet_count":21,"favorite_count":31,"entities":{"hashtags":[{"text":"SRHvCSK","indices":[131,139]}],"symbols":[],"user_mentions":[{"screen_name":"SunRisers","name":"SunRisers Hyderabad","id":989137039,"id_str":"989137039","indices":[17,27]},{"screen_name":"ChennaiIPL","name":"Chennai Super Kings","id":117407834,"id_str":"117407834","indices":[118,129]}],"urls":[]},"favorited":false,"retweeted":false,"lang":"en"},"message":{"text":"<blockquote class=\"twitter-tweet\" data-partner=\"tweetdeck\">\n<p lang=\"en\" dir=\"ltr\">Well done Ashish <a href=\"https://twitter.com/SunRisers\">@SunRisers</a> great temperament while bowling against Dhoni bhai. I am sure this will be a big blow for <a href=\"https://twitter.com/ChennaiIPL\">@ChennaiIPL</a>. <a href=\"https://twitter.com/hashtag/SRHvCSK?src=hash\">#SRHvCSK</a></p>\n&mdash; Pragyan Ojha (@pragyanojha) <a href=\"https://twitter.com/pragyanojha/status/594560640716419075\">May 2, 2015</a></blockquote>\n<script charset=\"utf-8\" type=\"text/javascript\" src=\"http://platform.twitter.com/widgets.js\"></script>"},"tags":[],"timestamp":1430589920000,"id":1183317,"time":"18:05","updateTime":1430589916805,"sequence":335.5,"type":"Manual"},{"bbcode":"Terrific over by PK, and CSK require 57 off the 4 overs. Surely too much to do?","subtype":"BBCode","message":{"text":"<p>Terrific over by PK, and CSK require 57 off the 4 overs. Surely too much to do?</p>"},"tags":[],"timestamp":1430589870000,"id":1183315,"time":"18:04","updateTime":1430589870564,"sequence":336.0,"type":"Manual"},{"bbcode":"B Kumar to DJ Bravo, %SPEED% full toss just outside off stump. He hits a nice boundary","thisOver":"4","progress":{"innings":2,"over":17,"ball":1},"speed":36.2741771675768,"subtype":"BBCode","countingProgress":{"innings":2,"over":16,"ball":1},"bowlerId":116,"nonfacingBatsmanId":53,"facingBatsmanId":25,"autoText":"B Kumar to DJ Bravo, %SPEED% full toss just outside off stump. He hits a nice boundary","message":{"text":null},"tags":["four"],"timestamp":1430589984000,"id":1183316,"time":"18:05","updateTime":1430589914665,"sequence":337.0,"type":"Auto"},{"bbcode":"Four! Bhuvi misses his yorker and it's crunched through cover","subtype":"BBCode","message":{"text":"<p>Four! Bhuvi misses his yorker and it's crunched through cover</p>"},"tags":[],"timestamp":1430589938000,"id":1183319,"time":"18:05","updateTime":1430589938055,"sequence":338.0,"type":"Manual"},{"bbcode":"B Kumar to DJ Bravo. He picks up a single","thisOver":"1","progress":{"innings":2,"over":17,"ball":2},"subtype":"BBCode","countingProgress":{"innings":2,"over":16,"ball":2},"bowlerId":116,"nonfacingBatsmanId":53,"facingBatsmanId":25,"autoText":"B Kumar to DJ Bravo. He picks up a single","message":{"text":null},"tags":[],"timestamp":1430594272000,"id":1183320,"time":"18:05","updateTime":1430589948746,"sequence":339.0,"type":"Auto"},{"bbcode":"B Kumar to P Negi, [b]WICKET!!! P Negi is out[/b] b Bhuvneshwar Kumar","thisOver":"W","progress":{"innings":2,"over":17,"ball":3},"subtype":"BBCode","countingProgress":{"innings":2,"over":16,"ball":3},"bowlerId":116,"nonfacingBatsmanId":25,"facingBatsmanId":53,"autoText":"B Kumar to P Negi, <b>WICKET!!! P Negi is out</b> b Bhuvneshwar Kumar","message":{"text":null},"tags":["wicket"],"timestamp":1430594271000,"id":1183321,"time":"18:06","updateTime":1430589982729,"sequence":340.0,"type":"Auto"},{"bbcode":"[b]Wicket![/b] The stumps are escaping Hyderabad! Fantastic yorker, Negi can't get his bat down and both middle and leg stump go flying","subtype":"BBCode","message":{"text":"<p><strong>Wicket!</strong> The stumps are escaping Hyderabad! Fantastic yorker, Negi can't get his bat down and both middle and leg stump go flying</p>"},"tags":[],"timestamp":1430590043000,"id":1183322,"time":"18:06","updateTime":1430590000109,"sequence":341.0,"type":"Manual"},{"bbcode":"B Kumar to R Jadeja, %SPEED% full toss on middle stump. He picks up two","thisOver":"2","progress":{"innings":2,"over":17,"ball":4},"speed":34.6572541228939,"subtype":"BBCode","countingProgress":{"innings":2,"over":16,"ball":4},"bowlerId":116,"nonfacingBatsmanId":25,"facingBatsmanId":9,"autoText":"B Kumar to R Jadeja, %SPEED% full toss on middle stump. He picks up two","message":{"text":null},"tags":[],"timestamp":1430590167000,"id":1183329,"time":"18:08","updateTime":1430590109584,"sequence":342.0,"type":"Auto"},{"bbcode":"Close! What a direct throw by Henriques and Bravo's just back","subtype":"BBCode","message":{"text":"<p>Close! What a direct throw by Henriques and Bravo's just back</p>"},"tags":[],"timestamp":1430590128000,"id":1183331,"time":"18:08","updateTime":1430590128446,"sequence":343.0,"type":"Manual"},{"bbcode":"B Kumar to R Jadeja. He picks up a single","thisOver":"1","progress":{"innings":2,"over":17,"ball":5},"subtype":"BBCode","countingProgress":{"innings":2,"over":16,"ball":5},"bowlerId":116,"nonfacingBatsmanId":25,"facingBatsmanId":9,"autoText":"B Kumar to R Jadeja. He picks up a single","message":{"text":null},"tags":[],"timestamp":1430594271000,"id":1183332,"time":"18:09","updateTime":1430590141318,"sequence":344.0,"type":"Auto"},{"bbcode":"B Kumar to DJ Bravo, no run. He doesn't offer a shot","thisOver":".","progress":{"innings":2,"over":17,"ball":6},"subtype":"BBCode","countingProgress":{"innings":2,"over":16,"ball":6},"bowlerId":116,"nonfacingBatsmanId":9,"facingBatsmanId":25,"autoText":"B Kumar to DJ Bravo, no run. He doesn't offer a shot","message":{"text":null},"tags":[],"timestamp":1430594271000,"id":1183333,"time":"18:09","updateTime":1430590176157,"sequence":345.0,"type":"Auto"},{"innings":2,"over":17,"overRuns":8,"overWickets":1,"inningsRuns":144,"inningsWickets":6,"inningsAllOut":false,"team":{"id":1,"fullName":"Chennai Super Kings","shortName":"Super Kings","abbreviation":"CSK","primaryColor":"FDB913","secondaryColor":"FFFFFF","type":"m"},"batsmanSummaries":[{"batsman":{"id":25,"fullName":"Dwayne Bravo","shortName":"DJ Bravo","nationality":"West Indian","rightHandedBat":false,"dateOfBirth":434332800000,"names":["Dwayne Bravo","DJ Bravo"]},"runs":12,"balls":12,"fours":1,"sixes":0},{"batsman":{"id":9,"fullName":"Ravindra Jadeja","shortName":"R Jadeja","nationality":"Indian","rightHandedBat":false,"dateOfBirth":597369600000,"names":["Ravindra Jadeja","R Jadeja"]},"runs":3,"balls":2,"fours":0,"sixes":0}],"activeBatsman":9,"bowlerSummary":{"bowler":{"id":116,"fullName":"Bhuvneshwar Kumar","shortName":"B Kumar","nationality":"Indian","rightHandedBat":false,"dateOfBirth":660355200000,"names":["Bhuvneshwar Kumar","B Kumar"]},"overs":"3","runs":23,"wickets":2,"maidens":1},"inningsBalls":102,"inningsMaxBalls":120,"inningsTarget":193,"message":{"text":null},"tags":[],"timestamp":1430590176000,"id":1183334,"time":"18:09","updateTime":1430590176310,"sequence":346.0,"type":"Eov"},{"bbcode":"Another terrific over for SRH, and with 49 required, the game's slipping away from CSK.","subtype":"BBCode","message":{"text":"<p>Another terrific over for SRH, and with 49 required, the game's slipping away from CSK.</p>"},"tags":[],"timestamp":1430590228000,"id":1183336,"time":"18:10","updateTime":1430590216839,"sequence":347.0,"type":"Manual"},{"bbcode":"T Boult to R Jadeja, %SPEED% full length just outside off stump. He picks up a single","thisOver":"1","progress":{"innings":2,"over":18,"ball":1},"speed":38.265534197586,"subtype":"BBCode","countingProgress":{"innings":2,"over":17,"ball":1},"bowlerId":969,"nonfacingBatsmanId":25,"facingBatsmanId":9,"autoText":"T Boult to R Jadeja, %SPEED% full length just outside off stump. He picks up a single","message":{"text":null},"tags":[],"timestamp":1430590350000,"id":1183338,"time":"18:10","updateTime":1430590256464,"sequence":348.0,"type":"Auto"},{"bbcode":"T Boult to DJ Bravo, %SPEED% full toss on leg stump. He picks up a single","thisOver":"1","progress":{"innings":2,"over":18,"ball":2},"speed":37.72910147519,"subtype":"BBCode","countingProgress":{"innings":2,"over":17,"ball":2},"bowlerId":969,"nonfacingBatsmanId":9,"facingBatsmanId":25,"autoText":"T Boult to DJ Bravo, %SPEED% full toss on leg stump. He picks up a single","message":{"text":null},"tags":[],"timestamp":1430590402000,"id":1183341,"time":"18:11","updateTime":1430590316322,"sequence":349.0,"type":"Auto"}]}