{"squadId":460,"totalVotes":6081,"players":[{"id":1,"voteCount":5666,"fullName":"MS Dhoni","shortName":"MS Dhoni"},{"id":202,"voteCount":5647,"fullName":"Brendon McCullum","shortName":"B McCullum"},{"id":14,"voteCount":5553,"fullName":"Suresh Raina","shortName":"S Raina"},{"id":25,"voteCount":5413,"fullName":"Dwayne Bravo","shortName":"DJ Bravo"},{"id":413,"voteCount":5191,"fullName":"Dwayne Smith","shortName":"DR Smith"},{"id":115,"voteCount":5043,"fullName":"Ashish Nehra","shortName":"A Nehra"},{"id":24,"voteCount":4989,"fullName":"Francois du Plessis","shortName":"F du Plessis"},{"id":1107,"voteCount":4758,"fullName":"Mohit Sharma","shortName":"M Sharma"},{"id":9,"voteCount":4715,"fullName":"Ravindra Jadeja","shortName":"R Jadeja"},{"id":8,"voteCount":3365,"fullName":"Ravichandran Ashwin","shortName":"R Ashwin"},{"id":53,"voteCount":3085,"fullName":"Pawan Negi","shortName":"P Negi"},{"id":1090,"voteCount":2707,"fullName":"Ishwar Pandey","shortName":"I Pandey"},{"id":49,"voteCount":2313,"fullName":"Irfan Pathan","shortName":"I Pathan"},{"id":277,"voteCount":1042,"fullName":"Ronit More","shortName":"R More"},{"id":20,"voteCount":812,"fullName":"Michael Hussey","shortName":"M Hussey"},{"id":126,"voteCount":648,"fullName":"Rahul Sharma","shortName":"R Sharma"},{"id":1084,"voteCount":326,"fullName":"Baba Aparajith","shortName":"B Aparajith"},{"id":124,"voteCount":270,"fullName":"Mithun Manhas","shortName":"M Manhas"},{"id":1105,"voteCount":243,"fullName":"Kyle Abbott","shortName":"K Abbott"},{"id":1505,"voteCount":210,"fullName":"Matt Henry","shortName":"M Henry"},{"id":2731,"voteCount":197,"fullName":"Pratyush Singh","shortName":"P Singh"},{"id":590,"voteCount":160,"fullName":"Samuel Badree","shortName":"S Badree"},{"id":1558,"voteCount":153,"fullName":"Ankush Bains","shortName":"A Bains"},{"id":118,"voteCount":132,"fullName":"Eklavya Dwivedi ","shortName":"E Dwivedi "},{"id":1480,"voteCount":89,"fullName":"Andrew Tye","shortName":"A Tye"}]}