{"squadId":467,"totalVotes":4339,"players":[{"id":170,"voteCount":4160,"fullName":"David Warner","shortName":"D Warner"},{"id":41,"voteCount":4043,"fullName":"Shikhar Dhawan","shortName":"S Dhawan"},{"id":116,"voteCount":3921,"fullName":"Bhuvneshwar Kumar","shortName":"B Kumar"},{"id":52,"voteCount":3907,"fullName":"Naman Ojha","shortName":"N Ojha"},{"id":1118,"voteCount":3533,"fullName":"Karn Sharma","shortName":"K Sharma"},{"id":969,"voteCount":3473,"fullName":"Trent Boult","shortName":"T Boult"},{"id":77,"voteCount":3433,"fullName":"Praveen Kumar","shortName":"P Kumar"},{"id":180,"voteCount":2830,"fullName":"Dale Steyn","shortName":"D Steyn"},{"id":34,"voteCount":2659,"fullName":"Ashish Reddy","shortName":"AA Reddy"},{"id":1125,"voteCount":2598,"fullName":"Lokesh Rahul","shortName":"L Rahul"},{"id":374,"voteCount":2134,"fullName":"Ravi Bopara","shortName":"R Bopara"},{"id":1117,"voteCount":1710,"fullName":"Hanuma Vihari","shortName":"H Vihari"},{"id":388,"voteCount":1296,"fullName":"Moises Henriques","shortName":"M Henriques"},{"id":38,"voteCount":1126,"fullName":"Ishant Sharma","shortName":"I Sharma"},{"id":440,"voteCount":1090,"fullName":"Kane Williamson","shortName":"K Williamson"},{"id":197,"voteCount":800,"fullName":"Eoin Morgan","shortName":"E Morgan"},{"id":1093,"voteCount":747,"fullName":"Parveez Rasool","shortName":"P Rasool"},{"id":172,"voteCount":660,"fullName":"Kevin Pietersen","shortName":"K Pietersen"},{"id":69,"voteCount":346,"fullName":"Bipul Sharma","shortName":"B Sharma"},{"id":1555,"voteCount":276,"fullName":"Ricky Bhui","shortName":"R Bhui"},{"id":1086,"voteCount":239,"fullName":"Siddarth Kaul","shortName":"S Kaul"},{"id":1122,"voteCount":178,"fullName":"Prasanth Padmanabhan","shortName":"P Padmanabhan"},{"id":1751,"voteCount":177,"fullName":"Chama Milind","shortName":"C Milind"}]}