{"matchInfo":{"description":"Match 34","matchType":"IPLT20","teams":[{"id":3725,"players":[{"names":["David Warner","D Warner"],"dateOfBirth":530755200000,"id":170,"fullName":"David Warner","shortName":"D Warner","nationality":"Australian"},{"names":["Shikhar Dhawan","S Dhawan"],"dateOfBirth":502588800000,"id":41,"fullName":"Shikhar Dhawan","shortName":"S Dhawan","nationality":"Indian"},{"names":["Naman Ojha","N Ojha"],"dateOfBirth":427507200000,"id":52,"fullName":"Naman Ojha","shortName":"N Ojha","nationality":"Indian"},{"names":["Hanuma Vihari","H Vihari"],"rightHandedBat":true,"dateOfBirth":750470400000,"id":1117,"fullName":"Hanuma Vihari","shortName":"H Vihari","nationality":"Indian"},{"names":["Eoin Morgan","E Morgan"],"dateOfBirth":526694400000,"id":197,"fullName":"Eoin Morgan","shortName":"E Morgan","nationality":"English"},{"names":["Moises Henriques","M Henriques"],"rightHandedBat":true,"dateOfBirth":539136000000,"id":388,"fullName":"Moises Henriques","shortName":"M Henriques","nationality":"Australian"},{"names":["Ashish Reddy","AA Reddy"],"dateOfBirth":351820800000,"id":34,"fullName":"Ashish Reddy","shortName":"AA Reddy","nationality":"Indian"},{"names":["Karn Sharma","K Sharma"],"dateOfBirth":561945600000,"id":1118,"fullName":"Karn Sharma","shortName":"K Sharma","nationality":"Indian"},{"names":["Bhuvneshwar Kumar","B Kumar"],"dateOfBirth":660355200000,"id":116,"fullName":"Bhuvneshwar Kumar","shortName":"B Kumar","nationality":"Indian"},{"names":["Praveen Kumar","P Kumar"],"dateOfBirth":528595200000,"id":77,"fullName":"Praveen Kumar","shortName":"P Kumar","nationality":"Indian"},{"names":["Trent Boult","T Boult"],"rightHandedBat":true,"dateOfBirth":617068800000,"id":969,"fullName":"Trent Boult","shortName":"T Boult","nationality":"New Zealander"}],"team":{"type":"m","fullName":"Sunrisers Hyderabad","shortName":"Sunrisers","abbreviation":"SRH","primaryColor":"FF9C00","secondaryColor":"FFFFFF","id":62},"wicketKeeper":{"names":["Naman Ojha","N Ojha"],"dateOfBirth":427507200000,"id":52,"fullName":"Naman Ojha","shortName":"N Ojha","nationality":"Indian"},"captain":{"names":["David Warner","D Warner"],"dateOfBirth":530755200000,"id":170,"fullName":"David Warner","shortName":"D Warner","nationality":"Australian"}},{"id":3724,"players":[{"names":["Dwayne Smith","DR Smith"],"dateOfBirth":418953600000,"id":413,"fullName":"Dwayne Smith","shortName":"DR Smith","nationality":"West Indian"},{"names":["Brendon McCullum","B McCullum"],"dateOfBirth":370396800000,"id":202,"fullName":"Brendon McCullum","shortName":"B McCullum","nationality":"New Zealander"},{"names":["Suresh Raina","S Raina"],"dateOfBirth":533433600000,"id":14,"fullName":"Suresh Raina","shortName":"S Raina","nationality":"Indian"},{"names":["Francois du Plessis","F du Plessis"],"dateOfBirth":458524800000,"id":24,"fullName":"Francois du Plessis","shortName":"F du Plessis","nationality":"South African"},{"names":["Dwayne Bravo","DJ Bravo"],"dateOfBirth":434332800000,"id":25,"fullName":"Dwayne Bravo","shortName":"DJ Bravo","nationality":"West Indian"},{"names":["MS Dhoni","MS Dhoni"],"dateOfBirth":363312000000,"id":1,"fullName":"MS Dhoni","shortName":"MS Dhoni","nationality":"Indian"},{"names":["Ravindra Jadeja","R Jadeja"],"dateOfBirth":597369600000,"id":9,"fullName":"Ravindra Jadeja","shortName":"R Jadeja","nationality":"Indian"},{"names":["Pawan Negi","P Negi"],"dateOfBirth":410659200000,"id":53,"fullName":"Pawan Negi","shortName":"P Negi","nationality":"Indian"},{"names":["Mohit Sharma","M Sharma"],"dateOfBirth":693100800000,"id":1107,"fullName":"Mohit Sharma","shortName":"M Sharma","nationality":"Indian"},{"names":["Ashish Nehra","A Nehra"],"dateOfBirth":294192000000,"id":115,"fullName":"Ashish Nehra","shortName":"A Nehra","nationality":"Indian"},{"names":["Ronit More","R More"],"dateOfBirth":697766400000,"id":277,"fullName":"Ronit More","shortName":"R More","nationality":"Indian"}],"team":{"type":"m","fullName":"Chennai Super Kings","shortName":"Super Kings","abbreviation":"CSK","primaryColor":"FDB913","secondaryColor":"FFFFFF","id":1},"wicketKeeper":{"names":["MS Dhoni","MS Dhoni"],"dateOfBirth":363312000000,"id":1,"fullName":"MS Dhoni","shortName":"MS Dhoni","nationality":"Indian"},"captain":{"names":["MS Dhoni","MS Dhoni"],"dateOfBirth":363312000000,"id":1,"fullName":"MS Dhoni","shortName":"MS Dhoni","nationality":"Indian"}}],"venue":{"id":10,"country":"India","fullName":"Rajiv Gandhi International Cricket Stadium","shortName":"RGI Stadium","city":"Hyderabad"},"matchDate":"2015-05-02T20:00:00+0530","battingOrder":[0,1],"additionalInfo":{"toss.elected":"Chennai Super Kings, who chose to field","match.video.id":"4211437537001","stats.link":"http://www.iplt20.com/news/2015/more-news/6476/quick-stats-m34-srh-vs-csk","match.summary":"","photostream.link":"http://www.iplt20.com/photos/282/ipl-2015-match-34-srh-v-csk","mom.video.id":"4211437546001","home.team.fan.total":"9463","notes.1.1":"Powerplay - 76 runs, 0 wickets","away.team.fan.total":"11096","notes.1.2":"SRH: 50 runs in 4.1 overs","umpire.name.3":"Marais Erasmus","notes.1.3":"1st Wicket: 50 runs in 26 balls (David Warner 42, Shikhar Dhawan 8)","umpire.name.4":"A Nanda Kishore","umpire.name.1":"Anil Chaudhary","notes.1.4":"David Warner: 50 off 20 balls (10 x fours, 1 x six)","umpire.name.2":"Krishnamachari Srinivasan","notes.1.5":"SRH: 100 runs in 9.1 overs","notes.1.6":"SRH: 150 runs in 15.4 overs","notes.1.7":"Innings Break: SRH - 192/7 in 20 overs","highlights.link":"http://www.iplt20.com/videos/media/id/4211437537001/m34-srh-vs-csk-match-highlights","result.playerofthematch":"David Warner","mom.video.thumb":"http://brightcove.vo.llnwd.net/v1/unsecured/media/3588749423001/201505/1741/3588749423001_4211606608001_video-still-for-video-4211437546001.jpg?pubId=3588749423001","interview.link":"http://www.iplt20.com/news/2015/features/6468/morgan-keen-to-make-it-count-in-orange","sixes.video.id":"4211437531001","interview.thumb":"http://static2.iplt20.com/cms/media/images/320x213/39956.jpg","referee.name":"Rajendra Jadeja","match.video.thumb":"http://brightcove.vo.llnwd.net/v1/unsecured/media/3588749423001/201505/2741/3588749423001_4211606597001_video-still-for-video-4211437537001.jpg?pubId=3588749423001","stats.thumb":"http://static2.iplt20.com/cms/media/images/320x213/39959.jpg","toss.winner":"Chennai Super Kings","sixes.video.thumb":"http://brightcove.vo.llnwd.net/v1/unsecured/media/3588749423001/201505/891/3588749423001_4211321547001_video-still-for-video-4211437531001.jpg?pubId=3588749423001","notes.2.3":"CSK: 100 runs in 11.1 overs","report.thumb":"http://static2.iplt20.com/cms/media/images/320x213/39949.jpg","notes.2.4":"CSK: 150 runs in 17.4 overs","notes.2.1":"Powerplay - 54 runs, 2 wickets","report.link":"http://www.iplt20.com/news/2015/match-reports/6457/report-m34-srh-vs-csk","notes.2.2":"CSK: 50 runs in 5.3 overs"},"oversLimit":20,"matchState":"C","isLimitedOvers":true,"matchStatus":{"text":"Sunrisers Hyderabad won by 22 runs","outcome":"A"},"matchSummary":"","tournamentLabel":"IPL 2015"},"matchId":{"tournamentId":{"name":"ipl2015","id":2785},"name":"ipl2015-34","id":3259,"parentId":{"name":"ipl2015","id":2785}},"innings":[{"inningsNumber":1,"scorecard":{"runs":192,"extras":{"noBallRuns":1,"wideRuns":3,"legByeRuns":1},"battingStats":[{"mod":{"text":"c Dwayne Smith b Suresh Raina","dismissedBp":{"over":9,"innings":1,"ball":1},"countingBp":{"over":9,"innings":1,"ball":1},"bowlerId":14,"additionalPlayerIds":[413],"dismissedMethod":"ct"},"playerId":170,"r":61,"b":28,"sr":"217.85","4s":11,"6s":1},{"mod":{"text":"run out (Ravindra Jadeja)","dismissedBp":{"over":13,"innings":1,"ball":6},"countingBp":{"over":13,"innings":1,"ball":6},"bowlerId":14,"additionalPlayerIds":[9],"dismissedMethod":"ro"},"playerId":41,"r":37,"b":32,"sr":"115.62","4s":4,"6s":0},{"mod":{"text":"st MS Dhoni b Pawan Negi","dismissedBp":{"over":10,"innings":1,"ball":6},"countingBp":{"over":10,"innings":1,"ball":6},"bowlerId":53,"additionalPlayerIds":[1],"dismissedMethod":"st"},"playerId":388,"r":19,"b":9,"sr":"211.11","4s":1,"6s":2},{"playerId":197,"r":32,"b":27,"sr":"118.51","4s":1,"6s":2},{"mod":{"text":"b Ashish Nehra","dismissedBp":{"over":17,"innings":1,"ball":1},"countingBp":{"over":17,"innings":1,"ball":1},"bowlerId":115,"dismissedMethod":"b"},"playerId":52,"r":20,"b":12,"sr":"166.66","4s":3,"6s":1},{"mod":{"text":"c MS Dhoni b Dwayne Bravo","dismissedBp":{"over":18,"innings":1,"ball":2},"countingBp":{"over":18,"innings":1,"ball":2},"bowlerId":25,"additionalPlayerIds":[1],"dismissedMethod":"ct"},"playerId":34,"r":6,"b":6,"sr":"100.00","4s":1,"6s":0},{"mod":{"text":"c sub (Baba Aparajith) b Dwayne Bravo","dismissedBp":{"over":20,"innings":1,"ball":4},"countingBp":{"over":20,"innings":1,"ball":4},"bowlerId":25,"dismissedMethod":"ct"},"playerId":1117,"r":8,"b":5,"sr":"160.00","4s":1,"6s":0},{"mod":{"text":"c Ravindra Jadeja b Dwayne Bravo","dismissedBp":{"over":20,"innings":1,"ball":6},"countingBp":{"over":20,"innings":1,"ball":6},"bowlerId":25,"additionalPlayerIds":[9],"dismissedMethod":"ct"},"playerId":1118,"r":4,"b":2,"sr":"200.00","4s":1,"6s":0}],"bowlingStats":[{"playerId":1107,"r":58,"w":0,"ov":"4","e":"14.50","nb":1,"d":4,"maid":0,"wd":0},{"playerId":115,"r":31,"w":1,"ov":"4","e":"7.75","nb":0,"d":9,"maid":0,"wd":0},{"playerId":277,"r":28,"w":0,"ov":"2","e":"14.00","nb":0,"d":2,"maid":0,"wd":1},{"playerId":14,"r":29,"w":1,"ov":"4","e":"7.25","nb":0,"d":10,"maid":0,"wd":2},{"playerId":25,"r":25,"w":3,"ov":"4","e":"6.25","nb":0,"d":11,"maid":0,"wd":0},{"playerId":53,"r":20,"w":1,"ov":"2","e":"10.00","nb":0,"d":3,"maid":0,"wd":0}],"wkts":7,"fow":[{"bp":{"over":9,"innings":1,"ball":1},"playerId":170,"r":86,"w":1},{"bp":{"over":10,"innings":1,"ball":6},"playerId":388,"r":107,"w":2},{"bp":{"over":13,"innings":1,"ball":6},"playerId":41,"r":131,"w":3},{"bp":{"over":17,"innings":1,"ball":1},"playerId":52,"r":156,"w":4},{"bp":{"over":18,"innings":1,"ball":2},"playerId":34,"r":163,"w":5},{"bp":{"over":20,"innings":1,"ball":4},"playerId":1117,"r":188,"w":6},{"bp":{"over":20,"innings":1,"ball":6},"playerId":1118,"r":192,"w":7}]},"overProgress":"20","runRate":"9.60","overHistory":[{"ovNo":1,"ovBalls":["4",".","1",".","1","4"]},{"ovNo":2,"ovBalls":["1","1",".",".",".","1"]},{"ovNo":3,"ovBalls":["1","4","7Nb","1","1","4","4"]},{"ovNo":4,"ovBalls":["3",".","4","4",".","1"]},{"ovNo":5,"ovBalls":["4","1","4","1","4","1"]},{"ovNo":6,"ovBalls":["4","4","1","2","1Lb","2"]},{"ovNo":7,"ovBalls":[".",".","1","1","1Wd","1","."]},{"ovNo":8,"ovBalls":[".","4",".","1",".","1"]},{"ovNo":9,"ovBalls":["W","6",".","6",".","1"]},{"ovNo":10,"ovBalls":["1","1","4","1","1","W"]},{"ovNo":11,"ovBalls":["1","1","1Wd","4","1",".","1"]},{"ovNo":12,"ovBalls":[".","1","4",".","1","6"]},{"ovNo":13,"ovBalls":["1",".",".",".","1","1W"]},{"ovNo":14,"ovBalls":[".","1",".",".",".","."]},{"ovNo":15,"ovBalls":["1","4","4","1",".","1"]},{"ovNo":16,"ovBalls":["1","4","1Wd",".","6","1","."]},{"ovNo":17,"ovBalls":["W",".",".","1","1","1"]},{"ovNo":18,"ovBalls":["4","W","1","1","1","4"]},{"ovNo":19,"ovBalls":["6","2","4",".","1","2"]},{"ovNo":20,"ovBalls":["1","1","1","W","4","W"]}]},{"inningsNumber":2,"scorecard":{"runs":170,"extras":{"wideRuns":4,"legByeRuns":3},"battingStats":[{"mod":{"text":"c Hanuma Vihari b Moises Henriques","dismissedBp":{"over":6,"innings":2,"ball":1},"countingBp":{"over":6,"innings":2,"ball":1},"bowlerId":388,"additionalPlayerIds":[1117],"dismissedMethod":"ct"},"playerId":413,"r":21,"b":19,"sr":"110.52","4s":3,"6s":1},{"mod":{"text":"b Bhuvneshwar Kumar","dismissedBp":{"over":2,"innings":2,"ball":5},"countingBp":{"over":2,"innings":2,"ball":5},"bowlerId":116,"dismissedMethod":"b"},"playerId":202,"r":12,"b":5,"sr":"240.00","4s":3,"6s":0},{"mod":{"text":"c Eoin Morgan b Moises Henriques","dismissedBp":{"over":8,"innings":2,"ball":5},"countingBp":{"over":8,"innings":2,"ball":4},"bowlerId":388,"additionalPlayerIds":[197],"dismissedMethod":"ct"},"playerId":14,"r":23,"b":15,"sr":"153.33","4s":0,"6s":3},{"mod":{"text":"run out (Ashish Reddy)","dismissedBp":{"over":13,"innings":2,"ball":4},"countingBp":{"over":13,"innings":2,"ball":4},"bowlerId":34,"additionalPlayerIds":[34],"dismissedMethod":"ro"},"playerId":24,"r":33,"b":22,"sr":"150.00","4s":4,"6s":0},{"mod":{"text":"b Ashish Reddy","dismissedBp":{"over":13,"innings":2,"ball":5},"countingBp":{"over":13,"innings":2,"ball":5},"bowlerId":34,"dismissedMethod":"b"},"playerId":1,"r":20,"b":16,"sr":"125.00","4s":2,"6s":0},{"mod":{"text":"b Bhuvneshwar Kumar","dismissedBp":{"over":17,"innings":2,"ball":3},"countingBp":{"over":17,"innings":2,"ball":3},"bowlerId":116,"dismissedMethod":"b"},"playerId":53,"r":15,"b":11,"sr":"136.36","4s":1,"6s":1},{"playerId":25,"r":25,"b":20,"sr":"125.00","4s":3,"6s":0},{"playerId":9,"r":14,"b":12,"sr":"116.66","4s":0,"6s":0}],"bowlingStats":[{"playerId":969,"r":44,"w":0,"ov":"4","e":"11.00","nb":0,"d":6,"maid":0,"wd":0},{"playerId":116,"r":32,"w":2,"ov":"4","e":"8.00","nb":0,"d":10,"maid":1,"wd":1},{"playerId":77,"r":33,"w":0,"ov":"4","e":"8.25","nb":0,"d":5,"maid":0,"wd":2},{"playerId":388,"r":20,"w":2,"ov":"4","e":"5.00","nb":0,"d":12,"maid":0,"wd":1},{"playerId":1118,"r":19,"w":0,"ov":"2","e":"9.50","nb":0,"d":2,"maid":0,"wd":0},{"playerId":34,"r":19,"w":1,"ov":"2","e":"9.50","nb":0,"d":2,"maid":0,"wd":0}],"wkts":6,"fow":[{"bp":{"over":2,"innings":2,"ball":5},"playerId":202,"r":14,"w":1},{"bp":{"over":6,"innings":2,"ball":1},"playerId":413,"r":48,"w":2},{"bp":{"over":8,"innings":2,"ball":4},"playerId":14,"r":68,"w":3},{"bp":{"over":13,"innings":2,"ball":4},"playerId":24,"r":114,"w":4},{"bp":{"over":13,"innings":2,"ball":5},"playerId":1,"r":114,"w":5},{"bp":{"over":17,"innings":2,"ball":3},"playerId":53,"r":141,"w":6}]},"overProgress":"20","runRate":"8.50","overHistory":[{"ovNo":1,"ovBalls":[".",".","1","4","4","4"]},{"ovNo":2,"ovBalls":[".",".","1Lb",".","W","."]},{"ovNo":3,"ovBalls":[".","4",".",".",".","4"]},{"ovNo":4,"ovBalls":["6",".","1","1Wd","6","1","."]},{"ovNo":5,"ovBalls":[".","4",".","1",".","6"]},{"ovNo":6,"ovBalls":["W",".","4","1",".","1"]},{"ovNo":7,"ovBalls":["1","1","1","1","6","."]},{"ovNo":8,"ovBalls":["1Wd","1","1","1","W","2","1"]},{"ovNo":9,"ovBalls":["1Lb","2","1","4","1","1"]},{"ovNo":10,"ovBalls":["4","1",".","1",".","."]},{"ovNo":11,"ovBalls":["4","1","4","1","1","1"]},{"ovNo":12,"ovBalls":["1","1","1","1","1Wd","2","4"]},{"ovNo":13,"ovBalls":["2","1","1","W","W","1"]},{"ovNo":14,"ovBalls":[".",".","1",".",".","."]},{"ovNo":15,"ovBalls":["1","1","1","6","4","1"]},{"ovNo":16,"ovBalls":["1","1","1","1","1","1"]},{"ovNo":17,"ovBalls":["4","1","W","2","1","."]},{"ovNo":18,"ovBalls":["1","1","2","2","1","4"]},{"ovNo":19,"ovBalls":["1","1","1","1","1","4"]},{"ovNo":20,"ovBalls":["1Lb","1Wd","1","1","1","1","."]}]}],"currentState":{"phase":"C","facingBatsman":9,"nonFacingBatsman":25,"currentInningsIndex":1,"currentPartnership":29,"currentBowler":-1,"currentBatsmen":[25,9],"recentOvers":[{"ovNo":15,"ovBalls":["1","1","1","6","4","1"]},{"ovNo":16,"ovBalls":["1","1","1","1","1","1"]},{"ovNo":17,"ovBalls":["4","1","W","2","1","."]},{"ovNo":18,"ovBalls":["1","1","2","2","1","4"]},{"ovNo":19,"ovBalls":["1","1","1","1","1","4"]},{"ovNo":20,"ovBalls":["1Lb","1Wd","1","1","1","1","."]}]}}