{"squadId":461,"totalVotes":4905,"players":[{"id":187,"voteCount":4287,"fullName":"David Miller","shortName":"D Miller"},{"id":1113,"voteCount":4179,"fullName":"Axar Patel","shortName":"A Patel"},{"id":1112,"voteCount":4145,"fullName":"Sandeep Sharma","shortName":"Sandeep Sharma"},{"id":16,"voteCount":4132,"fullName":"Wriddhiman Saha","shortName":"W Saha"},{"id":19,"voteCount":4016,"fullName":"George Bailey","shortName":"G Bailey"},{"id":7,"voteCount":3916,"fullName":"Murali Vijay","shortName":"M Vijay"},{"id":282,"voteCount":3768,"fullName":"Glenn Maxwell","shortName":"G Maxwell"},{"id":45,"voteCount":3764,"fullName":"Virender Sehwag","shortName":"V Sehwag"},{"id":412,"voteCount":3657,"fullName":"Anureet Singh","shortName":"Anureet Singh"},{"id":213,"voteCount":3397,"fullName":"Mitchell Johnson","shortName":"M Johnson"},{"id":1085,"voteCount":2907,"fullName":"Manan Vohra","shortName":"M Vohra"},{"id":1088,"voteCount":1883,"fullName":"Rishi Dhawan","shortName":"R Dhawan"},{"id":191,"voteCount":1787,"fullName":"Shaun Marsh","shortName":"S Marsh"},{"id":254,"voteCount":1078,"fullName":"Parvinder Awana","shortName":"P Awana"},{"id":1743,"voteCount":904,"fullName":"Karanveer Singh","shortName":"K Singh"},{"id":215,"voteCount":549,"fullName":"Thisara Perera","shortName":"T Perera"},{"id":1752,"voteCount":492,"fullName":"Beuran Hendricks","shortName":"B Hendricks"},{"id":1744,"voteCount":403,"fullName":"Shivam Sharma","shortName":"Shivam Sharma"},{"id":253,"voteCount":366,"fullName":"Gurkeerat Mann Singh","shortName":"GM Singh"},{"id":1745,"voteCount":347,"fullName":"Shardul Thakur","shortName":"S Thakur"},{"id":2732,"voteCount":251,"fullName":"Nikhil Naik","shortName":"N Naik"},{"id":2733,"voteCount":154,"fullName":"Yogesh Golwalkar","shortName":"Y Golwalkar"}]}