{"matchInfo":{"description":"Match 40","matchType":"IPLT20","teams":[{"id":3739,"players":[{"names":["Chris Gayle","C Gayle"],"dateOfBirth":306720000000,"id":236,"fullName":"Chris Gayle","shortName":"C Gayle","nationality":"West Indian"},{"names":["Virat Kohli","V Kohli"],"dateOfBirth":594691200000,"id":164,"fullName":"Virat Kohli","shortName":"V Kohli","nationality":"Indian"},{"names":["AB de Villiers","AB de Villiers"],"dateOfBirth":445824000000,"id":233,"fullName":"AB de Villiers","shortName":"AB de Villiers","nationality":"South African"},{"names":["Mandeep Singh","M Singh"],"dateOfBirth":693014400000,"id":72,"fullName":"Mandeep Singh","shortName":"M Singh","nationality":"Indian"},{"names":["Dinesh Karthik","D Karthik"],"rightHandedBat":true,"dateOfBirth":486432000000,"id":102,"fullName":"Dinesh Karthik","shortName":"D Karthik","nationality":"Indian"},{"names":["Sarfaraz Khan","S Khan"],"rightHandedBat":true,"dateOfBirth":877478400000,"id":1564,"fullName":"Sarfaraz Khan","shortName":"S Khan","nationality":"Indian"},{"names":["David Wiese","D Wiese"],"rightHandedBat":true,"dateOfBirth":485222400000,"id":869,"fullName":"David Wiese","shortName":"D Wiese","nationality":"South African"},{"names":["Mitchell Starc","M Starc"],"rightHandedBat":true,"dateOfBirth":633657600000,"id":490,"fullName":"Mitchell Starc","shortName":"M Starc","nationality":"Australian"},{"names":["Harshal Patel","H Patel"],"dateOfBirth":659318400000,"id":157,"fullName":"Harshal Patel","shortName":"H Patel","nationality":"Indian"},{"names":["Yuzvendra Chahal","Y Chahal"],"rightHandedBat":true,"dateOfBirth":1330300800000,"id":111,"fullName":"Yuzvendra Chahal","shortName":"Y Chahal","nationality":"Indian"},{"names":["Sreenath Arvind","S Arvind"],"dateOfBirth":450230400000,"id":162,"fullName":"Sreenath Arvind","shortName":"S Arvind","nationality":"Indian"}],"team":{"type":"m","fullName":"Royal Challengers Bangalore","shortName":"Challengers","abbreviation":"RCB","primaryColor":"F1901D","secondaryColor":"FFFFFF","id":9},"wicketKeeper":{"names":["Dinesh Karthik","D Karthik"],"rightHandedBat":true,"dateOfBirth":486432000000,"id":102,"fullName":"Dinesh Karthik","shortName":"D Karthik","nationality":"Indian"},"captain":{"names":["Virat Kohli","V Kohli"],"dateOfBirth":594691200000,"id":164,"fullName":"Virat Kohli","shortName":"V Kohli","nationality":"Indian"}},{"id":3738,"players":[{"names":["Murali Vijay","M Vijay"],"dateOfBirth":449625600000,"id":7,"fullName":"Murali Vijay","shortName":"M Vijay","nationality":"Indian"},{"names":["Manan Vohra","M Vohra"],"rightHandedBat":true,"dateOfBirth":742953600000,"id":1085,"fullName":"Manan Vohra","shortName":"M Vohra","nationality":"Indian"},{"names":["Glenn Maxwell","G Maxwell"],"dateOfBirth":592790400000,"id":282,"fullName":"Glenn Maxwell","shortName":"G Maxwell","nationality":"Australian"},{"names":["David Miller","D Miller"],"dateOfBirth":613440000000,"id":187,"fullName":"David Miller","shortName":"D Miller","nationality":"South African"},{"names":["George Bailey","G Bailey"],"dateOfBirth":400204800000,"id":19,"fullName":"George Bailey","shortName":"G Bailey","nationality":"Australian"},{"names":["Wriddhiman Saha","W Saha"],"dateOfBirth":467424000000,"id":16,"fullName":"Wriddhiman Saha","shortName":"W Saha","nationality":"Indian"},{"names":["Axar Patel","A Patel"],"dateOfBirth":759024000000,"id":1113,"fullName":"Axar Patel","shortName":"A Patel","nationality":"Indian"},{"names":["Mitchell Johnson","M Johnson"],"rightHandedBat":true,"dateOfBirth":373507200000,"id":213,"fullName":"Mitchell Johnson","shortName":"M Johnson","nationality":"Australian"},{"names":["Anureet Singh","Anureet Singh"],"rightHandedBat":true,"dateOfBirth":383529600000,"id":412,"fullName":"Anureet Singh","shortName":"Anureet Singh","nationality":"Indian"},{"names":["Sandeep Sharma","Sandeep Sharma"],"rightHandedBat":true,"dateOfBirth":737683200000,"id":1112,"fullName":"Sandeep Sharma","shortName":"Sandeep Sharma","nationality":"Indian"},{"names":["Karanveer Singh","K Singh"],"rightHandedBat":true,"dateOfBirth":563328000000,"id":1743,"fullName":"Karanveer Singh","shortName":"K Singh","nationality":"Indian"}],"team":{"type":"m","fullName":"Kings XI Punjab","shortName":"Kings XI","abbreviation":"KXIP","primaryColor":"DA1F3D","secondaryColor":"FFFFFF","id":4},"wicketKeeper":{"names":["Wriddhiman Saha","W Saha"],"dateOfBirth":467424000000,"id":16,"fullName":"Wriddhiman Saha","shortName":"W Saha","nationality":"Indian"},"captain":{"names":["George Bailey","G Bailey"],"dateOfBirth":400204800000,"id":19,"fullName":"George Bailey","shortName":"G Bailey","nationality":"Australian"}}],"venue":{"id":5,"country":"India","fullName":"M. Chinnaswamy Stadium","shortName":"Chinnaswamy","city":"Bengaluru"},"matchDate":"2015-05-06T20:00:00+0530","battingOrder":[0,1],"additionalInfo":{"toss.elected":"Kings XI Punjab, who chose to field","match.video.id":"4221067751001","stats.link":"http://www.iplt20.com/news/2015/more-news/6586/quick-stats-m40-rcb-vs-kxip","match.summary":"","photostream.link":"http://www.iplt20.com/photos/288/ipl-2015-match-40-rcb-v-kxip","mom.video.id":"4221067792001","home.team.fan.total":"9442","notes.1.1":"Powerplay - 68 runs, 0 wickets","notes.1.2":"RCB: 50 runs in 3.6 overs","away.team.fan.total":"6711","umpire.name.3":"S Ravi","notes.1.3":"1st Wicket: 50 runs in 25 balls (Chris Gayle 42, Virat Kohli 8)","umpire.name.4":"Rajesh Deshpande","umpire.name.1":"Richard Illingworth","notes.1.4":"Chris Gayle: 50 off 22 balls (4 x fours, 5 x sixes)","umpire.name.2":"Vineet Kulkarni","notes.1.5":"RCB: 100 runs in 9.3 overs","notes.1.6":"1st Wicket: 100 runs in 58 balls (Chris Gayle 66, Virat Kohli 31)","notes.1.7":"Chris Gayle: 100 off 46 balls (5 x fours, 11 x sixes)","notes.1.8":"RCB: 150 runs in 14.2 overs","notes.1.9":"2nd Wicket: 50 runs in 22 balls (Chris Gayle 25, AB de Villiers 25)","highlights.link":"http://www.iplt20.com/videos/media/id/4221067751001/m40-rcb-vs-kxip-match-highlights","result.playerofthematch":"Chris Gayle","mom.video.thumb":"http://brightcove.vo.llnwd.net/v1/unsecured/media/3588749423001/201505/1981/3588749423001_4221118075001_video-still-for-video-4221067792001.jpg?pubId=3588749423001","interview.link":"http://www.iplt20.com/news/2015/features/6580/gayle-reflects-on-the-storm-he-brewed","notes.1.10":"RCB: 200 runs in 17.5 overs","sixes.video.id":"4220704954001","interview.thumb":"http://static2.iplt20.com/cms/media/images/320x213/41048.jpg","referee.name":"Ranjan Madugalle","notes.1.11":"Innings Break: Royal Challengers Bangalore - 226/3 in 20 overs","match.video.thumb":"http://brightcove.vo.llnwd.net/v1/unsecured/media/3588749423001/201505/251/3588749423001_4221118050001_video-still-for-video-4221067751001.jpg?pubId=3588749423001","stats.thumb":"http://static2.iplt20.com/cms/media/images/320x213/41057.jpg","toss.winner":"Kings XI Punjab","sixes.video.thumb":"http://brightcove.vo.llnwd.net/v1/unsecured/media/3588749423001/201505/1157/3588749423001_4220927422001_video-still-for-video-4220704954001.jpg?pubId=3588749423001","report.thumb":"http://static2.iplt20.com/cms/media/images/320x213/41034.jpg","notes.2.1":"Powerplay - 34 runs, 5 wickets","notes.2.2":"KXIP: 50 runs in 8.5 overs","report.link":"http://www.iplt20.com/news/2015/match-reports/6571/report-m40-rcb-vs-kxip"},"oversLimit":20,"matchState":"C","isLimitedOvers":true,"matchStatus":{"text":"Royal Challengers Bangalore won by 138 runs","outcome":"A"},"matchSummary":"","tournamentLabel":"IPL 2015"},"matchId":{"tournamentId":{"name":"ipl2015","id":2785},"name":"ipl2015-40","id":3265,"parentId":{"name":"ipl2015","id":2785}},"innings":[{"inningsNumber":1,"scorecard":{"runs":226,"extras":{"noBallRuns":1,"wideRuns":7,"legByeRuns":3},"battingStats":[{"mod":{"text":"c & b Axar Patel","dismissedBp":{"over":17,"innings":1,"ball":7},"countingBp":{"over":17,"innings":1,"ball":6},"bowlerId":1113,"additionalPlayerIds":[1113],"dismissedMethod":"ct"},"playerId":236,"r":117,"b":57,"sr":"205.26","4s":7,"6s":12},{"mod":{"text":"b Sandeep Sharma","dismissedBp":{"over":12,"innings":1,"ball":2},"countingBp":{"over":12,"innings":1,"ball":2},"bowlerId":1112,"dismissedMethod":"b"},"playerId":164,"r":32,"b":30,"sr":"106.66","4s":3,"6s":1},{"playerId":233,"r":47,"b":24,"sr":"195.83","4s":3,"6s":4},{"mod":{"text":"b Sandeep Sharma","dismissedBp":{"over":18,"innings":1,"ball":4},"countingBp":{"over":18,"innings":1,"ball":4},"bowlerId":1112,"dismissedMethod":"b"},"playerId":102,"r":8,"b":3,"sr":"266.66","4s":0,"6s":1},{"playerId":1564,"r":11,"b":7,"sr":"157.14","4s":1,"6s":0}],"bowlingStats":[{"playerId":1112,"r":41,"w":2,"ov":"4","e":"10.25","nb":1,"d":8,"maid":0,"wd":0},{"playerId":213,"r":43,"w":0,"ov":"4","e":"10.75","nb":0,"d":11,"maid":0,"wd":2},{"playerId":412,"r":25,"w":0,"ov":"4","e":"6.25","nb":0,"d":8,"maid":0,"wd":0},{"playerId":282,"r":23,"w":0,"ov":"2","e":"11.50","nb":0,"d":3,"maid":0,"wd":1},{"playerId":1113,"r":50,"w":1,"ov":"4","e":"12.50","nb":0,"d":10,"maid":0,"wd":2},{"playerId":1743,"r":41,"w":0,"ov":"2","e":"20.50","nb":0,"d":1,"maid":0,"wd":2}],"wkts":3,"fow":[{"bp":{"over":12,"innings":1,"ball":2},"playerId":164,"r":119,"w":1},{"bp":{"over":17,"innings":1,"ball":6},"playerId":236,"r":190,"w":2},{"bp":{"over":18,"innings":1,"ball":4},"playerId":102,"r":199,"w":3}]},"overProgress":"20","runRate":"11.30","overHistory":[{"ovNo":1,"ovBalls":[".",".",".",".","1","."]},{"ovNo":2,"ovBalls":["4",".","6","6","4","."]},{"ovNo":3,"ovBalls":["1","6","4","2Nb","1","6","4"]},{"ovNo":4,"ovBalls":[".",".",".",".","4","2"]},{"ovNo":5,"ovBalls":["1Lb","4",".","1",".","1"]},{"ovNo":6,"ovBalls":["1Wd","6",".","1",".",".","1Wd","1"]},{"ovNo":7,"ovBalls":["1","1",".","1",".","."]},{"ovNo":8,"ovBalls":["4","1",".","1","1","1"]},{"ovNo":9,"ovBalls":["1",".","6","1","1Lb","1"]},{"ovNo":10,"ovBalls":["1","6","6","1Wd",".",".","1"]},{"ovNo":11,"ovBalls":["1Wd","6",".","1",".","1","6"]},{"ovNo":12,"ovBalls":[".","W","1","1","1","1"]},{"ovNo":13,"ovBalls":["1Wd","1","1","1Wd","1","1","6","6"]},{"ovNo":14,"ovBalls":["1","4",".","1",".","1"]},{"ovNo":15,"ovBalls":[".","6","6","6","1","4"]},{"ovNo":16,"ovBalls":["4","1","1",".","1","1"]},{"ovNo":17,"ovBalls":["1Wd","4","6",".",".",".","W"]},{"ovNo":18,"ovBalls":["1","2","6","W","2","1"]},{"ovNo":19,"ovBalls":["1",".","6",".","4","4"]},{"ovNo":20,"ovBalls":["1","1","4","1","1Lb","1"]}]},{"inningsNumber":2,"scorecard":{"runs":88,"extras":{"wideRuns":4,"legByeRuns":5},"battingStats":[{"mod":{"text":"b Harshal Patel","dismissedBp":{"over":3,"innings":2,"ball":2},"countingBp":{"over":3,"innings":2,"ball":2},"bowlerId":157,"dismissedMethod":"b"},"playerId":7,"r":2,"b":6,"sr":"33.33","4s":0,"6s":0},{"mod":{"text":"c David Wiese b Mitchell Starc","dismissedBp":{"over":1,"innings":2,"ball":5},"countingBp":{"over":1,"innings":2,"ball":4},"bowlerId":490,"additionalPlayerIds":[869],"dismissedMethod":"ct"},"playerId":1085,"r":2,"b":3,"sr":"66.66","4s":0,"6s":0},{"mod":{"text":"c Virat Kohli b Sreenath Arvind","dismissedBp":{"over":6,"innings":2,"ball":4},"countingBp":{"over":6,"innings":2,"ball":4},"bowlerId":162,"additionalPlayerIds":[164],"dismissedMethod":"ct"},"playerId":16,"r":13,"b":11,"sr":"118.18","4s":1,"6s":1},{"mod":{"text":"b Sreenath Arvind","dismissedBp":{"over":4,"innings":2,"ball":1},"countingBp":{"over":4,"innings":2,"ball":1},"bowlerId":162,"dismissedMethod":"b"},"playerId":282,"r":1,"b":5,"sr":"20.00","4s":0,"6s":0},{"mod":{"text":"b Sreenath Arvind","dismissedBp":{"over":6,"innings":2,"ball":6},"countingBp":{"over":6,"innings":2,"ball":6},"bowlerId":162,"dismissedMethod":"b"},"playerId":187,"r":7,"b":10,"sr":"70.00","4s":1,"6s":0},{"mod":{"text":"b Sreenath Arvind","dismissedBp":{"over":8,"innings":2,"ball":1},"countingBp":{"over":8,"innings":2,"ball":1},"bowlerId":162,"dismissedMethod":"b"},"playerId":19,"r":2,"b":4,"sr":"50.00","4s":0,"6s":0},{"playerId":1113,"r":40,"b":21,"sr":"190.47","4s":5,"6s":2},{"mod":{"text":"b Mitchell Starc","dismissedBp":{"over":9,"innings":2,"ball":3},"countingBp":{"over":9,"innings":2,"ball":2},"bowlerId":490,"dismissedMethod":"b"},"playerId":213,"r":1,"b":4,"sr":"25.00","4s":0,"6s":0},{"mod":{"text":"b Mitchell Starc","dismissedBp":{"over":9,"innings":2,"ball":5},"countingBp":{"over":9,"innings":2,"ball":4},"bowlerId":490,"dismissedMethod":"b"},"playerId":412,"r":0,"b":2,"sr":"0.00","4s":0,"6s":0},{"mod":{"text":"b Mitchell Starc","dismissedBp":{"over":11,"innings":2,"ball":4},"countingBp":{"over":11,"innings":2,"ball":4},"bowlerId":490,"dismissedMethod":"b"},"playerId":1743,"r":4,"b":7,"sr":"57.14","4s":0,"6s":0},{"mod":{"text":"c & b Yuzvendra Chahal","dismissedBp":{"over":14,"innings":2,"ball":4},"countingBp":{"over":14,"innings":2,"ball":4},"bowlerId":111,"additionalPlayerIds":[111],"dismissedMethod":"ct"},"playerId":1112,"r":7,"b":9,"sr":"77.77","4s":1,"6s":0}],"bowlingStats":[{"playerId":490,"r":15,"w":4,"ov":"4","e":"3.75","nb":0,"d":15,"maid":0,"wd":2},{"playerId":162,"r":27,"w":4,"ov":"4","e":"6.75","nb":0,"d":14,"maid":0,"wd":0},{"playerId":157,"r":13,"w":1,"ov":"2","e":"6.50","nb":0,"d":7,"maid":0,"wd":0},{"playerId":111,"r":24,"w":1,"ov":"2.4","e":"9.00","nb":0,"d":7,"maid":0,"wd":0},{"playerId":869,"r":4,"w":0,"ov":"1","e":"4.00","nb":0,"d":2,"maid":0,"wd":0}],"allOut":true,"wkts":10,"fow":[{"bp":{"over":1,"innings":2,"ball":4},"playerId":1085,"r":6,"w":1},{"bp":{"over":3,"innings":2,"ball":2},"playerId":7,"r":19,"w":2},{"bp":{"over":4,"innings":2,"ball":1},"playerId":282,"r":20,"w":3},{"bp":{"over":6,"innings":2,"ball":4},"playerId":16,"r":33,"w":4},{"bp":{"over":6,"innings":2,"ball":6},"playerId":187,"r":34,"w":5},{"bp":{"over":8,"innings":2,"ball":1},"playerId":19,"r":39,"w":6},{"bp":{"over":9,"innings":2,"ball":2},"playerId":213,"r":49,"w":7},{"bp":{"over":9,"innings":2,"ball":4},"playerId":412,"r":49,"w":8},{"bp":{"over":11,"innings":2,"ball":4},"playerId":1743,"r":65,"w":9},{"bp":{"over":14,"innings":2,"ball":4},"playerId":1112,"r":88,"w":10}]},"overProgress":"13.4","runRate":"6.43","overHistory":[{"ovNo":1,"ovBalls":["1","3Wd","2",".","W",".","5Lb"]},{"ovNo":2,"ovBalls":[".","6","1",".",".","1"]},{"ovNo":3,"ovBalls":[".","W",".",".",".","1"]},{"ovNo":4,"ovBalls":["W",".",".",".","4","1"]},{"ovNo":5,"ovBalls":["1","1",".","1","1","."]},{"ovNo":6,"ovBalls":[".","4",".","W","1","W"]},{"ovNo":7,"ovBalls":[".","1","4",".",".","."]},{"ovNo":8,"ovBalls":["W",".","1",".","4","4"]},{"ovNo":9,"ovBalls":[".","1Wd","W",".","W","2","."]},{"ovNo":10,"ovBalls":[".","1",".","1","6","4"]},{"ovNo":11,"ovBalls":["1","1",".","W",".","."]},{"ovNo":12,"ovBalls":["2",".","4",".","6","1"]},{"ovNo":13,"ovBalls":["1",".",".","1","1","1"]},{"ovNo":14,"ovBalls":["4","1","1","W"]}]}],"currentState":{"phase":"C","facingBatsman":-1,"nonFacingBatsman":1113,"currentInningsIndex":1,"currentPartnership":23,"currentBowler":111,"currentBatsmen":[1113,-1],"recentOvers":[{"ovNo":9,"ovBalls":[".","1Wd","W",".","W","2","."]},{"ovNo":10,"ovBalls":[".","1",".","1","6","4"]},{"ovNo":11,"ovBalls":["1","1",".","W",".","."]},{"ovNo":12,"ovBalls":["2",".","4",".","6","1"]},{"ovNo":13,"ovBalls":["1",".",".","1","1","1"]},{"ovNo":14,"ovBalls":["4","1","1","W"]}]}}