{"fragment":7,"updateTime":1431021084000,"matchId":{"id":3267,"name":"ipl2015-42 - KKR vs. DD","matchIdName":"ipl2015-42"},"commentaries":[{"bbcode":"J Botha to JP Duminy. He hits a nice boundary","thisOver":"4","progress":{"innings":2,"over":12,"ball":6},"subtype":"BBCode","countingProgress":{"innings":2,"over":11,"ball":6},"bowlerId":224,"nonfacingBatsmanId":297,"facingBatsmanId":182,"autoText":"J Botha to JP Duminy. He hits a nice boundary","message":{"text":null},"tags":["four"],"timestamp":1431019255000,"id":1189409,"time":"17:18","updateTime":1431019114389,"sequence":300.5,"type":"Auto"},{"bbcode":"Four! Botha turns away in frustration as Duminy catches one right off the toe that goes through Uthappa's legs behind the stumps!","subtype":"BBCode","message":{"text":"<p>Four! Botha turns away in frustration as Duminy catches one right off the toe that goes through Uthappa's legs behind the stumps!</p>"},"tags":[],"timestamp":1431019143000,"id":1189411,"time":"17:19","updateTime":1431019140264,"sequence":301.0,"type":"Manual"},{"innings":2,"over":12,"overRuns":14,"overWickets":0,"inningsRuns":85,"inningsWickets":2,"inningsAllOut":false,"team":{"id":3,"fullName":"Delhi Daredevils","shortName":"Daredevils","abbreviation":"DD","primaryColor":"B22E2A","secondaryColor":"FFFFFF","type":"m"},"batsmanSummaries":[{"batsman":{"id":182,"fullName":"JP Duminy","shortName":"JP Duminy","nationality":"South African","rightHandedBat":false,"dateOfBirth":450748800000,"names":["JP Duminy","JP Duminy"]},"runs":9,"balls":6,"fours":1,"sixes":0},{"batsman":{"id":297,"fullName":"Kedar Jadhav","shortName":"K Jadhav","nationality":"Indian","rightHandedBat":true,"dateOfBirth":480643200000,"names":["Kedar Jadhav","K Jadhav"]},"runs":8,"balls":3,"fours":0,"sixes":1}],"activeBatsman":297,"bowlerSummary":{"bowler":{"id":224,"fullName":"Johan Botha","shortName":"J Botha","nationality":"South African","rightHandedBat":false,"dateOfBirth":389145600000,"names":["Johan Botha","J Botha"]},"overs":"1","runs":14,"wickets":0,"maidens":0},"inningsBalls":72,"inningsMaxBalls":120,"inningsTarget":172,"message":{"text":null},"tags":[],"timestamp":1431019114000,"id":1189410,"time":"17:18","updateTime":1431019114512,"sequence":301.5,"type":"Eov"},{"bbcode":"S Narine to K Jadhav, %SPEED% short length on leg stump. He picks up a single","thisOver":"1","progress":{"innings":2,"over":13,"ball":1},"speed":25.3905259250392,"subtype":"BBCode","countingProgress":{"innings":2,"over":12,"ball":1},"bowlerId":203,"nonfacingBatsmanId":182,"facingBatsmanId":297,"autoText":"S Narine to K Jadhav, %SPEED% short length on leg stump. He picks up a single","message":{"text":null},"tags":[],"timestamp":1431019284000,"id":1189413,"time":"17:20","updateTime":1431019215718,"sequence":302.5,"type":"Auto"},{"bbcode":"S Narine to JP Duminy, %SPEED% short length outside off stump. He hits a great shot, that has gone all the way","thisOver":"6","progress":{"innings":2,"over":13,"ball":2},"speed":24.2205920274075,"subtype":"BBCode","countingProgress":{"innings":2,"over":12,"ball":2},"bowlerId":203,"nonfacingBatsmanId":297,"facingBatsmanId":182,"autoText":"S Narine to JP Duminy, %SPEED% short length outside off stump. He hits a great shot, that has gone all the way","message":{"text":null},"tags":["six"],"timestamp":1431019285000,"id":1189414,"time":"17:20","updateTime":1431019227055,"sequence":303.5,"type":"Auto"},{"bbcode":"[b]Six![/b] Too short from Narine and Duminy sends the pull shot into Row Z!","subtype":"BBCode","message":{"text":"<p><strong>Six!</strong> Too short from Narine and Duminy sends the pull shot into Row Z!</p>"},"tags":[],"timestamp":1431019250000,"id":1189415,"time":"17:20","updateTime":1431019250810,"sequence":304.5,"type":"Manual"},{"bbcode":"S Narine to JP Duminy, %SPEED% short length outside off stump. He picks up a single","thisOver":"1","progress":{"innings":2,"over":13,"ball":3},"speed":27.980747225583,"subtype":"BBCode","countingProgress":{"innings":2,"over":12,"ball":3},"bowlerId":203,"nonfacingBatsmanId":297,"facingBatsmanId":182,"autoText":"S Narine to JP Duminy, %SPEED% short length outside off stump. He picks up a single","message":{"text":null},"tags":[],"timestamp":1431019338000,"id":1189416,"time":"17:21","updateTime":1431019263986,"sequence":305.5,"type":"Auto"},{"bbcode":"S Narine to K Jadhav, %SPEED% good length on middle stump. He picks up a single","thisOver":"1","progress":{"innings":2,"over":13,"ball":4},"speed":24.4582791502544,"subtype":"BBCode","countingProgress":{"innings":2,"over":12,"ball":4},"bowlerId":203,"nonfacingBatsmanId":182,"facingBatsmanId":297,"autoText":"S Narine to K Jadhav, %SPEED% good length on middle stump. He picks up a single","message":{"text":null},"tags":[],"timestamp":1431019338000,"id":1189417,"time":"17:21","updateTime":1431019317764,"sequence":306.5,"type":"Auto"},{"bbcode":"S Narine to JP Duminy, no run, %SPEED% short length outside off stump. He doesn't offer a shot","thisOver":".","progress":{"innings":2,"over":13,"ball":5},"speed":24.8389396323202,"subtype":"BBCode","countingProgress":{"innings":2,"over":12,"ball":5},"bowlerId":203,"nonfacingBatsmanId":297,"facingBatsmanId":182,"autoText":"S Narine to JP Duminy, no run, %SPEED% short length outside off stump. He doesn't offer a shot","message":{"text":null},"tags":[],"timestamp":1431019389000,"id":1189418,"time":"17:21","updateTime":1431019317779,"sequence":307.5,"type":"Auto"},{"bbcode":"S Narine to JP Duminy, %SPEED% short length just outside off stump. He picks up a single","thisOver":"1","progress":{"innings":2,"over":13,"ball":6},"speed":28.2510224910932,"subtype":"BBCode","countingProgress":{"innings":2,"over":12,"ball":6},"bowlerId":203,"nonfacingBatsmanId":297,"facingBatsmanId":182,"autoText":"S Narine to JP Duminy, %SPEED% short length just outside off stump. He picks up a single","message":{"text":null},"tags":[],"timestamp":1431019389000,"id":1189419,"time":"17:22","updateTime":1431019341562,"sequence":308.5,"type":"Auto"},{"innings":2,"over":13,"overRuns":10,"overWickets":0,"inningsRuns":95,"inningsWickets":2,"inningsAllOut":false,"team":{"id":3,"fullName":"Delhi Daredevils","shortName":"Daredevils","abbreviation":"DD","primaryColor":"B22E2A","secondaryColor":"FFFFFF","type":"m"},"batsmanSummaries":[{"batsman":{"id":182,"fullName":"JP Duminy","shortName":"JP Duminy","nationality":"South African","rightHandedBat":false,"dateOfBirth":450748800000,"names":["JP Duminy","JP Duminy"]},"runs":17,"balls":10,"fours":1,"sixes":1},{"batsman":{"id":297,"fullName":"Kedar Jadhav","shortName":"K Jadhav","nationality":"Indian","rightHandedBat":true,"dateOfBirth":480643200000,"names":["Kedar Jadhav","K Jadhav"]},"runs":10,"balls":5,"fours":0,"sixes":1}],"activeBatsman":182,"bowlerSummary":{"bowler":{"id":203,"fullName":"Sunil Narine","shortName":"S Narine","nationality":"West Indian","rightHandedBat":false,"dateOfBirth":580608000000,"names":["Sunil Narine","S Narine"]},"overs":"3","runs":22,"wickets":0,"maidens":0},"inningsBalls":78,"inningsMaxBalls":120,"inningsTarget":172,"message":{"text":null},"tags":[],"timestamp":1431019341000,"id":1189420,"time":"17:22","updateTime":1431019341748,"sequence":309.5,"type":"Eov"},{"bbcode":"Strategic Timeout - This match hangs in the balance now with some big hitters still to come for the Daredevils. 11 an over is required from here but with 8 wickets in the shed it's hard to pick this one, don't go anywhere!","subtype":"BBCode","message":{"text":"<p>Strategic Timeout - This match hangs in the balance now with some big hitters still to come for the Daredevils. 11 an over is required from here but with 8 wickets in the shed it's hard to pick this one, don't go anywhere!</p>"},"tags":[],"timestamp":1431019400000,"id":1189421,"time":"17:23","updateTime":1431019400618,"sequence":310.5,"type":"Manual"},{"subtype":"EmbeddedTweet","tweetjson":{"created_at":"Thu May 07 17:18:08 +0000 2015","id":596363397228167168,"id_str":"596363397228167168","text":"If Brad Hogg played a 4 pm game, he's need to put sunscreen on his tongue! #PepsiIPL","source":"<a href=\"http://www.twitter.com\" rel=\"nofollow\">Twitter for Windows Phone</a>","truncated":false,"in_reply_to_status_id":null,"in_reply_to_status_id_str":null,"in_reply_to_user_id":null,"in_reply_to_user_id_str":null,"in_reply_to_screen_name":null,"user":{"id":78941611,"id_str":"78941611","name":"Harsha Bhogle","screen_name":"bhogleharsha","location":"Mumbai, India","description":"Challenge. Discover. And take what emerges in 2015.   http://t.co/vUle34EZ5D","url":null,"entities":{"description":{"urls":[{"url":"http://t.co/vUle34EZ5D","expanded_url":"http://harshabhogle.com","display_url":"harshabhogle.com","indices":[54,76]}]}},"protected":false,"followers_count":2356728,"friends_count":139,"listed_count":5473,"created_at":"Thu Oct 01 16:18:03 +0000 2009","favourites_count":18,"utc_offset":19800,"time_zone":"Chennai","geo_enabled":false,"verified":true,"statuses_count":28415,"lang":"en","contributors_enabled":false,"is_translator":false,"is_translation_enabled":false,"profile_background_color":"C0DEED","profile_background_image_url":"http://abs.twimg.com/images/themes/theme1/bg.png","profile_background_image_url_https":"https://abs.twimg.com/images/themes/theme1/bg.png","profile_background_tile":false,"profile_image_url":"http://pbs.twimg.com/profile_images/514712216109465601/5R1tjTL7_normal.jpeg","profile_image_url_https":"https://pbs.twimg.com/profile_images/514712216109465601/5R1tjTL7_normal.jpeg","profile_link_color":"0084B4","profile_sidebar_border_color":"C0DEED","profile_sidebar_fill_color":"DDEEF6","profile_text_color":"333333","profile_use_background_image":true,"default_profile":true,"default_profile_image":false,"following":false,"follow_request_sent":false,"notifications":false},"geo":null,"coordinates":null,"place":null,"contributors":null,"retweet_count":87,"favorite_count":77,"entities":{"hashtags":[{"text":"PepsiIPL","indices":[75,84]}],"symbols":[],"user_mentions":[],"urls":[]},"favorited":false,"retweeted":false,"lang":"en"},"message":{"text":"<blockquote class=\"twitter-tweet\" data-partner=\"tweetdeck\">\n<p lang=\"en\" dir=\"ltr\">If Brad Hogg played a 4 pm game, he's need to put sunscreen on his tongue! <a href=\"https://twitter.com/hashtag/PepsiIPL?src=hash\">#PepsiIPL</a></p>\n&mdash; Harsha Bhogle (@bhogleharsha) <a href=\"https://twitter.com/bhogleharsha/status/596363397228167168\">May 7, 2015</a></blockquote>\n<script charset=\"utf-8\" type=\"text/javascript\" src=\"http://platform.twitter.com/widgets.js\"></script>"},"tags":[],"timestamp":1431019426000,"id":1189422,"time":"17:23","updateTime":1431019426705,"sequence":311.5,"type":"Manual"},{"mediaId":"4223308486001","endpointUrlHq1":"http://brightcove.vo.llnwd.net/v1/uds/pd/3588749423001/201505/3570/3588749423001_4223502249001_MATCH-42-DD-3RD-SIX.mp4","endpointUrlHq2":"http://brightcove.vo.llnwd.net/v1/uds/pd/3588749423001/201505/2038/3588749423001_4223504948001_MATCH-42-DD-3RD-SIX.mp4","endpointUrlAlt":"http://c.brightcove.com/services/mobile/streaming/index/rendition.m3u8?assetId=4223516828001","title":"M42: KKR vs DD – Manoj Tiwary Six","largeThumbnail":"http://brightcove.vo.llnwd.net/v1/unsecured/media/3588749423001/201505/570/3588749423001_4223502250001_vs-554b9c4de4b09f0cc1056c76-1592194021001.jpg?pubId=3588749423001","duration":26240,"endpointUrl":"http://brightcove.vo.llnwd.net/v1/uds/pd/3588749423001/201505/2378/3588749423001_4223510240001_MATCH-42-DD-3RD-SIX.mp4","smallThumbnail":"http://brightcove.vo.llnwd.net/v1/unsecured/media/3588749423001/201505/1570/3588749423001_4223502251001_th-554b9c4de4b09f0cc1056c76-1592194021001.jpg?pubId=3588749423001","description":null,"endpointUrlMq":"http://brightcove.vo.llnwd.net/v1/uds/pd/3588749423001/201505/854/3588749423001_4223510268001_MATCH-42-DD-3RD-SIX.mp4","endpointUrlHq3":"http://brightcove.vo.llnwd.net/v1/uds/pd/3588749423001/201505/3854/3588749423001_4223510269001_MATCH-42-DD-3RD-SIX.mp4","publishDate":1431018564484,"message":{"text":null},"tags":["account:iplt20","kkr","2015","ipl2015","six","dd","playerid 89","match:ipl2015-42","IPL 2015","ipl2015-42","innings 2","ball 2","over 10","channel:ipl-match-centre"],"timestamp":1431019523000,"id":1189423,"time":"17:25","updateTime":1431019523597,"sequence":312.5,"type":"Video"},{"mediaId":"4223308487001","endpointUrlHq1":"http://brightcove.vo.llnwd.net/v1/uds/pd/3588749423001/201505/1794/3588749423001_4223514755001_MATCH-42-DD-1ST-WKT.mp4","endpointUrlHq2":"http://brightcove.vo.llnwd.net/v1/uds/pd/3588749423001/201505/3794/3588749423001_4223514753001_MATCH-42-DD-1ST-WKT.mp4","endpointUrlAlt":"http://c.brightcove.com/services/mobile/streaming/index/rendition.m3u8?assetId=4223524277001","title":"M42: KKR vs DD – Manoj Tiwary Wicket","largeThumbnail":"http://brightcove.vo.llnwd.net/v1/unsecured/media/3588749423001/201505/3794/3588749423001_4223514757001_vs-554b9d81e4b09f0cc1056c8d-782203287001.jpg?pubId=3588749423001","duration":24962,"endpointUrl":"http://brightcove.vo.llnwd.net/v1/uds/pd/3588749423001/201505/158/3588749423001_4223524279001_MATCH-42-DD-1ST-WKT.mp4","smallThumbnail":"http://brightcove.vo.llnwd.net/v1/unsecured/media/3588749423001/201505/794/3588749423001_4223514758001_th-554b9d81e4b09f0cc1056c8d-782203287001.jpg?pubId=3588749423001","description":null,"endpointUrlMq":"http://brightcove.vo.llnwd.net/v1/uds/pd/3588749423001/201505/3078/3588749423001_4223522322001_MATCH-42-DD-1ST-WKT.mp4","endpointUrlHq3":"http://brightcove.vo.llnwd.net/v1/uds/pd/3588749423001/201505/1390/3588749423001_4223516897001_MATCH-42-DD-1ST-WKT.mp4","publishDate":1431018872167,"message":{"text":null},"tags":["account:iplt20","kkr","2015","ipl2015","dd","playerid 89","match:ipl2015-42","IPL 2015","ipl2015-42","innings 2","wicket","ball 5","over 10","channel:ipl-match-centre"],"timestamp":1431019523000,"id":1189424,"time":"17:25","updateTime":1431019523650,"sequence":313.5,"type":"Video"},{"mediaId":"4223308490001","endpointUrlHq1":"http://brightcove.vo.llnwd.net/v1/uds/pd/3588749423001/201505/1710/3588749423001_4223532945001_MATCH-42-DD-2ND-WKT.mp4","endpointUrlHq2":"http://brightcove.vo.llnwd.net/v1/uds/pd/3588749423001/201505/774/3588749423001_4223532890001_MATCH-42-DD-2ND-WKT.mp4","endpointUrlAlt":"http://c.brightcove.com/services/mobile/streaming/index/rendition.m3u8?assetId=4223527944001","title":"M42: KKR vs DD – Shreyas Iyer Wicket","largeThumbnail":"http://brightcove.vo.llnwd.net/v1/unsecured/media/3588749423001/201505/710/3588749423001_4223532950001_vs-554b9e1de4b09f0cc1056cb1-767904722001.jpg?pubId=3588749423001","duration":24320,"endpointUrl":"http://brightcove.vo.llnwd.net/v1/uds/pd/3588749423001/201505/774/3588749423001_4223532862001_MATCH-42-DD-2ND-WKT.mp4","smallThumbnail":"http://brightcove.vo.llnwd.net/v1/unsecured/media/3588749423001/201505/3710/3588749423001_4223532951001_th-554b9e1de4b09f0cc1056cb1-767904722001.jpg?pubId=3588749423001","description":null,"endpointUrlMq":"http://brightcove.vo.llnwd.net/v1/uds/pd/3588749423001/201505/2154/3588749423001_4223530472001_MATCH-42-DD-2ND-WKT.mp4","endpointUrlHq3":"http://brightcove.vo.llnwd.net/v1/uds/pd/3588749423001/201505/3574/3588749423001_4223527952001_MATCH-42-DD-2ND-WKT.mp4","publishDate":1431019026999,"message":{"text":null},"tags":["account:iplt20","kkr","2015","ipl2015","dd","playerid 1563","match:ipl2015-42","IPL 2015","ipl2015-42","innings 2","over 11","wicket","ball 6","channel:ipl-match-centre"],"timestamp":1431019523000,"id":1189425,"time":"17:25","updateTime":1431019523717,"sequence":314.5,"type":"Video"},{"mediaId":"4223308494001","endpointUrlHq1":"http://brightcove.vo.llnwd.net/v1/uds/pd/3588749423001/201505/3218/3588749423001_4223538729001_MATCH-42-DD-4TH-SIX.mp4","endpointUrlHq2":"http://brightcove.vo.llnwd.net/v1/uds/pd/3588749423001/201505/3078/3588749423001_4223530506001_MATCH-42-DD-4TH-SIX.mp4","endpointUrlAlt":"http://c.brightcove.com/services/mobile/streaming/index/rendition.m3u8?assetId=4223530515001","title":"M42: KKR vs DD – Kedar Jadhav Six","largeThumbnail":"http://brightcove.vo.llnwd.net/v1/unsecured/media/3588749423001/201505/2218/3588749423001_4223538736001_vs-554b9eb1e4b09f0cc1056cc5-672293880001.jpg?pubId=3588749423001","duration":23685,"endpointUrl":"http://brightcove.vo.llnwd.net/v1/uds/pd/3588749423001/201505/1722/3588749423001_4223527982001_MATCH-42-DD-4TH-SIX.mp4","smallThumbnail":"http://brightcove.vo.llnwd.net/v1/unsecured/media/3588749423001/201505/3218/3588749423001_4223538737001_th-554b9eb1e4b09f0cc1056cc5-672293880001.jpg?pubId=3588749423001","description":null,"endpointUrlMq":"http://brightcove.vo.llnwd.net/v1/uds/pd/3588749423001/201505/154/3588749423001_4223530498001_MATCH-42-DD-4TH-SIX.mp4","endpointUrlHq3":"http://brightcove.vo.llnwd.net/v1/uds/pd/3588749423001/201505/334/3588749423001_4223538433001_MATCH-42-DD-4TH-SIX.mp4","publishDate":1431019177423,"message":{"text":null},"tags":["account:iplt20","kkr","2015","ipl2015","six","dd","match:ipl2015-42","IPL 2015","ipl2015-42","innings 2","ball 4","over 12","channel:ipl-match-centre","playerid 297"],"timestamp":1431019523000,"id":1189426,"time":"17:25","updateTime":1431019523771,"sequence":315.5,"type":"Video"},{"bbcode":"P Chawla to JP Duminy, %SPEED% full length on off stump. He picks up a single","thisOver":"1","progress":{"innings":2,"over":14,"ball":1},"speed":24.6963013304568,"subtype":"BBCode","countingProgress":{"innings":2,"over":13,"ball":1},"bowlerId":76,"nonfacingBatsmanId":297,"facingBatsmanId":182,"autoText":"P Chawla to JP Duminy, %SPEED% full length on off stump. He picks up a single","message":{"text":null},"tags":[],"timestamp":1431019634000,"id":1189427,"time":"17:25","updateTime":1431019552244,"sequence":316.5,"type":"Auto"},{"bbcode":"P Chawla to K Jadhav, [b]WICKET!!! K Jadhav is out[/b] c Johan Botha b Piyush Chawla","thisOver":"W","progress":{"innings":2,"over":14,"ball":2},"speed":24.3292164882709,"subtype":"BBCode","countingProgress":{"innings":2,"over":13,"ball":2},"bowlerId":76,"nonfacingBatsmanId":182,"facingBatsmanId":297,"autoText":"P Chawla to K Jadhav, <b>WICKET!!! K Jadhav is out</b> c Johan Botha b Piyush Chawla","message":{"text":null},"tags":["wicket"],"timestamp":1431019618000,"id":1189428,"time":"17:26","updateTime":1431019592250,"sequence":317.5,"type":"Auto"},{"bbcode":"[b]Wicket![/b] Jadhav sends it straight down the throat of Botha at long off and in comes Yuvi!","subtype":"BBCode","message":{"text":"<p><strong>Wicket!</strong> Jadhav sends it straight down the throat of Botha at long off and in comes Yuvi!</p>"},"tags":[],"timestamp":1431019657000,"id":1189429,"time":"17:27","updateTime":1431019657593,"sequence":318.5,"type":"Manual"},{"bbcode":"P Chawla to Y Singh, no run, %SPEED% good length on middle stump. He doesn't offer a shot","thisOver":".","progress":{"innings":2,"over":14,"ball":3},"speed":24.2144163545464,"subtype":"BBCode","countingProgress":{"innings":2,"over":13,"ball":3},"bowlerId":76,"nonfacingBatsmanId":182,"facingBatsmanId":113,"autoText":"P Chawla to Y Singh, no run, %SPEED% good length on middle stump. He doesn't offer a shot","message":{"text":null},"tags":[],"timestamp":1431019766000,"id":1189430,"time":"17:28","updateTime":1431019685436,"sequence":319.5,"type":"Auto"},{"bbcode":"P Chawla to Y Singh, no run, %SPEED% good length on off stump. He doesn't offer a shot","thisOver":".","progress":{"innings":2,"over":14,"ball":4},"speed":23.6168867844126,"subtype":"BBCode","countingProgress":{"innings":2,"over":13,"ball":4},"bowlerId":76,"nonfacingBatsmanId":182,"facingBatsmanId":113,"autoText":"P Chawla to Y Singh, no run, %SPEED% good length on off stump. He doesn't offer a shot","message":{"text":null},"tags":[],"timestamp":1431019766000,"id":1189431,"time":"17:28","updateTime":1431019706518,"sequence":320.5,"type":"Auto"},{"bbcode":"P Chawla to Y Singh, [b]WICKET!!! Y Singh is out[/b] c Andre Russell b Piyush Chawla","thisOver":"W","progress":{"innings":2,"over":14,"ball":5},"speed":24.3059469216476,"subtype":"BBCode","countingProgress":{"innings":2,"over":13,"ball":5},"bowlerId":76,"nonfacingBatsmanId":182,"facingBatsmanId":113,"autoText":"P Chawla to Y Singh, <b>WICKET!!! Y Singh is out</b> c Andre Russell b Piyush Chawla","message":{"text":null},"tags":["wicket"],"timestamp":1431019748000,"id":1189432,"time":"17:28","updateTime":1431019736324,"sequence":321.5,"type":"Auto"},{"bbcode":"[b]Wicket![/b] Yuvraj goes for a third ball duck! Big top edge and Russell sprints in from deep square leg to take a brilliant catch low on the run!","subtype":"BBCode","message":{"text":"<p><strong>Wicket!</strong> Yuvraj goes for a third ball duck! Big top edge and Russell sprints in from deep square leg to take a brilliant catch low on the run!</p>"},"tags":[],"timestamp":1431019797000,"id":1189433,"time":"17:29","updateTime":1431019797398,"sequence":322.5,"type":"Manual"},{"bbcode":"P Chawla to JP Duminy. He picks up a single","thisOver":"1","progress":{"innings":2,"over":14,"ball":6},"subtype":"BBCode","countingProgress":{"innings":2,"over":13,"ball":6},"bowlerId":76,"nonfacingBatsmanId":217,"facingBatsmanId":182,"autoText":"P Chawla to JP Duminy. He picks up a single","message":{"text":null},"tags":[],"timestamp":1431020562000,"id":1189434,"time":"17:30","updateTime":1431019817945,"sequence":323.5,"type":"Auto"},{"innings":2,"over":14,"overRuns":2,"overWickets":2,"inningsRuns":97,"inningsWickets":4,"inningsAllOut":false,"team":{"id":3,"fullName":"Delhi Daredevils","shortName":"Daredevils","abbreviation":"DD","primaryColor":"B22E2A","secondaryColor":"FFFFFF","type":"m"},"batsmanSummaries":[{"batsman":{"id":182,"fullName":"JP Duminy","shortName":"JP Duminy","nationality":"South African","rightHandedBat":false,"dateOfBirth":450748800000,"names":["JP Duminy","JP Duminy"]},"runs":19,"balls":12,"fours":1,"sixes":1},{"batsman":{"id":217,"fullName":"Angelo Mathews","shortName":"A Mathews","nationality":"Sri Lankan","rightHandedBat":false,"dateOfBirth":549590400000,"names":["Angelo Mathews","A Mathews"]},"runs":0,"balls":0,"fours":0,"sixes":0}],"activeBatsman":182,"bowlerSummary":{"bowler":{"id":76,"fullName":"Piyush Chawla","shortName":"P Chawla","nationality":"Indian","rightHandedBat":false,"dateOfBirth":598924800000,"names":["Piyush Chawla","P Chawla"]},"overs":"3","runs":25,"wickets":3,"maidens":0},"inningsBalls":84,"inningsMaxBalls":120,"inningsTarget":172,"message":{"text":null},"tags":[],"timestamp":1431019818000,"id":1189435,"time":"17:30","updateTime":1431019818055,"sequence":324.5,"type":"Eov"},{"subtype":"EmbeddedTweet","tweetjson":{"created_at":"Thu May 07 17:30:16 +0000 2015","id":596366450861871104,"id_str":"596366450861871104","text":"Now @jpduminy21 is the lone ranger! He is the last hope for #DD now #KKRvsDD #PepsiIPL","source":"<a href=\"http://twitter.com/download/android\" rel=\"nofollow\">Twitter for Android</a>","truncated":false,"in_reply_to_status_id":null,"in_reply_to_status_id_str":null,"in_reply_to_user_id":null,"in_reply_to_user_id_str":null,"in_reply_to_screen_name":null,"user":{"id":351627954,"id_str":"351627954","name":"Mrinalini Deswal","screen_name":"MrinaliniABdeV","location":"India","description":"Born on 9th July 1998. #ProteaFire . Cricket addict. Love movies and like listening to songs. Love reading novel. Love seeing KP do switch hit.","url":null,"entities":{"description":{"urls":[]}},"protected":false,"followers_count":144,"friends_count":294,"listed_count":6,"created_at":"Tue Aug 09 14:34:29 +0000 2011","favourites_count":451,"utc_offset":19800,"time_zone":"New Delhi","geo_enabled":true,"verified":false,"statuses_count":1055,"lang":"en","contributors_enabled":false,"is_translator":false,"is_translation_enabled":false,"profile_background_color":"000000","profile_background_image_url":"http://pbs.twimg.com/profile_background_images/479895145005854721/cN2Z7HL_.jpeg","profile_background_image_url_https":"https://pbs.twimg.com/profile_background_images/479895145005854721/cN2Z7HL_.jpeg","profile_background_tile":true,"profile_image_url":"http://pbs.twimg.com/profile_images/596281297430974464/Ndhw-OnU_normal.jpg","profile_image_url_https":"https://pbs.twimg.com/profile_images/596281297430974464/Ndhw-OnU_normal.jpg","profile_banner_url":"https://pbs.twimg.com/profile_banners/351627954/1428234034","profile_link_color":"000000","profile_sidebar_border_color":"FFFFFF","profile_sidebar_fill_color":"DDEEF6","profile_text_color":"333333","profile_use_background_image":true,"default_profile":false,"default_profile_image":false,"following":false,"follow_request_sent":false,"notifications":false},"geo":null,"coordinates":null,"place":null,"contributors":null,"retweet_count":0,"favorite_count":0,"entities":{"hashtags":[{"text":"DD","indices":[60,63]},{"text":"KKRvsDD","indices":[68,76]},{"text":"PepsiIPL","indices":[77,86]}],"symbols":[],"user_mentions":[{"screen_name":"jpduminy21","name":"JP Duminy","id":179036286,"id_str":"179036286","indices":[4,15]}],"urls":[]},"favorited":false,"retweeted":false,"lang":"en"},"message":{"text":"<blockquote class=\"twitter-tweet\" data-partner=\"tweetdeck\">\n<p lang=\"en\" dir=\"ltr\">Now <a href=\"https://twitter.com/jpduminy21\">@jpduminy21</a> is the lone ranger! He is the last hope for <a href=\"https://twitter.com/hashtag/DD?src=hash\">#DD</a> now <a href=\"https://twitter.com/hashtag/KKRvsDD?src=hash\">#KKRvsDD</a> <a href=\"https://twitter.com/hashtag/PepsiIPL?src=hash\">#PepsiIPL</a></p>\n&mdash; Mrinalini Deswal (@MrinaliniABdeV) <a href=\"https://twitter.com/MrinaliniABdeV/status/596366450861871104\">May 7, 2015</a></blockquote>\n<script charset=\"utf-8\" type=\"text/javascript\" src=\"http://platform.twitter.com/widgets.js\"></script>"},"tags":[],"timestamp":1431019838000,"id":1189436,"time":"17:30","updateTime":1431019838784,"sequence":325.5,"type":"Manual"},{"bbcode":"S Narine to JP Duminy, %SPEED% good length just outside off stump. He picks up a single","thisOver":"1","progress":{"innings":2,"over":15,"ball":1},"speed":27.0813135398855,"subtype":"BBCode","countingProgress":{"innings":2,"over":14,"ball":1},"bowlerId":203,"nonfacingBatsmanId":217,"facingBatsmanId":182,"autoText":"S Narine to JP Duminy, %SPEED% good length just outside off stump. He picks up a single","message":{"text":null},"tags":[],"timestamp":1431019930000,"id":1189437,"time":"17:31","updateTime":1431019888108,"sequence":326.5,"type":"Auto"},{"bbcode":"S Narine to A Mathews, %SPEED% short length outside off stump. He picks up a single","thisOver":"1","progress":{"innings":2,"over":15,"ball":2},"speed":26.7276064589994,"subtype":"BBCode","countingProgress":{"innings":2,"over":14,"ball":2},"bowlerId":203,"nonfacingBatsmanId":182,"facingBatsmanId":217,"autoText":"S Narine to A Mathews, %SPEED% short length outside off stump. He picks up a single","message":{"text":null},"tags":[],"timestamp":1431020012000,"id":1189438,"time":"17:32","updateTime":1431019928243,"sequence":327.5,"type":"Auto"},{"bbcode":"S Narine to JP Duminy, Wide delivery","thisOver":"1Wd","progress":{"innings":2,"over":15,"ball":3},"speed":24.6065331619763,"subtype":"BBCode","countingProgress":{"innings":2,"over":14,"ball":3},"bowlerId":203,"nonfacingBatsmanId":217,"facingBatsmanId":182,"autoText":"S Narine to JP Duminy, Wide delivery","message":{"text":null},"tags":[],"timestamp":1431019960000,"id":1189439,"time":"17:32","updateTime":1431019958824,"sequence":328.5,"type":"Auto"},{"bbcode":"S Narine to JP Duminy, %SPEED% good length on off stump. He picks up a single","thisOver":"1","progress":{"innings":2,"over":15,"ball":4},"speed":25.6833141093498,"subtype":"BBCode","countingProgress":{"innings":2,"over":14,"ball":3},"bowlerId":203,"nonfacingBatsmanId":217,"facingBatsmanId":182,"autoText":"S Narine to JP Duminy, %SPEED% good length on off stump. He picks up a single","message":{"text":null},"tags":[],"timestamp":1431020064000,"id":1189440,"time":"17:32","updateTime":1431019978961,"sequence":329.5,"type":"Auto"},{"bbcode":"S Narine to A Mathews, no run, %SPEED% short length outside off stump. He doesn't offer a shot","thisOver":".","progress":{"innings":2,"over":15,"ball":5},"speed":26.2875329901423,"subtype":"BBCode","countingProgress":{"innings":2,"over":14,"ball":4},"bowlerId":203,"nonfacingBatsmanId":182,"facingBatsmanId":217,"autoText":"S Narine to A Mathews, no run, %SPEED% short length outside off stump. He doesn't offer a shot","message":{"text":null},"tags":[],"timestamp":1431020064000,"id":1189441,"time":"17:33","updateTime":1431020004636,"sequence":330.5,"type":"Auto"},{"bbcode":"S Narine to A Mathews, 1 leg bye","thisOver":"1Lb","progress":{"innings":2,"over":15,"ball":6},"speed":27.1114472751315,"subtype":"BBCode","countingProgress":{"innings":2,"over":14,"ball":5},"bowlerId":203,"nonfacingBatsmanId":182,"facingBatsmanId":217,"autoText":"S Narine to A Mathews, 1 leg bye","message":{"text":null},"tags":[],"timestamp":1431021083000,"id":1189442,"time":"17:33","updateTime":1431020036966,"sequence":331.5,"type":"Auto"},{"bbcode":"S Narine to JP Duminy, %SPEED% good length outside off stump. He hits a nice boundary","thisOver":"4","progress":{"innings":2,"over":15,"ball":7},"speed":30.5892125952274,"subtype":"BBCode","countingProgress":{"innings":2,"over":14,"ball":6},"bowlerId":203,"nonfacingBatsmanId":217,"facingBatsmanId":182,"autoText":"S Narine to JP Duminy, %SPEED% good length outside off stump. He hits a nice boundary","message":{"text":null},"tags":["four"],"timestamp":1431020117000,"id":1189443,"time":"17:34","updateTime":1431020057630,"sequence":332.5,"type":"Auto"},{"bbcode":"Four! Duminy hits straight down the ground and it takes one hop before beating the man at long off!","subtype":"BBCode","message":{"text":"<p>Four! Duminy hits straight down the ground and it takes one hop before beating the man at long off!</p>"},"tags":[],"timestamp":1431020084000,"id":1189445,"time":"17:34","updateTime":1431020083341,"sequence":333.0,"type":"Manual"},{"innings":2,"over":15,"overRuns":9,"overWickets":0,"inningsRuns":106,"inningsWickets":4,"inningsAllOut":false,"team":{"id":3,"fullName":"Delhi Daredevils","shortName":"Daredevils","abbreviation":"DD","primaryColor":"B22E2A","secondaryColor":"FFFFFF","type":"m"},"batsmanSummaries":[{"batsman":{"id":182,"fullName":"JP Duminy","shortName":"JP Duminy","nationality":"South African","rightHandedBat":false,"dateOfBirth":450748800000,"names":["JP Duminy","JP Duminy"]},"runs":25,"balls":15,"fours":2,"sixes":1},{"batsman":{"id":217,"fullName":"Angelo Mathews","shortName":"A Mathews","nationality":"Sri Lankan","rightHandedBat":false,"dateOfBirth":549590400000,"names":["Angelo Mathews","A Mathews"]},"runs":1,"balls":3,"fours":0,"sixes":0}],"activeBatsman":217,"bowlerSummary":{"bowler":{"id":203,"fullName":"Sunil Narine","shortName":"S Narine","nationality":"West Indian","rightHandedBat":false,"dateOfBirth":580608000000,"names":["Sunil Narine","S Narine"]},"overs":"4","runs":30,"wickets":0,"maidens":0},"inningsBalls":90,"inningsMaxBalls":120,"inningsTarget":172,"message":{"text":null},"tags":[],"timestamp":1431021084000,"id":1189444,"time":"17:34","updateTime":1431020057765,"sequence":333.5,"type":"Eov"},{"mediaId":"4223308498001","endpointUrlHq1":"http://brightcove.vo.llnwd.net/v1/uds/pd/3588749423001/201505/2626/3588749423001_4223540183001_MATCH-42-DD-5TH-SIX.mp4","endpointUrlHq2":"http://brightcove.vo.llnwd.net/v1/uds/pd/3588749423001/201505/3134/3588749423001_4223558119001_MATCH-42-DD-5TH-SIX.mp4","endpointUrlAlt":"http://c.brightcove.com/services/mobile/streaming/index/rendition.m3u8?assetId=4223540190001","title":"M42: KKR vs DD – JP Duminy Six","largeThumbnail":"http://brightcove.vo.llnwd.net/v1/unsecured/media/3588749423001/201505/626/3588749423001_4223540185001_vs-554b9fa7e4b09f0cc1056d14-1592194023001.jpg?pubId=3588749423001","duration":25520,"endpointUrl":"http://brightcove.vo.llnwd.net/v1/uds/pd/3588749423001/201505/1382/3588749423001_4223544542001_MATCH-42-DD-5TH-SIX.mp4","smallThumbnail":"http://brightcove.vo.llnwd.net/v1/unsecured/media/3588749423001/201505/1626/3588749423001_4223540186001_th-554b9fa7e4b09f0cc1056d14-1592194023001.jpg?pubId=3588749423001","description":null,"endpointUrlMq":"http://brightcove.vo.llnwd.net/v1/uds/pd/3588749423001/201505/382/3588749423001_4223544551001_MATCH-42-DD-5TH-SIX.mp4","endpointUrlHq3":"http://brightcove.vo.llnwd.net/v1/uds/pd/3588749423001/201505/1262/3588749423001_4223541585001_MATCH-42-DD-5TH-SIX.mp4","publishDate":1431019420972,"message":{"text":null},"tags":["account:iplt20","kkr","2015","ipl2015","six","dd","playerid 182","match:ipl2015-42","IPL 2015","ipl2015-42","innings 2","over 13","ball 2","channel:ipl-match-centre"],"timestamp":1431020133000,"id":1189447,"time":"17:35","updateTime":1431020133750,"sequence":334.5,"type":"Video"},{"mediaId":"4223308501001","endpointUrlHq1":"http://brightcove.vo.llnwd.net/v1/uds/pd/3588749423001/201505/2226/3588749423001_4223558197001_MATCH-42-DD-3RD-WKT.mp4","endpointUrlHq2":"http://brightcove.vo.llnwd.net/v1/uds/pd/3588749423001/201505/926/3588749423001_4223556275001_MATCH-42-DD-3RD-WKT.mp4","endpointUrlAlt":"http://c.brightcove.com/services/mobile/streaming/index/rendition.m3u8?assetId=4223556260001","title":"M42: KKR vs DD – Kedar Jadhav Wicket","largeThumbnail":"http://brightcove.vo.llnwd.net/v1/unsecured/media/3588749423001/201505/226/3588749423001_4223558199001_vs-554ba131e4b0f86a0656fb70-672293881001.jpg?pubId=3588749423001","duration":20527,"endpointUrl":"http://brightcove.vo.llnwd.net/v1/uds/pd/3588749423001/201505/3926/3588749423001_4223556264001_MATCH-42-DD-3RD-WKT.mp4","smallThumbnail":"http://brightcove.vo.llnwd.net/v1/unsecured/media/3588749423001/201505/1226/3588749423001_4223558200001_th-554ba131e4b0f86a0656fb70-672293881001.jpg?pubId=3588749423001","description":null,"endpointUrlMq":"http://brightcove.vo.llnwd.net/v1/uds/pd/3588749423001/201505/1306/3588749423001_4223556238001_MATCH-42-DD-3RD-WKT.mp4","endpointUrlHq3":"http://brightcove.vo.llnwd.net/v1/uds/pd/3588749423001/201505/326/3588749423001_4223557918001_MATCH-42-DD-3RD-WKT.mp4","publishDate":1431019817053,"message":{"text":null},"tags":["account:iplt20","kkr","2015","ipl2015","dd","match:ipl2015-42","IPL 2015","ipl2015-42","innings 2","ball 2","over 14","wicket","channel:ipl-match-centre","playerid 297"],"timestamp":1431020133000,"id":1189448,"time":"17:35","updateTime":1431020133797,"sequence":335.5,"type":"Video"},{"bbcode":"P Chawla to A Mathews, %SPEED% good length outside off stump. He hits a nice boundary","thisOver":"4","progress":{"innings":2,"over":16,"ball":1},"speed":24.8946730691437,"subtype":"BBCode","countingProgress":{"innings":2,"over":15,"ball":1},"bowlerId":76,"nonfacingBatsmanId":182,"facingBatsmanId":217,"autoText":"P Chawla to A Mathews, %SPEED% good length outside off stump. He hits a nice boundary","message":{"text":null},"tags":["four"],"timestamp":1431020168000,"id":1189449,"time":"17:35","updateTime":1431020136746,"sequence":336.5,"type":"Auto"},{"bbcode":"Four! What a shot from Angelo Mathews, sends the reverse sweep up over point!","subtype":"BBCode","message":{"text":"<p>Four! What a shot from Angelo Mathews, sends the reverse sweep up over point!</p>"},"tags":[],"timestamp":1431020174000,"id":1189450,"time":"17:36","updateTime":1431020174013,"sequence":337.5,"type":"Manual"},{"bbcode":"P Chawla to A Mathews, %SPEED% good length just outside off stump. He picks up a single","thisOver":"1","progress":{"innings":2,"over":16,"ball":2},"speed":31.6243664920392,"subtype":"BBCode","countingProgress":{"innings":2,"over":15,"ball":2},"bowlerId":76,"nonfacingBatsmanId":182,"facingBatsmanId":217,"autoText":"P Chawla to A Mathews, %SPEED% good length just outside off stump. He picks up a single","message":{"text":null},"tags":[],"timestamp":1431020250000,"id":1189451,"time":"17:36","updateTime":1431020177327,"sequence":338.5,"type":"Auto"},{"bbcode":"P Chawla to JP Duminy, [b]WICKET!!! JP Duminy is out[/b] c Umesh Yadav b Piyush Chawla","thisOver":"W","progress":{"innings":2,"over":16,"ball":3},"speed":24.6935626192517,"subtype":"BBCode","countingProgress":{"innings":2,"over":15,"ball":3},"bowlerId":76,"nonfacingBatsmanId":217,"facingBatsmanId":182,"autoText":"P Chawla to JP Duminy, <b>WICKET!!! JP Duminy is out</b> c Umesh Yadav b Piyush Chawla","message":{"text":null},"tags":["wicket"],"timestamp":1431020228000,"id":1189452,"time":"17:36","updateTime":1431020217388,"sequence":339.5,"type":"Auto"},{"bbcode":"[b]Wicket![/b] That could be that! Duminy gets under the slog sweep slightly too much and Umesh Yadav takes the catch right on the fence at deep square leg!","subtype":"BBCode","message":{"text":"<p><strong>Wicket!</strong> That could be that! Duminy gets under the slog sweep slightly too much and Umesh Yadav takes the catch right on the fence at deep square leg!</p>"},"tags":[],"timestamp":1431020269000,"id":1189453,"time":"17:37","updateTime":1431020269573,"sequence":340.5,"type":"Manual"},{"bbcode":"P Chawla to A Mathews. He picks up a single","thisOver":"1","progress":{"innings":2,"over":16,"ball":4},"subtype":"BBCode","countingProgress":{"innings":2,"over":15,"ball":4},"bowlerId":76,"nonfacingBatsmanId":163,"facingBatsmanId":217,"autoText":"P Chawla to A Mathews. He picks up a single","message":{"text":null},"tags":[],"timestamp":1431020561000,"id":1189454,"time":"17:38","updateTime":1431020303231,"sequence":341.5,"type":"Auto"},{"bbcode":"P Chawla to S Tiwary, no run, %SPEED% good length just outside off stump. He plays and misses","thisOver":".","progress":{"innings":2,"over":16,"ball":5},"speed":23.6865709794798,"subtype":"BBCode","countingProgress":{"innings":2,"over":15,"ball":5},"bowlerId":76,"nonfacingBatsmanId":217,"facingBatsmanId":163,"autoText":"P Chawla to S Tiwary, no run, %SPEED% good length just outside off stump. He plays and misses","message":{"text":null},"tags":[],"timestamp":1431020407000,"id":1189455,"time":"17:39","updateTime":1431020343263,"sequence":342.5,"type":"Auto"},{"bbcode":"P Chawla to S Tiwary, %SPEED% good length on middle stump. He picks up a single","thisOver":"1","progress":{"innings":2,"over":16,"ball":6},"speed":25.6953570143966,"subtype":"BBCode","countingProgress":{"innings":2,"over":15,"ball":6},"bowlerId":76,"nonfacingBatsmanId":217,"facingBatsmanId":163,"autoText":"P Chawla to S Tiwary, %SPEED% good length on middle stump. He picks up a single","message":{"text":null},"tags":[],"timestamp":1431020407000,"id":1189456,"time":"17:39","updateTime":1431020373370,"sequence":343.5,"type":"Auto"},{"innings":2,"over":16,"overRuns":7,"overWickets":1,"inningsRuns":113,"inningsWickets":5,"inningsAllOut":false,"team":{"id":3,"fullName":"Delhi Daredevils","shortName":"Daredevils","abbreviation":"DD","primaryColor":"B22E2A","secondaryColor":"FFFFFF","type":"m"},"batsmanSummaries":[{"batsman":{"id":163,"fullName":"Saurabh Tiwary","shortName":"S Tiwary","nationality":"Indian","rightHandedBat":false,"dateOfBirth":630979200000,"names":["Saurabh Tiwary","S Tiwary"]},"runs":1,"balls":2,"fours":0,"sixes":0},{"batsman":{"id":217,"fullName":"Angelo Mathews","shortName":"A Mathews","nationality":"Sri Lankan","rightHandedBat":false,"dateOfBirth":549590400000,"names":["Angelo Mathews","A Mathews"]},"runs":7,"balls":6,"fours":1,"sixes":0}],"activeBatsman":163,"bowlerSummary":{"bowler":{"id":76,"fullName":"Piyush Chawla","shortName":"P Chawla","nationality":"Indian","rightHandedBat":false,"dateOfBirth":598924800000,"names":["Piyush Chawla","P Chawla"]},"overs":"4","runs":32,"wickets":4,"maidens":0},"inningsBalls":96,"inningsMaxBalls":120,"inningsTarget":172,"message":{"text":null},"tags":[],"timestamp":1431021084000,"id":1189457,"time":"17:39","updateTime":1431020373511,"sequence":344.5,"type":"Eov"},{"bbcode":"B Hogg to S Tiwary, %SPEED% good length going down leg. He picks up a single","thisOver":"1","progress":{"innings":2,"over":17,"ball":1},"speed":23.2766091201913,"subtype":"BBCode","countingProgress":{"innings":2,"over":16,"ball":1},"bowlerId":231,"nonfacingBatsmanId":217,"facingBatsmanId":163,"autoText":"B Hogg to S Tiwary, %SPEED% good length going down leg. He picks up a single","message":{"text":null},"tags":[],"timestamp":1431020591000,"id":1189458,"time":"17:40","updateTime":1431020453498,"sequence":345.5,"type":"Auto"},{"bbcode":"B Hogg to A Mathews, %SPEED% good length going down leg. He picks up two","thisOver":"2","progress":{"innings":2,"over":17,"ball":2},"speed":24.8620634567933,"subtype":"BBCode","countingProgress":{"innings":2,"over":16,"ball":2},"bowlerId":231,"nonfacingBatsmanId":163,"facingBatsmanId":217,"autoText":"B Hogg to A Mathews, %SPEED% good length going down leg. He picks up two","message":{"text":null},"tags":[],"timestamp":1431020541000,"id":1189459,"time":"17:41","updateTime":1431020503586,"sequence":346.5,"type":"Auto"},{"bbcode":"B Hogg to A Mathews. He hits a great shot, that has gone all the way","thisOver":"6","progress":{"innings":2,"over":17,"ball":3},"speed":-1.0,"subtype":"BBCode","countingProgress":{"innings":2,"over":16,"ball":3},"bowlerId":231,"nonfacingBatsmanId":163,"facingBatsmanId":217,"autoText":"B Hogg to A Mathews. He hits a great shot, that has gone all the way","message":{"text":null},"tags":["six"],"timestamp":1431020663000,"id":1189460,"time":"17:42","updateTime":1431020534456,"sequence":347.5,"type":"Auto"},{"bbcode":"[b]Six![/b] Mathews winds up and clears long on by some margin!","subtype":"BBCode","message":{"text":"<p><strong>Six!</strong> Mathews winds up and clears long on by some margin!</p>"},"tags":[],"timestamp":1431020549000,"id":1189461,"time":"17:42","updateTime":1431020549773,"sequence":348.5,"type":"Manual"},{"bbcode":"B Hogg to A Mathews, %SPEED% short length just outside off stump. He picks up a single","thisOver":"1","progress":{"innings":2,"over":17,"ball":4},"speed":25.5547409675207,"subtype":"BBCode","countingProgress":{"innings":2,"over":16,"ball":4},"bowlerId":231,"nonfacingBatsmanId":163,"facingBatsmanId":217,"autoText":"B Hogg to A Mathews, %SPEED% short length just outside off stump. He picks up a single","message":{"text":null},"tags":[],"timestamp":1431020664000,"id":1189462,"time":"17:43","updateTime":1431020613530,"sequence":349.5,"type":"Auto"}]}