{"squadId":462,"totalVotes":4113,"players":[{"id":182,"voteCount":3895,"fullName":"JP Duminy","shortName":"JP Duminy"},{"id":113,"voteCount":3794,"fullName":"Yuvraj Singh","shortName":"Y Singh"},{"id":1563,"voteCount":3643,"fullName":"Shreyas Iyer","shortName":"S Iyer"},{"id":165,"voteCount":3602,"fullName":"Zaheer Khan","shortName":"Z Khan"},{"id":898,"voteCount":3252,"fullName":"Imran Tahir","shortName":"I Tahir"},{"id":30,"voteCount":3233,"fullName":"Amit Mishra","shortName":"A Mishra"},{"id":297,"voteCount":2995,"fullName":"Kedar Jadhav","shortName":"K Jadhav"},{"id":158,"voteCount":2949,"fullName":"Mayank Agarwal","shortName":"M Agarwal"},{"id":840,"voteCount":2567,"fullName":"Nathan Coulter-Nile","shortName":"N Coulter-Nile"},{"id":26,"voteCount":2081,"fullName":"Albie Morkel","shortName":"A Morkel"},{"id":217,"voteCount":2050,"fullName":"Angelo Mathews","shortName":"A Mathews"},{"id":163,"voteCount":1870,"fullName":"Saurabh Tiwary","shortName":"S Tiwary"},{"id":94,"voteCount":1593,"fullName":"Mohammed Shami","shortName":"M Shami"},{"id":89,"voteCount":1495,"fullName":"Manoj Tiwary","shortName":"M Tiwary"},{"id":834,"voteCount":1347,"fullName":"Quinton de Kock","shortName":"Q de Kock"},{"id":57,"voteCount":468,"fullName":"Shahbaz Nadeem","shortName":"S Nadeem"},{"id":86,"voteCount":440,"fullName":"Jaidev Unadkat","shortName":"J Unadkat"},{"id":2736,"voteCount":341,"fullName":"Domnic Joseph","shortName":"D Joseph"},{"id":1740,"voteCount":321,"fullName":"Jayant Yadav","shortName":"J Yadav"},{"id":155,"voteCount":266,"fullName":"CM Gautam","shortName":"CM Gautam"},{"id":951,"voteCount":105,"fullName":"Gurinder Sandhu","shortName":"G Sandhu"},{"id":2734,"voteCount":85,"fullName":"Srikar Bharat","shortName":"S Bharat"},{"id":1020,"voteCount":69,"fullName":"Travis Head","shortName":"TM Head"},{"id":2735,"voteCount":57,"fullName":"KK Jiyas","shortName":"KK Jiyas"},{"id":964,"voteCount":51,"fullName":"Markus Stoinis","shortName":"MP Stoinis"}]}