{"squadId":464,"totalVotes":4457,"players":[{"id":84,"voteCount":4213,"fullName":"Gautam Gambhir","shortName":"G Gambhir"},{"id":127,"voteCount":4201,"fullName":"Robin Uthappa","shortName":"R Uthappa"},{"id":177,"voteCount":4114,"fullName":"Andre Russell","shortName":"A Russell"},{"id":96,"voteCount":4014,"fullName":"Yusuf Pathan","shortName":"Y Pathan"},{"id":123,"voteCount":3982,"fullName":"Manish Pandey","shortName":"M Pandey"},{"id":59,"voteCount":3871,"fullName":"Umesh Yadav","shortName":"U Yadav"},{"id":76,"voteCount":3750,"fullName":"Piyush Chawla","shortName":"P Chawla"},{"id":231,"voteCount":3541,"fullName":"Brad Hogg","shortName":"B Hogg"},{"id":108,"voteCount":3178,"fullName":"Suryakumar Yadav","shortName":"S Yadav"},{"id":200,"voteCount":2643,"fullName":"Ryan ten Doeschate","shortName":"R ten Doeschate"},{"id":169,"voteCount":2364,"fullName":"Morne Morkel","shortName":"M Morkel"},{"id":224,"voteCount":1259,"fullName":"Johan Botha","shortName":"J Botha"},{"id":203,"voteCount":1202,"fullName":"Sunil Narine","shortName":"S Narine"},{"id":261,"voteCount":956,"fullName":"Kuldeep Yadav","shortName":"K Yadav"},{"id":488,"voteCount":779,"fullName":"Pat Cummins","shortName":"P Cummins"},{"id":201,"voteCount":436,"fullName":"Shakib Al Hasan","shortName":"S Al Hasan"},{"id":194,"voteCount":336,"fullName":"Azhar Mahmood","shortName":"A Mahmood"},{"id":2743,"voteCount":328,"fullName":"KC Cariappa","shortName":"KC Cariappa"},{"id":149,"voteCount":251,"fullName":"Sumit Narwal","shortName":"S Narwal"},{"id":2742,"voteCount":214,"fullName":"Aditya Garhwal","shortName":"A Garhwal"},{"id":250,"voteCount":211,"fullName":"Veer Pratap Singh","shortName":"VP Singh"},{"id":1116,"voteCount":172,"fullName":"Sheldon Jackson","shortName":"S Jackson"},{"id":2744,"voteCount":147,"fullName":"Vaibhav Rawal","shortName":"V Rawal"}]}