{"squadId":461,"totalVotes":2873,"players":[{"id":1113,"voteCount":2540,"fullName":"Axar Patel","shortName":"A Patel"},{"id":16,"voteCount":2527,"fullName":"Wriddhiman Saha","shortName":"W Saha"},{"id":1112,"voteCount":2517,"fullName":"Sandeep Sharma","shortName":"Sandeep Sharma"},{"id":187,"voteCount":2453,"fullName":"David Miller","shortName":"D Miller"},{"id":45,"voteCount":2353,"fullName":"Virender Sehwag","shortName":"V Sehwag"},{"id":412,"voteCount":2286,"fullName":"Anureet Singh","shortName":"Anureet Singh"},{"id":7,"voteCount":2255,"fullName":"Murali Vijay","shortName":"M Vijay"},{"id":213,"voteCount":2252,"fullName":"Mitchell Johnson","shortName":"M Johnson"},{"id":19,"voteCount":2239,"fullName":"George Bailey","shortName":"G Bailey"},{"id":191,"voteCount":1912,"fullName":"Shaun Marsh","shortName":"S Marsh"},{"id":282,"voteCount":1761,"fullName":"Glenn Maxwell","shortName":"G Maxwell"},{"id":1085,"voteCount":1563,"fullName":"Manan Vohra","shortName":"M Vohra"},{"id":1088,"voteCount":1091,"fullName":"Rishi Dhawan","shortName":"R Dhawan"},{"id":254,"voteCount":567,"fullName":"Parvinder Awana","shortName":"P Awana"},{"id":1743,"voteCount":516,"fullName":"Karanveer Singh","shortName":"K Singh"},{"id":1744,"voteCount":272,"fullName":"Shivam Sharma","shortName":"Shivam Sharma"},{"id":215,"voteCount":223,"fullName":"Thisara Perera","shortName":"T Perera"},{"id":253,"voteCount":203,"fullName":"Gurkeerat Mann Singh","shortName":"GM Singh"},{"id":1745,"voteCount":157,"fullName":"Shardul Thakur","shortName":"S Thakur"},{"id":1752,"voteCount":108,"fullName":"Beuran Hendricks","shortName":"B Hendricks"},{"id":2732,"voteCount":82,"fullName":"Nikhil Naik","shortName":"N Naik"},{"id":2733,"voteCount":73,"fullName":"Yogesh Golwalkar","shortName":"Y Golwalkar"}]}