{"squadId":467,"totalVotes":2917,"players":[{"id":170,"voteCount":2492,"fullName":"David Warner","shortName":"D Warner"},{"id":41,"voteCount":2400,"fullName":"Shikhar Dhawan","shortName":"S Dhawan"},{"id":116,"voteCount":2362,"fullName":"Bhuvneshwar Kumar","shortName":"B Kumar"},{"id":52,"voteCount":2290,"fullName":"Naman Ojha","shortName":"N Ojha"},{"id":180,"voteCount":2215,"fullName":"Dale Steyn","shortName":"D Steyn"},{"id":77,"voteCount":2134,"fullName":"Praveen Kumar","shortName":"P Kumar"},{"id":1118,"voteCount":2103,"fullName":"Karn Sharma","shortName":"K Sharma"},{"id":1125,"voteCount":1891,"fullName":"Lokesh Rahul","shortName":"L Rahul"},{"id":969,"voteCount":1714,"fullName":"Trent Boult","shortName":"T Boult"},{"id":374,"voteCount":1628,"fullName":"Ravi Bopara","shortName":"R Bopara"},{"id":34,"voteCount":1098,"fullName":"Ashish Reddy","shortName":"AA Reddy"},{"id":440,"voteCount":941,"fullName":"Kane Williamson","shortName":"K Williamson"},{"id":1117,"voteCount":938,"fullName":"Hanuma Vihari","shortName":"H Vihari"},{"id":38,"voteCount":539,"fullName":"Ishant Sharma","shortName":"I Sharma"},{"id":197,"voteCount":473,"fullName":"Eoin Morgan","shortName":"E Morgan"},{"id":1093,"voteCount":471,"fullName":"Parveez Rasool","shortName":"P Rasool"},{"id":388,"voteCount":375,"fullName":"Moises Henriques","shortName":"M Henriques"},{"id":172,"voteCount":277,"fullName":"Kevin Pietersen","shortName":"K Pietersen"},{"id":69,"voteCount":257,"fullName":"Bipul Sharma","shortName":"B Sharma"},{"id":1555,"voteCount":171,"fullName":"Ricky Bhui","shortName":"R Bhui"},{"id":1086,"voteCount":147,"fullName":"Siddarth Kaul","shortName":"S Kaul"},{"id":1751,"voteCount":88,"fullName":"Chama Milind","shortName":"C Milind"},{"id":1122,"voteCount":72,"fullName":"Prasanth Padmanabhan","shortName":"P Padmanabhan"}]}