{"matchInfo":{"description":"Match 27","matchType":"IPLT20","teams":[{"id":3707,"players":[{"names":["Murali Vijay","M Vijay"],"dateOfBirth":449625600000,"id":7,"fullName":"Murali Vijay","shortName":"M Vijay","nationality":"Indian"},{"names":["Shaun Marsh","S Marsh"],"dateOfBirth":426556800000,"id":191,"fullName":"Shaun Marsh","shortName":"S Marsh","nationality":"Australian"},{"names":["Manan Vohra","M Vohra"],"rightHandedBat":true,"dateOfBirth":742953600000,"id":1085,"fullName":"Manan Vohra","shortName":"M Vohra","nationality":"Indian"},{"names":["George Bailey","G Bailey"],"dateOfBirth":400204800000,"id":19,"fullName":"George Bailey","shortName":"G Bailey","nationality":"Australian"},{"names":["David Miller","D Miller"],"dateOfBirth":613440000000,"id":187,"fullName":"David Miller","shortName":"D Miller","nationality":"South African"},{"names":["Wriddhiman Saha","W Saha"],"dateOfBirth":467424000000,"id":16,"fullName":"Wriddhiman Saha","shortName":"W Saha","nationality":"Indian"},{"names":["Axar Patel","A Patel"],"dateOfBirth":759024000000,"id":1113,"fullName":"Axar Patel","shortName":"A Patel","nationality":"Indian"},{"names":["Rishi Dhawan","R Dhawan"],"rightHandedBat":true,"dateOfBirth":635385600000,"id":1088,"fullName":"Rishi Dhawan","shortName":"R Dhawan","nationality":"Indian"},{"names":["Mitchell Johnson","M Johnson"],"rightHandedBat":true,"dateOfBirth":373507200000,"id":213,"fullName":"Mitchell Johnson","shortName":"M Johnson","nationality":"Australian"},{"names":["Anureet Singh","Anureet Singh"],"rightHandedBat":true,"dateOfBirth":383529600000,"id":412,"fullName":"Anureet Singh","shortName":"Anureet Singh","nationality":"Indian"},{"names":["Sandeep Sharma","Sandeep Sharma"],"rightHandedBat":true,"dateOfBirth":737683200000,"id":1112,"fullName":"Sandeep Sharma","shortName":"Sandeep Sharma","nationality":"Indian"}],"team":{"type":"m","fullName":"Kings XI Punjab","shortName":"Kings XI","abbreviation":"KXIP","primaryColor":"DA1F3D","secondaryColor":"FFFFFF","id":4},"wicketKeeper":{"names":["Wriddhiman Saha","W Saha"],"dateOfBirth":467424000000,"id":16,"fullName":"Wriddhiman Saha","shortName":"W Saha","nationality":"Indian"},"captain":{"names":["George Bailey","G Bailey"],"dateOfBirth":400204800000,"id":19,"fullName":"George Bailey","shortName":"G Bailey","nationality":"Australian"}},{"id":3706,"players":[{"names":["David Warner","D Warner"],"dateOfBirth":530755200000,"id":170,"fullName":"David Warner","shortName":"D Warner","nationality":"Australian"},{"names":["Shikhar Dhawan","S Dhawan"],"dateOfBirth":502588800000,"id":41,"fullName":"Shikhar Dhawan","shortName":"S Dhawan","nationality":"Indian"},{"names":["Naman Ojha","N Ojha"],"dateOfBirth":427507200000,"id":52,"fullName":"Naman Ojha","shortName":"N Ojha","nationality":"Indian"},{"names":["Ravi Bopara","R Bopara"],"rightHandedBat":true,"dateOfBirth":484012800000,"id":374,"fullName":"Ravi Bopara","shortName":"R Bopara","nationality":"English"},{"names":["Hanuma Vihari","H Vihari"],"rightHandedBat":true,"dateOfBirth":750470400000,"id":1117,"fullName":"Hanuma Vihari","shortName":"H Vihari","nationality":"Indian"},{"names":["Moises Henriques","M Henriques"],"rightHandedBat":true,"dateOfBirth":539136000000,"id":388,"fullName":"Moises Henriques","shortName":"M Henriques","nationality":"Australian"},{"names":["Ashish Reddy","AA Reddy"],"dateOfBirth":351820800000,"id":34,"fullName":"Ashish Reddy","shortName":"AA Reddy","nationality":"Indian"},{"names":["Karn Sharma","K Sharma"],"dateOfBirth":561945600000,"id":1118,"fullName":"Karn Sharma","shortName":"K Sharma","nationality":"Indian"},{"names":["Praveen Kumar","P Kumar"],"dateOfBirth":528595200000,"id":77,"fullName":"Praveen Kumar","shortName":"P Kumar","nationality":"Indian"},{"names":["Bhuvneshwar Kumar","B Kumar"],"dateOfBirth":660355200000,"id":116,"fullName":"Bhuvneshwar Kumar","shortName":"B Kumar","nationality":"Indian"},{"names":["Trent Boult","T Boult"],"rightHandedBat":true,"dateOfBirth":617068800000,"id":969,"fullName":"Trent Boult","shortName":"T Boult","nationality":"New Zealander"}],"team":{"type":"m","fullName":"Sunrisers Hyderabad","shortName":"Sunrisers","abbreviation":"SRH","primaryColor":"FF9C00","secondaryColor":"FFFFFF","id":62},"wicketKeeper":{"names":["Naman Ojha","N Ojha"],"dateOfBirth":427507200000,"id":52,"fullName":"Naman Ojha","shortName":"N Ojha","nationality":"Indian"},"captain":{"names":["David Warner","D Warner"],"dateOfBirth":530755200000,"id":170,"fullName":"David Warner","shortName":"D Warner","nationality":"Australian"}}],"venue":{"id":9,"country":"India","fullName":"Punjab Cricket Association Stadium","shortName":"PCA Stadium","city":"Mohali"},"matchDate":"2015-04-27T20:00:00+0530","battingOrder":[1,0],"additionalInfo":{"toss.elected":"Kings XI Punjab, who chose to field","match.video.id":"4199591665001","stats.link":"http://www.iplt20.com/news/2015/more-news/6352/quick-stats-m27-kxip-vs-srh","match.summary":"","photostream.link":"http://www.iplt20.com/photos/275/ipl-2015-match-27-kxip-v-srh","mom.video.id":"4199591673001","home.team.fan.total":"6063","notes.1.1":"Powerplay - 56 runs, 2 wickets","away.team.fan.total":"5232","notes.1.2":"SRH: 50 runs in 5.1 overs","umpire.name.3":"Simon Fry","notes.1.3":"David Warner: 50 off 35 balls (9 x fours, 1 x six)","umpire.name.4":"O Nandan","umpire.name.1":"Kumar Dharmasena","notes.1.4":"SRH: 100 runs in 14.3 overs","umpire.name.2":"Chris Gaffaney","notes.1.5":"SRH: 150 runs in 19.6 overs","notes.1.6":"Innings Break: SRH - 150/6 in 20 overs","highlights.link":"http://www.iplt20.com/videos/media/id/4199591665001/m27-kxip-vs-srh-match-highlights","result.playerofthematch":"Trent Boult","mom.video.thumb":"http://brightcove.vo.llnwd.net/v1/unsecured/media/3588749423001/201504/3008/3588749423001_4199747914001_video-still-for-video-4199591673001.jpg?pubId=3588749423001","interview.link":"http://www.iplt20.com/news/2015/features/6354/important-to-keep-batsmen-guessing-henriques","sixes.video.id":"4199591665001","interview.thumb":"http://static2.iplt20.com/cms/media/images/320x213/38724.jpg","referee.name":"Roshan Mahanama","match.video.thumb":"http://brightcove.vo.llnwd.net/v1/unsecured/media/3588749423001/201504/664/3588749423001_4199705589001_video-still-for-video-4199591665001.jpg?pubId=3588749423001","stats.thumb":"http://static2.iplt20.com/cms/media/images/320x213/38723.jpg","toss.winner":"Kings XI Punjab","sixes.video.thumb":"http://brightcove.vo.llnwd.net/v1/unsecured/media/3588749423001/201504/632/3588749423001_4199705567001_video-still-for-video-4199591658001.jpg?pubId=3588749423001","notes.2.3":"KXIP: 100 runs in 15.6 overs","report.thumb":"http://static2.iplt20.com/cms/media/images/320x213/38718.jpg","notes.2.1":"Powerplay - 36 runs, 2 wickets","report.link":"http://www.iplt20.com/news/2015/match-reports/6346/report-m27-kxip-vs-srh","notes.2.2":"KXIP: 50 runs in 8.1 overs"},"oversLimit":20,"matchState":"C","isLimitedOvers":true,"matchStatus":{"text":"Sunrisers Hyderabad won by 20 runs","outcome":"B"},"matchSummary":"","tournamentLabel":"IPL 2015"},"matchId":{"tournamentId":{"name":"ipl2015","id":2785},"name":"ipl2015-27","id":3252,"parentId":{"name":"ipl2015","id":2785}},"innings":[{"inningsNumber":1,"scorecard":{"runs":150,"extras":{"legByeRuns":1},"battingStats":[{"mod":{"text":"c David Miller b Axar Patel","dismissedBp":{"over":10,"innings":1,"ball":5},"countingBp":{"over":10,"innings":1,"ball":5},"bowlerId":1113,"additionalPlayerIds":[187],"dismissedMethod":"ct"},"playerId":170,"r":58,"b":41,"sr":"141.46","4s":10,"6s":1},{"mod":{"text":"c Murali Vijay b Mitchell Johnson","dismissedBp":{"over":2,"innings":1,"ball":5},"countingBp":{"over":2,"innings":1,"ball":5},"bowlerId":213,"additionalPlayerIds":[7],"dismissedMethod":"ct"},"playerId":41,"r":1,"b":2,"sr":"50.00","4s":0,"6s":0},{"mod":{"text":"c Manan Vohra b Anureet Singh","dismissedBp":{"over":6,"innings":1,"ball":6},"countingBp":{"over":6,"innings":1,"ball":6},"bowlerId":412,"additionalPlayerIds":[1085],"dismissedMethod":"ct"},"playerId":1117,"r":9,"b":8,"sr":"112.50","4s":2,"6s":0},{"mod":{"text":"b Sandeep Sharma","dismissedBp":{"over":20,"innings":1,"ball":2},"countingBp":{"over":20,"innings":1,"ball":2},"bowlerId":1112,"dismissedMethod":"b"},"playerId":388,"r":30,"b":32,"sr":"93.75","4s":1,"6s":0},{"mod":{"text":"c David Miller b Axar Patel","dismissedBp":{"over":17,"innings":1,"ball":4},"countingBp":{"over":17,"innings":1,"ball":4},"bowlerId":1113,"additionalPlayerIds":[187],"dismissedMethod":"ct"},"playerId":52,"r":28,"b":26,"sr":"107.69","4s":3,"6s":0},{"mod":{"text":"c Wriddhiman Saha b Mitchell Johnson","dismissedBp":{"over":18,"innings":1,"ball":2},"countingBp":{"over":18,"innings":1,"ball":2},"bowlerId":213,"additionalPlayerIds":[16],"dismissedMethod":"ct"},"playerId":374,"r":0,"b":2,"sr":"0.00","4s":0,"6s":0},{"playerId":34,"r":22,"b":8,"sr":"275.00","4s":1,"6s":2},{"playerId":1118,"r":1,"b":1,"sr":"100.00","4s":0,"6s":0}],"bowlingStats":[{"playerId":1112,"r":35,"w":1,"ov":"4","e":"8.75","nb":0,"d":14,"maid":1,"wd":0},{"playerId":213,"r":39,"w":2,"ov":"4","e":"9.75","nb":0,"d":7,"maid":0,"wd":0},{"playerId":412,"r":27,"w":1,"ov":"4","e":"6.75","nb":0,"d":9,"maid":0,"wd":0},{"playerId":7,"r":16,"w":0,"ov":"3","e":"5.33","nb":0,"d":3,"maid":0,"wd":0},{"playerId":1113,"r":25,"w":2,"ov":"4","e":"6.25","nb":0,"d":8,"maid":0,"wd":0},{"playerId":1088,"r":7,"w":0,"ov":"1","e":"7.00","nb":0,"d":2,"maid":0,"wd":0}],"wkts":6,"fow":[{"bp":{"over":2,"innings":1,"ball":5},"playerId":41,"r":10,"w":1},{"bp":{"over":6,"innings":1,"ball":6},"playerId":1117,"r":56,"w":2},{"bp":{"over":10,"innings":1,"ball":5},"playerId":170,"r":76,"w":3},{"bp":{"over":17,"innings":1,"ball":4},"playerId":52,"r":121,"w":4},{"bp":{"over":18,"innings":1,"ball":2},"playerId":374,"r":123,"w":5},{"bp":{"over":20,"innings":1,"ball":2},"playerId":388,"r":136,"w":6}]},"overProgress":"20","runRate":"7.50","overHistory":[{"ovNo":1,"ovBalls":[".",".",".",".",".","."]},{"ovNo":2,"ovBalls":["1","4","4","1","W","."]},{"ovNo":3,"ovBalls":[".",".",".","4",".","1"]},{"ovNo":4,"ovBalls":["4","6","4","1",".","."]},{"ovNo":5,"ovBalls":["4",".","4","4",".","4"]},{"ovNo":6,"ovBalls":["4","1","1Lb",".","4","W"]},{"ovNo":7,"ovBalls":["1",".","1","1","1","1"]},{"ovNo":8,"ovBalls":["1",".","1","1",".","1"]},{"ovNo":9,"ovBalls":[".","2",".","1","1","1"]},{"ovNo":10,"ovBalls":["4","1",".","1","W","."]},{"ovNo":11,"ovBalls":["1","1","1","1","1","1"]},{"ovNo":12,"ovBalls":[".",".",".","1","1","1"]},{"ovNo":13,"ovBalls":["4","1",".","1",".","1"]},{"ovNo":14,"ovBalls":["1","1","1","1",".","2"]},{"ovNo":15,"ovBalls":[".","1","1","1","2","1"]},{"ovNo":16,"ovBalls":["1","1","4",".","4","."]},{"ovNo":17,"ovBalls":["4","2","1","W","2","."]},{"ovNo":18,"ovBalls":[".","W","2","4","1","1"]},{"ovNo":19,"ovBalls":[".","1","1","1","1","1"]},{"ovNo":20,"ovBalls":[".","W","1","6","6","1"]}]},{"inningsNumber":2,"scorecard":{"runs":130,"extras":{"wideRuns":5,"legByeRuns":2},"battingStats":[{"mod":{"text":"run out (Hanuma Vihari)","dismissedBp":{"over":9,"innings":2,"ball":2},"countingBp":{"over":9,"innings":2,"ball":2},"bowlerId":1118,"additionalPlayerIds":[1117],"dismissedMethod":"ro"},"playerId":7,"r":12,"b":16,"sr":"75.00","4s":0,"6s":0},{"mod":{"text":"b Trent Boult","dismissedBp":{"over":3,"innings":2,"ball":2},"countingBp":{"over":3,"innings":2,"ball":2},"bowlerId":969,"dismissedMethod":"b"},"playerId":1085,"r":5,"b":9,"sr":"55.55","4s":1,"6s":0},{"mod":{"text":"b Bhuvneshwar Kumar","dismissedBp":{"over":4,"innings":2,"ball":1},"countingBp":{"over":4,"innings":2,"ball":1},"bowlerId":116,"dismissedMethod":"b"},"playerId":191,"r":1,"b":4,"sr":"25.00","4s":0,"6s":0},{"mod":{"text":"c Karn Sharma b Moises Henriques","dismissedBp":{"over":8,"innings":2,"ball":3},"countingBp":{"over":8,"innings":2,"ball":3},"bowlerId":388,"additionalPlayerIds":[1118],"dismissedMethod":"ct"},"playerId":19,"r":22,"b":16,"sr":"137.50","4s":3,"6s":0},{"mod":{"text":"c Trent Boult b Karn Sharma","dismissedBp":{"over":13,"innings":2,"ball":2},"countingBp":{"over":13,"innings":2,"ball":2},"bowlerId":1118,"additionalPlayerIds":[969],"dismissedMethod":"ct"},"playerId":187,"r":15,"b":14,"sr":"107.14","4s":1,"6s":0},{"mod":{"text":"c Praveen Kumar b Trent Boult","dismissedBp":{"over":18,"innings":2,"ball":6},"countingBp":{"over":18,"innings":2,"ball":6},"bowlerId":969,"additionalPlayerIds":[77],"dismissedMethod":"ct"},"playerId":16,"r":42,"b":33,"sr":"127.27","4s":2,"6s":1},{"mod":{"text":"b Trent Boult","dismissedBp":{"over":18,"innings":2,"ball":1},"countingBp":{"over":18,"innings":2,"ball":1},"bowlerId":969,"dismissedMethod":"b"},"playerId":1113,"r":17,"b":13,"sr":"130.76","4s":0,"6s":1},{"mod":{"text":"lbw Bhuvneshwar Kumar","dismissedBp":{"over":19,"innings":2,"ball":5},"countingBp":{"over":19,"innings":2,"ball":5},"bowlerId":116,"dismissedMethod":"lbw"},"playerId":1088,"r":4,"b":6,"sr":"66.66","4s":0,"6s":0},{"playerId":213,"r":4,"b":6,"sr":"66.66","4s":0,"6s":0},{"mod":{"text":"c David Warner b Praveen Kumar","dismissedBp":{"over":20,"innings":2,"ball":3},"countingBp":{"over":20,"innings":2,"ball":3},"bowlerId":77,"additionalPlayerIds":[170],"dismissedMethod":"ct"},"playerId":412,"r":0,"b":2,"sr":"0.00","4s":0,"6s":0},{"playerId":1112,"r":1,"b":1,"sr":"100.00","4s":0,"6s":0}],"bowlingStats":[{"playerId":969,"r":19,"w":3,"ov":"4","e":"4.75","nb":0,"d":14,"maid":0,"wd":2},{"playerId":116,"r":23,"w":2,"ov":"4","e":"5.75","nb":0,"d":12,"maid":0,"wd":1},{"playerId":77,"r":34,"w":1,"ov":"4","e":"8.50","nb":0,"d":6,"maid":0,"wd":2},{"playerId":1118,"r":22,"w":1,"ov":"4","e":"5.50","nb":0,"d":6,"maid":0,"wd":0},{"playerId":388,"r":30,"w":1,"ov":"4","e":"7.50","nb":0,"d":5,"maid":0,"wd":0}],"wkts":9,"fow":[{"bp":{"over":3,"innings":2,"ball":2},"playerId":1085,"r":10,"w":1},{"bp":{"over":4,"innings":2,"ball":1},"playerId":191,"r":13,"w":2},{"bp":{"over":8,"innings":2,"ball":3},"playerId":19,"r":45,"w":3},{"bp":{"over":9,"innings":2,"ball":2},"playerId":7,"r":53,"w":4},{"bp":{"over":13,"innings":2,"ball":2},"playerId":187,"r":72,"w":5},{"bp":{"over":18,"innings":2,"ball":1},"playerId":1113,"r":116,"w":6},{"bp":{"over":18,"innings":2,"ball":6},"playerId":16,"r":123,"w":7},{"bp":{"over":19,"innings":2,"ball":5},"playerId":1088,"r":126,"w":8},{"bp":{"over":20,"innings":2,"ball":3},"playerId":412,"r":127,"w":9}]},"overProgress":"20","runRate":"6.50","overHistory":[{"ovNo":1,"ovBalls":[".","3",".","1",".","."]},{"ovNo":2,"ovBalls":["4","1Wd",".",".",".",".","."]},{"ovNo":3,"ovBalls":["1","W","1Wd","1Wd",".",".","1","."]},{"ovNo":4,"ovBalls":["W","1","1",".","1","1"]},{"ovNo":5,"ovBalls":[".",".","2","1","1","."]},{"ovNo":6,"ovBalls":["4","1Wd",".","1Wd","4",".","4","1"]},{"ovNo":7,"ovBalls":["1","1",".","1","1","2"]},{"ovNo":8,"ovBalls":["1","2","W","2",".","1"]},{"ovNo":9,"ovBalls":["4","1W","1","1",".","1"]},{"ovNo":10,"ovBalls":[".","1","1","1Lb","1","1"]},{"ovNo":11,"ovBalls":[".","1","1","1",".","1"]},{"ovNo":12,"ovBalls":["1","2","1","1",".","1"]},{"ovNo":13,"ovBalls":["1","W","1","1",".","1"]},{"ovNo":14,"ovBalls":["1",".","1","1",".","1"]},{"ovNo":15,"ovBalls":["2","1","2","2","1","6"]},{"ovNo":16,"ovBalls":["2","2","1","1",".","6"]},{"ovNo":17,"ovBalls":["2","1","4","2","1","1"]},{"ovNo":18,"ovBalls":["W","2",".","1","4","W"]},{"ovNo":19,"ovBalls":["1Lb",".","1","1","W","."]},{"ovNo":20,"ovBalls":[".","1","W","1","1","1"]}]}],"currentState":{"phase":"C","facingBatsman":213,"nonFacingBatsman":1112,"currentInningsIndex":1,"currentPartnership":3,"currentBowler":-1,"currentBatsmen":[213,1112],"recentOvers":[{"ovNo":15,"ovBalls":["2","1","2","2","1","6"]},{"ovNo":16,"ovBalls":["2","2","1","1",".","6"]},{"ovNo":17,"ovBalls":["2","1","4","2","1","1"]},{"ovNo":18,"ovBalls":["W","2",".","1","4","W"]},{"ovNo":19,"ovBalls":["1Lb",".","1","1","W","."]},{"ovNo":20,"ovBalls":[".","1","W","1","1","1"]}]}}