{"fragment":7,"updateTime":1429379477000,"matchId":{"id":3239,"name":"ipl2015-14 - KXIP vs. KKR","matchIdName":"ipl2015-14"},"commentaries":[{"bbcode":"T Perera to A Russell. He picks up a single","thisOver":"1","progress":{"innings":2,"over":12,"ball":7},"subtype":"BBCode","countingProgress":{"innings":2,"over":11,"ball":6},"bowlerId":215,"nonfacingBatsmanId":96,"facingBatsmanId":177,"autoText":"T Perera to A Russell. He picks up a single","message":{"text":null},"tags":[],"timestamp":1429378041000,"id":1165367,"time":"17:22","updateTime":1429377731894,"sequence":300.0,"type":"Auto"},{"innings":2,"over":12,"overRuns":7,"overWickets":0,"inningsRuns":84,"inningsWickets":5,"inningsAllOut":false,"team":{"id":5,"fullName":"Kolkata Knight Riders","shortName":"Knight Riders","abbreviation":"KKR","primaryColor":"6F2C91","secondaryColor":"FFFFFF","type":"m"},"batsmanSummaries":[{"batsman":{"id":177,"fullName":"Andre Russell","shortName":"A Russell","nationality":"West Indian","rightHandedBat":false,"dateOfBirth":578275200000,"names":["Andre Russell","A Russell"]},"runs":19,"balls":16,"fours":4,"sixes":0},{"batsman":{"id":96,"fullName":"Yusuf Pathan","shortName":"Y Pathan","nationality":"Indian","rightHandedBat":false,"dateOfBirth":406339200000,"names":["Yusuf Pathan","Y Pathan"]},"runs":4,"balls":10,"fours":0,"sixes":0}],"activeBatsman":177,"bowlerSummary":{"bowler":{"id":215,"fullName":"Thisara Perera","shortName":"T Perera","nationality":"Sri Lankan","rightHandedBat":true,"dateOfBirth":607564800000,"names":["Thisara Perera","T Perera"]},"overs":"3","runs":19,"wickets":1,"maidens":0},"inningsBalls":72,"inningsMaxBalls":120,"inningsTarget":156,"message":{"text":null},"tags":[],"timestamp":1429377732000,"id":1165368,"time":"17:22","updateTime":1429377732095,"sequence":301.0,"type":"Eov"},{"bbcode":"A Patel to A Russell, %SPEED% good length going down leg. He hits a nice boundary","thisOver":"4","progress":{"innings":2,"over":13,"ball":1},"speed":27.4889210982465,"subtype":"BBCode","countingProgress":{"innings":2,"over":12,"ball":1},"bowlerId":1113,"nonfacingBatsmanId":96,"facingBatsmanId":177,"autoText":"A Patel to A Russell, %SPEED% good length going down leg. He hits a nice boundary","message":{"text":null},"tags":["four"],"timestamp":1429377851000,"id":1165369,"time":"17:23","updateTime":1429377786727,"sequence":302.0,"type":"Auto"},{"bbcode":"Four! Axar goes full, and Russell mows it through mid-wicket for four","subtype":"BBCode","message":{"text":"<p>Four! Axar goes full, and Russell mows it through mid-wicket for four</p>"},"tags":[],"timestamp":1429377878000,"id":1165370,"time":"17:23","updateTime":1429377801917,"sequence":303.0,"type":"Manual"},{"bbcode":"A Patel to A Russell, %SPEED% good length on leg stump. He hits a great shot, that has gone all the way","thisOver":"6","progress":{"innings":2,"over":13,"ball":2},"speed":27.6235342786295,"subtype":"BBCode","countingProgress":{"innings":2,"over":12,"ball":2},"bowlerId":1113,"nonfacingBatsmanId":96,"facingBatsmanId":177,"autoText":"A Patel to A Russell, %SPEED% good length on leg stump. He hits a great shot, that has gone all the way","message":{"text":null},"tags":["six"],"timestamp":1429377851000,"id":1165371,"time":"17:23","updateTime":1429377819866,"sequence":304.0,"type":"Auto"},{"bbcode":"[b]Six! [/b]Down on one knee and that's a monster! What a shot over mid-wicket","subtype":"BBCode","message":{"text":"<p><strong>Six!&nbsp;</strong>Down on one knee and that's a monster! What a shot over mid-wicket</p>"},"tags":[],"timestamp":1429377900000,"id":1165372,"time":"17:23","updateTime":1429377831493,"sequence":305.0,"type":"Manual"},{"bbcode":"[b]HD Ackerman: [/b][i]\"Russell's playing one of those innings where he smashes it or misses it\"[/i]","subtype":"BBCode","message":{"text":"<p><strong>HD Ackerman:&nbsp;</strong><em>\"Russell's playing one of those innings where he smashes it or misses it\"</em></p>"},"tags":[],"timestamp":1429377931000,"id":1165376,"time":"17:25","updateTime":1429377924028,"sequence":305.5,"type":"Manual"},{"bbcode":"A Patel to A Russell, %SPEED% short length outside off stump. He hits a nice boundary","thisOver":"4","progress":{"innings":2,"over":13,"ball":3},"speed":25.5667731139525,"subtype":"BBCode","countingProgress":{"innings":2,"over":12,"ball":3},"bowlerId":1113,"nonfacingBatsmanId":96,"facingBatsmanId":177,"autoText":"A Patel to A Russell, %SPEED% short length outside off stump. He hits a nice boundary","message":{"text":null},"tags":["four"],"timestamp":1429377912000,"id":1165373,"time":"17:24","updateTime":1429377858317,"sequence":306.0,"type":"Auto"},{"bbcode":"Four! Bit of width this time, and the pressure's on Axar. Russell cuts it through point, and the run rate is dropping rapidly","subtype":"BBCode","message":{"text":"<p>Four! Bit of width this time, and the pressure's on Axar. Russell cuts it through point, and the run rate is dropping rapidly</p>"},"tags":[],"timestamp":1429377957000,"id":1165374,"time":"17:24","updateTime":1429377880883,"sequence":307.0,"type":"Manual"},{"bbcode":"A Patel to A Russell, %SPEED% good length just outside off stump. He picks up two","thisOver":"2","progress":{"innings":2,"over":13,"ball":4},"speed":28.7500681490207,"subtype":"BBCode","countingProgress":{"innings":2,"over":12,"ball":4},"bowlerId":1113,"nonfacingBatsmanId":96,"facingBatsmanId":177,"autoText":"A Patel to A Russell, %SPEED% good length just outside off stump. He picks up two","message":{"text":null},"tags":[],"timestamp":1429377982000,"id":1165375,"time":"17:25","updateTime":1429377903519,"sequence":308.0,"type":"Auto"},{"bbcode":"A Patel to A Russell, %SPEED% full length just outside off stump. He picks up two","thisOver":"2","progress":{"innings":2,"over":13,"ball":5},"speed":28.502464290787,"subtype":"BBCode","countingProgress":{"innings":2,"over":12,"ball":5},"bowlerId":1113,"nonfacingBatsmanId":96,"facingBatsmanId":177,"autoText":"A Patel to A Russell, %SPEED% full length just outside off stump. He picks up two","message":{"text":null},"tags":[],"timestamp":1429377982000,"id":1165377,"time":"17:25","updateTime":1429377930156,"sequence":310.0,"type":"Auto"},{"bbcode":"A Patel to A Russell, %SPEED% full length going down leg. He picks up a single","thisOver":"1","progress":{"innings":2,"over":13,"ball":6},"speed":27.7642254366693,"subtype":"BBCode","countingProgress":{"innings":2,"over":12,"ball":6},"bowlerId":1113,"nonfacingBatsmanId":96,"facingBatsmanId":177,"autoText":"A Patel to A Russell, %SPEED% full length going down leg. He picks up a single","message":{"text":null},"tags":[],"timestamp":1429377982000,"id":1165379,"time":"17:25","updateTime":1429377948982,"sequence":311.0,"type":"Auto"},{"innings":2,"over":13,"overRuns":19,"overWickets":0,"inningsRuns":103,"inningsWickets":5,"inningsAllOut":false,"team":{"id":5,"fullName":"Kolkata Knight Riders","shortName":"Knight Riders","abbreviation":"KKR","primaryColor":"6F2C91","secondaryColor":"FFFFFF","type":"m"},"batsmanSummaries":[{"batsman":{"id":177,"fullName":"Andre Russell","shortName":"A Russell","nationality":"West Indian","rightHandedBat":false,"dateOfBirth":578275200000,"names":["Andre Russell","A Russell"]},"runs":38,"balls":22,"fours":6,"sixes":1},{"batsman":{"id":96,"fullName":"Yusuf Pathan","shortName":"Y Pathan","nationality":"Indian","rightHandedBat":false,"dateOfBirth":406339200000,"names":["Yusuf Pathan","Y Pathan"]},"runs":4,"balls":10,"fours":0,"sixes":0}],"activeBatsman":177,"bowlerSummary":{"bowler":{"id":1113,"fullName":"Axar Patel","shortName":"A Patel","nationality":"Indian","rightHandedBat":false,"dateOfBirth":759024000000,"names":["Axar Patel","A Patel"]},"overs":"2","runs":22,"wickets":0,"maidens":0},"inningsBalls":78,"inningsMaxBalls":120,"inningsTarget":156,"message":{"text":null},"tags":[],"timestamp":1429377949000,"id":1165380,"time":"17:25","updateTime":1429377949229,"sequence":312.0,"type":"Eov"},{"bbcode":"What an over from a KKR perspective. Russell seems intent on winning this match on his own.","subtype":"BBCode","message":{"text":"<p>What an over from a KKR perspective. Russell seems intent on winning this match on his own.</p>"},"tags":[],"timestamp":1429378076000,"id":1165381,"time":"17:26","updateTime":1429377987983,"sequence":313.0,"type":"Manual"},{"bbcode":"M Johnson to A Russell, %SPEED% full length outside off stump. He hits a nice boundary","thisOver":"4","progress":{"innings":2,"over":14,"ball":1},"speed":33.2082769812091,"subtype":"BBCode","countingProgress":{"innings":2,"over":13,"ball":1},"bowlerId":213,"nonfacingBatsmanId":96,"facingBatsmanId":177,"autoText":"M Johnson to A Russell, %SPEED% full length outside off stump. He hits a nice boundary","message":{"text":null},"tags":["four"],"timestamp":1429378093000,"id":1165382,"time":"17:26","updateTime":1429378018883,"sequence":314.0,"type":"Auto"},{"bbcode":"Four! Slashed hard, and it's flown past point for four","subtype":"BBCode","message":{"text":"<p>Four! Slashed hard, and it's flown past point for four</p>"},"tags":[],"timestamp":1429378099000,"id":1165383,"time":"17:27","updateTime":1429378062160,"sequence":315.0,"type":"Manual"},{"bbcode":"M Johnson to A Russell, %SPEED% full length just outside off stump. He picks up a single","thisOver":"1","progress":{"innings":2,"over":14,"ball":2},"speed":39.9790777570148,"subtype":"BBCode","countingProgress":{"innings":2,"over":13,"ball":2},"bowlerId":213,"nonfacingBatsmanId":96,"facingBatsmanId":177,"autoText":"M Johnson to A Russell, %SPEED% full length just outside off stump. He picks up a single","message":{"text":null},"tags":[],"timestamp":1429378164000,"id":1165384,"time":"17:28","updateTime":1429378086446,"sequence":316.0,"type":"Auto"},{"bbcode":"M Johnson to Y Pathan, %SPEED% good length on off stump. He hits a nice boundary","thisOver":"4","progress":{"innings":2,"over":14,"ball":3},"speed":41.2286195160909,"subtype":"BBCode","countingProgress":{"innings":2,"over":13,"ball":3},"bowlerId":213,"nonfacingBatsmanId":177,"facingBatsmanId":96,"autoText":"M Johnson to Y Pathan, %SPEED% good length on off stump. He hits a nice boundary","message":{"text":null},"tags":["four"],"timestamp":1429378170000,"id":1165385,"time":"17:28","updateTime":1429378121177,"sequence":317.0,"type":"Auto"},{"bbcode":"Four! And now the Bearded Beast has joined in! Beautiful straight drive from Yusuf, and the runs just keep flowing","subtype":"BBCode","message":{"text":"<p>Four! And now the Bearded Beast has joined in! Beautiful straight drive from Yusuf, and the runs just keep flowing</p>"},"tags":[],"timestamp":1429378206000,"id":1165386,"time":"17:28","updateTime":1429378133288,"sequence":318.0,"type":"Manual"},{"bbcode":"M Johnson to Y Pathan, no run, %SPEED% full length on middle stump. He doesn't offer a shot","thisOver":".","progress":{"innings":2,"over":14,"ball":4},"speed":39.6064586216443,"subtype":"BBCode","countingProgress":{"innings":2,"over":13,"ball":4},"bowlerId":213,"nonfacingBatsmanId":177,"facingBatsmanId":96,"autoText":"M Johnson to Y Pathan, no run, %SPEED% full length on middle stump. He doesn't offer a shot","message":{"text":null},"tags":[],"timestamp":1429378214000,"id":1165387,"time":"17:29","updateTime":1429378166307,"sequence":319.0,"type":"Auto"},{"bbcode":"M Johnson to Y Pathan, %SPEED% full toss outside off stump. He picks up a single","thisOver":"1","progress":{"innings":2,"over":14,"ball":5},"speed":39.6934011082758,"subtype":"BBCode","countingProgress":{"innings":2,"over":13,"ball":5},"bowlerId":213,"nonfacingBatsmanId":177,"facingBatsmanId":96,"autoText":"M Johnson to Y Pathan, %SPEED% full toss outside off stump. He picks up a single","message":{"text":null},"tags":[],"timestamp":1429378275000,"id":1165388,"time":"17:30","updateTime":1429378204962,"sequence":320.0,"type":"Auto"},{"bbcode":"M Johnson to A Russell, no run. He doesn't offer a shot","thisOver":".","progress":{"innings":2,"over":14,"ball":6},"speed":-1.0,"subtype":"BBCode","countingProgress":{"innings":2,"over":13,"ball":6},"bowlerId":213,"nonfacingBatsmanId":96,"facingBatsmanId":177,"autoText":"M Johnson to A Russell, no run. He doesn't offer a shot","message":{"text":null},"tags":[],"timestamp":1429378321000,"id":1165389,"time":"17:30","updateTime":1429378245198,"sequence":321.0,"type":"Auto"},{"bbcode":"Missed run out! Massive mix up between the batsmen, but Axar's throw is wild and misses","subtype":"BBCode","message":{"text":"<p>Missed run out! Massive mix up between the batsmen, but Axar's throw is wild and misses</p>"},"tags":[],"timestamp":1429378359000,"id":1165392,"time":"17:32","updateTime":1429378357464,"sequence":321.5,"type":"Manual"},{"innings":2,"over":14,"overRuns":10,"overWickets":0,"inningsRuns":113,"inningsWickets":5,"inningsAllOut":false,"team":{"id":5,"fullName":"Kolkata Knight Riders","shortName":"Knight Riders","abbreviation":"KKR","primaryColor":"6F2C91","secondaryColor":"FFFFFF","type":"m"},"batsmanSummaries":[{"batsman":{"id":177,"fullName":"Andre Russell","shortName":"A Russell","nationality":"West Indian","rightHandedBat":false,"dateOfBirth":578275200000,"names":["Andre Russell","A Russell"]},"runs":43,"balls":25,"fours":7,"sixes":1},{"batsman":{"id":96,"fullName":"Yusuf Pathan","shortName":"Y Pathan","nationality":"Indian","rightHandedBat":false,"dateOfBirth":406339200000,"names":["Yusuf Pathan","Y Pathan"]},"runs":9,"balls":13,"fours":1,"sixes":0}],"activeBatsman":96,"bowlerSummary":{"bowler":{"id":213,"fullName":"Mitchell Johnson","shortName":"M Johnson","nationality":"Australian","rightHandedBat":true,"dateOfBirth":373507200000,"names":["Mitchell Johnson","M Johnson"]},"overs":"3","runs":34,"wickets":0,"maidens":0},"inningsBalls":84,"inningsMaxBalls":120,"inningsTarget":156,"message":{"text":null},"tags":[],"timestamp":1429378245000,"id":1165390,"time":"17:30","updateTime":1429378245365,"sequence":322.0,"type":"Eov"},{"bbcode":"Anureet Singh to Y Pathan, no run, %SPEED% good length on off stump. He doesn't offer a shot","thisOver":".","progress":{"innings":2,"over":15,"ball":1},"speed":36.9343964195631,"subtype":"BBCode","countingProgress":{"innings":2,"over":14,"ball":1},"bowlerId":412,"nonfacingBatsmanId":177,"facingBatsmanId":96,"autoText":"Anureet Singh to Y Pathan, no run, %SPEED% good length on off stump. He doesn't offer a shot","message":{"text":null},"tags":[],"timestamp":1429378396000,"id":1165391,"time":"17:32","updateTime":1429378352370,"sequence":323.0,"type":"Auto"},{"bbcode":"Anureet Singh to Y Pathan, %SPEED% full toss on middle stump. He hits a nice boundary","thisOver":"4","progress":{"innings":2,"over":15,"ball":2},"speed":37.7139855425608,"subtype":"BBCode","countingProgress":{"innings":2,"over":14,"ball":2},"bowlerId":412,"nonfacingBatsmanId":177,"facingBatsmanId":96,"autoText":"Anureet Singh to Y Pathan, %SPEED% full toss on middle stump. He hits a nice boundary","message":{"text":null},"tags":["four"],"timestamp":1429378447000,"id":1165394,"time":"17:32","updateTime":1429378379128,"sequence":324.0,"type":"Auto"},{"bbcode":"Four! Lovely placement by Yusuf, as he flicks it through square leg for four","subtype":"BBCode","message":{"text":"<p>Four! Lovely placement by Yusuf, as he flicks it through square leg for four</p>"},"tags":[],"timestamp":1429378467000,"id":1165396,"time":"17:34","updateTime":1429378451004,"sequence":324.5,"type":"Manual"},{"bbcode":"Anureet Singh to Y Pathan, %SPEED% short length just outside off stump. He picks up a single","thisOver":"1","progress":{"innings":2,"over":15,"ball":3},"speed":35.4448703553609,"subtype":"BBCode","countingProgress":{"innings":2,"over":14,"ball":3},"bowlerId":412,"nonfacingBatsmanId":177,"facingBatsmanId":96,"autoText":"Anureet Singh to Y Pathan, %SPEED% short length just outside off stump. He picks up a single","message":{"text":null},"tags":[],"timestamp":1429378447000,"id":1165395,"time":"17:33","updateTime":1429378416118,"sequence":325.0,"type":"Auto"},{"bbcode":"Anureet Singh to A Russell, %SPEED% full toss outside off stump. He picks up two","thisOver":"2","progress":{"innings":2,"over":15,"ball":4},"speed":37.8813351547697,"subtype":"BBCode","countingProgress":{"innings":2,"over":14,"ball":4},"bowlerId":412,"nonfacingBatsmanId":96,"facingBatsmanId":177,"autoText":"Anureet Singh to A Russell, %SPEED% full toss outside off stump. He picks up two","message":{"text":null},"tags":[],"timestamp":1429378578000,"id":1165398,"time":"17:35","updateTime":1429378504089,"sequence":326.0,"type":"Auto"},{"bbcode":"Anureet Singh to A Russell, %SPEED% full toss on leg stump. He picks up a single","thisOver":"1","progress":{"innings":2,"over":15,"ball":5},"speed":37.3304785044466,"subtype":"BBCode","countingProgress":{"innings":2,"over":14,"ball":5},"bowlerId":412,"nonfacingBatsmanId":96,"facingBatsmanId":177,"autoText":"Anureet Singh to A Russell, %SPEED% full toss on leg stump. He picks up a single","message":{"text":null},"tags":[],"timestamp":1429378628000,"id":1165399,"time":"17:36","updateTime":1429378562613,"sequence":327.0,"type":"Auto"},{"bbcode":"Anureet Singh to Y Pathan, %SPEED% short length outside off stump. He hits a nice boundary","thisOver":"4","progress":{"innings":2,"over":15,"ball":6},"speed":36.7442292300978,"subtype":"BBCode","countingProgress":{"innings":2,"over":14,"ball":6},"bowlerId":412,"nonfacingBatsmanId":177,"facingBatsmanId":96,"autoText":"Anureet Singh to Y Pathan, %SPEED% short length outside off stump. He hits a nice boundary","message":{"text":null},"tags":["four"],"timestamp":1429378628000,"id":1165400,"time":"17:36","updateTime":1429378590089,"sequence":328.0,"type":"Auto"},{"bbcode":"Four! It may be the Russell show, but Yusuf's becoming a valuable co-star! Cheeky uppercut past short third man, and KKR are waltzing away with this","subtype":"BBCode","message":{"text":"<p>Four! It may be the Russell show, but Yusuf's becoming a valuable co-star! Cheeky uppercut past short third man, and KKR are waltzing away with this</p>"},"tags":[],"timestamp":1429378679000,"id":1165402,"time":"17:36","updateTime":1429378600366,"sequence":328.5,"type":"Manual"},{"innings":2,"over":15,"overRuns":12,"overWickets":0,"inningsRuns":125,"inningsWickets":5,"inningsAllOut":false,"team":{"id":5,"fullName":"Kolkata Knight Riders","shortName":"Knight Riders","abbreviation":"KKR","primaryColor":"6F2C91","secondaryColor":"FFFFFF","type":"m"},"batsmanSummaries":[{"batsman":{"id":96,"fullName":"Yusuf Pathan","shortName":"Y Pathan","nationality":"Indian","rightHandedBat":false,"dateOfBirth":406339200000,"names":["Yusuf Pathan","Y Pathan"]},"runs":18,"balls":17,"fours":3,"sixes":0},{"batsman":{"id":177,"fullName":"Andre Russell","shortName":"A Russell","nationality":"West Indian","rightHandedBat":false,"dateOfBirth":578275200000,"names":["Andre Russell","A Russell"]},"runs":46,"balls":27,"fours":7,"sixes":1}],"activeBatsman":177,"bowlerSummary":{"bowler":{"id":412,"fullName":"Anureet Singh","shortName":"Anureet Singh","nationality":"Indian","rightHandedBat":true,"dateOfBirth":383529600000,"names":["Anureet Singh","Anureet Singh"]},"overs":"3","runs":24,"wickets":0,"maidens":0},"inningsBalls":90,"inningsMaxBalls":120,"inningsTarget":156,"message":{"text":null},"tags":[],"timestamp":1429378590000,"id":1165401,"time":"17:36","updateTime":1429378590410,"sequence":329.0,"type":"Eov"},{"bbcode":"T Perera to A Russell, %SPEED% good length outside off stump. He hits a nice boundary","thisOver":"4","progress":{"innings":2,"over":16,"ball":1},"speed":28.5631477044028,"subtype":"BBCode","countingProgress":{"innings":2,"over":15,"ball":1},"bowlerId":215,"nonfacingBatsmanId":96,"facingBatsmanId":177,"autoText":"T Perera to A Russell, %SPEED% good length outside off stump. He hits a nice boundary","message":{"text":null},"tags":["four"],"timestamp":1429378760000,"id":1165404,"time":"17:38","updateTime":1429378687502,"sequence":330.0,"type":"Auto"},{"bbcode":"[b]50 for Andre Russell[/b]\\nFour! Russell brings up his 50 with yet another boundary! Clubbed down to long on, where the fielder can't get across in time. What an exceptional innings this has been!","subtype":"BBCode","message":{"text":"<p><strong>50 for Andre Russell</strong><br />Four! Russell brings up his 50 with yet another boundary! Clubbed down to long on, where the fielder can't get across in time. What an exceptional innings this has been!</p>"},"tags":[],"timestamp":1429378780000,"id":1165405,"time":"17:38","updateTime":1429378702843,"sequence":331.0,"type":"Manual"},{"bbcode":"T Perera to A Russell, %SPEED% full length outside off stump. He picks up a single","thisOver":"1","progress":{"innings":2,"over":16,"ball":2},"speed":35.091640590076,"subtype":"BBCode","countingProgress":{"innings":2,"over":15,"ball":2},"bowlerId":215,"nonfacingBatsmanId":96,"facingBatsmanId":177,"autoText":"T Perera to A Russell, %SPEED% full length outside off stump. He picks up a single","message":{"text":null},"tags":[],"timestamp":1429378810000,"id":1165406,"time":"17:38","updateTime":1429378738683,"sequence":332.0,"type":"Auto"},{"bbcode":"T Perera to Y Pathan, %SPEED% good length just outside off stump. He picks up a single","thisOver":"1","progress":{"innings":2,"over":16,"ball":3},"speed":29.1287768674813,"subtype":"BBCode","countingProgress":{"innings":2,"over":15,"ball":3},"bowlerId":215,"nonfacingBatsmanId":177,"facingBatsmanId":96,"autoText":"T Perera to Y Pathan, %SPEED% good length just outside off stump. He picks up a single","message":{"text":null},"tags":[],"timestamp":1429378810000,"id":1165407,"time":"17:39","updateTime":1429378771673,"sequence":333.0,"type":"Auto"},{"bbcode":"T Perera to A Russell, %SPEED% full toss on off stump. He hits a great shot, that has gone all the way","thisOver":"6","progress":{"innings":2,"over":16,"ball":4},"speed":37.407404646882,"subtype":"BBCode","countingProgress":{"innings":2,"over":15,"ball":4},"bowlerId":215,"nonfacingBatsmanId":96,"facingBatsmanId":177,"autoText":"T Perera to A Russell, %SPEED% full toss on off stump. He hits a great shot, that has gone all the way","message":{"text":null},"tags":["six"],"timestamp":1429378881000,"id":1165408,"time":"17:40","updateTime":1429378814610,"sequence":334.0,"type":"Auto"},{"bbcode":"[b]Six! [/b]It's becoming a KKR cakewalk! Perera goes for the yorker, misses it, and the ball's taken a tourist guide around the MCA International Stadium!","subtype":"BBCode","message":{"text":"<p><strong>Six!&nbsp;</strong>It's becoming a KKR cakewalk! Perera goes for the yorker, misses it, and the ball's taken a tourist guide around the MCA International Stadium!</p>"},"tags":[],"timestamp":1429378910000,"id":1165409,"time":"17:40","updateTime":1429378824972,"sequence":335.0,"type":"Manual"},{"bbcode":"T Perera to A Russell, %SPEED% full toss just outside off stump. He plays and misses","thisOver":"1","progress":{"innings":2,"over":16,"ball":5},"speed":37.839779275653,"subtype":"BBCode","countingProgress":{"innings":2,"over":15,"ball":5},"bowlerId":215,"nonfacingBatsmanId":96,"facingBatsmanId":177,"autoText":"T Perera to A Russell, %SPEED% full toss just outside off stump. He plays and misses","message":{"text":null},"tags":[],"timestamp":1429378941000,"id":1165410,"time":"17:40","updateTime":1429378859887,"sequence":336.0,"type":"Auto"},{"bbcode":"[b]Dropped! [/b]I've seen it all at this IPL - Glenn Maxwell's dropped a dolly! Russell hits this high into the Pune night sky, Maxwell sets himself, but it doesn't stick!","subtype":"BBCode","message":{"text":"<p><strong>Dropped!&nbsp;</strong>I've seen it all at this IPL - Glenn Maxwell's dropped a dolly! Russell hits this high into the Pune night sky, Maxwell sets himself, but it doesn't stick!</p>"},"tags":[],"timestamp":1429378984000,"id":1165413,"time":"17:42","updateTime":1429378939670,"sequence":336.5,"type":"Manual"},{"bbcode":"T Perera to Y Pathan, %SPEED% full toss just outside off stump. He picks up a single","thisOver":"1","progress":{"innings":2,"over":16,"ball":6},"speed":37.4659201115228,"subtype":"BBCode","countingProgress":{"innings":2,"over":15,"ball":6},"bowlerId":215,"nonfacingBatsmanId":177,"facingBatsmanId":96,"autoText":"T Perera to Y Pathan, %SPEED% full toss just outside off stump. He picks up a single","message":{"text":null},"tags":[],"timestamp":1429378941000,"id":1165411,"time":"17:41","updateTime":1429378900704,"sequence":337.0,"type":"Auto"},{"innings":2,"over":16,"overRuns":14,"overWickets":0,"inningsRuns":139,"inningsWickets":5,"inningsAllOut":false,"team":{"id":5,"fullName":"Kolkata Knight Riders","shortName":"Knight Riders","abbreviation":"KKR","primaryColor":"6F2C91","secondaryColor":"FFFFFF","type":"m"},"batsmanSummaries":[{"batsman":{"id":96,"fullName":"Yusuf Pathan","shortName":"Y Pathan","nationality":"Indian","rightHandedBat":false,"dateOfBirth":406339200000,"names":["Yusuf Pathan","Y Pathan"]},"runs":20,"balls":19,"fours":3,"sixes":0},{"batsman":{"id":177,"fullName":"Andre Russell","shortName":"A Russell","nationality":"West Indian","rightHandedBat":false,"dateOfBirth":578275200000,"names":["Andre Russell","A Russell"]},"runs":58,"balls":31,"fours":8,"sixes":2}],"activeBatsman":96,"bowlerSummary":{"bowler":{"id":215,"fullName":"Thisara Perera","shortName":"T Perera","nationality":"Sri Lankan","rightHandedBat":true,"dateOfBirth":607564800000,"names":["Thisara Perera","T Perera"]},"overs":"4","runs":33,"wickets":1,"maidens":0},"inningsBalls":96,"inningsMaxBalls":120,"inningsTarget":156,"message":{"text":null},"tags":[],"timestamp":1429378900000,"id":1165412,"time":"17:41","updateTime":1429378900886,"sequence":338.0,"type":"Eov"},{"mediaId":"4181310916001","endpointUrlHq1":"http://brightcove.vo.llnwd.net/v1/uds/pd/3588749423001/201504/2852/3588749423001_4181500098001_KKR-3RD-SIX.mp4","endpointUrlHq2":"http://brightcove.vo.llnwd.net/v1/uds/pd/3588749423001/201504/3492/3588749423001_4181497965001_KKR-3RD-SIX.mp4","endpointUrlAlt":"http://c.brightcove.com/services/mobile/streaming/index/rendition.m3u8?assetId=4181497400001","title":"M14: KXIP vs KKR – Andre Russell Six","largeThumbnail":"http://brightcove.vo.llnwd.net/v1/unsecured/media/3588749423001/201504/692/3588749423001_4181463064001_video-still-for-video-4181310916001.jpg?pubId=3588749423001","duration":27563,"endpointUrl":"http://brightcove.vo.llnwd.net/v1/uds/pd/3588749423001/201504/2852/3588749423001_4181500094001_KKR-3RD-SIX.mp4","smallThumbnail":"http://brightcove.vo.llnwd.net/v1/unsecured/media/3588749423001/201504/3692/3588749423001_4181463063001_thumbnail-for-video-4181310916001.jpg?pubId=3588749423001","description":null,"endpointUrlMq":"http://brightcove.vo.llnwd.net/v1/uds/pd/3588749423001/201504/3852/3588749423001_4181500091001_KKR-3RD-SIX.mp4","endpointUrlHq3":"http://brightcove.vo.llnwd.net/v1/uds/pd/3588749423001/201504/852/3588749423001_4181500092001_KKR-3RD-SIX.mp4","publishDate":1429378216565,"message":{"text":null},"tags":["account:iplt20","kkr","2015","match:ipl2015-14","ipl2015","six","ipl2015-14","IPL 2015","playerid 177","innings 2","kxip","over 13","ball 2","channel:ipl-match-centre"],"timestamp":1429379904000,"id":1165415,"time":"17:43","updateTime":1429379023103,"sequence":339.0,"type":"Video"},{"bbcode":"Strategic Timeout time, and KKR are cruising at the moment. These two just need to play it sensibly and they should see the side home.","subtype":"BBCode","message":{"text":"<p>Strategic Timeout time, and KKR are cruising at the moment. These two just need to play it sensibly and they should see the side home.</p>"},"tags":[],"timestamp":1429379030000,"id":1165416,"time":"17:43","updateTime":1429379030390,"sequence":340.0,"type":"Manual"},{"bbcode":"Anureet Singh to Y Pathan, %SPEED% good length just outside off stump. He plays and misses","thisOver":"4","progress":{"innings":2,"over":17,"ball":1},"speed":36.3060619275793,"subtype":"BBCode","countingProgress":{"innings":2,"over":16,"ball":1},"bowlerId":412,"nonfacingBatsmanId":177,"facingBatsmanId":96,"autoText":"Anureet Singh to Y Pathan, %SPEED% good length just outside off stump. He plays and misses","message":{"text":null},"tags":["four"],"timestamp":1429379173000,"id":1165417,"time":"17:45","updateTime":1429379108500,"sequence":341.0,"type":"Auto"},{"bbcode":"Four! Close! Anureet finds the outside edge, but it just beats Saha, and runs away for four","subtype":"BBCode","message":{"text":"<p>Four! Close! Anureet finds the outside edge, but it just beats Saha, and runs away for four</p>"},"tags":[],"timestamp":1429379193000,"id":1165418,"time":"17:45","updateTime":1429379136058,"sequence":342.0,"type":"Manual"},{"bbcode":"Anureet Singh to Y Pathan, %SPEED% full toss going down leg. He picks up a single","thisOver":"1","progress":{"innings":2,"over":17,"ball":2},"speed":36.8132187120326,"subtype":"BBCode","countingProgress":{"innings":2,"over":16,"ball":2},"bowlerId":412,"nonfacingBatsmanId":177,"facingBatsmanId":96,"autoText":"Anureet Singh to Y Pathan, %SPEED% full toss going down leg. He picks up a single","message":{"text":null},"tags":[],"timestamp":1429379173000,"id":1165419,"time":"17:45","updateTime":1429379148025,"sequence":343.0,"type":"Auto"},{"bbcode":"Anureet Singh to A Russell, %SPEED% full toss going down leg. He picks up two","thisOver":"2","progress":{"innings":2,"over":17,"ball":3},"speed":37.1286293549334,"subtype":"BBCode","countingProgress":{"innings":2,"over":16,"ball":3},"bowlerId":412,"nonfacingBatsmanId":96,"facingBatsmanId":177,"autoText":"Anureet Singh to A Russell, %SPEED% full toss going down leg. He picks up two","message":{"text":null},"tags":[],"timestamp":1429379244000,"id":1165420,"time":"17:46","updateTime":1429379182443,"sequence":344.0,"type":"Auto"},{"bbcode":"Anureet Singh to A Russell, %SPEED% full length going down leg. He picks up a single","thisOver":"1","progress":{"innings":2,"over":17,"ball":4},"speed":37.350549442845,"subtype":"BBCode","countingProgress":{"innings":2,"over":16,"ball":4},"bowlerId":412,"nonfacingBatsmanId":96,"facingBatsmanId":177,"autoText":"Anureet Singh to A Russell, %SPEED% full length going down leg. He picks up a single","message":{"text":null},"tags":[],"timestamp":1429379295000,"id":1165421,"time":"17:47","updateTime":1429379223163,"sequence":345.0,"type":"Auto"},{"bbcode":"Anureet Singh to Y Pathan, %SPEED% full length on leg stump. He picks up a single","thisOver":"1","progress":{"innings":2,"over":17,"ball":5},"speed":35.8738029017027,"subtype":"BBCode","countingProgress":{"innings":2,"over":16,"ball":5},"bowlerId":412,"nonfacingBatsmanId":177,"facingBatsmanId":96,"autoText":"Anureet Singh to Y Pathan, %SPEED% full length on leg stump. He picks up a single","message":{"text":null},"tags":[],"timestamp":1429379295000,"id":1165422,"time":"17:47","updateTime":1429379256144,"sequence":346.0,"type":"Auto"},{"bbcode":"Anureet Singh to A Russell, %SPEED% full length just outside off stump. He hits a nice boundary","thisOver":"4","progress":{"innings":2,"over":17,"ball":6},"speed":36.153913724244,"subtype":"BBCode","countingProgress":{"innings":2,"over":16,"ball":6},"bowlerId":412,"nonfacingBatsmanId":96,"facingBatsmanId":177,"autoText":"Anureet Singh to A Russell, %SPEED% full length just outside off stump. He hits a nice boundary","message":{"text":null},"tags":["four"],"timestamp":1429379356000,"id":1165423,"time":"17:48","updateTime":1429379317647,"sequence":347.0,"type":"Auto"},{"bbcode":"Four! Just 4 required now! The Russell bludgeon down the ground brings him yet another boundary, and KKR can see the finishing line","subtype":"BBCode","message":{"text":"<p>Four! Just 4 required now! The Russell bludgeon down the ground brings him yet another boundary, and KKR can see the finishing line</p>"},"tags":[],"timestamp":1429379407000,"id":1165425,"time":"17:48","updateTime":1429379333083,"sequence":347.5,"type":"Manual"},{"innings":2,"over":17,"overRuns":13,"overWickets":0,"inningsRuns":152,"inningsWickets":5,"inningsAllOut":false,"team":{"id":5,"fullName":"Kolkata Knight Riders","shortName":"Knight Riders","abbreviation":"KKR","primaryColor":"6F2C91","secondaryColor":"FFFFFF","type":"m"},"batsmanSummaries":[{"batsman":{"id":177,"fullName":"Andre Russell","shortName":"A Russell","nationality":"West Indian","rightHandedBat":false,"dateOfBirth":578275200000,"names":["Andre Russell","A Russell"]},"runs":65,"balls":34,"fours":9,"sixes":2},{"batsman":{"id":96,"fullName":"Yusuf Pathan","shortName":"Y Pathan","nationality":"Indian","rightHandedBat":false,"dateOfBirth":406339200000,"names":["Yusuf Pathan","Y Pathan"]},"runs":26,"balls":22,"fours":4,"sixes":0}],"activeBatsman":96,"bowlerSummary":{"bowler":{"id":412,"fullName":"Anureet Singh","shortName":"Anureet Singh","nationality":"Indian","rightHandedBat":true,"dateOfBirth":383529600000,"names":["Anureet Singh","Anureet Singh"]},"overs":"4","runs":37,"wickets":0,"maidens":0},"inningsBalls":102,"inningsMaxBalls":120,"inningsTarget":156,"message":{"text":null},"tags":[],"timestamp":1429379317000,"id":1165424,"time":"17:48","updateTime":1429379317817,"sequence":348.0,"type":"Eov"},{"bbcode":"M Johnson to Y Pathan, %SPEED% good length just outside off stump. He picks up a single","thisOver":"1","progress":{"innings":2,"over":18,"ball":1},"speed":32.9814307104888,"subtype":"BBCode","countingProgress":{"innings":2,"over":17,"ball":1},"bowlerId":213,"nonfacingBatsmanId":177,"facingBatsmanId":96,"autoText":"M Johnson to Y Pathan, %SPEED% good length just outside off stump. He picks up a single","message":{"text":null},"tags":[],"timestamp":1429379477000,"id":1165427,"time":"17:50","updateTime":1429379413430,"sequence":349.0,"type":"Auto"}]}