{"squadId":461,"totalVotes":584,"players":[{"id":45,"voteCount":532,"fullName":"Virender Sehwag","shortName":"V Sehwag"},{"id":282,"voteCount":514,"fullName":"Glenn Maxwell","shortName":"G Maxwell"},{"id":19,"voteCount":510,"fullName":"George Bailey","shortName":"G Bailey"},{"id":1113,"voteCount":478,"fullName":"Axar Patel","shortName":"A Patel"},{"id":16,"voteCount":477,"fullName":"Wriddhiman Saha","shortName":"W Saha"},{"id":187,"voteCount":476,"fullName":"David Miller","shortName":"D Miller"},{"id":213,"voteCount":472,"fullName":"Mitchell Johnson","shortName":"M Johnson"},{"id":1112,"voteCount":462,"fullName":"Sandeep Sharma","shortName":"Sandeep Sharma"},{"id":7,"voteCount":457,"fullName":"Murali Vijay","shortName":"M Vijay"},{"id":412,"voteCount":433,"fullName":"Anureet Singh","shortName":"Anureet Singh"},{"id":1088,"voteCount":312,"fullName":"Rishi Dhawan","shortName":"R Dhawan"},{"id":1085,"voteCount":210,"fullName":"Manan Vohra","shortName":"M Vohra"},{"id":254,"voteCount":106,"fullName":"Parvinder Awana","shortName":"P Awana"},{"id":191,"voteCount":74,"fullName":"Shaun Marsh","shortName":"S Marsh"},{"id":1743,"voteCount":68,"fullName":"Karanveer Singh","shortName":"K Singh"},{"id":215,"voteCount":66,"fullName":"Thisara Perera","shortName":"T Perera"},{"id":253,"voteCount":47,"fullName":"Gurkeerat Mann Singh","shortName":"GM Singh"},{"id":1744,"voteCount":39,"fullName":"Shivam Sharma","shortName":"Shivam Sharma"},{"id":1752,"voteCount":24,"fullName":"Beuran Hendricks","shortName":"B Hendricks"},{"id":1745,"voteCount":18,"fullName":"Shardul Thakur","shortName":"S Thakur"},{"id":2732,"voteCount":14,"fullName":"Nikhil Naik","shortName":"N Naik"},{"id":2733,"voteCount":12,"fullName":"Yogesh Golwalkar","shortName":"Y Golwalkar"}]}