{"matchInfo":{"description":"Match 14","matchType":"IPLT20","teams":[{"id":3675,"players":[{"names":["Murali Vijay","M Vijay"],"dateOfBirth":449625600000,"id":7,"fullName":"Murali Vijay","shortName":"M Vijay","nationality":"Indian"},{"names":["Virender Sehwag","V Sehwag"],"dateOfBirth":277689600000,"id":45,"fullName":"Virender Sehwag","shortName":"V Sehwag","nationality":"Indian"},{"names":["Wriddhiman Saha","W Saha"],"dateOfBirth":467424000000,"id":16,"fullName":"Wriddhiman Saha","shortName":"W Saha","nationality":"Indian"},{"names":["Glenn Maxwell","G Maxwell"],"dateOfBirth":592790400000,"id":282,"fullName":"Glenn Maxwell","shortName":"G Maxwell","nationality":"Australian"},{"names":["Gurkeerat Mann Singh","GM Singh"],"dateOfBirth":646617600000,"id":253,"fullName":"Gurkeerat Mann Singh","shortName":"GM Singh","nationality":"Indian"},{"names":["Thisara Perera","T Perera"],"rightHandedBat":true,"dateOfBirth":607564800000,"id":215,"fullName":"Thisara Perera","shortName":"T Perera","nationality":"Sri Lankan"},{"names":["George Bailey","G Bailey"],"dateOfBirth":400204800000,"id":19,"fullName":"George Bailey","shortName":"G Bailey","nationality":"Australian"},{"names":["Axar Patel","A Patel"],"dateOfBirth":759024000000,"id":1113,"fullName":"Axar Patel","shortName":"A Patel","nationality":"Indian"},{"names":["Mitchell Johnson","M Johnson"],"rightHandedBat":true,"dateOfBirth":373507200000,"id":213,"fullName":"Mitchell Johnson","shortName":"M Johnson","nationality":"Australian"},{"names":["Sandeep Sharma","Sandeep Sharma"],"rightHandedBat":true,"dateOfBirth":737683200000,"id":1112,"fullName":"Sandeep Sharma","shortName":"Sandeep Sharma","nationality":"Indian"},{"names":["Anureet Singh","Anureet Singh"],"rightHandedBat":true,"dateOfBirth":383529600000,"id":412,"fullName":"Anureet Singh","shortName":"Anureet Singh","nationality":"Indian"}],"team":{"type":"m","fullName":"Kings XI Punjab","shortName":"Kings XI","abbreviation":"KXIP","primaryColor":"DA1F3D","secondaryColor":"FFFFFF","id":4},"wicketKeeper":{"names":["Wriddhiman Saha","W Saha"],"dateOfBirth":467424000000,"id":16,"fullName":"Wriddhiman Saha","shortName":"W Saha","nationality":"Indian"},"captain":{"names":["George Bailey","G Bailey"],"dateOfBirth":400204800000,"id":19,"fullName":"George Bailey","shortName":"G Bailey","nationality":"Australian"}},{"id":3674,"players":[{"names":["Gautam Gambhir","G Gambhir"],"dateOfBirth":371865600000,"id":84,"fullName":"Gautam Gambhir","shortName":"G Gambhir","nationality":"Indian"},{"names":["Robin Uthappa","R Uthappa"],"dateOfBirth":500515200000,"id":127,"fullName":"Robin Uthappa","shortName":"R Uthappa","nationality":"Indian"},{"names":["Manish Pandey","M Pandey"],"dateOfBirth":621388800000,"id":123,"fullName":"Manish Pandey","shortName":"M Pandey","nationality":"Indian"},{"names":["Yusuf Pathan","Y Pathan"],"dateOfBirth":406339200000,"id":96,"fullName":"Yusuf Pathan","shortName":"Y Pathan","nationality":"Indian"},{"names":["Suryakumar Yadav","S Yadav"],"rightHandedBat":true,"dateOfBirth":653270400000,"id":108,"fullName":"Suryakumar Yadav","shortName":"S Yadav","nationality":"Indian"},{"names":["Ryan ten Doeschate","R ten Doeschate"],"dateOfBirth":331171200000,"id":200,"fullName":"Ryan ten Doeschate","shortName":"R ten Doeschate","nationality":"Dutch"},{"names":["Andre Russell","A Russell"],"dateOfBirth":578275200000,"id":177,"fullName":"Andre Russell","shortName":"A Russell","nationality":"West Indian"},{"names":["Sunil Narine","S Narine"],"dateOfBirth":580608000000,"id":203,"fullName":"Sunil Narine","shortName":"S Narine","nationality":"West Indian"},{"names":["Piyush Chawla","P Chawla"],"dateOfBirth":598924800000,"id":76,"fullName":"Piyush Chawla","shortName":"P Chawla","nationality":"Indian"},{"names":["Morne Morkel","M Morkel"],"dateOfBirth":465868800000,"id":169,"fullName":"Morne Morkel","shortName":"M Morkel","nationality":"South African"},{"names":["Umesh Yadav","U Yadav"],"dateOfBirth":562118400000,"id":59,"fullName":"Umesh Yadav","shortName":"U Yadav","nationality":"Indian"}],"team":{"type":"m","fullName":"Kolkata Knight Riders","shortName":"Knight Riders","abbreviation":"KKR","primaryColor":"6F2C91","secondaryColor":"FFFFFF","id":5},"wicketKeeper":{"names":["Robin Uthappa","R Uthappa"],"dateOfBirth":500515200000,"id":127,"fullName":"Robin Uthappa","shortName":"R Uthappa","nationality":"Indian"},"captain":{"names":["Gautam Gambhir","G Gambhir"],"dateOfBirth":371865600000,"id":84,"fullName":"Gautam Gambhir","shortName":"G Gambhir","nationality":"Indian"}}],"venue":{"id":7,"country":"India","fullName":"MCA International Stadium","shortName":"MCA International Stadium","city":"Pune"},"matchDate":"2015-04-18T20:00:00+0530","battingOrder":[0,1],"additionalInfo":{"toss.elected":"Kolkata Knight Riders, who chose to field","match.video.id":"4181506612001","stats.link":"http://www.iplt20.com/news/2015/more-news/6086/quick-stats-m14-kxip-vs-kkr","match.summary":"","photostream.link":"http://www.iplt20.com/photos/262/ipl-2015-match-14-kxip-v-kkr","mom.video.id":"4181506624001","home.team.fan.total":"7879","notes.1.1":"Powerplay - 48 runs, 3 wickets","away.team.fan.total":"14918","notes.1.2":"KXIP: 50 runs in 6.6 overs","umpire.name.3":"Chris Gaffaney","notes.1.3":"4th Wicket: 50 runs in 34 balls (Glenn Maxwell 28, George Bailey 16)","umpire.name.4":"Nitin Menon","umpire.name.1":"Simon Fry","notes.1.4":"KXIP: 100 runs in 13.1 overs","umpire.name.2":"O Nandan","notes.1.5":"George Bailey: 50 off 40 balls (5 x fours, 1 x six)","notes.1.6":"KXIP: 150 runs in 19.2 overs","notes.1.7":"Innings Break: KXIP - 155/9 in 20 overs","highlights.link":"http://www.iplt20.com/videos/media/id/4181506612001/m14-kxip-vs-kkr-match-highlights","result.playerofthematch":"Andre Russell","mom.video.thumb":"http://brightcove.vo.llnwd.net/v1/unsecured/media/3588749423001/201504/3060/3588749423001_4181604752001_video-still-for-video-4181506624001.jpg?pubId=3588749423001","interview.link":"http://www.iplt20.com/news/2015/features/6088/intention-is-to-always-pick-up-wickets-sandeep-sharma","sixes.video.id":"4181506591001","interview.thumb":"http://static2.iplt20.com/cms/media/images/320x213/36645.jpg","referee.name":"Graeme La Brooy","match.video.thumb":"http://brightcove.vo.llnwd.net/v1/unsecured/media/3588749423001/201504/60/3588749423001_4181604737001_video-still-for-video-4181506612001.jpg?pubId=3588749423001","stats.thumb":"http://static2.iplt20.com/cms/media/images/320x213/36644.jpg","toss.winner":"Kolkata Knight Riders","notes.2.5":"Andre Russell: 50 off 28 balls (8 x fours, 1 x six)","sixes.video.thumb":"http://brightcove.vo.llnwd.net/v1/unsecured/media/3588749423001/201504/60/3588749423001_4181604729001_video-still-for-video-4181506591001.jpg?pubId=3588749423001","notes.2.6":"KKR: 150 runs in 16.6 overs","notes.2.3":"KKR: 100 runs in 12.4 overs","notes.2.4":"6th Wicket: 50 runs in 34 balls (Yusuf Pathan 8, Andre Russell 43)","report.thumb":"http://static2.iplt20.com/cms/media/images/320x213/36628.jpg","notes.2.1":"Powerplay - 53 runs, 2 wickets","notes.2.2":"KKR: 50 runs in 5.6 overs","report.link":"http://www.iplt20.com/news/2015/match-reports/6075/report-m14-kxip-vs-kkr"},"oversLimit":20,"matchState":"C","isLimitedOvers":true,"matchStatus":{"text":"Kolkata Knight Riders won by 4 wickets","outcome":"B"},"matchSummary":"","tournamentLabel":"IPL 2015"},"matchId":{"tournamentId":{"name":"ipl2015","id":2785},"name":"ipl2015-14","id":3239,"parentId":{"name":"ipl2015","id":2785}},"innings":[{"inningsNumber":1,"scorecard":{"runs":155,"extras":{"wideRuns":3,"byeRuns":9,"legByeRuns":1},"battingStats":[{"mod":{"text":"c Andre Russell b Umesh Yadav","dismissedBp":{"over":1,"innings":1,"ball":4},"countingBp":{"over":1,"innings":1,"ball":4},"bowlerId":59,"additionalPlayerIds":[177],"dismissedMethod":"ct"},"playerId":7,"r":0,"b":4,"sr":"0.00","4s":0,"6s":0},{"mod":{"text":"c Piyush Chawla b Andre Russell","dismissedBp":{"over":5,"innings":1,"ball":2},"countingBp":{"over":5,"innings":1,"ball":2},"bowlerId":177,"additionalPlayerIds":[76],"dismissedMethod":"ct"},"playerId":45,"r":11,"b":10,"sr":"110.00","4s":2,"6s":0},{"mod":{"text":"c Yusuf Pathan b Morne Morkel","dismissedBp":{"over":4,"innings":1,"ball":5},"countingBp":{"over":4,"innings":1,"ball":5},"bowlerId":169,"additionalPlayerIds":[96],"dismissedMethod":"ct"},"playerId":16,"r":15,"b":11,"sr":"136.36","4s":1,"6s":1},{"mod":{"text":"c Andre Russell b Umesh Yadav","dismissedBp":{"over":12,"innings":1,"ball":5},"countingBp":{"over":12,"innings":1,"ball":4},"bowlerId":59,"additionalPlayerIds":[177],"dismissedMethod":"ct"},"playerId":282,"r":33,"b":26,"sr":"126.92","4s":2,"6s":2},{"mod":{"text":"run out (Ryan ten Doeschate)","dismissedBp":{"over":20,"innings":1,"ball":4},"countingBp":{"over":20,"innings":1,"ball":4},"bowlerId":169,"additionalPlayerIds":[200],"dismissedMethod":"ro"},"playerId":19,"r":60,"b":45,"sr":"133.33","4s":5,"6s":2},{"mod":{"text":"c Manish Pandey b Andre Russell","dismissedBp":{"over":14,"innings":1,"ball":6},"countingBp":{"over":14,"innings":1,"ball":6},"bowlerId":177,"additionalPlayerIds":[123],"dismissedMethod":"ct"},"playerId":215,"r":9,"b":8,"sr":"112.50","4s":0,"6s":1},{"mod":{"text":"c Suryakumar Yadav b Umesh Yadav","dismissedBp":{"over":18,"innings":1,"ball":3},"countingBp":{"over":18,"innings":1,"ball":3},"bowlerId":59,"additionalPlayerIds":[108],"dismissedMethod":"ct"},"playerId":253,"r":11,"b":10,"sr":"110.00","4s":0,"6s":1},{"mod":{"text":"c Suryakumar Yadav b Sunil Narine","dismissedBp":{"over":19,"innings":1,"ball":6},"countingBp":{"over":19,"innings":1,"ball":6},"bowlerId":203,"additionalPlayerIds":[108],"dismissedMethod":"ct"},"playerId":1113,"r":2,"b":3,"sr":"66.66","4s":0,"6s":0},{"mod":{"text":"c Gautam Gambhir b Morne Morkel","dismissedBp":{"over":20,"innings":1,"ball":6},"countingBp":{"over":20,"innings":1,"ball":6},"bowlerId":169,"additionalPlayerIds":[84],"dismissedMethod":"ct"},"playerId":213,"r":1,"b":2,"sr":"50.00","4s":0,"6s":0},{"playerId":412,"r":0,"b":1,"sr":"0.00","4s":0,"6s":0}],"bowlingStats":[{"playerId":59,"r":33,"w":3,"ov":"4","e":"8.25","nb":0,"d":11,"maid":0,"wd":1},{"playerId":169,"r":27,"w":2,"ov":"4","e":"6.75","nb":0,"d":13,"maid":0,"wd":0},{"playerId":177,"r":39,"w":2,"ov":"4","e":"9.75","nb":0,"d":8,"maid":0,"wd":2},{"playerId":203,"r":17,"w":1,"ov":"4","e":"4.25","nb":0,"d":12,"maid":0,"wd":0},{"playerId":76,"r":29,"w":0,"ov":"4","e":"7.25","nb":0,"d":6,"maid":0,"wd":0}],"wkts":9,"fow":[{"bp":{"over":1,"innings":1,"ball":4},"playerId":7,"r":0,"w":1},{"bp":{"over":4,"innings":1,"ball":5},"playerId":16,"r":23,"w":2},{"bp":{"over":5,"innings":1,"ball":2},"playerId":45,"r":27,"w":3},{"bp":{"over":12,"innings":1,"ball":4},"playerId":282,"r":90,"w":4},{"bp":{"over":14,"innings":1,"ball":6},"playerId":215,"r":107,"w":5},{"bp":{"over":18,"innings":1,"ball":3},"playerId":253,"r":131,"w":6},{"bp":{"over":19,"innings":1,"ball":6},"playerId":1113,"r":146,"w":7},{"bp":{"over":20,"innings":1,"ball":4},"playerId":19,"r":154,"w":8},{"bp":{"over":20,"innings":1,"ball":6},"playerId":213,"r":155,"w":9}]},"overProgress":"20","runRate":"7.75","overHistory":[{"ovNo":1,"ovBalls":[".",".",".","W",".","2"]},{"ovNo":2,"ovBalls":["1","1Lb","1","1",".","."]},{"ovNo":3,"ovBalls":[".",".","4","2","6","."]},{"ovNo":4,"ovBalls":[".",".","4","1","W","."]},{"ovNo":5,"ovBalls":["4","W","4","4","1","1"]},{"ovNo":6,"ovBalls":["6","4","1",".",".","."]},{"ovNo":7,"ovBalls":[".",".",".",".","1","1"]},{"ovNo":8,"ovBalls":[".",".","1",".","1","2"]},{"ovNo":9,"ovBalls":["1","1","4",".","4B","."]},{"ovNo":10,"ovBalls":["1","6","1Wd","1Wd","1","1",".","2"]},{"ovNo":11,"ovBalls":["1","1",".","1","2","1"]},{"ovNo":12,"ovBalls":["1","1Wd","4","1","W","1","."]},{"ovNo":13,"ovBalls":["1","1","1","1",".","."]},{"ovNo":14,"ovBalls":["6","4B",".","1","1","W"]},{"ovNo":15,"ovBalls":["1","1","1",".","1","1"]},{"ovNo":16,"ovBalls":["1",".",".","1",".","1"]},{"ovNo":17,"ovBalls":["1","6","1",".",".","6"]},{"ovNo":18,"ovBalls":["1","1","W","1","4","4"]},{"ovNo":19,"ovBalls":["1",".","2","2","1","W"]},{"ovNo":20,"ovBalls":["1","6",".","1W","1B","W"]}]},{"inningsNumber":2,"scorecard":{"runs":159,"extras":{"wideRuns":1,"legByeRuns":1},"battingStats":[{"mod":{"text":"lbw Sandeep Sharma","dismissedBp":{"over":3,"innings":2,"ball":2},"countingBp":{"over":3,"innings":2,"ball":2},"bowlerId":1112,"dismissedMethod":"lbw"},"playerId":127,"r":13,"b":10,"sr":"130.00","4s":2,"6s":0},{"mod":{"text":"c Wriddhiman Saha b Sandeep Sharma","dismissedBp":{"over":8,"innings":2,"ball":4},"countingBp":{"over":8,"innings":2,"ball":4},"bowlerId":1112,"additionalPlayerIds":[16],"dismissedMethod":"ct"},"playerId":84,"r":11,"b":19,"sr":"57.89","4s":1,"6s":0},{"mod":{"text":"c George Bailey b Sandeep Sharma","dismissedBp":{"over":5,"innings":2,"ball":3},"countingBp":{"over":5,"innings":2,"ball":3},"bowlerId":1112,"additionalPlayerIds":[19],"dismissedMethod":"ct"},"playerId":123,"r":12,"b":6,"sr":"200.00","4s":2,"6s":0},{"mod":{"text":"c Wriddhiman Saha b Thisara Perera","dismissedBp":{"over":7,"innings":2,"ball":5},"countingBp":{"over":7,"innings":2,"ball":5},"bowlerId":215,"additionalPlayerIds":[16],"dismissedMethod":"ct"},"playerId":108,"r":23,"b":10,"sr":"230.00","4s":2,"6s":2},{"playerId":96,"r":28,"b":24,"sr":"116.66","4s":4,"6s":0},{"mod":{"text":"lbw Sandeep Sharma","dismissedBp":{"over":8,"innings":2,"ball":5},"countingBp":{"over":8,"innings":2,"ball":5},"bowlerId":1112,"dismissedMethod":"lbw"},"playerId":200,"r":0,"b":1,"sr":"0.00","4s":0,"6s":0},{"mod":{"text":"b Mitchell Johnson","dismissedBp":{"over":18,"innings":2,"ball":4},"countingBp":{"over":18,"innings":2,"ball":4},"bowlerId":213,"dismissedMethod":"b"},"playerId":177,"r":66,"b":36,"sr":"183.33","4s":9,"6s":2},{"playerId":76,"r":4,"b":1,"sr":"400.00","4s":1,"6s":0}],"bowlingStats":[{"playerId":1112,"r":25,"w":4,"ov":"4","e":"6.25","nb":0,"d":15,"maid":1,"wd":0},{"playerId":412,"r":37,"w":0,"ov":"4","e":"9.25","nb":0,"d":7,"maid":0,"wd":0},{"playerId":213,"r":41,"w":1,"ov":"3.5","e":"10.69","nb":0,"d":8,"maid":0,"wd":0},{"playerId":215,"r":33,"w":1,"ov":"4","e":"8.25","nb":0,"d":9,"maid":0,"wd":1},{"playerId":1113,"r":22,"w":0,"ov":"2","e":"11.00","nb":0,"d":4,"maid":0,"wd":0}],"wkts":6,"fow":[{"bp":{"over":3,"innings":2,"ball":2},"playerId":127,"r":16,"w":1},{"bp":{"over":5,"innings":2,"ball":3},"playerId":123,"r":34,"w":2},{"bp":{"over":7,"innings":2,"ball":5},"playerId":108,"r":60,"w":3},{"bp":{"over":8,"innings":2,"ball":4},"playerId":84,"r":60,"w":4},{"bp":{"over":8,"innings":2,"ball":5},"playerId":200,"r":60,"w":5},{"bp":{"over":18,"innings":2,"ball":4},"playerId":177,"r":155,"w":6}]},"overProgress":"17.5","runRate":"8.91","overHistory":[{"ovNo":1,"ovBalls":["2",".",".","1","1","4"]},{"ovNo":2,"ovBalls":[".","1Lb","4","1","1","1"]},{"ovNo":3,"ovBalls":[".","W","3","2",".","."]},{"ovNo":4,"ovBalls":[".","1",".","4",".","."]},{"ovNo":5,"ovBalls":["4","4","W",".",".","4"]},{"ovNo":6,"ovBalls":[".","1","6","2",".","6"]},{"ovNo":7,"ovBalls":["1","4","1","1","W","."]},{"ovNo":8,"ovBalls":[".",".",".","W","W","."]},{"ovNo":9,"ovBalls":[".",".",".","1","2","."]},{"ovNo":10,"ovBalls":[".","1","4",".",".","."]},{"ovNo":11,"ovBalls":[".","1","4",".","4","."]},{"ovNo":12,"ovBalls":["1Wd","1","4",".",".",".","1"]},{"ovNo":13,"ovBalls":["4","6","4","2","2","1"]},{"ovNo":14,"ovBalls":["4","1","4",".","1","."]},{"ovNo":15,"ovBalls":[".","4","1","2","1","4"]},{"ovNo":16,"ovBalls":["4","1","1","6","1","1"]},{"ovNo":17,"ovBalls":["4","1","2","1","1","4"]},{"ovNo":18,"ovBalls":["1","1","1","W","4"]}]}],"currentState":{"phase":"C","facingBatsman":76,"nonFacingBatsman":96,"currentInningsIndex":1,"currentPartnership":4,"currentBowler":213,"currentBatsmen":[96,76],"recentOvers":[{"ovNo":13,"ovBalls":["4","6","4","2","2","1"]},{"ovNo":14,"ovBalls":["4","1","4",".","1","."]},{"ovNo":15,"ovBalls":[".","4","1","2","1","4"]},{"ovNo":16,"ovBalls":["4","1","1","6","1","1"]},{"ovNo":17,"ovBalls":["4","1","2","1","1","4"]},{"ovNo":18,"ovBalls":["1","1","1","W","4"]}]}}