{"fragment":4,"updateTime":1431722347000,"matchId":{"id":3277,"name":"ipl2015-52 - SRH vs. RCB","matchIdName":"ipl2015-52"},"commentaries":[{"bbcode":"D Steyn to C Gayle. He hits a nice boundary","thisOver":"4","progress":{"innings":2,"over":1,"ball":1},"speed":-1.0,"subtype":"BBCode","countingProgress":{"innings":2,"over":0,"ball":1},"bowlerId":180,"nonfacingBatsmanId":164,"facingBatsmanId":236,"autoText":"D Steyn to C Gayle. He hits a nice boundary","message":{"text":null},"tags":["four"],"timestamp":1431722342000,"id":1194906,"time":"18:46","updateTime":1431715602907,"sequence":151.0,"type":"Auto"},{"bbcode":"Four! Gayle smashes it through square leg, and RCB are underway!","subtype":"BBCode","message":{"text":"<p>Four! Gayle smashes it through square leg, and RCB are underway!</p>"},"tags":[],"timestamp":1431715607000,"id":1194905,"time":"18:46","updateTime":1431715596882,"sequence":151.5,"type":"Manual"},{"bbcode":"D Steyn to C Gayle, %SPEED% short length outside off stump. He hits a great shot, that has gone all the way","thisOver":"6","progress":{"innings":2,"over":1,"ball":2},"speed":39.4114519762624,"subtype":"BBCode","countingProgress":{"innings":2,"over":0,"ball":2},"bowlerId":180,"nonfacingBatsmanId":164,"facingBatsmanId":236,"autoText":"D Steyn to C Gayle, %SPEED% short length outside off stump. He hits a great shot, that has gone all the way","message":{"text":null},"tags":["six"],"timestamp":1431722341000,"id":1194907,"time":"18:46","updateTime":1431715602928,"sequence":152.0,"type":"Auto"},{"bbcode":"[b]Six! [/b]Gayle's not hanging about! Launches it over long on! This could all be over in even quicker time than first expected!","subtype":"BBCode","message":{"text":"<p><strong>Six!&nbsp;</strong>Gayle's not hanging about! Launches it over long on! This could all be over in even quicker time than first expected!</p>"},"tags":[],"timestamp":1431715655000,"id":1194909,"time":"18:46","updateTime":1431715612869,"sequence":153.0,"type":"Manual"},{"bbcode":"D Steyn to C Gayle, %SPEED% short length on middle stump. He plays and misses","thisOver":"1","progress":{"innings":2,"over":1,"ball":3},"speed":40.0089405453733,"subtype":"BBCode","countingProgress":{"innings":2,"over":0,"ball":3},"bowlerId":180,"nonfacingBatsmanId":164,"facingBatsmanId":236,"autoText":"D Steyn to C Gayle, %SPEED% short length on middle stump. He plays and misses","message":{"text":null},"tags":[],"timestamp":1431715697000,"id":1194910,"time":"18:47","updateTime":1431715654125,"sequence":154.0,"type":"Auto"},{"bbcode":"D Steyn to V Kohli, %SPEED% short length just outside off stump. He hits a nice boundary","thisOver":"4","progress":{"innings":2,"over":1,"ball":4},"speed":38.6981322036325,"subtype":"BBCode","countingProgress":{"innings":2,"over":0,"ball":4},"bowlerId":180,"nonfacingBatsmanId":236,"facingBatsmanId":164,"autoText":"D Steyn to V Kohli, %SPEED% short length just outside off stump. He hits a nice boundary","message":{"text":null},"tags":["four"],"timestamp":1431715748000,"id":1194911,"time":"18:48","updateTime":1431715696026,"sequence":155.0,"type":"Auto"},{"bbcode":"Four! The captain joins in! Flicked over mid-wicket, and it runs away for four","subtype":"BBCode","message":{"text":"<p>Four! The captain joins in! Flicked over mid-wicket, and it runs away for four</p>"},"tags":[],"timestamp":1431715725000,"id":1194912,"time":"18:48","updateTime":1431715709587,"sequence":156.0,"type":"Manual"},{"bbcode":"D Steyn to V Kohli, %SPEED% short length going down leg. He plays and misses","thisOver":"2","progress":{"innings":2,"over":1,"ball":5},"speed":38.5965010086083,"subtype":"BBCode","countingProgress":{"innings":2,"over":0,"ball":5},"bowlerId":180,"nonfacingBatsmanId":236,"facingBatsmanId":164,"autoText":"D Steyn to V Kohli, %SPEED% short length going down leg. He plays and misses","message":{"text":null},"tags":[],"timestamp":1431715828000,"id":1194913,"time":"18:49","updateTime":1431715749930,"sequence":157.0,"type":"Auto"},{"bbcode":"Close! Kohli mistimes this, but deep mid-wicket can't quite get round","subtype":"BBCode","message":{"text":"<p>Close! Kohli mistimes this, but deep mid-wicket can't quite get round</p>"},"tags":[],"timestamp":1431715779000,"id":1194914,"time":"18:49","updateTime":1431715779251,"sequence":158.0,"type":"Manual"},{"bbcode":"D Steyn to V Kohli, no run, %SPEED% full toss on off stump. He doesn't offer a shot","thisOver":".","progress":{"innings":2,"over":1,"ball":6},"speed":39.322421521357,"subtype":"BBCode","countingProgress":{"innings":2,"over":0,"ball":6},"bowlerId":180,"nonfacingBatsmanId":236,"facingBatsmanId":164,"autoText":"D Steyn to V Kohli, no run, %SPEED% full toss on off stump. He doesn't offer a shot","message":{"text":null},"tags":[],"timestamp":1431715879000,"id":1194915,"time":"18:49","updateTime":1431715788953,"sequence":159.0,"type":"Auto"},{"innings":2,"over":1,"overRuns":17,"overWickets":0,"inningsRuns":17,"inningsWickets":0,"inningsAllOut":false,"team":{"id":9,"fullName":"Royal Challengers Bangalore","shortName":"Challengers","abbreviation":"RCB","primaryColor":"F1901D","secondaryColor":"FFFFFF","type":"m"},"batsmanSummaries":[{"batsman":{"id":164,"fullName":"Virat Kohli","shortName":"V Kohli","nationality":"Indian","rightHandedBat":false,"dateOfBirth":594691200000,"names":["Virat Kohli","V Kohli"]},"runs":6,"balls":3,"fours":1,"sixes":0},{"batsman":{"id":236,"fullName":"Chris Gayle","shortName":"C Gayle","nationality":"West Indian","rightHandedBat":false,"dateOfBirth":306720000000,"names":["Chris Gayle","C Gayle"]},"runs":11,"balls":3,"fours":1,"sixes":1}],"activeBatsman":236,"bowlerSummary":{"bowler":{"id":180,"fullName":"Dale Steyn","shortName":"D Steyn","nationality":"South African","rightHandedBat":false,"dateOfBirth":425520000000,"names":["Dale Steyn","D Steyn"]},"overs":"1","runs":17,"wickets":0,"maidens":0},"inningsBalls":6,"inningsMaxBalls":36,"inningsTarget":81,"message":{"text":null},"tags":[],"timestamp":1431715789000,"id":1194916,"time":"18:49","updateTime":1431715789126,"sequence":160.0,"type":"Eov"},{"bbcode":"Well, that was a tad interesting first over! 64 required off 30. It really is anyone's game! Bhuvi Kumar will open from the other end.","subtype":"BBCode","message":{"text":"<p>Well, that was a tad interesting first over! 64 required off 30. It really is anyone's game! Bhuvi Kumar will open from the other end.</p>"},"tags":[],"timestamp":1431715870000,"id":1194917,"time":"18:50","updateTime":1431715815872,"sequence":161.0,"type":"Manual"},{"bbcode":"B Kumar to C Gayle, %SPEED% full length outside off stump. He plays and misses","thisOver":"4","progress":{"innings":2,"over":2,"ball":1},"speed":35.9409924005364,"subtype":"BBCode","countingProgress":{"innings":2,"over":1,"ball":1},"bowlerId":116,"nonfacingBatsmanId":164,"facingBatsmanId":236,"autoText":"B Kumar to C Gayle, %SPEED% full length outside off stump. He plays and misses","message":{"text":null},"tags":["four"],"timestamp":1431722345000,"id":1194918,"time":"18:51","updateTime":1431715872311,"sequence":162.0,"type":"Auto"},{"bbcode":"Four! That's not possible! The most ridiculous leading edge nearly goes for six over third man! RCB won't care though!","subtype":"BBCode","message":{"text":"<p>Four! That's not possible! The most ridiculous leading edge nearly goes for six over third man! RCB won't care though!</p>"},"tags":[],"timestamp":1431715915000,"id":1194919,"time":"18:51","updateTime":1431715890754,"sequence":163.0,"type":"Manual"},{"bbcode":"B Kumar to C Gayle. He hits a nice boundary","thisOver":"4","progress":{"innings":2,"over":2,"ball":2},"speed":-1.0,"subtype":"BBCode","countingProgress":{"innings":2,"over":1,"ball":2},"bowlerId":116,"nonfacingBatsmanId":164,"facingBatsmanId":236,"autoText":"B Kumar to C Gayle. He hits a nice boundary","message":{"text":null},"tags":["four"],"timestamp":1431717669000,"id":1194920,"time":"18:51","updateTime":1431715911220,"sequence":164.0,"type":"Auto"},{"bbcode":"Four! Gayle's swinging like he's trying to blow the hinges off a gate! Smacks it through mid-wicket for four more","subtype":"BBCode","message":{"text":"<p>Four! Gayle's swinging like he's trying to blow the hinges off a gate! Smacks it through mid-wicket for four more</p>"},"tags":[],"timestamp":1431715964000,"id":1194921,"time":"18:52","updateTime":1431715925459,"sequence":165.0,"type":"Manual"},{"bbcode":"B Kumar to C Gayle, no run. He plays and misses","thisOver":".","progress":{"innings":2,"over":2,"ball":3},"speed":-1.0,"subtype":"BBCode","countingProgress":{"innings":2,"over":1,"ball":3},"bowlerId":116,"nonfacingBatsmanId":164,"facingBatsmanId":236,"autoText":"B Kumar to C Gayle, no run. He plays and misses","message":{"text":null},"tags":[],"timestamp":1431722345000,"id":1194922,"time":"18:52","updateTime":1431715957866,"sequence":166.0,"type":"Auto"},{"bbcode":"B Kumar to C Gayle, %SPEED% full length on middle stump. He hits a great shot, that has gone all the way","thisOver":"6","progress":{"innings":2,"over":2,"ball":4},"speed":38.717783031977,"subtype":"BBCode","countingProgress":{"innings":2,"over":1,"ball":4},"bowlerId":116,"nonfacingBatsmanId":164,"facingBatsmanId":236,"autoText":"B Kumar to C Gayle, %SPEED% full length on middle stump. He hits a great shot, that has gone all the way","message":{"text":null},"tags":["six"],"timestamp":1431722343000,"id":1194923,"time":"18:53","updateTime":1431715987175,"sequence":167.0,"type":"Auto"},{"bbcode":"[b]Six! [/b]That's a monster! Flies over mid-wicket! RCB are cruising this!","subtype":"BBCode","message":{"text":"<p><strong>Six!&nbsp;</strong>That's a monster! Flies over mid-wicket! RCB are cruising this!</p>"},"tags":[],"timestamp":1431716037000,"id":1194924,"time":"18:53","updateTime":1431715994601,"sequence":168.0,"type":"Manual"},{"bbcode":"B Kumar to C Gayle, %SPEED% full length going down leg. He plays and misses","thisOver":"4","progress":{"innings":2,"over":2,"ball":5},"speed":38.7210908251263,"subtype":"BBCode","countingProgress":{"innings":2,"over":1,"ball":5},"bowlerId":116,"nonfacingBatsmanId":164,"facingBatsmanId":236,"autoText":"B Kumar to C Gayle, %SPEED% full length going down leg. He plays and misses","message":{"text":null},"tags":["four"],"timestamp":1431716122000,"id":1194925,"time":"18:54","updateTime":1431716060790,"sequence":169.0,"type":"Auto"},{"bbcode":"Four! Bhuvi fires in a yorker, and Gayle places this between square leg and short fine leg. This is much more fun than a full T20!","subtype":"BBCode","message":{"text":"<p>Four! Bhuvi fires in a yorker, and Gayle places this between square leg and short fine leg. This is much more fun than a full T20!</p>"},"tags":[],"timestamp":1431716097000,"id":1194926,"time":"18:54","updateTime":1431716069155,"sequence":170.0,"type":"Manual"},{"bbcode":"B Kumar to C Gayle, %SPEED% full length outside off stump. He hits a great shot, that has gone all the way","thisOver":"6","progress":{"innings":2,"over":2,"ball":6},"speed":39.2527587092077,"subtype":"BBCode","countingProgress":{"innings":2,"over":1,"ball":6},"bowlerId":116,"nonfacingBatsmanId":164,"facingBatsmanId":236,"autoText":"B Kumar to C Gayle, %SPEED% full length outside off stump. He hits a great shot, that has gone all the way","message":{"text":null},"tags":["six"],"timestamp":1431716173000,"id":1194927,"time":"18:55","updateTime":1431716112342,"sequence":171.0,"type":"Auto"},{"bbcode":"[b]Six! [/b]This is just getting silly! Gayle's smashed this one over cover. Is this actually possible?! So much entertainment!","subtype":"BBCode","message":{"text":"<p><strong>Six!&nbsp;</strong>This is just getting silly! Gayle's smashed this one over cover. Is this actually possible?! So much entertainment!</p>"},"tags":[],"timestamp":1431716158000,"id":1194929,"time":"18:55","updateTime":1431716118618,"sequence":171.5,"type":"Manual"},{"innings":2,"over":2,"overRuns":24,"overWickets":0,"inningsRuns":41,"inningsWickets":0,"inningsAllOut":false,"team":{"id":9,"fullName":"Royal Challengers Bangalore","shortName":"Challengers","abbreviation":"RCB","primaryColor":"F1901D","secondaryColor":"FFFFFF","type":"m"},"batsmanSummaries":[{"batsman":{"id":236,"fullName":"Chris Gayle","shortName":"C Gayle","nationality":"West Indian","rightHandedBat":false,"dateOfBirth":306720000000,"names":["Chris Gayle","C Gayle"]},"runs":35,"balls":9,"fours":4,"sixes":3},{"batsman":{"id":164,"fullName":"Virat Kohli","shortName":"V Kohli","nationality":"Indian","rightHandedBat":false,"dateOfBirth":594691200000,"names":["Virat Kohli","V Kohli"]},"runs":6,"balls":3,"fours":1,"sixes":0}],"activeBatsman":164,"bowlerSummary":{"bowler":{"id":116,"fullName":"Bhuvneshwar Kumar","shortName":"B Kumar","nationality":"Indian","rightHandedBat":false,"dateOfBirth":660355200000,"names":["Bhuvneshwar Kumar","B Kumar"]},"overs":"1","runs":24,"wickets":0,"maidens":0},"inningsBalls":12,"inningsMaxBalls":36,"inningsTarget":81,"message":{"text":null},"tags":[],"timestamp":1431716112000,"id":1194928,"time":"18:55","updateTime":1431716112509,"sequence":172.0,"type":"Eov"},{"bbcode":"40 off 24. In a normal match, that'd be a reasonable target for both sides. Could all be over with in the next 2 overs!","subtype":"BBCode","message":{"text":"<p>40 off 24. In a normal match, that'd be a reasonable target for both sides. Could all be over with in the next 2 overs!</p>"},"tags":[],"timestamp":1431716190000,"id":1194931,"time":"18:56","updateTime":1431716190599,"sequence":173.0,"type":"Manual"},{"bbcode":"M Henriques to V Kohli, no run, %SPEED% short length outside off stump. He plays and misses","thisOver":".","progress":{"innings":2,"over":3,"ball":1},"speed":36.3278924002784,"subtype":"BBCode","countingProgress":{"innings":2,"over":2,"ball":1},"bowlerId":388,"nonfacingBatsmanId":236,"facingBatsmanId":164,"autoText":"M Henriques to V Kohli, no run, %SPEED% short length outside off stump. He plays and misses","message":{"text":null},"tags":[],"timestamp":1431722346000,"id":1194932,"time":"18:56","updateTime":1431716193580,"sequence":174.0,"type":"Auto"},{"bbcode":"Close! Swing and a miss from Kohli. Ladies and gentlemen, we have a dot ball!","subtype":"BBCode","message":{"text":"<p>Close! Swing and a miss from Kohli. Ladies and gentlemen, we have a dot ball!</p>"},"tags":[],"timestamp":1431716217000,"id":1194933,"time":"18:56","updateTime":1431716217752,"sequence":175.0,"type":"Manual"},{"bbcode":"M Henriques to V Kohli, %SPEED% good length going down leg. He picks up a single","thisOver":"1","progress":{"innings":2,"over":3,"ball":2},"speed":33.1157075127963,"subtype":"BBCode","countingProgress":{"innings":2,"over":2,"ball":2},"bowlerId":388,"nonfacingBatsmanId":236,"facingBatsmanId":164,"autoText":"M Henriques to V Kohli, %SPEED% good length going down leg. He picks up a single","message":{"text":null},"tags":[],"timestamp":1431716304000,"id":1194934,"time":"18:57","updateTime":1431716225590,"sequence":176.0,"type":"Auto"},{"bbcode":"M Henriques to C Gayle, Wide delivery","thisOver":"1Wd","progress":{"innings":2,"over":3,"ball":3},"speed":37.0585605721949,"subtype":"BBCode","countingProgress":{"innings":2,"over":2,"ball":3},"bowlerId":388,"nonfacingBatsmanId":164,"facingBatsmanId":236,"autoText":"M Henriques to C Gayle, Wide delivery","message":{"text":null},"tags":[],"timestamp":1431722347000,"id":1194935,"time":"18:57","updateTime":1431716274464,"sequence":177.0,"type":"Auto"},{"bbcode":"M Henriques to C Gayle, [b]WICKET!!! C Gayle is out[/b] c Shikhar Dhawan b Moises Henriques","thisOver":"W","progress":{"innings":2,"over":3,"ball":4},"speed":37.6408317470045,"subtype":"BBCode","countingProgress":{"innings":2,"over":2,"ball":3},"bowlerId":388,"nonfacingBatsmanId":164,"facingBatsmanId":236,"autoText":"M Henriques to C Gayle, <b>WICKET!!! C Gayle is out</b> c Shikhar Dhawan b Moises Henriques","message":{"text":null},"tags":["wicket"],"timestamp":1431716353000,"id":1194936,"time":"18:58","updateTime":1431716310746,"sequence":178.0,"type":"Auto"},{"bbcode":"[b]Wicket![/b] That is massive! Gayle has slapped that straight to Dhawan at deep mid-wicket. The crowd have gone utterly ballistic!","subtype":"BBCode","message":{"text":"<p><strong>Wicket!</strong> That is massive! Gayle has slapped that straight to Dhawan at deep mid-wicket. The crowd have gone utterly ballistic!</p>"},"tags":[],"timestamp":1431716341000,"id":1194937,"time":"18:59","updateTime":1431716341311,"sequence":179.0,"type":"Manual"},{"bbcode":"It won't get any easier for the SRH bowlers - AB de Villiers is striding to the crease!","subtype":"BBCode","message":{"text":"<p>It won't get any easier for the SRH bowlers - AB de Villiers is striding to the crease!</p>"},"tags":[],"timestamp":1431716378000,"id":1194938,"time":"18:59","updateTime":1431716378571,"sequence":180.0,"type":"Manual"},{"bbcode":"M Henriques to AB de Villiers, [b]WICKET!!! AB de Villiers is out[/b] c Dale Steyn b Moises Henriques","thisOver":"W","progress":{"innings":2,"over":3,"ball":5},"speed":32.0145902951618,"subtype":"BBCode","countingProgress":{"innings":2,"over":2,"ball":4},"bowlerId":388,"nonfacingBatsmanId":164,"facingBatsmanId":233,"autoText":"M Henriques to AB de Villiers, <b>WICKET!!! AB de Villiers is out</b> c Dale Steyn b Moises Henriques","message":{"text":null},"tags":["wicket"],"timestamp":1431722347000,"id":1194939,"time":"19:00","updateTime":1431716411549,"sequence":181.0,"type":"Auto"},{"bbcode":"[b]Wicket![/b] Moises, you utter beauty! AB has swatted this straight to long on. The crowd can't control themselves!","subtype":"BBCode","message":{"text":"<p><strong>Wicket!</strong> Moises, you utter beauty! AB has swatted this straight to long on. The crowd can't control themselves!</p>"},"tags":[],"timestamp":1431716447000,"id":1194940,"time":"19:00","updateTime":1431716427794,"sequence":182.0,"type":"Manual"},{"bbcode":"Henriques is on a hat-trick. This game is turning out to be almost indescribable!","subtype":"BBCode","message":{"text":"<p>Henriques is on a hat-trick. This game is turning out to be almost indescribable!</p>"},"tags":[],"timestamp":1431716483000,"id":1194941,"time":"19:01","updateTime":1431716483699,"sequence":183.0,"type":"Manual"},{"bbcode":"M Henriques to V Kohli. He picks up a single","thisOver":"1","progress":{"innings":2,"over":3,"ball":6},"speed":-1.0,"subtype":"BBCode","countingProgress":{"innings":2,"over":2,"ball":5},"bowlerId":388,"nonfacingBatsmanId":72,"facingBatsmanId":164,"autoText":"M Henriques to V Kohli. He picks up a single","message":{"text":null},"tags":[],"timestamp":1431716572000,"id":1194942,"time":"19:01","updateTime":1431716484733,"sequence":184.0,"type":"Auto"},{"bbcode":"M Henriques to M Singh, no run. He doesn't offer a shot","thisOver":".","progress":{"innings":2,"over":3,"ball":7},"speed":-1.0,"subtype":"BBCode","countingProgress":{"innings":2,"over":2,"ball":6},"bowlerId":388,"nonfacingBatsmanId":164,"facingBatsmanId":72,"autoText":"M Henriques to M Singh, no run. He doesn't offer a shot","message":{"text":null},"tags":[],"timestamp":1431716607000,"id":1194944,"time":"19:02","updateTime":1431716524452,"sequence":186.0,"type":"Auto"},{"innings":2,"over":3,"overRuns":3,"overWickets":2,"inningsRuns":44,"inningsWickets":2,"inningsAllOut":false,"team":{"id":9,"fullName":"Royal Challengers Bangalore","shortName":"Challengers","abbreviation":"RCB","primaryColor":"F1901D","secondaryColor":"FFFFFF","type":"m"},"batsmanSummaries":[{"batsman":{"id":72,"fullName":"Mandeep Singh","shortName":"M Singh","nationality":"Indian","rightHandedBat":false,"dateOfBirth":693014400000,"names":["Mandeep Singh","M Singh"]},"runs":0,"balls":1,"fours":0,"sixes":0},{"batsman":{"id":164,"fullName":"Virat Kohli","shortName":"V Kohli","nationality":"Indian","rightHandedBat":false,"dateOfBirth":594691200000,"names":["Virat Kohli","V Kohli"]},"runs":8,"balls":6,"fours":1,"sixes":0}],"activeBatsman":164,"bowlerSummary":{"bowler":{"id":388,"fullName":"Moises Henriques","shortName":"M Henriques","nationality":"Australian","rightHandedBat":true,"dateOfBirth":539136000000,"names":["Moises Henriques","M Henriques"]},"overs":"1","runs":3,"wickets":2,"maidens":0},"inningsBalls":18,"inningsMaxBalls":36,"inningsTarget":81,"message":{"text":null},"tags":[],"timestamp":1431716524000,"id":1194945,"time":"19:02","updateTime":1431716524601,"sequence":187.0,"type":"Eov"},{"bbcode":"What an over by Henriques! He'll have the keys to Hyderabad if SRH go on and win this! 37 off 18 required as Karn Sharma comes on to bowl.","subtype":"BBCode","message":{"text":"<p>What an over by Henriques! He'll have the keys to Hyderabad if SRH go on and win this! 37 off 18 required as Karn Sharma comes on to bowl.</p>"},"tags":[],"timestamp":1431716620000,"id":1194946,"time":"19:02","updateTime":1431716550998,"sequence":188.0,"type":"Manual"},{"bbcode":"K Sharma to V Kohli, %SPEED% good length on leg stump. He picks up two","thisOver":"2","progress":{"innings":2,"over":4,"ball":1},"speed":24.2374963310181,"subtype":"BBCode","countingProgress":{"innings":2,"over":3,"ball":1},"bowlerId":1118,"nonfacingBatsmanId":72,"facingBatsmanId":164,"autoText":"K Sharma to V Kohli, %SPEED% good length on leg stump. He picks up two","message":{"text":null},"tags":[],"timestamp":1431716658000,"id":1194947,"time":"19:03","updateTime":1431716611480,"sequence":189.0,"type":"Auto"},{"bbcode":"K Sharma to V Kohli, %SPEED% short length going down leg. He picks up a single","thisOver":"1","progress":{"innings":2,"over":4,"ball":2},"speed":24.5566110921978,"subtype":"BBCode","countingProgress":{"innings":2,"over":3,"ball":2},"bowlerId":1118,"nonfacingBatsmanId":72,"facingBatsmanId":164,"autoText":"K Sharma to V Kohli, %SPEED% short length going down leg. He picks up a single","message":{"text":null},"tags":[],"timestamp":1431716718000,"id":1194948,"time":"19:04","updateTime":1431716647381,"sequence":190.0,"type":"Auto"},{"bbcode":"K Sharma to M Singh, %SPEED% short length on leg stump. He plays and misses","thisOver":"1","progress":{"innings":2,"over":4,"ball":3},"speed":24.6487689870052,"subtype":"BBCode","countingProgress":{"innings":2,"over":3,"ball":3},"bowlerId":1118,"nonfacingBatsmanId":164,"facingBatsmanId":72,"autoText":"K Sharma to M Singh, %SPEED% short length on leg stump. He plays and misses","message":{"text":null},"tags":[],"timestamp":1431716718000,"id":1194949,"time":"19:04","updateTime":1431716682542,"sequence":191.0,"type":"Auto"},{"bbcode":"K Sharma to V Kohli, %SPEED% short length going down leg. He plays and misses","thisOver":"2","progress":{"innings":2,"over":4,"ball":4},"speed":24.6488662577381,"subtype":"BBCode","countingProgress":{"innings":2,"over":3,"ball":4},"bowlerId":1118,"nonfacingBatsmanId":72,"facingBatsmanId":164,"autoText":"K Sharma to V Kohli, %SPEED% short length going down leg. He plays and misses","message":{"text":null},"tags":[],"timestamp":1431716770000,"id":1194950,"time":"19:05","updateTime":1431716714377,"sequence":192.0,"type":"Auto"},{"bbcode":"Close! Kohli hits this high in the air, but Karn can't get close enough to take the catch chasing it","subtype":"BBCode","message":{"text":"<p>Close! Kohli hits this high in the air, but Karn can't get close enough to take the catch chasing it</p>"},"tags":[],"timestamp":1431716745000,"id":1194951,"time":"19:05","updateTime":1431716745251,"sequence":193.0,"type":"Manual"},{"bbcode":"K Sharma to V Kohli, %SPEED% good length on off stump. He plays and misses","thisOver":"2","progress":{"innings":2,"over":4,"ball":5},"speed":24.7243026196386,"subtype":"BBCode","countingProgress":{"innings":2,"over":3,"ball":5},"bowlerId":1118,"nonfacingBatsmanId":72,"facingBatsmanId":164,"autoText":"K Sharma to V Kohli, %SPEED% good length on off stump. He plays and misses","message":{"text":null},"tags":[],"timestamp":1431716849000,"id":1194952,"time":"19:06","updateTime":1431716761118,"sequence":194.0,"type":"Auto"},{"bbcode":"Kohli's asked for a change in bats. They need a boundary off this ball.","subtype":"BBCode","message":{"text":"<p>Kohli's asked for a change in bats. They need a boundary off this ball.</p>"},"tags":[],"timestamp":1431716799000,"id":1194953,"time":"19:06","updateTime":1431716799293,"sequence":195.0,"type":"Manual"},{"bbcode":"K Sharma to V Kohli, %SPEED% short length going down leg. He hits a great shot, that has gone all the way","thisOver":"6","progress":{"innings":2,"over":4,"ball":6},"speed":24.769273228437,"subtype":"BBCode","countingProgress":{"innings":2,"over":3,"ball":6},"bowlerId":1118,"nonfacingBatsmanId":72,"facingBatsmanId":164,"autoText":"K Sharma to V Kohli, %SPEED% short length going down leg. He hits a great shot, that has gone all the way","message":{"text":null},"tags":["six"],"timestamp":1431716849000,"id":1194954,"time":"19:06","updateTime":1431716807694,"sequence":196.0,"type":"Auto"},{"bbcode":"[b]Six! [/b]It's gone over long on! This game continues to take another twist and turn! Kohli dances down the track and it goes all the way.","subtype":"BBCode","message":{"text":"<p><strong>Six!&nbsp;</strong>It's gone over long on! This game continues to take another twist and turn! Kohli dances down the track and it goes all the way.</p>"},"tags":[],"timestamp":1431716862000,"id":1194956,"time":"19:07","updateTime":1431716820064,"sequence":196.5,"type":"Manual"},{"innings":2,"over":4,"overRuns":14,"overWickets":0,"inningsRuns":58,"inningsWickets":2,"inningsAllOut":false,"team":{"id":9,"fullName":"Royal Challengers Bangalore","shortName":"Challengers","abbreviation":"RCB","primaryColor":"F1901D","secondaryColor":"FFFFFF","type":"m"},"batsmanSummaries":[{"batsman":{"id":164,"fullName":"Virat Kohli","shortName":"V Kohli","nationality":"Indian","rightHandedBat":false,"dateOfBirth":594691200000,"names":["Virat Kohli","V Kohli"]},"runs":21,"balls":11,"fours":1,"sixes":1},{"batsman":{"id":72,"fullName":"Mandeep Singh","shortName":"M Singh","nationality":"Indian","rightHandedBat":false,"dateOfBirth":693014400000,"names":["Mandeep Singh","M Singh"]},"runs":1,"balls":2,"fours":0,"sixes":0}],"activeBatsman":72,"bowlerSummary":{"bowler":{"id":1118,"fullName":"Karn Sharma","shortName":"K Sharma","nationality":"Indian","rightHandedBat":false,"dateOfBirth":561945600000,"names":["Karn Sharma","K Sharma"]},"overs":"1","runs":14,"wickets":0,"maidens":0},"inningsBalls":24,"inningsMaxBalls":36,"inningsTarget":81,"message":{"text":null},"tags":[],"timestamp":1431716807000,"id":1194955,"time":"19:06","updateTime":1431716807840,"sequence":197.0,"type":"Eov"},{"bbcode":"23 off 12. PK will bowl one surely, but who will bowl the other over?","subtype":"BBCode","message":{"text":"<p>23 off 12. PK will bowl one surely, but who will bowl the other over?</p>"},"tags":[],"timestamp":1431716879000,"id":1194958,"time":"19:07","updateTime":1431716879423,"sequence":198.0,"type":"Manual"},{"bbcode":"P Kumar to M Singh, [b]WICKET!!! M Singh is out[/b] c Eoin Morgan b Praveen Kumar","thisOver":"W","progress":{"innings":2,"over":5,"ball":1},"speed":35.6210017659893,"subtype":"BBCode","countingProgress":{"innings":2,"over":4,"ball":1},"bowlerId":77,"nonfacingBatsmanId":164,"facingBatsmanId":72,"autoText":"P Kumar to M Singh, <b>WICKET!!! M Singh is out</b> c Eoin Morgan b Praveen Kumar","message":{"text":null},"tags":["wicket"],"timestamp":1431716925000,"id":1194959,"time":"19:08","updateTime":1431716883577,"sequence":199.0,"type":"Auto"}]}