{"squadId":466,"totalVotes":8652,"players":[{"id":233,"voteCount":8223,"fullName":"AB de Villiers","shortName":"AB de Villiers"},{"id":164,"voteCount":8114,"fullName":"Virat Kohli","shortName":"V Kohli"},{"id":236,"voteCount":8076,"fullName":"Chris Gayle","shortName":"C Gayle"},{"id":490,"voteCount":7938,"fullName":"Mitchell Starc","shortName":"M Starc"},{"id":111,"voteCount":7179,"fullName":"Yuzvendra Chahal","shortName":"Y Chahal"},{"id":102,"voteCount":6643,"fullName":"Dinesh Karthik","shortName":"D Karthik"},{"id":157,"voteCount":6626,"fullName":"Harshal Patel","shortName":"H Patel"},{"id":72,"voteCount":5458,"fullName":"Mandeep Singh","shortName":"M Singh"},{"id":869,"voteCount":5123,"fullName":"David Wiese","shortName":"D Wiese"},{"id":1564,"voteCount":4914,"fullName":"Sarfaraz Khan","shortName":"S Khan"},{"id":162,"voteCount":4723,"fullName":"Sreenath Arvind","shortName":"S Arvind"},{"id":61,"voteCount":3337,"fullName":"Varun Aaron","shortName":"V Aaron"},{"id":85,"voteCount":2180,"fullName":"Iqbal Abdulla","shortName":"I Abdulla"},{"id":589,"voteCount":1934,"fullName":"Darren Sammy","shortName":"D Sammy"},{"id":90,"voteCount":1880,"fullName":"Manvinder Bisla","shortName":"M Bisla"},{"id":48,"voteCount":1114,"fullName":"Ashok Dinda","shortName":"A Dinda"},{"id":12,"voteCount":1077,"fullName":"Subramaniam Badrinath","shortName":"S Badrinath"},{"id":98,"voteCount":1005,"fullName":"Abu Nechim","shortName":"A Nechim"},{"id":239,"voteCount":558,"fullName":"Rilee Rossouw","shortName":"R Rossouw"},{"id":278,"voteCount":468,"fullName":"Vijay Zol","shortName":"V Zol"},{"id":1092,"voteCount":401,"fullName":"Sandeep Warrier","shortName":"S Warrier"},{"id":942,"voteCount":346,"fullName":"Sean Abbott","shortName":"S Abbott"},{"id":1750,"voteCount":299,"fullName":"Yogesh Takawale","shortName":"Y Takawale"},{"id":858,"voteCount":282,"fullName":"Nic Maddinson","shortName":"N Maddinson"},{"id":2748,"voteCount":277,"fullName":"Shishir Bhavane","shortName":"S Bhavane"},{"id":1087,"voteCount":242,"fullName":"Jalaj Saxena","shortName":"J Saxena"}]}