{"squadId":465,"totalVotes":3046,"players":[{"id":227,"voteCount":2845,"fullName":"Shane Watson","shortName":"S Watson"},{"id":135,"voteCount":2812,"fullName":"Ajinkya Rahane","shortName":"A Rahane"},{"id":258,"voteCount":2780,"fullName":"Sanju Samson","shortName":"S Samson"},{"id":271,"voteCount":2763,"fullName":"Steve Smith","shortName":"S Smith"},{"id":193,"voteCount":2702,"fullName":"James Faulkner","shortName":"J Faulkner"},{"id":1556,"voteCount":2570,"fullName":"Deepak Hooda","shortName":"D Hooda"},{"id":1114,"voteCount":2499,"fullName":"Pravin Tambe","shortName":"P Tambe"},{"id":148,"voteCount":2366,"fullName":"Stuart Binny","shortName":"S Binny"},{"id":276,"voteCount":2220,"fullName":"Karun Nair","shortName":"K Nair"},{"id":101,"voteCount":2190,"fullName":"Dhawal Kulkarni","shortName":"D Kulkarni"},{"id":307,"voteCount":1513,"fullName":"Tim Southee","shortName":"T Southee"},{"id":836,"voteCount":1386,"fullName":"Chris Morris","shortName":"C Morris"},{"id":92,"voteCount":897,"fullName":"Rajat Bhatia","shortName":"R Bhatia"},{"id":32,"voteCount":596,"fullName":"Ankit Sharma","shortName":"A Sharma"},{"id":66,"voteCount":531,"fullName":"Abhishek Nayar","shortName":"A Nayar"},{"id":141,"voteCount":254,"fullName":"Dishant Yagnik","shortName":"D Yagnik"},{"id":2747,"voteCount":212,"fullName":"Sagar Trivedi","shortName":"SV Trivedi"},{"id":82,"voteCount":207,"fullName":"Vikramjeet Malik","shortName":"V Malik"},{"id":798,"voteCount":184,"fullName":"Kane Richardson","shortName":"K Richardson"},{"id":1749,"voteCount":167,"fullName":"Rahul Tewatia","shortName":"R Tewatia"},{"id":2745,"voteCount":164,"fullName":"Pradeep Sahu","shortName":"P Sahu"},{"id":913,"voteCount":143,"fullName":"Ben Cutting","shortName":"B Cutting"},{"id":317,"voteCount":131,"fullName":"Dinesh Salunkhe","shortName":"D Salunkhe"},{"id":2746,"voteCount":91,"fullName":"Barinder Saran","shortName":"BS Saran"},{"id":183,"voteCount":86,"fullName":"Juan Theron","shortName":"J Theron"}]}