{"matchInfo":{"description":"Match 47","matchType":"IPLT20","teams":[{"id":3755,"players":[{"names":["Dwayne Smith","DR Smith"],"dateOfBirth":418953600000,"id":413,"fullName":"Dwayne Smith","shortName":"DR Smith","nationality":"West Indian"},{"names":["Brendon McCullum","B McCullum"],"dateOfBirth":370396800000,"id":202,"fullName":"Brendon McCullum","shortName":"B McCullum","nationality":"New Zealander"},{"names":["Suresh Raina","S Raina"],"dateOfBirth":533433600000,"id":14,"fullName":"Suresh Raina","shortName":"S Raina","nationality":"Indian"},{"names":["Francois du Plessis","F du Plessis"],"dateOfBirth":458524800000,"id":24,"fullName":"Francois du Plessis","shortName":"F du Plessis","nationality":"South African"},{"names":["Ravindra Jadeja","R Jadeja"],"dateOfBirth":597369600000,"id":9,"fullName":"Ravindra Jadeja","shortName":"R Jadeja","nationality":"Indian"},{"names":["MS Dhoni","MS Dhoni"],"dateOfBirth":363312000000,"id":1,"fullName":"MS Dhoni","shortName":"MS Dhoni","nationality":"Indian"},{"names":["Dwayne Bravo","DJ Bravo"],"dateOfBirth":434332800000,"id":25,"fullName":"Dwayne Bravo","shortName":"DJ Bravo","nationality":"West Indian"},{"names":["Pawan Negi","P Negi"],"dateOfBirth":410659200000,"id":53,"fullName":"Pawan Negi","shortName":"P Negi","nationality":"Indian"},{"names":["Ravichandran Ashwin","R Ashwin"],"dateOfBirth":527299200000,"id":8,"fullName":"Ravichandran Ashwin","shortName":"R Ashwin","nationality":"Indian"},{"names":["Mohit Sharma","M Sharma"],"dateOfBirth":693100800000,"id":1107,"fullName":"Mohit Sharma","shortName":"M Sharma","nationality":"Indian"},{"names":["Ashish Nehra","A Nehra"],"dateOfBirth":294192000000,"id":115,"fullName":"Ashish Nehra","shortName":"A Nehra","nationality":"Indian"}],"team":{"type":"m","fullName":"Chennai Super Kings","shortName":"Super Kings","abbreviation":"CSK","primaryColor":"FDB913","secondaryColor":"FFFFFF","id":1},"wicketKeeper":{"names":["MS Dhoni","MS Dhoni"],"dateOfBirth":363312000000,"id":1,"fullName":"MS Dhoni","shortName":"MS Dhoni","nationality":"Indian"},"captain":{"names":["MS Dhoni","MS Dhoni"],"dateOfBirth":363312000000,"id":1,"fullName":"MS Dhoni","shortName":"MS Dhoni","nationality":"Indian"}},{"id":3754,"players":[{"names":["Ajinkya Rahane","A Rahane"],"dateOfBirth":581472000000,"id":135,"fullName":"Ajinkya Rahane","shortName":"A Rahane","nationality":"Indian"},{"names":["Shane Watson","S Watson"],"rightHandedBat":true,"dateOfBirth":361584000000,"id":227,"fullName":"Shane Watson","shortName":"S Watson","nationality":"Australian"},{"names":["Sanju Samson","S Samson"],"dateOfBirth":784512000000,"id":258,"fullName":"Sanju Samson","shortName":"S Samson","nationality":"Indian"},{"names":["Steve Smith","S Smith"],"dateOfBirth":612748800000,"id":271,"fullName":"Steve Smith","shortName":"S Smith","nationality":"Australian"},{"names":["Karun Nair","K Nair"],"dateOfBirth":691977600000,"id":276,"fullName":"Karun Nair","shortName":"K Nair","nationality":"Indian"},{"names":["Deepak Hooda","D Hooda"],"rightHandedBat":true,"dateOfBirth":798249600000,"id":1556,"fullName":"Deepak Hooda","shortName":"D Hooda","nationality":"Indian"},{"names":["James Faulkner","J Faulkner"],"dateOfBirth":641347200000,"id":193,"fullName":"James Faulkner","shortName":"J Faulkner","nationality":"Australian"},{"names":["Rajat Bhatia","R Bhatia"],"dateOfBirth":309398400000,"id":92,"fullName":"Rajat Bhatia","shortName":"R Bhatia","nationality":"Indian"},{"names":["Chris Morris","C Morris"],"rightHandedBat":true,"dateOfBirth":546739200000,"id":836,"fullName":"Chris Morris","shortName":"C Morris","nationality":"South African"},{"names":["Ankit Sharma","A Sharma"],"dateOfBirth":672105600000,"id":32,"fullName":"Ankit Sharma","shortName":"A Sharma","nationality":"Indian"},{"names":["Pravin Tambe","P Tambe"],"rightHandedBat":true,"dateOfBirth":55728000000,"id":1114,"fullName":"Pravin Tambe","shortName":"P Tambe","nationality":"Indian"}],"team":{"type":"m","fullName":"Rajasthan Royals","shortName":"Royals","abbreviation":"RR","primaryColor":"004B8C","secondaryColor":"FFFFFF","id":8},"wicketKeeper":{"names":["Sanju Samson","S Samson"],"dateOfBirth":784512000000,"id":258,"fullName":"Sanju Samson","shortName":"S Samson","nationality":"Indian"},"captain":{"names":["Steve Smith","S Smith"],"dateOfBirth":612748800000,"id":271,"fullName":"Steve Smith","shortName":"S Smith","nationality":"Australian"}}],"venue":{"id":1,"country":"India","fullName":"M. A. Chidambaram Stadium","shortName":"Chidambaram","city":"Chennai"},"matchDate":"2015-05-10T20:00:00+0530","battingOrder":[0,1],"additionalInfo":{"toss.elected":"Chennai Super Kings, who chose to bat","match.video.id":"4228525243001","stats.link":"http://www.iplt20.com/news/2015/more-news/6698/quick-stats-m47-csk-vs-rr","match.summary":"","photostream.link":"http://www.iplt20.com/photos/295/ipl-2015-match-47-csk-v-rr","mom.video.id":"4228525237001","home.team.fan.total":"11331","notes.1.1":"Powerplay - 36 runs, 2 wickets","away.team.fan.total":"4805","notes.1.2":"CSK: 50 runs in 8.2 overs","umpire.name.3":"Chris Gaffaney","notes.1.3":"3rd Wicket: 50 runs in 44 balls (Brendon McCullum 33, Francois du Plessis 15)","umpire.name.4":"Nitin Menon","umpire.name.1":"Marais Erasmus","notes.1.4":"Brendon McCullum: 50 off 44 balls (5 x fours, 2 x sixes)","umpire.name.2":"O Nandan","notes.1.5":"CSK: 100 runs in 14.2 overs","notes.1.6":"3rd Wicket: 100 runs in 74 balls (Brendon McCullum 64, Francois du Plessis 29)","notes.1.7":"CSK: 150 runs in 19.1 overs","notes.1.8":"Innings Break: CSK - 157/5 in 20 overs","highlights.link":"http://www.iplt20.com/videos/media/id/4228525243001/m47-csk-vs-rr-match-highlights","result.playerofthematch":"Ravindra Jadeja","mom.video.thumb":"http://brightcove.vo.llnwd.net/v1/unsecured/media/3588749423001/201505/3233/3588749423001_4228386387001_video-still-for-video-4228525237001.jpg?pubId=3588749423001","interview.link":"http://www.iplt20.com/news/2015/features/6690/played-out-of-character-mccullum","sixes.video.id":"4228494804001","interview.thumb":"http://static2.iplt20.com/cms/media/images/320x213/42580.jpg","referee.name":"Nitin Menon","match.video.thumb":"http://brightcove.vo.llnwd.net/v1/unsecured/media/3588749423001/201505/2999/3588749423001_4228386400001_video-still-for-video-4228525243001.jpg?pubId=3588749423001","stats.thumb":"http://static2.iplt20.com/cms/media/images/320x213/42584.jpg","toss.winner":"Chennai Super Kings","sixes.video.thumb":"http://brightcove.vo.llnwd.net/v1/unsecured/media/3588749423001/201505/2233/3588749423001_4228386378001_video-still-for-video-4228494804001.jpg?pubId=3588749423001","notes.2.3":"RR: 100 runs in 15.3 overs","report.thumb":"http://static2.iplt20.com/cms/media/images/320x213/42525.jpg","notes.2.1":"Powerplay - 40 runs, 1 wicket","report.link":"http://www.iplt20.com/news/2015/more-news/6679/report-m47-csk-vs-rr","notes.2.2":"RR: 50 runs in 8.2 overs"},"oversLimit":20,"matchState":"C","isLimitedOvers":true,"matchStatus":{"text":"Chennai Super Kings won by 12 runs","outcome":"A"},"matchSummary":"","tournamentLabel":"IPL 2015"},"matchId":{"tournamentId":{"name":"ipl2015","id":2785},"name":"ipl2015-47","id":3272,"parentId":{"name":"ipl2015","id":2785}},"innings":[{"inningsNumber":1,"scorecard":{"runs":157,"extras":{"wideRuns":7,"legByeRuns":1},"battingStats":[{"mod":{"text":"c James Faulkner b Ankit Sharma","dismissedBp":{"over":3,"innings":1,"ball":4},"countingBp":{"over":3,"innings":1,"ball":4},"bowlerId":32,"additionalPlayerIds":[193],"dismissedMethod":"ct"},"playerId":413,"r":6,"b":10,"sr":"60.00","4s":1,"6s":0},{"mod":{"text":"c Ankit Sharma b Chris Morris","dismissedBp":{"over":18,"innings":1,"ball":2},"countingBp":{"over":18,"innings":1,"ball":2},"bowlerId":836,"additionalPlayerIds":[32],"dismissedMethod":"ct"},"playerId":202,"r":81,"b":61,"sr":"132.78","4s":7,"6s":4},{"mod":{"text":"c James Faulkner b Chris Morris","dismissedBp":{"over":4,"innings":1,"ball":4},"countingBp":{"over":4,"innings":1,"ball":4},"bowlerId":836,"additionalPlayerIds":[193],"dismissedMethod":"ct"},"playerId":14,"r":3,"b":6,"sr":"50.00","4s":0,"6s":0},{"mod":{"text":"run out (Shane Watson)","dismissedBp":{"over":17,"innings":1,"ball":3},"countingBp":{"over":17,"innings":1,"ball":2},"bowlerId":227,"additionalPlayerIds":[227],"dismissedMethod":"ro"},"playerId":24,"r":29,"b":25,"sr":"116.00","4s":3,"6s":0},{"mod":{"text":"c Steve Smith b Chris Morris","dismissedBp":{"over":18,"innings":1,"ball":3},"countingBp":{"over":18,"innings":1,"ball":3},"bowlerId":836,"additionalPlayerIds":[271],"dismissedMethod":"ct"},"playerId":53,"r":2,"b":3,"sr":"66.66","4s":0,"6s":0},{"playerId":1,"r":13,"b":7,"sr":"185.71","4s":1,"6s":1},{"playerId":25,"r":15,"b":8,"sr":"187.50","4s":2,"6s":0}],"bowlingStats":[{"playerId":836,"r":19,"w":3,"ov":"4","e":"4.75","nb":0,"d":12,"maid":0,"wd":1},{"playerId":227,"r":19,"w":0,"ov":"2","e":"9.50","nb":0,"d":5,"maid":0,"wd":1},{"playerId":32,"r":31,"w":1,"ov":"4","e":"7.75","nb":0,"d":10,"maid":0,"wd":1},{"playerId":1114,"r":24,"w":0,"ov":"3","e":"8.00","nb":0,"d":8,"maid":0,"wd":0},{"playerId":193,"r":40,"w":0,"ov":"4","e":"10.00","nb":0,"d":7,"maid":0,"wd":0},{"playerId":92,"r":23,"w":0,"ov":"3","e":"7.66","nb":0,"d":5,"maid":0,"wd":0}],"wkts":5,"fow":[{"bp":{"over":3,"innings":1,"ball":4},"playerId":413,"r":12,"w":1},{"bp":{"over":4,"innings":1,"ball":4},"playerId":14,"r":15,"w":2},{"bp":{"over":17,"innings":1,"ball":2},"playerId":24,"r":116,"w":3},{"bp":{"over":18,"innings":1,"ball":2},"playerId":202,"r":129,"w":4},{"bp":{"over":18,"innings":1,"ball":3},"playerId":53,"r":129,"w":5}]},"overProgress":"20","runRate":"7.85","overHistory":[{"ovNo":1,"ovBalls":[".",".",".",".","1","4"]},{"ovNo":2,"ovBalls":["4",".","1",".","1","."]},{"ovNo":3,"ovBalls":[".",".","1","W","2","1"]},{"ovNo":4,"ovBalls":[".",".",".","W",".","1Wd","1"]},{"ovNo":5,"ovBalls":[".","4","1",".",".","1"]},{"ovNo":6,"ovBalls":["6",".",".",".","6","1"]},{"ovNo":7,"ovBalls":[".","1","1",".","4","1"]},{"ovNo":8,"ovBalls":["1","1",".",".","2","1"]},{"ovNo":9,"ovBalls":["1","1",".",".",".","."]},{"ovNo":10,"ovBalls":["1","4","1","3","1","."]},{"ovNo":11,"ovBalls":["1Lb","1","1",".","1","1"]},{"ovNo":12,"ovBalls":[".",".",".","4","4","1"]},{"ovNo":13,"ovBalls":["1",".","2","1","1","4"]},{"ovNo":14,"ovBalls":["4","1","1",".","6","2"]},{"ovNo":15,"ovBalls":[".","1","5Wd","1","4",".","."]},{"ovNo":16,"ovBalls":[".","1","1","2","2","1"]},{"ovNo":17,"ovBalls":["1Wd",".","W","4","1","1","6"]},{"ovNo":18,"ovBalls":["1","W","W","1","1","1"]},{"ovNo":19,"ovBalls":["4","2","1","6",".","4"]},{"ovNo":20,"ovBalls":["4","1",".","1","1","1"]}]},{"inningsNumber":2,"scorecard":{"runs":145,"extras":{"noBallRuns":2,"wideRuns":2,"legByeRuns":2},"battingStats":[{"mod":{"text":"c Dwayne Bravo b Mohit Sharma","dismissedBp":{"over":6,"innings":2,"ball":3},"countingBp":{"over":6,"innings":2,"ball":3},"bowlerId":1107,"additionalPlayerIds":[25],"dismissedMethod":"ct"},"playerId":135,"r":23,"b":17,"sr":"135.29","4s":4,"6s":0},{"mod":{"text":"c Dwayne Bravo b Ravindra Jadeja","dismissedBp":{"over":10,"innings":2,"ball":6},"countingBp":{"over":10,"innings":2,"ball":6},"bowlerId":9,"additionalPlayerIds":[25],"dismissedMethod":"ct"},"playerId":227,"r":28,"b":30,"sr":"93.33","4s":2,"6s":0},{"mod":{"text":"b Ravindra Jadeja","dismissedBp":{"over":8,"innings":2,"ball":4},"countingBp":{"over":8,"innings":2,"ball":4},"bowlerId":9,"dismissedMethod":"b"},"playerId":271,"r":4,"b":6,"sr":"66.66","4s":0,"6s":0},{"mod":{"text":"c Ravichandran Ashwin b Ravindra Jadeja","dismissedBp":{"over":12,"innings":2,"ball":5},"countingBp":{"over":12,"innings":2,"ball":5},"bowlerId":9,"additionalPlayerIds":[8],"dismissedMethod":"ct"},"playerId":276,"r":10,"b":12,"sr":"83.33","4s":1,"6s":0},{"mod":{"text":"c Suresh Raina b Ravindra Jadeja","dismissedBp":{"over":15,"innings":2,"ball":1},"countingBp":{"over":15,"innings":2,"ball":1},"bowlerId":9,"additionalPlayerIds":[14],"dismissedMethod":"ct"},"playerId":1556,"r":15,"b":14,"sr":"107.14","4s":1,"6s":0},{"mod":{"text":"c Dwayne Smith b Dwayne Bravo","dismissedBp":{"over":18,"innings":2,"ball":4},"countingBp":{"over":18,"innings":2,"ball":4},"bowlerId":25,"additionalPlayerIds":[413],"dismissedMethod":"ct"},"playerId":258,"r":26,"b":17,"sr":"152.94","4s":1,"6s":2},{"mod":{"text":"c Dwayne Bravo b Mohit Sharma","dismissedBp":{"over":19,"innings":2,"ball":5},"countingBp":{"over":19,"innings":2,"ball":3},"bowlerId":1107,"additionalPlayerIds":[25],"dismissedMethod":"ct"},"playerId":193,"r":16,"b":13,"sr":"123.07","4s":2,"6s":0},{"playerId":836,"r":16,"b":10,"sr":"160.00","4s":0,"6s":1},{"mod":{"text":"c Francois du Plessis b Mohit Sharma","dismissedBp":{"over":19,"innings":2,"ball":6},"countingBp":{"over":19,"innings":2,"ball":4},"bowlerId":1107,"additionalPlayerIds":[24],"dismissedMethod":"ct"},"playerId":92,"r":0,"b":1,"sr":"0.00","4s":0,"6s":0},{"mod":{"text":"c Ashish Nehra b Dwayne Bravo","dismissedBp":{"over":20,"innings":2,"ball":5},"countingBp":{"over":20,"innings":2,"ball":4},"bowlerId":25,"additionalPlayerIds":[115],"dismissedMethod":"ct"},"playerId":32,"r":0,"b":1,"sr":"0.00","4s":0,"6s":0},{"playerId":1114,"r":1,"b":1,"sr":"100.00","4s":0,"6s":0}],"bowlingStats":[{"playerId":115,"r":29,"w":0,"ov":"4","e":"7.25","nb":0,"d":10,"maid":0,"wd":0},{"playerId":1107,"r":25,"w":3,"ov":"4","e":"6.25","nb":1,"d":11,"maid":0,"wd":1},{"playerId":53,"r":35,"w":0,"ov":"4","e":"8.75","nb":0,"d":5,"maid":0,"wd":1},{"playerId":9,"r":11,"w":4,"ov":"4","e":"2.75","nb":0,"d":13,"maid":0,"wd":0},{"playerId":25,"r":43,"w":2,"ov":"4","e":"10.75","nb":1,"d":3,"maid":0,"wd":0}],"wkts":9,"fow":[{"bp":{"over":6,"innings":2,"ball":3},"playerId":135,"r":37,"w":1},{"bp":{"over":8,"innings":2,"ball":4},"playerId":271,"r":48,"w":2},{"bp":{"over":10,"innings":2,"ball":6},"playerId":227,"r":63,"w":3},{"bp":{"over":12,"innings":2,"ball":5},"playerId":276,"r":75,"w":4},{"bp":{"over":15,"innings":2,"ball":1},"playerId":1556,"r":90,"w":5},{"bp":{"over":18,"innings":2,"ball":4},"playerId":258,"r":123,"w":6},{"bp":{"over":19,"innings":2,"ball":3},"playerId":193,"r":130,"w":7},{"bp":{"over":19,"innings":2,"ball":4},"playerId":92,"r":130,"w":8},{"bp":{"over":20,"innings":2,"ball":4},"playerId":32,"r":143,"w":9}]},"overProgress":"20","runRate":"7.25","overHistory":[{"ovNo":1,"ovBalls":[".",".",".",".","4","."]},{"ovNo":2,"ovBalls":[".",".",".",".",".","2"]},{"ovNo":3,"ovBalls":[".","4","1",".",".","1"]},{"ovNo":4,"ovBalls":["1","4","1","1",".","2"]},{"ovNo":5,"ovBalls":[".","1","4","1","4","1"]},{"ovNo":6,"ovBalls":["3","2","W","2","1","."]},{"ovNo":7,"ovBalls":["1","2","1","1","1","1"]},{"ovNo":8,"ovBalls":[".","1",".","W",".","1"]},{"ovNo":9,"ovBalls":[".","4","1",".","4","1"]},{"ovNo":10,"ovBalls":["1","1",".","1","1","W"]},{"ovNo":11,"ovBalls":["2","1",".","1",".","4"]},{"ovNo":12,"ovBalls":["1","1Lb","1Lb","1","W","."]},{"ovNo":13,"ovBalls":["2","1",".","4","1Wd","1","1"]},{"ovNo":14,"ovBalls":["1","1","1","1",".","1"]},{"ovNo":15,"ovBalls":["W","1",".","1",".","1"]},{"ovNo":16,"ovBalls":["1","1","6","1","4","1"]},{"ovNo":17,"ovBalls":[".","4","1","1","1","1"]},{"ovNo":18,"ovBalls":["1","1","6","W","1","1"]},{"ovNo":19,"ovBalls":["1Wd","1","2Nb","1","W","W",".","1"]},{"ovNo":20,"ovBalls":["7Nb","2","2","1","W","1","1"]}]}],"currentState":{"phase":"C","facingBatsman":836,"nonFacingBatsman":1114,"currentInningsIndex":1,"currentPartnership":2,"currentBowler":-1,"currentBatsmen":[836,1114],"recentOvers":[{"ovNo":15,"ovBalls":["W","1",".","1",".","1"]},{"ovNo":16,"ovBalls":["1","1","6","1","4","1"]},{"ovNo":17,"ovBalls":[".","4","1","1","1","1"]},{"ovNo":18,"ovBalls":["1","1","6","W","1","1"]},{"ovNo":19,"ovBalls":["1Wd","1","2Nb","1","W","W",".","1"]},{"ovNo":20,"ovBalls":["7Nb","2","2","1","W","1","1"]}]}}