{"squadId":465,"totalVotes":3087,"players":[{"id":227,"voteCount":2924,"fullName":"Shane Watson","shortName":"S Watson"},{"id":135,"voteCount":2897,"fullName":"Ajinkya Rahane","shortName":"A Rahane"},{"id":258,"voteCount":2839,"fullName":"Sanju Samson","shortName":"S Samson"},{"id":271,"voteCount":2770,"fullName":"Steve Smith","shortName":"S Smith"},{"id":193,"voteCount":2698,"fullName":"James Faulkner","shortName":"J Faulkner"},{"id":1556,"voteCount":2589,"fullName":"Deepak Hooda","shortName":"D Hooda"},{"id":148,"voteCount":2535,"fullName":"Stuart Binny","shortName":"S Binny"},{"id":101,"voteCount":2431,"fullName":"Dhawal Kulkarni","shortName":"D Kulkarni"},{"id":1114,"voteCount":2293,"fullName":"Pravin Tambe","shortName":"P Tambe"},{"id":276,"voteCount":2280,"fullName":"Karun Nair","shortName":"K Nair"},{"id":307,"voteCount":2165,"fullName":"Tim Southee","shortName":"T Southee"},{"id":92,"voteCount":973,"fullName":"Rajat Bhatia","shortName":"R Bhatia"},{"id":836,"voteCount":789,"fullName":"Chris Morris","shortName":"C Morris"},{"id":32,"voteCount":550,"fullName":"Ankit Sharma","shortName":"A Sharma"},{"id":66,"voteCount":431,"fullName":"Abhishek Nayar","shortName":"A Nayar"},{"id":141,"voteCount":212,"fullName":"Dishant Yagnik","shortName":"D Yagnik"},{"id":2747,"voteCount":176,"fullName":"Sagar Trivedi","shortName":"SV Trivedi"},{"id":798,"voteCount":166,"fullName":"Kane Richardson","shortName":"K Richardson"},{"id":82,"voteCount":138,"fullName":"Vikramjeet Malik","shortName":"V Malik"},{"id":2745,"voteCount":109,"fullName":"Pradeep Sahu","shortName":"P Sahu"},{"id":913,"voteCount":100,"fullName":"Ben Cutting","shortName":"B Cutting"},{"id":317,"voteCount":99,"fullName":"Dinesh Salunkhe","shortName":"D Salunkhe"},{"id":1749,"voteCount":90,"fullName":"Rahul Tewatia","shortName":"R Tewatia"},{"id":183,"voteCount":80,"fullName":"Juan Theron","shortName":"J Theron"},{"id":2746,"voteCount":56,"fullName":"Barinder Saran","shortName":"BS Saran"}]}