{"squadId":467,"totalVotes":3046,"players":[{"id":170,"voteCount":2953,"fullName":"David Warner","shortName":"D Warner"},{"id":41,"voteCount":2883,"fullName":"Shikhar Dhawan","shortName":"S Dhawan"},{"id":116,"voteCount":2803,"fullName":"Bhuvneshwar Kumar","shortName":"B Kumar"},{"id":52,"voteCount":2751,"fullName":"Naman Ojha","shortName":"N Ojha"},{"id":1118,"voteCount":2539,"fullName":"Karn Sharma","shortName":"K Sharma"},{"id":77,"voteCount":2458,"fullName":"Praveen Kumar","shortName":"P Kumar"},{"id":969,"voteCount":2062,"fullName":"Trent Boult","shortName":"T Boult"},{"id":388,"voteCount":2048,"fullName":"Moises Henriques","shortName":"M Henriques"},{"id":34,"voteCount":1898,"fullName":"Ashish Reddy","shortName":"AA Reddy"},{"id":180,"voteCount":1608,"fullName":"Dale Steyn","shortName":"D Steyn"},{"id":1125,"voteCount":1490,"fullName":"Lokesh Rahul","shortName":"L Rahul"},{"id":197,"voteCount":1401,"fullName":"Eoin Morgan","shortName":"E Morgan"},{"id":1117,"voteCount":1287,"fullName":"Hanuma Vihari","shortName":"H Vihari"},{"id":374,"voteCount":713,"fullName":"Ravi Bopara","shortName":"R Bopara"},{"id":38,"voteCount":680,"fullName":"Ishant Sharma","shortName":"I Sharma"},{"id":69,"voteCount":643,"fullName":"Bipul Sharma","shortName":"B Sharma"},{"id":440,"voteCount":595,"fullName":"Kane Williamson","shortName":"K Williamson"},{"id":1093,"voteCount":433,"fullName":"Parveez Rasool","shortName":"P Rasool"},{"id":172,"voteCount":346,"fullName":"Kevin Pietersen","shortName":"K Pietersen"},{"id":1086,"voteCount":169,"fullName":"Siddarth Kaul","shortName":"S Kaul"},{"id":1555,"voteCount":162,"fullName":"Ricky Bhui","shortName":"R Bhui"},{"id":1122,"voteCount":101,"fullName":"Prasanth Padmanabhan","shortName":"P Padmanabhan"},{"id":1751,"voteCount":96,"fullName":"Chama Milind","shortName":"C Milind"}]}