{"matchInfo":{"description":"Match 41","matchType":"IPLT20","teams":[{"id":3741,"players":[{"names":["Ajinkya Rahane","A Rahane"],"dateOfBirth":581472000000,"id":135,"fullName":"Ajinkya Rahane","shortName":"A Rahane","nationality":"Indian"},{"names":["Shane Watson","S Watson"],"rightHandedBat":true,"dateOfBirth":361584000000,"id":227,"fullName":"Shane Watson","shortName":"S Watson","nationality":"Australian"},{"names":["Sanju Samson","S Samson"],"dateOfBirth":784512000000,"id":258,"fullName":"Sanju Samson","shortName":"S Samson","nationality":"Indian"},{"names":["Steve Smith","S Smith"],"dateOfBirth":612748800000,"id":271,"fullName":"Steve Smith","shortName":"S Smith","nationality":"Australian"},{"names":["Karun Nair","K Nair"],"dateOfBirth":691977600000,"id":276,"fullName":"Karun Nair","shortName":"K Nair","nationality":"Indian"},{"names":["Stuart Binny","S Binny"],"dateOfBirth":455068800000,"id":148,"fullName":"Stuart Binny","shortName":"S Binny","nationality":"Indian"},{"names":["Deepak Hooda","D Hooda"],"rightHandedBat":true,"dateOfBirth":798249600000,"id":1556,"fullName":"Deepak Hooda","shortName":"D Hooda","nationality":"Indian"},{"names":["James Faulkner","J Faulkner"],"dateOfBirth":641347200000,"id":193,"fullName":"James Faulkner","shortName":"J Faulkner","nationality":"Australian"},{"names":["Chris Morris","C Morris"],"rightHandedBat":true,"dateOfBirth":546739200000,"id":836,"fullName":"Chris Morris","shortName":"C Morris","nationality":"South African"},{"names":["Dhawal Kulkarni","D Kulkarni"],"rightHandedBat":true,"dateOfBirth":597715200000,"id":101,"fullName":"Dhawal Kulkarni","shortName":"D Kulkarni","nationality":"Indian"},{"names":["Pravin Tambe","P Tambe"],"rightHandedBat":true,"dateOfBirth":55728000000,"id":1114,"fullName":"Pravin Tambe","shortName":"P Tambe","nationality":"Indian"}],"team":{"type":"m","fullName":"Rajasthan Royals","shortName":"Royals","abbreviation":"RR","primaryColor":"004B8C","secondaryColor":"FFFFFF","id":8},"wicketKeeper":{"names":["Sanju Samson","S Samson"],"dateOfBirth":784512000000,"id":258,"fullName":"Sanju Samson","shortName":"S Samson","nationality":"Indian"},"captain":{"names":["Shane Watson","S Watson"],"rightHandedBat":true,"dateOfBirth":361584000000,"id":227,"fullName":"Shane Watson","shortName":"S Watson","nationality":"Australian"}},{"id":3740,"players":[{"names":["David Warner","D Warner"],"dateOfBirth":530755200000,"id":170,"fullName":"David Warner","shortName":"D Warner","nationality":"Australian"},{"names":["Shikhar Dhawan","S Dhawan"],"dateOfBirth":502588800000,"id":41,"fullName":"Shikhar Dhawan","shortName":"S Dhawan","nationality":"Indian"},{"names":["Naman Ojha","N Ojha"],"dateOfBirth":427507200000,"id":52,"fullName":"Naman Ojha","shortName":"N Ojha","nationality":"Indian"},{"names":["Eoin Morgan","E Morgan"],"dateOfBirth":526694400000,"id":197,"fullName":"Eoin Morgan","shortName":"E Morgan","nationality":"English"},{"names":["Moises Henriques","M Henriques"],"rightHandedBat":true,"dateOfBirth":539136000000,"id":388,"fullName":"Moises Henriques","shortName":"M Henriques","nationality":"Australian"},{"names":["Ravi Bopara","R Bopara"],"rightHandedBat":true,"dateOfBirth":484012800000,"id":374,"fullName":"Ravi Bopara","shortName":"R Bopara","nationality":"English"},{"names":["Hanuma Vihari","H Vihari"],"rightHandedBat":true,"dateOfBirth":750470400000,"id":1117,"fullName":"Hanuma Vihari","shortName":"H Vihari","nationality":"Indian"},{"names":["Karn Sharma","K Sharma"],"dateOfBirth":561945600000,"id":1118,"fullName":"Karn Sharma","shortName":"K Sharma","nationality":"Indian"},{"names":["Praveen Kumar","P Kumar"],"dateOfBirth":528595200000,"id":77,"fullName":"Praveen Kumar","shortName":"P Kumar","nationality":"Indian"},{"names":["Bhuvneshwar Kumar","B Kumar"],"dateOfBirth":660355200000,"id":116,"fullName":"Bhuvneshwar Kumar","shortName":"B Kumar","nationality":"Indian"},{"names":["Ishant Sharma","I Sharma"],"rightHandedBat":true,"dateOfBirth":589161600000,"id":38,"fullName":"Ishant Sharma","shortName":"I Sharma","nationality":"Indian"}],"team":{"type":"m","fullName":"Sunrisers Hyderabad","shortName":"Sunrisers","abbreviation":"SRH","primaryColor":"FF9C00","secondaryColor":"FFFFFF","id":62},"wicketKeeper":{"names":["Naman Ojha","N Ojha"],"dateOfBirth":427507200000,"id":52,"fullName":"Naman Ojha","shortName":"N Ojha","nationality":"Indian"},"captain":{"names":["David Warner","D Warner"],"dateOfBirth":530755200000,"id":170,"fullName":"David Warner","shortName":"D Warner","nationality":"Australian"}}],"venue":{"id":18,"country":"India","fullName":"Brabourne Stadium","shortName":"Brabourne Stadium","city":"Mumbai"},"matchDate":"2015-05-07T16:00:00+0530","battingOrder":[1,0],"additionalInfo":{"toss.elected":"Rajasthan Royals, who chose to field","match.video.id":"4223092506001","stats.link":"http://www.iplt20.com/news/2015/more-news/6619/quick-stats-m41-rr-vs-srh","match.summary":"","photostream.link":"http://www.iplt20.com/photos/289/ipl-2015-match-41-rr-v-srh","mom.video.id":"4223092524001","home.team.fan.total":"5052","notes.1.1":"Powerplay - 56 runs, 1 wicket","away.team.fan.total":"7018","notes.1.2":"SRH: 50 runs in 5.1 overs","umpire.name.3":"Kumar Dharmasena","notes.1.3":"SRH: 100 runs in 12.5 overs","umpire.name.4":"Pashchim Pathak","umpire.name.1":"Johan Cloete","notes.1.4":"Shikhar Dhawan: 50 off 33 balls (5 x fours, 2 x sixes)","umpire.name.2":"Chettithody Shamshuddin","notes.1.5":"SRH: 150 runs in 15.6 overs","notes.1.6":"Eoin Morgan: 50 off 23 balls (4 x fours, 4 x sixes)","notes.1.7":"4th Wicket: 50 runs in 19 balls (Eoin Morgan 46, Ravi Bopara 6)","notes.1.8":"SRH: 200 runs in 19.5 overs","notes.1.9":"Innings Break: SRH - 201/4 in 20 overs","highlights.link":"http://www.iplt20.com/videos/media/id/4223092506001/m41-rr-vs-srh-match-highlights","result.playerofthematch":"Eoin Morgan","mom.video.thumb":"http://brightcove.vo.llnwd.net/v1/unsecured/media/3588749423001/201505/2370/3588749423001_4223081163001_video-still-for-video-4223092524001.jpg?pubId=3588749423001","interview.link":"http://www.iplt20.com/news/2015/features/6604/two-wickets-in-first-six-overs-was-key-bhuvneshwar-kumar","sixes.video.id":"4223092510001","interview.thumb":"http://static2.iplt20.com/cms/media/images/320x213/41302.jpg","referee.name":"Javagal Srinath","match.video.thumb":"http://brightcove.vo.llnwd.net/v1/unsecured/media/3588749423001/201505/3926/3588749423001_4223081128001_video-still-for-video-4223092506001.jpg?pubId=3588749423001","stats.thumb":"http://static2.iplt20.com/cms/media/images/320x213/41384.jpg","toss.winner":"Rajasthan Royals","notes.2.5":"RR: 150 runs in 17.2 overs","sixes.video.thumb":"http://brightcove.vo.llnwd.net/v1/unsecured/media/3588749423001/201505/3926/3588749423001_4223081140001_video-still-for-video-4223092510001.jpg?pubId=3588749423001","notes.2.3":"Steve Smith: 50 off 32 balls (7 x fours, 1 x six)","notes.2.4":"RR: 100 runs in 12.2 overs ","report.thumb":"http://static2.iplt20.com/cms/media/images/320x213/41137.jpg","notes.2.1":"Powerplay - 36 runs, 2 wickets","notes.2.2":"RR: 50 runs in 8.3 overs","report.link":"http://www.iplt20.com/news/2015/match-reports/6588/report-m41-rr-vs-srh"},"oversLimit":20,"matchState":"C","isLimitedOvers":true,"matchStatus":{"text":"Sunrisers Hyderabad won by 7 runs","outcome":"B"},"matchSummary":"","tournamentLabel":"IPL 2015"},"matchId":{"tournamentId":{"name":"ipl2015","id":2785},"name":"ipl2015-41","id":3266,"parentId":{"name":"ipl2015","id":2785}},"innings":[{"inningsNumber":1,"scorecard":{"runs":201,"extras":{"wideRuns":10,"legByeRuns":5},"battingStats":[{"mod":{"text":"b James Faulkner","dismissedBp":{"over":15,"innings":1,"ball":2},"countingBp":{"over":15,"innings":1,"ball":2},"bowlerId":193,"dismissedMethod":"b"},"playerId":41,"r":54,"b":35,"sr":"154.28","4s":6,"6s":2},{"mod":{"text":"c Sanju Samson b Shane Watson","dismissedBp":{"over":5,"innings":1,"ball":3},"countingBp":{"over":5,"innings":1,"ball":3},"bowlerId":227,"additionalPlayerIds":[258],"dismissedMethod":"ct"},"playerId":170,"r":24,"b":18,"sr":"133.33","4s":5,"6s":0},{"mod":{"text":"b Pravin Tambe","dismissedBp":{"over":11,"innings":1,"ball":3},"countingBp":{"over":11,"innings":1,"ball":3},"bowlerId":1114,"dismissedMethod":"b"},"playerId":388,"r":20,"b":21,"sr":"95.23","4s":3,"6s":0},{"mod":{"text":"c Steve Smith b Shane Watson","dismissedBp":{"over":18,"innings":1,"ball":4},"countingBp":{"over":18,"innings":1,"ball":4},"bowlerId":227,"additionalPlayerIds":[271],"dismissedMethod":"ct"},"playerId":197,"r":63,"b":28,"sr":"225.00","4s":4,"6s":5},{"playerId":374,"r":17,"b":12,"sr":"141.66","4s":2,"6s":0},{"playerId":52,"r":8,"b":6,"sr":"133.33","4s":1,"6s":0}],"bowlingStats":[{"playerId":1556,"r":34,"w":0,"ov":"3","e":"11.33","nb":0,"d":4,"maid":0,"wd":1},{"playerId":836,"r":38,"w":0,"ov":"4","e":"9.50","nb":0,"d":9,"maid":0,"wd":3},{"playerId":101,"r":19,"w":0,"ov":"2","e":"9.50","nb":0,"d":6,"maid":0,"wd":1},{"playerId":227,"r":36,"w":2,"ov":"3","e":"12.00","nb":0,"d":5,"maid":0,"wd":0},{"playerId":193,"r":37,"w":1,"ov":"4","e":"9.25","nb":0,"d":8,"maid":0,"wd":1},{"playerId":1114,"r":32,"w":1,"ov":"4","e":"8.00","nb":0,"d":11,"maid":0,"wd":0}],"wkts":4,"fow":[{"bp":{"over":5,"innings":1,"ball":3},"playerId":170,"r":48,"w":1},{"bp":{"over":11,"innings":1,"ball":3},"playerId":388,"r":89,"w":2},{"bp":{"over":15,"innings":1,"ball":2},"playerId":41,"r":127,"w":3},{"bp":{"over":18,"innings":1,"ball":4},"playerId":197,"r":180,"w":4}]},"overProgress":"20","runRate":"10.05","overHistory":[{"ovNo":1,"ovBalls":[".","4","1",".","4","4"]},{"ovNo":2,"ovBalls":["4Lb","1",".",".",".","."]},{"ovNo":3,"ovBalls":[".","4","1",".","1","4"]},{"ovNo":4,"ovBalls":[".","2",".","4",".","5Wd","1"]},{"ovNo":5,"ovBalls":["4","4","W",".",".","1"]},{"ovNo":6,"ovBalls":["4","1",".",".","2","."]},{"ovNo":7,"ovBalls":[".",".",".",".","1","1"]},{"ovNo":8,"ovBalls":[".","4","1Wd",".",".","4","."]},{"ovNo":9,"ovBalls":[".",".","1","6","1","1"]},{"ovNo":10,"ovBalls":["4","1","1","4","2","."]},{"ovNo":11,"ovBalls":["1",".","W","1","1","."]},{"ovNo":12,"ovBalls":["1",".","1","1","1Lb","1"]},{"ovNo":13,"ovBalls":["1","1","1",".","4","6"]},{"ovNo":14,"ovBalls":["2","1","2","1Wd","1","6","4"]},{"ovNo":15,"ovBalls":["1","W","1","1",".","4"]},{"ovNo":16,"ovBalls":[".",".","6","2","4","6"]},{"ovNo":17,"ovBalls":["1","4","1Wd","2","6","4","1"]},{"ovNo":18,"ovBalls":["2","2","6","W","3","1"]},{"ovNo":19,"ovBalls":["1Wd","1",".","4",".","1","4"]},{"ovNo":20,"ovBalls":["1","1","1Wd","1",".","1","1"]}]},{"inningsNumber":2,"scorecard":{"runs":194,"extras":{"wideRuns":1,"legByeRuns":6},"battingStats":[{"mod":{"text":"c Naman Ojha b Bhuvneshwar Kumar","dismissedBp":{"over":1,"innings":2,"ball":6},"countingBp":{"over":1,"innings":2,"ball":6},"bowlerId":116,"additionalPlayerIds":[52],"dismissedMethod":"ct"},"playerId":135,"r":8,"b":6,"sr":"133.33","4s":2,"6s":0},{"mod":{"text":"c Praveen Kumar b Ishant Sharma","dismissedBp":{"over":4,"innings":2,"ball":6},"countingBp":{"over":4,"innings":2,"ball":6},"bowlerId":38,"additionalPlayerIds":[77],"dismissedMethod":"ct"},"playerId":227,"r":12,"b":12,"sr":"100.00","4s":3,"6s":0},{"mod":{"text":"b Ravi Bopara","dismissedBp":{"over":15,"innings":2,"ball":2},"countingBp":{"over":15,"innings":2,"ball":2},"bowlerId":374,"dismissedMethod":"b"},"playerId":271,"r":68,"b":40,"sr":"170.00","4s":9,"6s":2},{"mod":{"text":"c Naman Ojha b Moises Henriques","dismissedBp":{"over":8,"innings":2,"ball":4},"countingBp":{"over":8,"innings":2,"ball":3},"bowlerId":388,"additionalPlayerIds":[52],"dismissedMethod":"ct"},"playerId":276,"r":4,"b":10,"sr":"40.00","4s":0,"6s":0},{"mod":{"text":"c Bhuvneshwar Kumar b Karn Sharma","dismissedBp":{"over":11,"innings":2,"ball":6},"countingBp":{"over":11,"innings":2,"ball":6},"bowlerId":1118,"additionalPlayerIds":[116],"dismissedMethod":"ct"},"playerId":1556,"r":7,"b":9,"sr":"77.77","4s":0,"6s":0},{"mod":{"text":"c Ravi Bopara b Bhuvneshwar Kumar","dismissedBp":{"over":18,"innings":2,"ball":1},"countingBp":{"over":18,"innings":2,"ball":1},"bowlerId":116,"additionalPlayerIds":[374],"dismissedMethod":"ct"},"playerId":193,"r":30,"b":19,"sr":"157.89","4s":2,"6s":2},{"mod":{"text":"b Bhuvneshwar Kumar","dismissedBp":{"over":18,"innings":2,"ball":4},"countingBp":{"over":18,"innings":2,"ball":4},"bowlerId":116,"dismissedMethod":"b"},"playerId":258,"r":21,"b":10,"sr":"210.00","4s":0,"6s":3},{"playerId":148,"r":3,"b":3,"sr":"100.00","4s":0,"6s":0},{"playerId":836,"r":34,"b":11,"sr":"309.09","4s":2,"6s":3}],"bowlingStats":[{"playerId":116,"r":44,"w":3,"ov":"4","e":"11.00","nb":0,"d":9,"maid":0,"wd":0},{"playerId":77,"r":40,"w":0,"ov":"4","e":"10.00","nb":0,"d":10,"maid":0,"wd":0},{"playerId":38,"r":25,"w":1,"ov":"3","e":"8.33","nb":0,"d":9,"maid":0,"wd":0},{"playerId":1118,"r":28,"w":1,"ov":"3","e":"9.33","nb":0,"d":6,"maid":0,"wd":0},{"playerId":388,"r":29,"w":1,"ov":"3","e":"9.66","nb":0,"d":6,"maid":0,"wd":1},{"playerId":374,"r":22,"w":1,"ov":"3","e":"7.33","nb":0,"d":6,"maid":0,"wd":0}],"wkts":7,"fow":[{"bp":{"over":1,"innings":2,"ball":6},"playerId":135,"r":8,"w":1},{"bp":{"over":4,"innings":2,"ball":6},"playerId":227,"r":30,"w":2},{"bp":{"over":8,"innings":2,"ball":3},"playerId":276,"r":45,"w":3},{"bp":{"over":11,"innings":2,"ball":6},"playerId":1556,"r":77,"w":4},{"bp":{"over":15,"innings":2,"ball":2},"playerId":271,"r":121,"w":5},{"bp":{"over":18,"innings":2,"ball":1},"playerId":193,"r":145,"w":6},{"bp":{"over":18,"innings":2,"ball":4},"playerId":258,"r":157,"w":7}]},"overProgress":"20","runRate":"9.70","overHistory":[{"ovNo":1,"ovBalls":[".",".","4",".","4","W"]},{"ovNo":2,"ovBalls":[".",".",".","4",".","."]},{"ovNo":3,"ovBalls":[".","1","4","4",".","."]},{"ovNo":4,"ovBalls":["4",".","4","1",".","W"]},{"ovNo":5,"ovBalls":[".",".",".","4","1","."]},{"ovNo":6,"ovBalls":[".","1",".",".",".","."]},{"ovNo":7,"ovBalls":["1","2","1","1","1Lb","."]},{"ovNo":8,"ovBalls":["1","1","1Wd","W","1",".","1"]},{"ovNo":9,"ovBalls":["1","1","2","1","1","."]},{"ovNo":10,"ovBalls":["4","4",".","4","2","1"]},{"ovNo":11,"ovBalls":["2","4","1",".","2","W"]},{"ovNo":12,"ovBalls":["1","1Lb","6","1","1","6"]},{"ovNo":13,"ovBalls":["6","1",".","1","6","."]},{"ovNo":14,"ovBalls":["2","1","1","1Lb","4","1"]},{"ovNo":15,"ovBalls":["4","W","1","2","1","1Lb"]},{"ovNo":16,"ovBalls":["1","4","4",".",".","."]},{"ovNo":17,"ovBalls":[".","6","2Lb","1",".","1"]},{"ovNo":18,"ovBalls":["W","6","6","W","4","1"]},{"ovNo":19,"ovBalls":["6","6","6","2","1","1"]},{"ovNo":20,"ovBalls":["1","1","1","2","4","1"]}]}],"currentState":{"phase":"C","facingBatsman":836,"nonFacingBatsman":148,"currentInningsIndex":1,"currentPartnership":37,"currentBowler":-1,"currentBatsmen":[148,836],"recentOvers":[{"ovNo":15,"ovBalls":["4","W","1","2","1","1Lb"]},{"ovNo":16,"ovBalls":["1","4","4",".",".","."]},{"ovNo":17,"ovBalls":[".","6","2Lb","1",".","1"]},{"ovNo":18,"ovBalls":["W","6","6","W","4","1"]},{"ovNo":19,"ovBalls":["6","6","6","2","1","1"]},{"ovNo":20,"ovBalls":["1","1","1","2","4","1"]}]}}