{"squadId":463,"totalVotes":1859,"players":[{"id":107,"voteCount":1776,"fullName":"Rohit Sharma","shortName":"RG Sharma"},{"id":210,"voteCount":1755,"fullName":"Kieron Pollard","shortName":"K Pollard"},{"id":211,"voteCount":1704,"fullName":"Lasith Malinga","shortName":"L Malinga"},{"id":103,"voteCount":1683,"fullName":"Harbhajan Singh","shortName":"H Singh"},{"id":100,"voteCount":1653,"fullName":"Ambati Rayudu","shortName":"A Rayudu"},{"id":595,"voteCount":1572,"fullName":"Lendl Simmons","shortName":"L Simmons"},{"id":166,"voteCount":1448,"fullName":"Vinay Kumar","shortName":"V Kumar"},{"id":60,"voteCount":1446,"fullName":"Unmukt Chand","shortName":"U Chand"},{"id":44,"voteCount":1442,"fullName":"Parthiv Patel","shortName":"P Patel"},{"id":730,"voteCount":1296,"fullName":"Mitchell McClenaghan","shortName":"M McClenaghan"},{"id":2741,"voteCount":1021,"fullName":"Jagadeesha Suchitch","shortName":"J Suchitch"},{"id":99,"voteCount":518,"fullName":"Aditya Tare","shortName":"A Tare"},{"id":106,"voteCount":431,"fullName":"Pragyan Ojha","shortName":"P Ojha"},{"id":968,"voteCount":419,"fullName":"Corey Anderson","shortName":"C Anderson"},{"id":1124,"voteCount":343,"fullName":"Jasprit Bumrah","shortName":"J Bumrah"},{"id":2740,"voteCount":304,"fullName":"Hardik Pandya","shortName":"H Pandya"},{"id":17,"voteCount":184,"fullName":"Ben Hilfenhaus","shortName":"B Hilfenhaus"},{"id":1748,"voteCount":173,"fullName":"Shreyas Gopal","shortName":"S Gopal"},{"id":151,"voteCount":136,"fullName":"Abhimanyu Mithun","shortName":"A Mithun"},{"id":105,"voteCount":125,"fullName":"Pawan Suyal","shortName":"P Suyal"},{"id":205,"voteCount":80,"fullName":"Aiden Blizzard","shortName":"A Blizzard"},{"id":2738,"voteCount":62,"fullName":"Nitish Rana","shortName":"N Rana"},{"id":204,"voteCount":57,"fullName":"Marchant de Lange","shortName":"M de Lange"},{"id":773,"voteCount":57,"fullName":"Colin Munro","shortName":"C Munro"},{"id":2737,"voteCount":46,"fullName":"Akshay Wakhare","shortName":"A Wakhare"},{"id":2739,"voteCount":38,"fullName":"Siddhesh Lad","shortName":"SD Lad"}]}