{"fragment":5,"updateTime":1430067148000,"matchId":{"id":3251,"name":"ipl2015-26 - DD vs. RCB","matchIdName":"ipl2015-26"},"commentaries":[{"bbcode":"[b]Six![/b] Here is Gayle! He leans back and toes the drive 79 meters over mid off","subtype":"BBCode","message":{"text":"<p><strong>Six!</strong> Here is Gayle! He leans back and toes the drive 79 meters over mid off</p>"},"tags":[],"timestamp":1430065881000,"id":1175672,"time":"16:30","updateTime":1430065833825,"sequence":200.0,"type":"Manual"},{"bbcode":"D Joseph to C Gayle, %SPEED% short length just outside off stump. He hits a nice boundary","thisOver":"4","progress":{"innings":2,"over":2,"ball":4},"speed":37.9539529753795,"subtype":"BBCode","countingProgress":{"innings":2,"over":1,"ball":4},"bowlerId":2736,"nonfacingBatsmanId":164,"facingBatsmanId":236,"autoText":"D Joseph to C Gayle, %SPEED% short length just outside off stump. He hits a nice boundary","message":{"text":null},"tags":["four"],"timestamp":1430065946000,"id":1175673,"time":"16:30","updateTime":1430065859800,"sequence":201.0,"type":"Auto"},{"bbcode":"Four! Back of a length and flat batted through mid wicket, where can you bowl to Chris Gayle?!","subtype":"BBCode","message":{"text":"<p>Four! Back of a length and flat batted through mid wicket, where can you bowl to Chris Gayle?!</p>"},"tags":[],"timestamp":1430065913000,"id":1175674,"time":"16:31","updateTime":1430065884742,"sequence":202.0,"type":"Manual"},{"bbcode":"D Joseph to C Gayle, no run, %SPEED% short length outside off stump. He plays and misses","thisOver":".","progress":{"innings":2,"over":2,"ball":5},"speed":37.130643156663,"subtype":"BBCode","countingProgress":{"innings":2,"over":1,"ball":5},"bowlerId":2736,"nonfacingBatsmanId":164,"facingBatsmanId":236,"autoText":"D Joseph to C Gayle, no run, %SPEED% short length outside off stump. He plays and misses","message":{"text":null},"tags":[],"timestamp":1430065897000,"id":1175675,"time":"16:31","updateTime":1430065893041,"sequence":203.0,"type":"Auto"},{"bbcode":"D Joseph to C Gayle, %SPEED% full length just outside off stump. He hits a nice boundary","thisOver":"4","progress":{"innings":2,"over":2,"ball":6},"speed":36.8382924575104,"subtype":"BBCode","countingProgress":{"innings":2,"over":1,"ball":6},"bowlerId":2736,"nonfacingBatsmanId":164,"facingBatsmanId":236,"autoText":"D Joseph to C Gayle, %SPEED% full length just outside off stump. He hits a nice boundary","message":{"text":null},"tags":["four"],"timestamp":1430065998000,"id":1175676,"time":"16:32","updateTime":1430065922061,"sequence":204.0,"type":"Auto"},{"bbcode":"Four! Fizzed down the ground! Gayle wants this chase over and done with","subtype":"BBCode","message":{"text":"<p>Four! Fizzed down the ground! Gayle wants this chase over and done with</p>"},"tags":[],"timestamp":1430066000000,"id":1175678,"time":"16:33","updateTime":1430065982107,"sequence":204.5,"type":"Manual"},{"innings":2,"over":2,"overRuns":14,"overWickets":0,"inningsRuns":18,"inningsWickets":0,"inningsAllOut":false,"team":{"id":9,"fullName":"Royal Challengers Bangalore","shortName":"Challengers","abbreviation":"RCB","primaryColor":"F1901D","secondaryColor":"FFFFFF","type":"m"},"batsmanSummaries":[{"batsman":{"id":236,"fullName":"Chris Gayle","shortName":"C Gayle","nationality":"West Indian","rightHandedBat":false,"dateOfBirth":306720000000,"names":["Chris Gayle","C Gayle"]},"runs":17,"balls":12,"fours":2,"sixes":1},{"batsman":{"id":164,"fullName":"Virat Kohli","shortName":"V Kohli","nationality":"Indian","rightHandedBat":false,"dateOfBirth":594691200000,"names":["Virat Kohli","V Kohli"]},"runs":0,"balls":0,"fours":0,"sixes":0}],"activeBatsman":164,"bowlerSummary":{"bowler":{"id":2736,"fullName":"Domnic Joseph","shortName":"D Joseph","nationality":"Indian","rightHandedBat":true,"dateOfBirth":352944000000,"names":["Domnic Joseph","D Joseph"]},"overs":"1","runs":14,"wickets":0,"maidens":0},"inningsBalls":12,"inningsMaxBalls":120,"inningsTarget":96,"message":{"text":null},"tags":[],"timestamp":1430065922000,"id":1175677,"time":"16:32","updateTime":1430065922221,"sequence":205.0,"type":"Eov"},{"bbcode":"N Coulter-Nile to V Kohli, no run, %SPEED% short length just outside off stump. He doesn't offer a shot","thisOver":".","progress":{"innings":2,"over":3,"ball":1},"speed":39.3831023692445,"subtype":"BBCode","countingProgress":{"innings":2,"over":2,"ball":1},"bowlerId":840,"nonfacingBatsmanId":236,"facingBatsmanId":164,"autoText":"N Coulter-Nile to V Kohli, no run, %SPEED% short length just outside off stump. He doesn't offer a shot","message":{"text":null},"tags":[],"timestamp":1430066060000,"id":1175679,"time":"16:33","updateTime":1430065982250,"sequence":207.0,"type":"Auto"},{"bbcode":"N Coulter-Nile to V Kohli, %SPEED% short length outside off stump. He picks up a single","thisOver":"1","progress":{"innings":2,"over":3,"ball":2},"speed":39.1188204414464,"subtype":"BBCode","countingProgress":{"innings":2,"over":2,"ball":2},"bowlerId":840,"nonfacingBatsmanId":236,"facingBatsmanId":164,"autoText":"N Coulter-Nile to V Kohli, %SPEED% short length outside off stump. He picks up a single","message":{"text":null},"tags":[],"timestamp":1430066060000,"id":1175681,"time":"16:33","updateTime":1430066015284,"sequence":208.0,"type":"Auto"},{"bbcode":"N Coulter-Nile to C Gayle, no run, %SPEED% good length on leg stump. He doesn't offer a shot","thisOver":".","progress":{"innings":2,"over":3,"ball":3},"speed":40.26833836248,"subtype":"BBCode","countingProgress":{"innings":2,"over":2,"ball":3},"bowlerId":840,"nonfacingBatsmanId":164,"facingBatsmanId":236,"autoText":"N Coulter-Nile to C Gayle, no run, %SPEED% good length on leg stump. He doesn't offer a shot","message":{"text":null},"tags":[],"timestamp":1430066132000,"id":1175682,"time":"16:34","updateTime":1430066066231,"sequence":209.0,"type":"Auto"},{"bbcode":"N Coulter-Nile to C Gayle, %SPEED% good length just outside off stump. He hits a nice boundary","thisOver":"4","progress":{"innings":2,"over":3,"ball":4},"speed":34.4778109041179,"subtype":"BBCode","countingProgress":{"innings":2,"over":2,"ball":4},"bowlerId":840,"nonfacingBatsmanId":164,"facingBatsmanId":236,"autoText":"N Coulter-Nile to C Gayle, %SPEED% good length just outside off stump. He hits a nice boundary","message":{"text":null},"tags":["four"],"timestamp":1430066183000,"id":1175683,"time":"16:35","updateTime":1430066100997,"sequence":210.0,"type":"Auto"},{"bbcode":"Four! Oh yes! Elegance from Gayle! Yes elegance! He sits on the backfoot, clears his front leg and opens his hands on a punch through extra cover","subtype":"BBCode","message":{"text":"<p>Four! Oh yes! Elegance from Gayle! Yes elegance! He sits on the backfoot, clears his front leg and opens his hands on a punch through extra cover</p>"},"tags":[],"timestamp":1430066161000,"id":1175684,"time":"16:35","updateTime":1430066114431,"sequence":211.0,"type":"Manual"},{"bbcode":"N Coulter-Nile to C Gayle, %SPEED% full length on middle stump. He plays and misses","thisOver":"1","progress":{"innings":2,"over":3,"ball":5},"speed":40.0749154153187,"subtype":"BBCode","countingProgress":{"innings":2,"over":2,"ball":5},"bowlerId":840,"nonfacingBatsmanId":164,"facingBatsmanId":236,"autoText":"N Coulter-Nile to C Gayle, %SPEED% full length on middle stump. He plays and misses","message":{"text":null},"tags":[],"timestamp":1430066183000,"id":1175685,"time":"16:35","updateTime":1430066145436,"sequence":212.0,"type":"Auto"},{"bbcode":"N Coulter-Nile to V Kohli, no run, %SPEED% short length just outside off stump. He doesn't offer a shot","thisOver":".","progress":{"innings":2,"over":3,"ball":6},"speed":39.9885435446924,"subtype":"BBCode","countingProgress":{"innings":2,"over":2,"ball":6},"bowlerId":840,"nonfacingBatsmanId":236,"facingBatsmanId":164,"autoText":"N Coulter-Nile to V Kohli, no run, %SPEED% short length just outside off stump. He doesn't offer a shot","message":{"text":null},"tags":[],"timestamp":1430066244000,"id":1175686,"time":"16:36","updateTime":1430066178535,"sequence":213.0,"type":"Auto"},{"innings":2,"over":3,"overRuns":6,"overWickets":0,"inningsRuns":24,"inningsWickets":0,"inningsAllOut":false,"team":{"id":9,"fullName":"Royal Challengers Bangalore","shortName":"Challengers","abbreviation":"RCB","primaryColor":"F1901D","secondaryColor":"FFFFFF","type":"m"},"batsmanSummaries":[{"batsman":{"id":164,"fullName":"Virat Kohli","shortName":"V Kohli","nationality":"Indian","rightHandedBat":false,"dateOfBirth":594691200000,"names":["Virat Kohli","V Kohli"]},"runs":1,"balls":3,"fours":0,"sixes":0},{"batsman":{"id":236,"fullName":"Chris Gayle","shortName":"C Gayle","nationality":"West Indian","rightHandedBat":false,"dateOfBirth":306720000000,"names":["Chris Gayle","C Gayle"]},"runs":22,"balls":15,"fours":3,"sixes":1}],"activeBatsman":236,"bowlerSummary":{"bowler":{"id":840,"fullName":"Nathan Coulter-Nile","shortName":"N Coulter-Nile","nationality":"Australian","rightHandedBat":true,"dateOfBirth":560908800000,"names":["Nathan Coulter-Nile","N Coulter-Nile"]},"overs":"2","runs":10,"wickets":0,"maidens":0},"inningsBalls":18,"inningsMaxBalls":120,"inningsTarget":96,"message":{"text":null},"tags":[],"timestamp":1430066178000,"id":1175687,"time":"16:36","updateTime":1430066178655,"sequence":214.0,"type":"Eov"},{"subtype":"EmbeddedTweet","tweetjson":{"created_at":"Sun Apr 26 16:17:38 +0000 2015","id":592361905106227201,"id_str":"592361905106227201","text":"There aren't too many bowlers that are affective at the top &amp; the end of the innings. BUT @mstarc56 is in a league of his own #RCB #PepsiIPL","source":"<a href=\"http://twitter.com/download/iphone\" rel=\"nofollow\">Twitter for iPhone</a>","truncated":false,"in_reply_to_status_id":null,"in_reply_to_status_id_str":null,"in_reply_to_user_id":null,"in_reply_to_user_id_str":null,"in_reply_to_screen_name":null,"user":{"id":393842481,"id_str":"393842481","name":"Lisa Sthalekar","screen_name":"sthalekar93","location":"Sydney","description":"Former NSW and Australian Cricketer. Cricket commentator and specialist Coach. Love movies, a glass of wine & a tragic netball supporter. These views are my own","url":"http://t.co/1LusPoTn1m","entities":{"url":{"urls":[{"url":"http://t.co/1LusPoTn1m","expanded_url":"http://www.lisasthalekar.com","display_url":"lisasthalekar.com","indices":[0,22]}]},"description":{"urls":[]}},"protected":false,"followers_count":8010,"friends_count":311,"listed_count":127,"created_at":"Wed Oct 19 04:58:26 +0000 2011","favourites_count":534,"utc_offset":-36000,"time_zone":"Hawaii","geo_enabled":false,"verified":true,"statuses_count":2728,"lang":"en","contributors_enabled":false,"is_translator":false,"is_translation_enabled":false,"profile_background_color":"C0DEED","profile_background_image_url":"http://pbs.twimg.com/profile_background_images/351964998/bg2.jpg","profile_background_image_url_https":"https://pbs.twimg.com/profile_background_images/351964998/bg2.jpg","profile_background_tile":true,"profile_image_url":"http://pbs.twimg.com/profile_images/537151335829757952/x8JzcUXG_normal.jpeg","profile_image_url_https":"https://pbs.twimg.com/profile_images/537151335829757952/x8JzcUXG_normal.jpeg","profile_banner_url":"https://pbs.twimg.com/profile_banners/393842481/1378039878","profile_link_color":"0084B4","profile_sidebar_border_color":"C0DEED","profile_sidebar_fill_color":"DDEEF6","profile_text_color":"333333","profile_use_background_image":true,"default_profile":false,"default_profile_image":false,"following":false,"follow_request_sent":false,"notifications":false},"geo":null,"coordinates":null,"place":null,"contributors":null,"retweet_count":3,"favorite_count":5,"entities":{"hashtags":[{"text":"RCB","indices":[130,134]},{"text":"PepsiIPL","indices":[135,144]}],"symbols":[],"user_mentions":[{"screen_name":"mstarc56","name":"Mitch Starc","id":185527889,"id_str":"185527889","indices":[94,103]}],"urls":[]},"favorited":false,"retweeted":false,"lang":"en"},"message":{"text":"<blockquote class=\"twitter-tweet\" data-partner=\"tweetdeck\">\n<p>There aren't too many bowlers that are affective at the top &amp; the end of the innings. BUT <a href=\"https://twitter.com/mstarc56\">@mstarc56</a> is in a league of his own <a href=\"https://twitter.com/hashtag/RCB?src=hash\">#RCB</a> <a href=\"https://twitter.com/hashtag/PepsiIPL?src=hash\">#PepsiIPL</a></p>\n&mdash; Lisa Sthalekar (@sthalekar93) <a href=\"https://twitter.com/sthalekar93/status/592361905106227201\">April 26, 2015</a></blockquote>\n<script charset=\"utf-8\" type=\"text/javascript\" src=\"http://platform.twitter.com/widgets.js\"></script>"},"tags":[],"timestamp":1430066219000,"id":1175688,"time":"16:36","updateTime":1430066219485,"sequence":215.0,"type":"Manual"},{"bbcode":"Imran Tahir is on with his leggies for the home side","subtype":"BBCode","message":{"text":"<p>Imran Tahir is on with his leggies for the home side</p>"},"tags":[],"timestamp":1430066301000,"id":1175691,"time":"16:38","updateTime":1430066299440,"sequence":215.5,"type":"Manual"},{"bbcode":"I Tahir to C Gayle, no run, %SPEED% good length going down leg. He plays and misses","thisOver":".","progress":{"innings":2,"over":4,"ball":1},"speed":24.1508167581096,"subtype":"BBCode","countingProgress":{"innings":2,"over":3,"ball":1},"bowlerId":898,"nonfacingBatsmanId":164,"facingBatsmanId":236,"autoText":"I Tahir to C Gayle, no run, %SPEED% good length going down leg. He plays and misses","message":{"text":null},"tags":[],"timestamp":1430066296000,"id":1175689,"time":"16:37","updateTime":1430066265001,"sequence":216.0,"type":"Auto"},{"bbcode":"I Tahir to C Gayle, %SPEED% good length just outside off stump. He hits a nice boundary","thisOver":"4","progress":{"innings":2,"over":4,"ball":2},"speed":23.6601019638948,"subtype":"BBCode","countingProgress":{"innings":2,"over":3,"ball":2},"bowlerId":898,"nonfacingBatsmanId":164,"facingBatsmanId":236,"autoText":"I Tahir to C Gayle, %SPEED% good length just outside off stump. He hits a nice boundary","message":{"text":null},"tags":["four"],"timestamp":1430066368000,"id":1175690,"time":"16:38","updateTime":1430066283738,"sequence":217.0,"type":"Auto"},{"bbcode":"Four! Gayle has the power! He gets away with a dangerous sweep off middle stump and picks the gap at square leg","subtype":"BBCode","message":{"text":"<p>Four! Gayle has the power! He gets away with a dangerous sweep off middle stump and picks the gap at square leg</p>"},"tags":[],"timestamp":1430066333000,"id":1175693,"time":"16:38","updateTime":1430066304904,"sequence":218.0,"type":"Manual"},{"bbcode":"I Tahir to C Gayle, %SPEED% good length going down leg. He picks up a single","thisOver":"1","progress":{"innings":2,"over":4,"ball":3},"speed":27.0933407619496,"subtype":"BBCode","countingProgress":{"innings":2,"over":3,"ball":3},"bowlerId":898,"nonfacingBatsmanId":164,"facingBatsmanId":236,"autoText":"I Tahir to C Gayle, %SPEED% good length going down leg. He picks up a single","message":{"text":null},"tags":[],"timestamp":1430066368000,"id":1175694,"time":"16:38","updateTime":1430066313023,"sequence":219.0,"type":"Auto"},{"bbcode":"I Tahir to V Kohli, %SPEED% good length on off stump. He picks up a single","thisOver":"1","progress":{"innings":2,"over":4,"ball":4},"speed":24.7963934174039,"subtype":"BBCode","countingProgress":{"innings":2,"over":3,"ball":4},"bowlerId":898,"nonfacingBatsmanId":236,"facingBatsmanId":164,"autoText":"I Tahir to V Kohli, %SPEED% good length on off stump. He picks up a single","message":{"text":null},"tags":[],"timestamp":1430066429000,"id":1175695,"time":"16:39","updateTime":1430066364882,"sequence":220.0,"type":"Auto"},{"bbcode":"I Tahir to C Gayle, %SPEED% short length just outside off stump. He picks up a single","thisOver":"1","progress":{"innings":2,"over":4,"ball":5},"speed":23.7383043480958,"subtype":"BBCode","countingProgress":{"innings":2,"over":3,"ball":5},"bowlerId":898,"nonfacingBatsmanId":164,"facingBatsmanId":236,"autoText":"I Tahir to C Gayle, %SPEED% short length just outside off stump. He picks up a single","message":{"text":null},"tags":[],"timestamp":1430066480000,"id":1175696,"time":"16:39","updateTime":1430066393912,"sequence":221.0,"type":"Auto"},{"bbcode":"I Tahir to V Kohli, %SPEED% good length on middle stump. He picks up a single","thisOver":"1","progress":{"innings":2,"over":4,"ball":6},"speed":24.571876253146,"subtype":"BBCode","countingProgress":{"innings":2,"over":3,"ball":6},"bowlerId":898,"nonfacingBatsmanId":236,"facingBatsmanId":164,"autoText":"I Tahir to V Kohli, %SPEED% good length on middle stump. He picks up a single","message":{"text":null},"tags":[],"timestamp":1430066480000,"id":1175697,"time":"16:40","updateTime":1430066424807,"sequence":222.0,"type":"Auto"},{"innings":2,"over":4,"overRuns":8,"overWickets":0,"inningsRuns":32,"inningsWickets":0,"inningsAllOut":false,"team":{"id":9,"fullName":"Royal Challengers Bangalore","shortName":"Challengers","abbreviation":"RCB","primaryColor":"F1901D","secondaryColor":"FFFFFF","type":"m"},"batsmanSummaries":[{"batsman":{"id":164,"fullName":"Virat Kohli","shortName":"V Kohli","nationality":"Indian","rightHandedBat":false,"dateOfBirth":594691200000,"names":["Virat Kohli","V Kohli"]},"runs":3,"balls":5,"fours":0,"sixes":0},{"batsman":{"id":236,"fullName":"Chris Gayle","shortName":"C Gayle","nationality":"West Indian","rightHandedBat":false,"dateOfBirth":306720000000,"names":["Chris Gayle","C Gayle"]},"runs":28,"balls":19,"fours":4,"sixes":1}],"activeBatsman":164,"bowlerSummary":{"bowler":{"id":898,"fullName":"Imran Tahir","shortName":"I Tahir","nationality":"South African","rightHandedBat":true,"dateOfBirth":291340800000,"names":["Imran Tahir","I Tahir"]},"overs":"1","runs":8,"wickets":0,"maidens":0},"inningsBalls":24,"inningsMaxBalls":120,"inningsTarget":96,"message":{"text":null},"tags":[],"timestamp":1430066424000,"id":1175698,"time":"16:40","updateTime":1430066424952,"sequence":223.0,"type":"Eov"},{"bbcode":"N Coulter-Nile to V Kohli, %SPEED% short length on leg stump. He picks up a single","thisOver":"1","progress":{"innings":2,"over":5,"ball":1},"speed":39.722575668135,"subtype":"BBCode","countingProgress":{"innings":2,"over":4,"ball":1},"bowlerId":840,"nonfacingBatsmanId":236,"facingBatsmanId":164,"autoText":"N Coulter-Nile to V Kohli, %SPEED% short length on leg stump. He picks up a single","message":{"text":null},"tags":[],"timestamp":1430066532000,"id":1175699,"time":"16:41","updateTime":1430066482142,"sequence":224.0,"type":"Auto"},{"bbcode":"N Coulter-Nile to C Gayle, no run, %SPEED% short length on middle stump. He doesn't offer a shot","thisOver":".","progress":{"innings":2,"over":5,"ball":2},"speed":34.7184831362792,"subtype":"BBCode","countingProgress":{"innings":2,"over":4,"ball":2},"bowlerId":840,"nonfacingBatsmanId":164,"facingBatsmanId":236,"autoText":"N Coulter-Nile to C Gayle, no run, %SPEED% short length on middle stump. He doesn't offer a shot","message":{"text":null},"tags":[],"timestamp":1430066606000,"id":1175700,"time":"16:41","updateTime":1430066511525,"sequence":225.0,"type":"Auto"},{"bbcode":"N Coulter-Nile to C Gayle, no run, %SPEED% short length just outside off stump. He doesn't offer a shot","thisOver":".","progress":{"innings":2,"over":5,"ball":3},"speed":38.6678587393831,"subtype":"BBCode","countingProgress":{"innings":2,"over":4,"ball":3},"bowlerId":840,"nonfacingBatsmanId":164,"facingBatsmanId":236,"autoText":"N Coulter-Nile to C Gayle, no run, %SPEED% short length just outside off stump. He doesn't offer a shot","message":{"text":null},"tags":[],"timestamp":1430066606000,"id":1175701,"time":"16:42","updateTime":1430066544590,"sequence":226.0,"type":"Auto"},{"bbcode":"N Coulter-Nile to C Gayle, no run, %SPEED% short length just outside off stump. He doesn't offer a shot","thisOver":".","progress":{"innings":2,"over":5,"ball":4},"speed":32.1650637565628,"subtype":"BBCode","countingProgress":{"innings":2,"over":4,"ball":4},"bowlerId":840,"nonfacingBatsmanId":164,"facingBatsmanId":236,"autoText":"N Coulter-Nile to C Gayle, no run, %SPEED% short length just outside off stump. He doesn't offer a shot","message":{"text":null},"tags":[],"timestamp":1430066669000,"id":1175702,"time":"16:42","updateTime":1430066575704,"sequence":227.0,"type":"Auto"},{"bbcode":"N Coulter-Nile to C Gayle, %SPEED% short length on leg stump. He plays and misses","thisOver":"4","progress":{"innings":2,"over":5,"ball":5},"speed":39.6513187304426,"subtype":"BBCode","countingProgress":{"innings":2,"over":4,"ball":5},"bowlerId":840,"nonfacingBatsmanId":164,"facingBatsmanId":236,"autoText":"N Coulter-Nile to C Gayle, %SPEED% short length on leg stump. He plays and misses","message":{"text":null},"tags":["four"],"timestamp":1430066669000,"id":1175703,"time":"16:43","updateTime":1430066612592,"sequence":228.0,"type":"Auto"},{"bbcode":"Four! Coulter-Nile will not be happy with that. Gayle manages to get enough bat on an uncontrolled hook fine on the leg side","subtype":"BBCode","message":{"text":"<p>Four! Coulter-Nile will not be happy with that. Gayle manages to get enough bat on an uncontrolled hook fine on the leg side</p>"},"tags":[],"timestamp":1430066661000,"id":1175704,"time":"16:43","updateTime":1430066622826,"sequence":229.0,"type":"Manual"},{"bbcode":"N Coulter-Nile to C Gayle, %SPEED% full length just outside off stump. He hits a great shot, that has gone all the way","thisOver":"6","progress":{"innings":2,"over":5,"ball":6},"speed":40.3473451969522,"subtype":"BBCode","countingProgress":{"innings":2,"over":4,"ball":6},"bowlerId":840,"nonfacingBatsmanId":164,"facingBatsmanId":236,"autoText":"N Coulter-Nile to C Gayle, %SPEED% full length just outside off stump. He hits a great shot, that has gone all the way","message":{"text":null},"tags":["six"],"timestamp":1430066720000,"id":1175705,"time":"16:44","updateTime":1430066656381,"sequence":230.0,"type":"Auto"},{"bbcode":"[b]Six![/b] Fuller this time from Coulter-Nile and Gayle plonks a big stride down the pitch and swings his club, sending the ball way back over cover","subtype":"BBCode","message":{"text":"<p><strong>Six!</strong> Fuller this time from Coulter-Nile and Gayle plonks a big stride down the pitch and swings his club, sending the ball way back over cover</p>"},"tags":[],"timestamp":1430066733000,"id":1175707,"time":"16:44","updateTime":1430066665799,"sequence":230.5,"type":"Manual"},{"innings":2,"over":5,"overRuns":11,"overWickets":0,"inningsRuns":43,"inningsWickets":0,"inningsAllOut":false,"team":{"id":9,"fullName":"Royal Challengers Bangalore","shortName":"Challengers","abbreviation":"RCB","primaryColor":"F1901D","secondaryColor":"FFFFFF","type":"m"},"batsmanSummaries":[{"batsman":{"id":236,"fullName":"Chris Gayle","shortName":"C Gayle","nationality":"West Indian","rightHandedBat":false,"dateOfBirth":306720000000,"names":["Chris Gayle","C Gayle"]},"runs":38,"balls":24,"fours":5,"sixes":2},{"batsman":{"id":164,"fullName":"Virat Kohli","shortName":"V Kohli","nationality":"Indian","rightHandedBat":false,"dateOfBirth":594691200000,"names":["Virat Kohli","V Kohli"]},"runs":4,"balls":6,"fours":0,"sixes":0}],"activeBatsman":164,"bowlerSummary":{"bowler":{"id":840,"fullName":"Nathan Coulter-Nile","shortName":"N Coulter-Nile","nationality":"Australian","rightHandedBat":true,"dateOfBirth":560908800000,"names":["Nathan Coulter-Nile","N Coulter-Nile"]},"overs":"3","runs":21,"wickets":0,"maidens":0},"inningsBalls":30,"inningsMaxBalls":120,"inningsTarget":96,"message":{"text":null},"tags":[],"timestamp":1430066656000,"id":1175706,"time":"16:44","updateTime":1430066656608,"sequence":231.0,"type":"Eov"},{"bbcode":"JP Duminy brings himself on to create some magic","subtype":"BBCode","message":{"text":"<p>JP Duminy brings himself on to create some magic</p>"},"tags":[],"timestamp":1430066793000,"id":1175712,"time":"16:46","updateTime":1430066790951,"sequence":231.5,"type":"Manual"},{"mediaId":"4197319109001","endpointUrlHq1":"http://brightcove.vo.llnwd.net/v1/uds/pd/3588749423001/201504/1192/3588749423001_4197590547001_MATCH-26-RCB-1ST-SIX.mp4","endpointUrlHq2":"http://brightcove.vo.llnwd.net/v1/uds/pd/3588749423001/201504/864/3588749423001_4197584606001_MATCH-26-RCB-1ST-SIX.mp4","endpointUrlAlt":"http://c.brightcove.com/services/mobile/streaming/index/rendition.m3u8?assetId=4197592044001","title":"M26: DD vs RCB – Chris Gayle Six","largeThumbnail":"http://brightcove.vo.llnwd.net/v1/unsecured/media/3588749423001/201504/1848/3588749423001_4197500663001_video-still-for-video-4197319109001.jpg?pubId=3588749423001","duration":29560,"endpointUrl":"http://brightcove.vo.llnwd.net/v1/uds/pd/3588749423001/201504/664/3588749423001_4197592041001_MATCH-26-RCB-1ST-SIX.mp4","smallThumbnail":"http://brightcove.vo.llnwd.net/v1/unsecured/media/3588749423001/201504/2848/3588749423001_4197500662001_thumbnail-for-video-4197319109001.jpg?pubId=3588749423001","description":null,"endpointUrlMq":"http://brightcove.vo.llnwd.net/v1/uds/pd/3588749423001/201504/1664/3588749423001_4197592042001_MATCH-26-RCB-1ST-SIX.mp4","endpointUrlHq3":"http://brightcove.vo.llnwd.net/v1/uds/pd/3588749423001/201504/2664/3588749423001_4197592043001_MATCH-26-RCB-1ST-SIX.mp4","publishDate":1430066189032,"message":{"text":null},"tags":["account:iplt20","2015","ipl2015","over 2","six","innings 1","playerid 236","dd","IPL 2015","ipl2015-26","match:ipl2015-26","ball 3","channel:ipl-match-centre","rcb"],"timestamp":1430066859000,"id":1175718,"time":"16:47","updateTime":1430066839992,"sequence":231.75,"type":"Video"},{"bbcode":"JP Duminy to V Kohli, no run, %SPEED% good length on off stump. He doesn't offer a shot","thisOver":".","progress":{"innings":2,"over":6,"ball":1},"speed":24.1938504937558,"subtype":"BBCode","countingProgress":{"innings":2,"over":5,"ball":1},"bowlerId":182,"nonfacingBatsmanId":236,"facingBatsmanId":164,"autoText":"JP Duminy to V Kohli, no run, %SPEED% good length on off stump. He doesn't offer a shot","message":{"text":null},"tags":[],"timestamp":1430066773000,"id":1175709,"time":"16:45","updateTime":1430066734896,"sequence":232.0,"type":"Auto"},{"bbcode":"JP Duminy to V Kohli, %SPEED% good length going down leg. He picks up a single","thisOver":"1","progress":{"innings":2,"over":6,"ball":2},"speed":24.4845374429688,"subtype":"BBCode","countingProgress":{"innings":2,"over":5,"ball":2},"bowlerId":182,"nonfacingBatsmanId":236,"facingBatsmanId":164,"autoText":"JP Duminy to V Kohli, %SPEED% good length going down leg. He picks up a single","message":{"text":null},"tags":[],"timestamp":1430066836000,"id":1175710,"time":"16:45","updateTime":1430066751714,"sequence":233.0,"type":"Auto"},{"bbcode":"JP Duminy to C Gayle, %SPEED% full length on middle stump. He hits a nice boundary","thisOver":"4","progress":{"innings":2,"over":6,"ball":3},"speed":25.6228020435601,"subtype":"BBCode","countingProgress":{"innings":2,"over":5,"ball":3},"bowlerId":182,"nonfacingBatsmanId":164,"facingBatsmanId":236,"autoText":"JP Duminy to C Gayle, %SPEED% full length on middle stump. He hits a nice boundary","message":{"text":null},"tags":["four"],"timestamp":1430066836000,"id":1175711,"time":"16:46","updateTime":1430066790021,"sequence":234.0,"type":"Auto"},{"bbcode":"Four! Duminy flights the ball up and invites Gayle to a hammering straight drive past mid off. RCB are half way there...","subtype":"BBCode","message":{"text":"<p>Four! Duminy flights the ball up and invites Gayle to a hammering straight drive past mid off. RCB are half way there...</p>"},"tags":[],"timestamp":1430066838000,"id":1175714,"time":"16:46","updateTime":1430066801126,"sequence":235.0,"type":"Manual"},{"bbcode":"JP Duminy to C Gayle, no run, %SPEED% short length on off stump. He doesn't offer a shot","thisOver":".","progress":{"innings":2,"over":6,"ball":4},"speed":24.7025681361006,"subtype":"BBCode","countingProgress":{"innings":2,"over":5,"ball":4},"bowlerId":182,"nonfacingBatsmanId":164,"facingBatsmanId":236,"autoText":"JP Duminy to C Gayle, no run, %SPEED% short length on off stump. He doesn't offer a shot","message":{"text":null},"tags":[],"timestamp":1430066909000,"id":1175715,"time":"16:46","updateTime":1430066814455,"sequence":236.0,"type":"Auto"},{"bbcode":"JP Duminy to C Gayle, %SPEED% full length going down leg. He picks up a single","thisOver":"1","progress":{"innings":2,"over":6,"ball":5},"speed":25.2699132939974,"subtype":"BBCode","countingProgress":{"innings":2,"over":5,"ball":5},"bowlerId":182,"nonfacingBatsmanId":164,"facingBatsmanId":236,"autoText":"JP Duminy to C Gayle, %SPEED% full length going down leg. He picks up a single","message":{"text":null},"tags":[],"timestamp":1430066909000,"id":1175716,"time":"16:47","updateTime":1430066837787,"sequence":237.0,"type":"Auto"},{"bbcode":"JP Duminy to V Kohli, %SPEED% good length going down leg. He picks up a single","thisOver":"1","progress":{"innings":2,"over":6,"ball":6},"speed":25.0601010902507,"subtype":"BBCode","countingProgress":{"innings":2,"over":5,"ball":6},"bowlerId":182,"nonfacingBatsmanId":236,"facingBatsmanId":164,"autoText":"JP Duminy to V Kohli, %SPEED% good length going down leg. He picks up a single","message":{"text":null},"tags":[],"timestamp":1430066909000,"id":1175722,"time":"16:47","updateTime":1430066866027,"sequence":238.0,"type":"Auto"},{"innings":2,"over":6,"overRuns":7,"overWickets":0,"inningsRuns":50,"inningsWickets":0,"inningsAllOut":false,"team":{"id":9,"fullName":"Royal Challengers Bangalore","shortName":"Challengers","abbreviation":"RCB","primaryColor":"F1901D","secondaryColor":"FFFFFF","type":"m"},"batsmanSummaries":[{"batsman":{"id":164,"fullName":"Virat Kohli","shortName":"V Kohli","nationality":"Indian","rightHandedBat":false,"dateOfBirth":594691200000,"names":["Virat Kohli","V Kohli"]},"runs":6,"balls":9,"fours":0,"sixes":0},{"batsman":{"id":236,"fullName":"Chris Gayle","shortName":"C Gayle","nationality":"West Indian","rightHandedBat":false,"dateOfBirth":306720000000,"names":["Chris Gayle","C Gayle"]},"runs":43,"balls":27,"fours":6,"sixes":2}],"activeBatsman":164,"bowlerSummary":{"bowler":{"id":182,"fullName":"JP Duminy","shortName":"JP Duminy","nationality":"South African","rightHandedBat":false,"dateOfBirth":450748800000,"names":["JP Duminy","JP Duminy"]},"overs":"1","runs":7,"wickets":0,"maidens":0},"inningsBalls":36,"inningsMaxBalls":120,"inningsTarget":96,"message":{"text":null},"tags":[],"timestamp":1430066866000,"id":1175723,"time":"16:47","updateTime":1430066866168,"sequence":239.0,"type":"Eov"},{"bbcode":"JP goes to more spin and it is Amit Mishra now","subtype":"BBCode","message":{"text":"<p>JP goes to more spin and it is Amit Mishra now</p>"},"tags":[],"timestamp":1430066928000,"id":1175724,"time":"16:48","updateTime":1430066928718,"sequence":240.0,"type":"Manual"},{"bbcode":"A Mishra to V Kohli, no run, %SPEED% good length just outside off stump. He doesn't offer a shot","thisOver":".","progress":{"innings":2,"over":7,"ball":1},"speed":22.8867301062699,"subtype":"BBCode","countingProgress":{"innings":2,"over":6,"ball":1},"bowlerId":30,"nonfacingBatsmanId":236,"facingBatsmanId":164,"autoText":"A Mishra to V Kohli, no run, %SPEED% good length just outside off stump. He doesn't offer a shot","message":{"text":null},"tags":[],"timestamp":1430067013000,"id":1175725,"time":"16:49","updateTime":1430066959045,"sequence":241.0,"type":"Auto"},{"bbcode":"A Mishra to V Kohli, %SPEED% full length just outside off stump. He hits a nice boundary","thisOver":"4","progress":{"innings":2,"over":7,"ball":2},"speed":22.5932894549684,"subtype":"BBCode","countingProgress":{"innings":2,"over":6,"ball":2},"bowlerId":30,"nonfacingBatsmanId":236,"facingBatsmanId":164,"autoText":"A Mishra to V Kohli, %SPEED% full length just outside off stump. He hits a nice boundary","message":{"text":null},"tags":["four"],"timestamp":1430067013000,"id":1175726,"time":"16:49","updateTime":1430066977816,"sequence":242.0,"type":"Auto"},{"bbcode":"Four! Masterful use of the feet and Kohli picks his gap through the covers with a flowing blade","subtype":"BBCode","message":{"text":"<p>Four! Masterful use of the feet and Kohli picks his gap through the covers with a flowing blade</p>"},"tags":[],"timestamp":1430067008000,"id":1175727,"time":"16:49","updateTime":1430066988900,"sequence":243.0,"type":"Manual"},{"bbcode":"A Mishra to V Kohli, %SPEED% good length on middle stump. He hits a nice boundary","thisOver":"4","progress":{"innings":2,"over":7,"ball":3},"speed":23.0373013822543,"subtype":"BBCode","countingProgress":{"innings":2,"over":6,"ball":3},"bowlerId":30,"nonfacingBatsmanId":236,"facingBatsmanId":164,"autoText":"A Mishra to V Kohli, %SPEED% good length on middle stump. He hits a nice boundary","message":{"text":null},"tags":["four"],"timestamp":1430067086000,"id":1175728,"time":"16:50","updateTime":1430067006833,"sequence":244.0,"type":"Auto"},{"bbcode":"Four! Deep in his crease this time and smacked through mid wicket with supreme timing","subtype":"BBCode","message":{"text":"<p>Four! Deep in his crease this time and smacked through mid wicket with supreme timing</p>"},"tags":[],"timestamp":1430067040000,"id":1175731,"time":"16:50","updateTime":1430067035950,"sequence":245.0,"type":"Manual"},{"bbcode":"A Mishra to V Kohli, %SPEED% good length just outside off stump. He picks up a single","thisOver":"1","progress":{"innings":2,"over":7,"ball":4},"speed":21.8779887882453,"subtype":"BBCode","countingProgress":{"innings":2,"over":6,"ball":4},"bowlerId":30,"nonfacingBatsmanId":236,"facingBatsmanId":164,"autoText":"A Mishra to V Kohli, %SPEED% good length just outside off stump. He picks up a single","message":{"text":null},"tags":[],"timestamp":1430067086000,"id":1175730,"time":"16:50","updateTime":1430067033528,"sequence":246.0,"type":"Auto"},{"bbcode":"A Mishra to C Gayle, %SPEED% good length going down leg. He picks up a single","thisOver":"1","progress":{"innings":2,"over":7,"ball":5},"speed":22.3027519435208,"subtype":"BBCode","countingProgress":{"innings":2,"over":6,"ball":5},"bowlerId":30,"nonfacingBatsmanId":164,"facingBatsmanId":236,"autoText":"A Mishra to C Gayle, %SPEED% good length going down leg. He picks up a single","message":{"text":null},"tags":[],"timestamp":1430067148000,"id":1175734,"time":"16:51","updateTime":1430067082942,"sequence":247.0,"type":"Auto"},{"bbcode":"A Mishra to V Kohli, %SPEED% good length on off stump. He picks up a single","thisOver":"1","progress":{"innings":2,"over":7,"ball":6},"speed":23.7735261357892,"subtype":"BBCode","countingProgress":{"innings":2,"over":6,"ball":6},"bowlerId":30,"nonfacingBatsmanId":236,"facingBatsmanId":164,"autoText":"A Mishra to V Kohli, %SPEED% good length on off stump. He picks up a single","message":{"text":null},"tags":[],"timestamp":1430067148000,"id":1175735,"time":"16:51","updateTime":1430067106363,"sequence":248.0,"type":"Auto"},{"innings":2,"over":7,"overRuns":11,"overWickets":0,"inningsRuns":61,"inningsWickets":0,"inningsAllOut":false,"team":{"id":9,"fullName":"Royal Challengers Bangalore","shortName":"Challengers","abbreviation":"RCB","primaryColor":"F1901D","secondaryColor":"FFFFFF","type":"m"},"batsmanSummaries":[{"batsman":{"id":164,"fullName":"Virat Kohli","shortName":"V Kohli","nationality":"Indian","rightHandedBat":false,"dateOfBirth":594691200000,"names":["Virat Kohli","V Kohli"]},"runs":16,"balls":14,"fours":2,"sixes":0},{"batsman":{"id":236,"fullName":"Chris Gayle","shortName":"C Gayle","nationality":"West Indian","rightHandedBat":false,"dateOfBirth":306720000000,"names":["Chris Gayle","C Gayle"]},"runs":44,"balls":28,"fours":6,"sixes":2}],"activeBatsman":164,"bowlerSummary":{"bowler":{"id":30,"fullName":"Amit Mishra","shortName":"A Mishra","nationality":"Indian","rightHandedBat":false,"dateOfBirth":406944000000,"names":["Amit Mishra","A Mishra"]},"overs":"1","runs":11,"wickets":0,"maidens":0},"inningsBalls":42,"inningsMaxBalls":120,"inningsTarget":96,"message":{"text":null},"tags":[],"timestamp":1430067106000,"id":1175736,"time":"16:51","updateTime":1430067106513,"sequence":249.0,"type":"Eov"}]}