{"squadId":466,"totalVotes":2329,"players":[{"id":233,"voteCount":2254,"fullName":"AB de Villiers","shortName":"AB de Villiers"},{"id":164,"voteCount":2170,"fullName":"Virat Kohli","shortName":"V Kohli"},{"id":490,"voteCount":2126,"fullName":"Mitchell Starc","shortName":"M Starc"},{"id":236,"voteCount":2106,"fullName":"Chris Gayle","shortName":"C Gayle"},{"id":111,"voteCount":1951,"fullName":"Yuzvendra Chahal","shortName":"Y Chahal"},{"id":102,"voteCount":1889,"fullName":"Dinesh Karthik","shortName":"D Karthik"},{"id":157,"voteCount":1646,"fullName":"Harshal Patel","shortName":"H Patel"},{"id":85,"voteCount":1535,"fullName":"Iqbal Abdulla","shortName":"I Abdulla"},{"id":869,"voteCount":1319,"fullName":"David Wiese","shortName":"D Wiese"},{"id":90,"voteCount":1128,"fullName":"Manvinder Bisla","shortName":"M Bisla"},{"id":61,"voteCount":1064,"fullName":"Varun Aaron","shortName":"V Aaron"},{"id":72,"voteCount":803,"fullName":"Mandeep Singh","shortName":"M Singh"},{"id":98,"voteCount":686,"fullName":"Abu Nechim","shortName":"A Nechim"},{"id":1564,"voteCount":640,"fullName":"Sarfaraz Khan","shortName":"S Khan"},{"id":589,"voteCount":558,"fullName":"Darren Sammy","shortName":"D Sammy"},{"id":48,"voteCount":475,"fullName":"Ashok Dinda","shortName":"A Dinda"},{"id":12,"voteCount":474,"fullName":"Subramaniam Badrinath","shortName":"S Badrinath"},{"id":239,"voteCount":266,"fullName":"Rilee Rossouw","shortName":"R Rossouw"},{"id":278,"voteCount":205,"fullName":"Vijay Zol","shortName":"V Zol"},{"id":162,"voteCount":147,"fullName":"Sreenath Arvind","shortName":"S Arvind"},{"id":1092,"voteCount":128,"fullName":"Sandeep Warrier","shortName":"S Warrier"},{"id":1750,"voteCount":121,"fullName":"Yogesh Takawale","shortName":"Y Takawale"},{"id":942,"voteCount":90,"fullName":"Sean Abbott","shortName":"S Abbott"},{"id":1087,"voteCount":85,"fullName":"Jalaj Saxena","shortName":"J Saxena"},{"id":858,"voteCount":69,"fullName":"Nic Maddinson","shortName":"N Maddinson"},{"id":2748,"voteCount":45,"fullName":"Shishir Bhavane","shortName":"S Bhavane"}]}