{"matchInfo":{"description":"Match 26","matchType":"IPLT20","teams":[{"id":3705,"players":[{"names":["Mayank Agarwal","M Agarwal"],"dateOfBirth":666835200000,"id":158,"fullName":"Mayank Agarwal","shortName":"M Agarwal","nationality":"Indian"},{"names":["Shreyas Iyer","S Iyer"],"rightHandedBat":true,"dateOfBirth":786672000000,"id":1563,"fullName":"Shreyas Iyer","shortName":"S Iyer","nationality":"Indian"},{"names":["JP Duminy","JP Duminy"],"dateOfBirth":450748800000,"id":182,"fullName":"JP Duminy","shortName":"JP Duminy","nationality":"South African"},{"names":["Yuvraj Singh","Y Singh"],"rightHandedBat":true,"dateOfBirth":376963200000,"id":113,"fullName":"Yuvraj Singh","shortName":"Y Singh","nationality":"Indian"},{"names":["Angelo Mathews","A Mathews"],"dateOfBirth":549590400000,"id":217,"fullName":"Angelo Mathews","shortName":"A Mathews","nationality":"Sri Lankan"},{"names":["Kedar Jadhav","K Jadhav"],"rightHandedBat":true,"dateOfBirth":480643200000,"id":297,"fullName":"Kedar Jadhav","shortName":"K Jadhav","nationality":"Indian"},{"names":["Nathan Coulter-Nile","N Coulter-Nile"],"rightHandedBat":true,"dateOfBirth":560908800000,"id":840,"fullName":"Nathan Coulter-Nile","shortName":"N Coulter-Nile","nationality":"Australian"},{"names":["Amit Mishra","A Mishra"],"dateOfBirth":406944000000,"id":30,"fullName":"Amit Mishra","shortName":"A Mishra","nationality":"Indian"},{"names":["Shahbaz Nadeem","S Nadeem"],"dateOfBirth":618883200000,"id":57,"fullName":"Shahbaz Nadeem","shortName":"S Nadeem","nationality":"Indian"},{"names":["Imran Tahir","I Tahir"],"rightHandedBat":true,"dateOfBirth":291340800000,"id":898,"fullName":"Imran Tahir","shortName":"I Tahir","nationality":"South African"},{"names":["Domnic Joseph","D Joseph"],"rightHandedBat":true,"dateOfBirth":352944000000,"id":2736,"fullName":"Domnic Joseph","shortName":"D Joseph","nationality":"Indian"}],"team":{"type":"m","fullName":"Delhi Daredevils","shortName":"Daredevils","abbreviation":"DD","primaryColor":"B22E2A","secondaryColor":"FFFFFF","id":3},"wicketKeeper":{"names":["Kedar Jadhav","K Jadhav"],"rightHandedBat":true,"dateOfBirth":480643200000,"id":297,"fullName":"Kedar Jadhav","shortName":"K Jadhav","nationality":"Indian"},"captain":{"names":["JP Duminy","JP Duminy"],"dateOfBirth":450748800000,"id":182,"fullName":"JP Duminy","shortName":"JP Duminy","nationality":"South African"}},{"id":3704,"players":[{"names":["Chris Gayle","C Gayle"],"dateOfBirth":306720000000,"id":236,"fullName":"Chris Gayle","shortName":"C Gayle","nationality":"West Indian"},{"names":["Mandeep Singh","M Singh"],"dateOfBirth":693014400000,"id":72,"fullName":"Mandeep Singh","shortName":"M Singh","nationality":"Indian"},{"names":["Virat Kohli","V Kohli"],"dateOfBirth":594691200000,"id":164,"fullName":"Virat Kohli","shortName":"V Kohli","nationality":"Indian"},{"names":["Dinesh Karthik","D Karthik"],"rightHandedBat":true,"dateOfBirth":486432000000,"id":102,"fullName":"Dinesh Karthik","shortName":"D Karthik","nationality":"Indian"},{"names":["AB de Villiers","AB de Villiers"],"dateOfBirth":445824000000,"id":233,"fullName":"AB de Villiers","shortName":"AB de Villiers","nationality":"South African"},{"names":["Sarfaraz Khan","S Khan"],"rightHandedBat":true,"dateOfBirth":877478400000,"id":1564,"fullName":"Sarfaraz Khan","shortName":"S Khan","nationality":"Indian"},{"names":["David Wiese","D Wiese"],"rightHandedBat":true,"dateOfBirth":485222400000,"id":869,"fullName":"David Wiese","shortName":"D Wiese","nationality":"South African"},{"names":["Harshal Patel","H Patel"],"dateOfBirth":659318400000,"id":157,"fullName":"Harshal Patel","shortName":"H Patel","nationality":"Indian"},{"names":["Mitchell Starc","M Starc"],"rightHandedBat":true,"dateOfBirth":633657600000,"id":490,"fullName":"Mitchell Starc","shortName":"M Starc","nationality":"Australian"},{"names":["Iqbal Abdulla","I Abdulla"],"dateOfBirth":628560000000,"id":85,"fullName":"Iqbal Abdulla","shortName":"I Abdulla","nationality":"Indian"},{"names":["Varun Aaron","V Aaron"],"dateOfBirth":625622400000,"id":61,"fullName":"Varun Aaron","shortName":"V Aaron","nationality":"Indian"}],"team":{"type":"m","fullName":"Royal Challengers Bangalore","shortName":"Challengers","abbreviation":"RCB","primaryColor":"F1901D","secondaryColor":"FFFFFF","id":9},"wicketKeeper":{"names":["Dinesh Karthik","D Karthik"],"rightHandedBat":true,"dateOfBirth":486432000000,"id":102,"fullName":"Dinesh Karthik","shortName":"D Karthik","nationality":"Indian"},"captain":{"names":["Virat Kohli","V Kohli"],"dateOfBirth":594691200000,"id":164,"fullName":"Virat Kohli","shortName":"V Kohli","nationality":"Indian"}}],"venue":{"id":8,"country":"India","fullName":"Ferozeshah Kotla","shortName":"Kotla","city":"Delhi"},"matchDate":"2015-04-26T20:00:00+0530","battingOrder":[0,1],"additionalInfo":{"toss.elected":"Royal Challengers Bangalore, who chose to field","match.video.id":"4197611123001","stats.link":"http://www.iplt20.com/news/2015/more-news/6322/quick-stats-m26-dd-vs-rcb","match.summary":"","photostream.link":"http://www.iplt20.com/photos/274/ipl-2015-match-26-dd-v-rcb","mom.video.id":"4197611124001","home.team.fan.total":"4774","notes.1.1":"Powerplay - 38 runs, 2 wickets","away.team.fan.total":"5821","notes.1.2":"DD: 50 runs in 9.4 overs","umpire.name.3":"Anil Chaudhary","notes.1.3":"Innings Break: DD - 95/10 in 18.2 overs","umpire.name.4":"Krishnaraj Srinath","umpire.name.1":"Marais Erasmus","umpire.name.2":"S Ravi","highlights.link":"http://www.iplt20.com/videos/media/id/4197611123001/m26-dd-vs-rcb-match-highlights","result.playerofthematch":"Varun Aaron","mom.video.thumb":"http://brightcove.vo.llnwd.net/v1/unsecured/media/3588749423001/201504/2448/3588749423001_4197500704001_video-still-for-video-4197611124001.jpg?pubId=3588749423001","interview.link":"http://www.iplt20.com/news/2015/features/6324/we-could-have-made-a-match-with-140-runs-on-the-board-jadhav","sixes.video.id":"4197611118001","interview.thumb":"http://static2.iplt20.com/cms/media/images/320x213/38577.jpg","referee.name":"Graeme La Brooy","match.video.thumb":"http://brightcove.vo.llnwd.net/v1/unsecured/media/3588749423001/201504/448/3588749423001_4197500706001_video-still-for-video-4197611123001.jpg?pubId=3588749423001","stats.thumb":"http://static2.iplt20.com/cms/media/images/320x213/38572.jpg","toss.winner":"Royal Challengers Bangalore","sixes.video.thumb":"http://brightcove.vo.llnwd.net/v1/unsecured/media/3588749423001/201504/448/3588749423001_4197500686001_video-still-for-video-4197611118001.jpg?pubId=3588749423001","notes.2.3":"1st Wicket: 50 runs in 36 balls (Chris Gayle 43, Virat Kohli 6)","report.thumb":"http://static2.iplt20.com/cms/media/images/320x213/38551.jpg","notes.2.4":"Chris Gayle: 50 off 29 balls (6 x fours, 3 x sixes)","notes.2.1":"Powerplay - 50 runs, 0 wickets","report.link":"http://www.iplt20.com/news/2015/match-reports/6314/report-m26-dd-vs-rcb","notes.2.2":"RCB: 50 runs in 5.6 overs"},"oversLimit":20,"matchState":"C","isLimitedOvers":true,"matchStatus":{"text":"Royal Challengers Bangalore won by 10 wickets","outcome":"B"},"matchSummary":"","tournamentLabel":"IPL 2015"},"matchId":{"tournamentId":{"name":"ipl2015","id":2785},"name":"ipl2015-26","id":3251,"parentId":{"name":"ipl2015","id":2785}},"innings":[{"inningsNumber":1,"scorecard":{"runs":95,"extras":{"wideRuns":6,"legByeRuns":2},"battingStats":[{"mod":{"text":"st Dinesh Karthik b Iqbal Abdulla","dismissedBp":{"over":13,"innings":1,"ball":1},"countingBp":{"over":13,"innings":1,"ball":1},"bowlerId":85,"additionalPlayerIds":[102],"dismissedMethod":"st"},"playerId":158,"r":27,"b":34,"sr":"79.41","4s":1,"6s":1},{"mod":{"text":"lbw Mitchell Starc","dismissedBp":{"over":1,"innings":1,"ball":6},"countingBp":{"over":1,"innings":1,"ball":5},"bowlerId":490,"dismissedMethod":"lbw"},"playerId":1563,"r":0,"b":1,"sr":"0.00","4s":0,"6s":0},{"mod":{"text":"c Dinesh Karthik b David Wiese","dismissedBp":{"over":6,"innings":1,"ball":3},"countingBp":{"over":6,"innings":1,"ball":2},"bowlerId":869,"additionalPlayerIds":[102],"dismissedMethod":"ct"},"playerId":182,"r":13,"b":14,"sr":"92.85","4s":2,"6s":0},{"mod":{"text":"c Dinesh Karthik b Varun Aaron","dismissedBp":{"over":7,"innings":1,"ball":2},"countingBp":{"over":7,"innings":1,"ball":2},"bowlerId":61,"additionalPlayerIds":[102],"dismissedMethod":"ct"},"playerId":113,"r":2,"b":5,"sr":"40.00","4s":0,"6s":0},{"mod":{"text":"c AB de Villiers b Varun Aaron","dismissedBp":{"over":7,"innings":1,"ball":3},"countingBp":{"over":7,"innings":1,"ball":3},"bowlerId":61,"additionalPlayerIds":[233],"dismissedMethod":"ct"},"playerId":217,"r":0,"b":1,"sr":"0.00","4s":0,"6s":0},{"mod":{"text":"c Mitchell Starc b Harshal Patel","dismissedBp":{"over":18,"innings":1,"ball":3},"countingBp":{"over":18,"innings":1,"ball":3},"bowlerId":157,"additionalPlayerIds":[490],"dismissedMethod":"ct"},"playerId":297,"r":33,"b":29,"sr":"113.79","4s":4,"6s":0},{"mod":{"text":"lbw David Wiese","dismissedBp":{"over":14,"innings":1,"ball":4},"countingBp":{"over":14,"innings":1,"ball":4},"bowlerId":869,"dismissedMethod":"lbw"},"playerId":840,"r":4,"b":8,"sr":"50.00","4s":1,"6s":0},{"mod":{"text":"b Mitchell Starc","dismissedBp":{"over":15,"innings":1,"ball":6},"countingBp":{"over":15,"innings":1,"ball":6},"bowlerId":490,"dismissedMethod":"b"},"playerId":30,"r":2,"b":4,"sr":"50.00","4s":0,"6s":0},{"mod":{"text":"b Mitchell Starc","dismissedBp":{"over":17,"innings":1,"ball":3},"countingBp":{"over":17,"innings":1,"ball":3},"bowlerId":490,"dismissedMethod":"b"},"playerId":57,"r":2,"b":7,"sr":"28.57","4s":0,"6s":0},{"playerId":898,"r":3,"b":4,"sr":"75.00","4s":0,"6s":0},{"mod":{"text":"run out (AB de Villiers)","dismissedBp":{"over":19,"innings":1,"ball":2},"countingBp":{"over":19,"innings":1,"ball":2},"bowlerId":869,"additionalPlayerIds":[233],"dismissedMethod":"ro"},"playerId":2736,"r":1,"b":3,"sr":"33.33","4s":0,"6s":0}],"bowlingStats":[{"playerId":490,"r":20,"w":3,"ov":"4","e":"5.00","nb":0,"d":15,"maid":0,"wd":1},{"playerId":61,"r":24,"w":2,"ov":"4","e":"6.00","nb":0,"d":14,"maid":0,"wd":3},{"playerId":157,"r":14,"w":1,"ov":"3","e":"4.66","nb":0,"d":7,"maid":0,"wd":0},{"playerId":869,"r":18,"w":2,"ov":"3.2","e":"5.40","nb":0,"d":8,"maid":0,"wd":1},{"playerId":85,"r":17,"w":1,"ov":"4","e":"4.25","nb":0,"d":12,"maid":1,"wd":1}],"allOut":true,"wkts":10,"fow":[{"bp":{"over":1,"innings":1,"ball":5},"playerId":1563,"r":2,"w":1},{"bp":{"over":6,"innings":1,"ball":2},"playerId":182,"r":36,"w":2},{"bp":{"over":7,"innings":1,"ball":2},"playerId":113,"r":39,"w":3},{"bp":{"over":7,"innings":1,"ball":3},"playerId":217,"r":39,"w":4},{"bp":{"over":13,"innings":1,"ball":1},"playerId":158,"r":67,"w":5},{"bp":{"over":14,"innings":1,"ball":4},"playerId":840,"r":72,"w":6},{"bp":{"over":15,"innings":1,"ball":6},"playerId":30,"r":85,"w":7},{"bp":{"over":17,"innings":1,"ball":3},"playerId":57,"r":90,"w":8},{"bp":{"over":18,"innings":1,"ball":3},"playerId":297,"r":92,"w":9},{"bp":{"over":19,"innings":1,"ball":2},"playerId":2736,"r":95,"w":10}]},"overProgress":"18.2","runRate":"5.18","overHistory":[{"ovNo":1,"ovBalls":[".",".",".","1","1Wd","W","."]},{"ovNo":2,"ovBalls":[".","4","1Wd","1","1Lb","1","."]},{"ovNo":3,"ovBalls":[".","1Lb",".","4","2","."]},{"ovNo":4,"ovBalls":[".","1",".","1Wd","4","1","6"]},{"ovNo":5,"ovBalls":[".","1","1","1",".","1"]},{"ovNo":6,"ovBalls":["1Wd","1","W",".",".",".","2"]},{"ovNo":7,"ovBalls":["1","W","W",".",".","1Wd","."]},{"ovNo":8,"ovBalls":["1",".",".","1",".","1"]},{"ovNo":9,"ovBalls":[".",".",".","1","1","."]},{"ovNo":10,"ovBalls":["2","1","1","4","1","."]},{"ovNo":11,"ovBalls":["4",".","1","1","1","1"]},{"ovNo":12,"ovBalls":["1","1","1",".","1","1"]},{"ovNo":13,"ovBalls":["W",".",".",".",".","."]},{"ovNo":14,"ovBalls":["1",".","4","W","1","2"]},{"ovNo":15,"ovBalls":["1","4","4","1",".","W"]},{"ovNo":16,"ovBalls":["1Wd","1",".","1","1",".","1"]},{"ovNo":17,"ovBalls":[".",".","W","1","1","."]},{"ovNo":18,"ovBalls":[".",".","W","1","1","."]},{"ovNo":19,"ovBalls":["1","W"]}]},{"inningsNumber":2,"scorecard":{"runs":99,"extras":{"wideRuns":2},"battingStats":[{"playerId":236,"r":62,"b":40,"sr":"155.00","4s":6,"6s":4},{"playerId":164,"r":35,"b":23,"sr":"152.17","4s":6,"6s":0}],"bowlingStats":[{"playerId":840,"r":30,"w":0,"ov":"3.3","e":"8.57","nb":0,"d":10,"maid":0,"wd":1},{"playerId":2736,"r":14,"w":0,"ov":"1","e":"14.00","nb":0,"d":3,"maid":0,"wd":0},{"playerId":898,"r":20,"w":0,"ov":"2","e":"10.00","nb":0,"d":3,"maid":0,"wd":0},{"playerId":182,"r":7,"w":0,"ov":"1","e":"7.00","nb":0,"d":2,"maid":0,"wd":0},{"playerId":30,"r":25,"w":0,"ov":"2","e":"12.50","nb":0,"d":2,"maid":0,"wd":1},{"playerId":217,"r":3,"w":0,"ov":"1","e":"3.00","nb":0,"d":3,"maid":0,"wd":0}],"wkts":0,"fow":[]},"overProgress":"10.3","runRate":"9.42","overHistory":[{"ovNo":1,"ovBalls":[".",".",".",".","1Wd","2","1"]},{"ovNo":2,"ovBalls":[".",".","6","4",".","4"]},{"ovNo":3,"ovBalls":[".","1",".","4","1","."]},{"ovNo":4,"ovBalls":[".","4","1","1","1","1"]},{"ovNo":5,"ovBalls":["1",".",".",".","4","6"]},{"ovNo":6,"ovBalls":[".","1","4",".","1","1"]},{"ovNo":7,"ovBalls":[".","4","4","1","1","1"]},{"ovNo":8,"ovBalls":["4","1","6",".",".","1"]},{"ovNo":9,"ovBalls":["1Wd","6","1","1","1","4","."]},{"ovNo":10,"ovBalls":["1","1",".",".","1","."]},{"ovNo":11,"ovBalls":["1","4","4"]}]}],"currentState":{"phase":"C","facingBatsman":164,"nonFacingBatsman":236,"currentInningsIndex":1,"currentPartnership":99,"currentBowler":840,"currentBatsmen":[236,164],"recentOvers":[{"ovNo":6,"ovBalls":[".","1","4",".","1","1"]},{"ovNo":7,"ovBalls":[".","4","4","1","1","1"]},{"ovNo":8,"ovBalls":["4","1","6",".",".","1"]},{"ovNo":9,"ovBalls":["1Wd","6","1","1","1","4","."]},{"ovNo":10,"ovBalls":["1","1",".",".","1","."]},{"ovNo":11,"ovBalls":["1","4","4"]}]}}