{"fragment":6,"updateTime":1431450963000,"matchId":{"id":3274,"name":"ipl2015-49 - DD vs. CSK","matchIdName":"ipl2015-49"},"commentaries":[{"bbcode":"R Jadeja to Y Singh. He picks up a single","thisOver":"1","progress":{"innings":2,"over":8,"ball":5},"speed":-1.0,"subtype":"BBCode","countingProgress":{"innings":2,"over":7,"ball":5},"bowlerId":9,"nonfacingBatsmanId":1563,"facingBatsmanId":113,"autoText":"R Jadeja to Y Singh. He picks up a single","message":{"text":null},"tags":[],"timestamp":1431449675000,"id":1193790,"time":"16:53","updateTime":1431449625598,"sequence":250.0,"type":"Auto"},{"bbcode":"R Jadeja to S Iyer, no run, %SPEED% good length on middle stump. He doesn't offer a shot","thisOver":".","progress":{"innings":2,"over":8,"ball":6},"speed":25.8551746850226,"subtype":"BBCode","countingProgress":{"innings":2,"over":7,"ball":6},"bowlerId":9,"nonfacingBatsmanId":113,"facingBatsmanId":1563,"autoText":"R Jadeja to S Iyer, no run, %SPEED% good length on middle stump. He doesn't offer a shot","message":{"text":null},"tags":[],"timestamp":1431449738000,"id":1193791,"time":"16:54","updateTime":1431449643707,"sequence":251.0,"type":"Auto"},{"innings":2,"over":8,"overRuns":4,"overWickets":0,"inningsRuns":52,"inningsWickets":2,"inningsAllOut":false,"team":{"id":3,"fullName":"Delhi Daredevils","shortName":"Daredevils","abbreviation":"DD","primaryColor":"B22E2A","secondaryColor":"FFFFFF","type":"m"},"batsmanSummaries":[{"batsman":{"id":1563,"fullName":"Shreyas Iyer","shortName":"S Iyer","nationality":"Indian","rightHandedBat":true,"dateOfBirth":786672000000,"names":["Shreyas Iyer","S Iyer"]},"runs":32,"balls":23,"fours":5,"sixes":1},{"batsman":{"id":113,"fullName":"Yuvraj Singh","shortName":"Y Singh","nationality":"Indian","rightHandedBat":true,"dateOfBirth":376963200000,"names":["Yuvraj Singh","Y Singh"]},"runs":11,"balls":11,"fours":2,"sixes":0}],"activeBatsman":113,"bowlerSummary":{"bowler":{"id":9,"fullName":"Ravindra Jadeja","shortName":"R Jadeja","nationality":"Indian","rightHandedBat":false,"dateOfBirth":597369600000,"names":["Ravindra Jadeja","R Jadeja"]},"overs":"1","runs":4,"wickets":0,"maidens":0},"inningsBalls":48,"inningsMaxBalls":120,"inningsTarget":120,"message":{"text":null},"tags":[],"timestamp":1431449643000,"id":1193792,"time":"16:54","updateTime":1431449643906,"sequence":252.0,"type":"Eov"},{"bbcode":"R Ashwin to Y Singh, no run, %SPEED% good length just outside off stump. He plays and misses","thisOver":".","progress":{"innings":2,"over":9,"ball":1},"speed":23.9954556501049,"subtype":"BBCode","countingProgress":{"innings":2,"over":8,"ball":1},"bowlerId":8,"nonfacingBatsmanId":1563,"facingBatsmanId":113,"autoText":"R Ashwin to Y Singh, no run, %SPEED% good length just outside off stump. He plays and misses","message":{"text":null},"tags":[],"timestamp":1431449723000,"id":1193793,"time":"16:55","updateTime":1431449723064,"sequence":253.0,"type":"Auto"},{"bbcode":"Close! Big turn! Ashwin rips a beauty past the outside edge and off stump of Singh","subtype":"BBCode","message":{"text":"<p>Close! Big turn! Ashwin rips a beauty past the outside edge and off stump of Singh</p>"},"tags":[],"timestamp":1431449771000,"id":1193796,"time":"16:55","updateTime":1431449755891,"sequence":253.5,"type":"Manual"},{"bbcode":"R Ashwin to Y Singh, no run, %SPEED% good length on middle stump. He doesn't offer a shot","thisOver":".","progress":{"innings":2,"over":9,"ball":2},"speed":26.3295896668422,"subtype":"BBCode","countingProgress":{"innings":2,"over":8,"ball":2},"bowlerId":8,"nonfacingBatsmanId":1563,"facingBatsmanId":113,"autoText":"R Ashwin to Y Singh, no run, %SPEED% good length on middle stump. He doesn't offer a shot","message":{"text":null},"tags":[],"timestamp":1431449794000,"id":1193794,"time":"16:55","updateTime":1431449737389,"sequence":254.0,"type":"Auto"},{"bbcode":"R Ashwin to Y Singh, %SPEED% good length on leg stump. He picks up a single","thisOver":"1","progress":{"innings":2,"over":9,"ball":3},"speed":22.7112420883784,"subtype":"BBCode","countingProgress":{"innings":2,"over":8,"ball":3},"bowlerId":8,"nonfacingBatsmanId":1563,"facingBatsmanId":113,"autoText":"R Ashwin to Y Singh, %SPEED% good length on leg stump. He picks up a single","message":{"text":null},"tags":[],"timestamp":1431449795000,"id":1193795,"time":"16:55","updateTime":1431449755711,"sequence":255.0,"type":"Auto"},{"bbcode":"R Ashwin to S Iyer, %SPEED% good length on off stump. He plays and misses","thisOver":"2","progress":{"innings":2,"over":9,"ball":4},"speed":23.2888140202852,"subtype":"BBCode","countingProgress":{"innings":2,"over":8,"ball":4},"bowlerId":8,"nonfacingBatsmanId":113,"facingBatsmanId":1563,"autoText":"R Ashwin to S Iyer, %SPEED% good length on off stump. He plays and misses","message":{"text":null},"tags":[],"timestamp":1431449848000,"id":1193798,"time":"16:56","updateTime":1431449792739,"sequence":256.0,"type":"Auto"},{"bbcode":"[b]Dropped! [/b]Crashed into orbit at mid wicket and Mohit misjudges his dive in the deep. CSK needed that one","subtype":"BBCode","message":{"text":"<p><strong>Dropped!&nbsp;</strong>Crashed into orbit at mid wicket and Mohit misjudges his dive in the deep. CSK needed that one</p>"},"tags":[],"timestamp":1431449840000,"id":1193800,"time":"16:57","updateTime":1431449838644,"sequence":256.5,"type":"Manual"},{"bbcode":"R Ashwin to S Iyer, %SPEED% good length just outside off stump. He hits a nice boundary","thisOver":"4","progress":{"innings":2,"over":9,"ball":5},"speed":23.0168230098516,"subtype":"BBCode","countingProgress":{"innings":2,"over":8,"ball":5},"bowlerId":8,"nonfacingBatsmanId":113,"facingBatsmanId":1563,"autoText":"R Ashwin to S Iyer, %SPEED% good length just outside off stump. He hits a nice boundary","message":{"text":null},"tags":["four"],"timestamp":1431449911000,"id":1193799,"time":"16:57","updateTime":1431449829748,"sequence":257.0,"type":"Auto"},{"bbcode":"Four! Iyer jumps into position and times his cut fantastically well past short third man","subtype":"BBCode","message":{"text":"<p>Four! Iyer jumps into position and times his cut fantastically well past short third man</p>"},"tags":[],"timestamp":1431449881000,"id":1193802,"time":"16:57","updateTime":1431449845309,"sequence":258.0,"type":"Manual"},{"bbcode":"R Ashwin to S Iyer, %SPEED% good length just outside off stump. He picks up a single","thisOver":"1","progress":{"innings":2,"over":9,"ball":6},"speed":23.1359559585593,"subtype":"BBCode","countingProgress":{"innings":2,"over":8,"ball":6},"bowlerId":8,"nonfacingBatsmanId":113,"facingBatsmanId":1563,"autoText":"R Ashwin to S Iyer, %SPEED% good length just outside off stump. He picks up a single","message":{"text":null},"tags":[],"timestamp":1431449911000,"id":1193803,"time":"16:57","updateTime":1431449866610,"sequence":259.0,"type":"Auto"},{"innings":2,"over":9,"overRuns":8,"overWickets":0,"inningsRuns":60,"inningsWickets":2,"inningsAllOut":false,"team":{"id":3,"fullName":"Delhi Daredevils","shortName":"Daredevils","abbreviation":"DD","primaryColor":"B22E2A","secondaryColor":"FFFFFF","type":"m"},"batsmanSummaries":[{"batsman":{"id":1563,"fullName":"Shreyas Iyer","shortName":"S Iyer","nationality":"Indian","rightHandedBat":true,"dateOfBirth":786672000000,"names":["Shreyas Iyer","S Iyer"]},"runs":39,"balls":26,"fours":6,"sixes":1},{"batsman":{"id":113,"fullName":"Yuvraj Singh","shortName":"Y Singh","nationality":"Indian","rightHandedBat":true,"dateOfBirth":376963200000,"names":["Yuvraj Singh","Y Singh"]},"runs":12,"balls":14,"fours":2,"sixes":0}],"activeBatsman":1563,"bowlerSummary":{"bowler":{"id":8,"fullName":"Ravichandran Ashwin","shortName":"R Ashwin","nationality":"Indian","rightHandedBat":false,"dateOfBirth":527299200000,"names":["Ravichandran Ashwin","R Ashwin"]},"overs":"2","runs":12,"wickets":0,"maidens":0},"inningsBalls":54,"inningsMaxBalls":120,"inningsTarget":120,"message":{"text":null},"tags":[],"timestamp":1431449866000,"id":1193804,"time":"16:57","updateTime":1431449866776,"sequence":260.0,"type":"Eov"},{"bbcode":"We have a Timeout and it is DD who ar cruising in this partnership now. CSK need a spark and one would think that Bravo will have the ball in hand shortly...","subtype":"BBCode","message":{"text":"<p>We have a Timeout and it is DD who ar cruising in this partnership now. CSK need a spark and one would think that Bravo will have the ball in hand shortly...</p>"},"tags":[],"timestamp":1431449926000,"id":1193805,"time":"16:58","updateTime":1431449926142,"sequence":261.0,"type":"Manual"},{"mediaId":"4232011788001","endpointUrlHq1":"http://brightcove.vo.llnwd.net/v1/uds/pd/3588749423001/201505/1896/3588749423001_4232219330001_IPL-MAGIC-NADEEM.mp4","endpointUrlHq2":"http://brightcove.vo.llnwd.net/v1/uds/pd/3588749423001/201505/912/3588749423001_4232213169001_IPL-MAGIC-NADEEM.mp4","endpointUrlAlt":"http://c.brightcove.com/services/mobile/streaming/index/rendition.m3u8?assetId=4232213180001","title":"M49: DD vs CSK – Nadeem's maiden over to Smith","largeThumbnail":"http://brightcove.vo.llnwd.net/v1/unsecured/media/3588749423001/201505/2704/3588749423001_4232055713001_video-still-for-video-4232011788001.jpg?pubId=3588749423001","duration":142160,"endpointUrl":"http://brightcove.vo.llnwd.net/v1/uds/pd/3588749423001/201505/2784/3588749423001_4232221511001_IPL-MAGIC-NADEEM.mp4","smallThumbnail":"http://brightcove.vo.llnwd.net/v1/unsecured/media/3588749423001/201505/3704/3588749423001_4232055712001_thumbnail-for-video-4232011788001.jpg?pubId=3588749423001","description":null,"endpointUrlMq":"http://brightcove.vo.llnwd.net/v1/uds/pd/3588749423001/201505/448/3588749423001_4232221487001_IPL-MAGIC-NADEEM.mp4","endpointUrlHq3":"http://brightcove.vo.llnwd.net/v1/uds/pd/3588749423001/201505/1592/3588749423001_4232221700001_IPL-MAGIC-NADEEM.mp4","publishDate":1431449180460,"message":{"text":null},"tags":["account:iplt20","home","2015","ipl2015","match:ipl2015-49","dd","channel:ipl-magic","IPL 2015","playerid 57","feature","ipl2015-49","csk","channel:ipl-2015"],"timestamp":1431449955000,"id":1193806,"time":"16:59","updateTime":1431449955703,"sequence":262.0,"type":"Video"},{"mediaId":"4232011791001","endpointUrlHq1":"http://brightcove.vo.llnwd.net/v1/uds/pd/3588749423001/201505/528/3588749423001_4232221781001_M49-DD-1ST-SIX.mp4","endpointUrlHq2":"http://brightcove.vo.llnwd.net/v1/uds/pd/3588749423001/201505/2392/3588749423001_4232240886001_M49-DD-1ST-SIX.mp4","endpointUrlAlt":"http://c.brightcove.com/services/mobile/streaming/index/rendition.m3u8?assetId=4232221766001","title":"M49: DD vs CSK – Shreyas Iyer Six","largeThumbnail":"http://brightcove.vo.llnwd.net/v1/unsecured/media/3588749423001/201505/2592/3588749423001_4232055723001_video-still-for-video-4232011791001.jpg?pubId=3588749423001","duration":26800,"endpointUrl":"http://brightcove.vo.llnwd.net/v1/uds/pd/3588749423001/201505/3256/3588749423001_4232228204001_M49-DD-1ST-SIX.mp4","smallThumbnail":"http://brightcove.vo.llnwd.net/v1/unsecured/media/3588749423001/201505/1592/3588749423001_4232055722001_thumbnail-for-video-4232011791001.jpg?pubId=3588749423001","description":null,"endpointUrlMq":"http://brightcove.vo.llnwd.net/v1/uds/pd/3588749423001/201505/3392/3588749423001_4232240879001_M49-DD-1ST-SIX.mp4","endpointUrlHq3":"http://brightcove.vo.llnwd.net/v1/uds/pd/3588749423001/201505/696/3588749423001_4232243218001_M49-DD-1ST-SIX.mp4","publishDate":1431449644467,"message":{"text":null},"tags":["account:iplt20","over 7","2015","ipl2015","match:ipl2015-49","six","dd","playerid 1563","IPL 2015","innings 2","ball 3","ipl2015-49","channel:ipl-match-centre","csk"],"timestamp":1431449955000,"id":1193807,"time":"16:59","updateTime":1431449955760,"sequence":263.0,"type":"Video"},{"bbcode":"R Jadeja to S Iyer, %SPEED% good length outside off stump. He picks up a single","thisOver":"1","progress":{"innings":2,"over":10,"ball":1},"speed":26.7322306660706,"subtype":"BBCode","countingProgress":{"innings":2,"over":9,"ball":1},"bowlerId":9,"nonfacingBatsmanId":113,"facingBatsmanId":1563,"autoText":"R Jadeja to S Iyer, %SPEED% good length outside off stump. He picks up a single","message":{"text":null},"tags":[],"timestamp":1431450161000,"id":1193808,"time":"17:01","updateTime":1431450079372,"sequence":264.0,"type":"Auto"},{"bbcode":"R Jadeja to Y Singh, %SPEED% good length going down leg. He hits a nice boundary","thisOver":"4","progress":{"innings":2,"over":10,"ball":2},"speed":26.5956154485589,"subtype":"BBCode","countingProgress":{"innings":2,"over":9,"ball":2},"bowlerId":9,"nonfacingBatsmanId":1563,"facingBatsmanId":113,"autoText":"R Jadeja to Y Singh, %SPEED% good length going down leg. He hits a nice boundary","message":{"text":null},"tags":["four"],"timestamp":1431450161000,"id":1193809,"time":"17:01","updateTime":1431450102263,"sequence":265.0,"type":"Auto"},{"bbcode":"Four! Yuvi gets on one knee and delicately sweeps fine on the leg side","subtype":"BBCode","message":{"text":"<p>Four! Yuvi gets on one knee and delicately sweeps fine on the leg side</p>"},"tags":[],"timestamp":1431450126000,"id":1193810,"time":"17:02","updateTime":1431450126837,"sequence":266.0,"type":"Manual"},{"bbcode":"R Jadeja to Y Singh, no run, %SPEED% short length going down leg. He doesn't offer a shot","thisOver":".","progress":{"innings":2,"over":10,"ball":3},"speed":24.4770691224672,"subtype":"BBCode","countingProgress":{"innings":2,"over":9,"ball":3},"bowlerId":9,"nonfacingBatsmanId":1563,"facingBatsmanId":113,"autoText":"R Jadeja to Y Singh, no run, %SPEED% short length going down leg. He doesn't offer a shot","message":{"text":null},"tags":[],"timestamp":1431450224000,"id":1193811,"time":"17:02","updateTime":1431450138289,"sequence":267.0,"type":"Auto"},{"bbcode":"[b]Simon Doull: [/b][i]\"Yuvraj is taking control of this match now.\"[/i]","subtype":"BBCode","message":{"text":"<p><strong>Simon Doull:&nbsp;</strong><em>\"Yuvraj is taking control of this match now.\"</em></p>"},"tags":[],"timestamp":1431450147000,"id":1193812,"time":"17:02","updateTime":1431450147953,"sequence":268.0,"type":"Manual"},{"bbcode":"R Jadeja to Y Singh, no run, %SPEED% good length going down leg. He doesn't offer a shot","thisOver":".","progress":{"innings":2,"over":10,"ball":4},"speed":26.1838122545205,"subtype":"BBCode","countingProgress":{"innings":2,"over":9,"ball":4},"bowlerId":9,"nonfacingBatsmanId":1563,"facingBatsmanId":113,"autoText":"R Jadeja to Y Singh, no run, %SPEED% good length going down leg. He doesn't offer a shot","message":{"text":null},"tags":[],"timestamp":1431450224000,"id":1193813,"time":"17:02","updateTime":1431450153706,"sequence":269.0,"type":"Auto"},{"bbcode":"R Jadeja to Y Singh, no run, %SPEED% good length just outside off stump. He doesn't offer a shot","thisOver":".","progress":{"innings":2,"over":10,"ball":5},"speed":27.0080315630133,"subtype":"BBCode","countingProgress":{"innings":2,"over":9,"ball":5},"bowlerId":9,"nonfacingBatsmanId":1563,"facingBatsmanId":113,"autoText":"R Jadeja to Y Singh, no run, %SPEED% good length just outside off stump. He doesn't offer a shot","message":{"text":null},"tags":[],"timestamp":1431450224000,"id":1193814,"time":"17:02","updateTime":1431450168073,"sequence":270.0,"type":"Auto"},{"bbcode":"R Jadeja to Y Singh, %SPEED% good length just outside off stump. He picks up a single","thisOver":"1","progress":{"innings":2,"over":10,"ball":6},"speed":27.2608599943345,"subtype":"BBCode","countingProgress":{"innings":2,"over":9,"ball":6},"bowlerId":9,"nonfacingBatsmanId":1563,"facingBatsmanId":113,"autoText":"R Jadeja to Y Singh, %SPEED% good length just outside off stump. He picks up a single","message":{"text":null},"tags":[],"timestamp":1431450224000,"id":1193815,"time":"17:03","updateTime":1431450180341,"sequence":271.0,"type":"Auto"},{"innings":2,"over":10,"overRuns":6,"overWickets":0,"inningsRuns":66,"inningsWickets":2,"inningsAllOut":false,"team":{"id":3,"fullName":"Delhi Daredevils","shortName":"Daredevils","abbreviation":"DD","primaryColor":"B22E2A","secondaryColor":"FFFFFF","type":"m"},"batsmanSummaries":[{"batsman":{"id":113,"fullName":"Yuvraj Singh","shortName":"Y Singh","nationality":"Indian","rightHandedBat":true,"dateOfBirth":376963200000,"names":["Yuvraj Singh","Y Singh"]},"runs":17,"balls":19,"fours":3,"sixes":0},{"batsman":{"id":1563,"fullName":"Shreyas Iyer","shortName":"S Iyer","nationality":"Indian","rightHandedBat":true,"dateOfBirth":786672000000,"names":["Shreyas Iyer","S Iyer"]},"runs":40,"balls":27,"fours":6,"sixes":1}],"activeBatsman":113,"bowlerSummary":{"bowler":{"id":9,"fullName":"Ravindra Jadeja","shortName":"R Jadeja","nationality":"Indian","rightHandedBat":false,"dateOfBirth":597369600000,"names":["Ravindra Jadeja","R Jadeja"]},"overs":"2","runs":10,"wickets":0,"maidens":0},"inningsBalls":60,"inningsMaxBalls":120,"inningsTarget":120,"message":{"text":null},"tags":[],"timestamp":1431450180000,"id":1193816,"time":"17:03","updateTime":1431450180479,"sequence":272.0,"type":"Eov"},{"bbcode":"Suresh Raina comes on as a surprise bowling change from Dhoni","subtype":"BBCode","message":{"text":"<p>Suresh Raina comes on as a surprise bowling change from Dhoni</p>"},"tags":[],"timestamp":1431450258000,"id":1193818,"time":"17:04","updateTime":1431450256026,"sequence":272.5,"type":"Manual"},{"bbcode":"S Raina to Y Singh, %SPEED% good length on leg stump. He picks up a single","thisOver":"1","progress":{"innings":2,"over":11,"ball":1},"speed":25.3326014725172,"subtype":"BBCode","countingProgress":{"innings":2,"over":10,"ball":1},"bowlerId":14,"nonfacingBatsmanId":1563,"facingBatsmanId":113,"autoText":"S Raina to Y Singh, %SPEED% good length on leg stump. He picks up a single","message":{"text":null},"tags":[],"timestamp":1431450330000,"id":1193817,"time":"17:04","updateTime":1431450243323,"sequence":273.0,"type":"Auto"},{"bbcode":"S Raina to S Iyer, no run, %SPEED% short length just outside off stump. He doesn't offer a shot","thisOver":".","progress":{"innings":2,"over":11,"ball":2},"speed":27.0670651096498,"subtype":"BBCode","countingProgress":{"innings":2,"over":10,"ball":2},"bowlerId":14,"nonfacingBatsmanId":113,"facingBatsmanId":1563,"autoText":"S Raina to S Iyer, no run, %SPEED% short length just outside off stump. He doesn't offer a shot","message":{"text":null},"tags":[],"timestamp":1431450330000,"id":1193820,"time":"17:04","updateTime":1431450265932,"sequence":274.0,"type":"Auto"},{"bbcode":"S Raina to S Iyer, %SPEED% good length on leg stump. He hits a nice boundary","thisOver":"4","progress":{"innings":2,"over":11,"ball":3},"speed":25.8737322356333,"subtype":"BBCode","countingProgress":{"innings":2,"over":10,"ball":3},"bowlerId":14,"nonfacingBatsmanId":113,"facingBatsmanId":1563,"autoText":"S Raina to S Iyer, %SPEED% good length on leg stump. He hits a nice boundary","message":{"text":null},"tags":["four"],"timestamp":1431450330000,"id":1193821,"time":"17:04","updateTime":1431450286825,"sequence":275.0,"type":"Auto"},{"bbcode":"Four! Adventure from Iyer as he scoops past leg slip and Dhoni with the gloves. Very cheeky from the young man","subtype":"BBCode","message":{"text":"<p>Four! Adventure from Iyer as he scoops past leg slip and Dhoni with the gloves. Very cheeky from the young man</p>"},"tags":[],"timestamp":1431450336000,"id":1193823,"time":"17:05","updateTime":1431450329244,"sequence":275.5,"type":"Manual"},{"bbcode":"S Raina to S Iyer, %SPEED% good length on middle stump. He picks up a single","thisOver":"1","progress":{"innings":2,"over":11,"ball":4},"speed":24.5732812263855,"subtype":"BBCode","countingProgress":{"innings":2,"over":10,"ball":4},"bowlerId":14,"nonfacingBatsmanId":113,"facingBatsmanId":1563,"autoText":"S Raina to S Iyer, %SPEED% good length on middle stump. He picks up a single","message":{"text":null},"tags":[],"timestamp":1431450382000,"id":1193822,"time":"17:05","updateTime":1431450314941,"sequence":276.0,"type":"Auto"},{"bbcode":"S Raina to Y Singh, %SPEED% good length going down leg. He picks up a single","thisOver":"1","progress":{"innings":2,"over":11,"ball":5},"speed":27.2734221126623,"subtype":"BBCode","countingProgress":{"innings":2,"over":10,"ball":5},"bowlerId":14,"nonfacingBatsmanId":1563,"facingBatsmanId":113,"autoText":"S Raina to Y Singh, %SPEED% good length going down leg. He picks up a single","message":{"text":null},"tags":[],"timestamp":1431450382000,"id":1193825,"time":"17:05","updateTime":1431450345856,"sequence":277.0,"type":"Auto"},{"bbcode":"S Raina to S Iyer, %SPEED% good length on middle stump. He picks up a single","thisOver":"1","progress":{"innings":2,"over":11,"ball":6},"speed":25.1229324988824,"subtype":"BBCode","countingProgress":{"innings":2,"over":10,"ball":6},"bowlerId":14,"nonfacingBatsmanId":113,"facingBatsmanId":1563,"autoText":"S Raina to S Iyer, %SPEED% good length on middle stump. He picks up a single","message":{"text":null},"tags":[],"timestamp":1431450461000,"id":1193826,"time":"17:06","updateTime":1431450368295,"sequence":278.0,"type":"Auto"},{"innings":2,"over":11,"overRuns":8,"overWickets":0,"inningsRuns":74,"inningsWickets":2,"inningsAllOut":false,"team":{"id":3,"fullName":"Delhi Daredevils","shortName":"Daredevils","abbreviation":"DD","primaryColor":"B22E2A","secondaryColor":"FFFFFF","type":"m"},"batsmanSummaries":[{"batsman":{"id":1563,"fullName":"Shreyas Iyer","shortName":"S Iyer","nationality":"Indian","rightHandedBat":true,"dateOfBirth":786672000000,"names":["Shreyas Iyer","S Iyer"]},"runs":46,"balls":31,"fours":7,"sixes":1},{"batsman":{"id":113,"fullName":"Yuvraj Singh","shortName":"Y Singh","nationality":"Indian","rightHandedBat":true,"dateOfBirth":376963200000,"names":["Yuvraj Singh","Y Singh"]},"runs":19,"balls":21,"fours":3,"sixes":0}],"activeBatsman":1563,"bowlerSummary":{"bowler":{"id":14,"fullName":"Suresh Raina","shortName":"S Raina","nationality":"Indian","rightHandedBat":false,"dateOfBirth":533433600000,"names":["Suresh Raina","S Raina"]},"overs":"1","runs":8,"wickets":0,"maidens":0},"inningsBalls":66,"inningsMaxBalls":120,"inningsTarget":120,"message":{"text":null},"tags":[],"timestamp":1431450368000,"id":1193827,"time":"17:06","updateTime":1431450368437,"sequence":279.0,"type":"Eov"},{"bbcode":"Pawan Negi has the ball in hand as CSK look to fight to the end","subtype":"BBCode","message":{"text":"<p>Pawan Negi has the ball in hand as CSK look to fight to the end</p>"},"tags":[],"timestamp":1431450477000,"id":1193830,"time":"17:07","updateTime":1431450475950,"sequence":279.5,"type":"Manual"},{"bbcode":"P Negi to S Iyer, %SPEED% full length just outside off stump. He plays and misses","thisOver":"1","progress":{"innings":2,"over":12,"ball":1},"speed":28.4309342869915,"subtype":"BBCode","countingProgress":{"innings":2,"over":11,"ball":1},"bowlerId":53,"nonfacingBatsmanId":113,"facingBatsmanId":1563,"autoText":"P Negi to S Iyer, %SPEED% full length just outside off stump. He plays and misses","message":{"text":null},"tags":[],"timestamp":1431450504000,"id":1193828,"time":"17:07","updateTime":1431450440381,"sequence":280.0,"type":"Auto"},{"bbcode":"P Negi to Y Singh, %SPEED% short length going down leg. He picks up a single","thisOver":"1","progress":{"innings":2,"over":12,"ball":2},"speed":24.3356771466499,"subtype":"BBCode","countingProgress":{"innings":2,"over":11,"ball":2},"bowlerId":53,"nonfacingBatsmanId":1563,"facingBatsmanId":113,"autoText":"P Negi to Y Singh, %SPEED% short length going down leg. He picks up a single","message":{"text":null},"tags":[],"timestamp":1431450504000,"id":1193829,"time":"17:07","updateTime":1431450463788,"sequence":281.0,"type":"Auto"},{"bbcode":"P Negi to S Iyer, %SPEED% short length on leg stump. He picks up a single","thisOver":"1","progress":{"innings":2,"over":12,"ball":3},"speed":23.691964377846,"subtype":"BBCode","countingProgress":{"innings":2,"over":11,"ball":3},"bowlerId":53,"nonfacingBatsmanId":113,"facingBatsmanId":1563,"autoText":"P Negi to S Iyer, %SPEED% short length on leg stump. He picks up a single","message":{"text":null},"tags":[],"timestamp":1431450558000,"id":1193832,"time":"17:08","updateTime":1431450493473,"sequence":282.0,"type":"Auto"},{"bbcode":"P Negi to Y Singh, %SPEED% short length outside off stump. He hits a nice boundary","thisOver":"4","progress":{"innings":2,"over":12,"ball":4},"speed":27.2063513920352,"subtype":"BBCode","countingProgress":{"innings":2,"over":11,"ball":4},"bowlerId":53,"nonfacingBatsmanId":1563,"facingBatsmanId":113,"autoText":"P Negi to Y Singh, %SPEED% short length outside off stump. He hits a nice boundary","message":{"text":null},"tags":["four"],"timestamp":1431450558000,"id":1193833,"time":"17:08","updateTime":1431450512453,"sequence":283.0,"type":"Auto"},{"bbcode":"Four! Yuvi keeps his head still and cuts with precision past point","subtype":"BBCode","message":{"text":"<p>Four! Yuvi keeps his head still and cuts with precision past point</p>"},"tags":[],"timestamp":1431450548000,"id":1193834,"time":"17:08","updateTime":1431450524550,"sequence":284.0,"type":"Manual"},{"bbcode":"P Negi to Y Singh, %SPEED% short length on off stump. He picks up a single","thisOver":"1","progress":{"innings":2,"over":12,"ball":5},"speed":24.2519658181264,"subtype":"BBCode","countingProgress":{"innings":2,"over":11,"ball":5},"bowlerId":53,"nonfacingBatsmanId":1563,"facingBatsmanId":113,"autoText":"P Negi to Y Singh, %SPEED% short length on off stump. He picks up a single","message":{"text":null},"tags":[],"timestamp":1431450558000,"id":1193835,"time":"17:08","updateTime":1431450538651,"sequence":285.0,"type":"Auto"},{"bbcode":"P Negi to S Iyer, no run, %SPEED% good length on middle stump. He doesn't offer a shot","thisOver":".","progress":{"innings":2,"over":12,"ball":6},"speed":25.7449999613601,"subtype":"BBCode","countingProgress":{"innings":2,"over":11,"ball":6},"bowlerId":53,"nonfacingBatsmanId":113,"facingBatsmanId":1563,"autoText":"P Negi to S Iyer, no run, %SPEED% good length on middle stump. He doesn't offer a shot","message":{"text":null},"tags":[],"timestamp":1431450621000,"id":1193836,"time":"17:09","updateTime":1431450561426,"sequence":286.0,"type":"Auto"},{"innings":2,"over":12,"overRuns":8,"overWickets":0,"inningsRuns":82,"inningsWickets":2,"inningsAllOut":false,"team":{"id":3,"fullName":"Delhi Daredevils","shortName":"Daredevils","abbreviation":"DD","primaryColor":"B22E2A","secondaryColor":"FFFFFF","type":"m"},"batsmanSummaries":[{"batsman":{"id":1563,"fullName":"Shreyas Iyer","shortName":"S Iyer","nationality":"Indian","rightHandedBat":true,"dateOfBirth":786672000000,"names":["Shreyas Iyer","S Iyer"]},"runs":48,"balls":34,"fours":7,"sixes":1},{"batsman":{"id":113,"fullName":"Yuvraj Singh","shortName":"Y Singh","nationality":"Indian","rightHandedBat":true,"dateOfBirth":376963200000,"names":["Yuvraj Singh","Y Singh"]},"runs":25,"balls":24,"fours":4,"sixes":0}],"activeBatsman":113,"bowlerSummary":{"bowler":{"id":53,"fullName":"Pawan Negi","shortName":"P Negi","nationality":"Indian","rightHandedBat":false,"dateOfBirth":410659200000,"names":["Pawan Negi","P Negi"]},"overs":"1","runs":8,"wickets":0,"maidens":0},"inningsBalls":72,"inningsMaxBalls":120,"inningsTarget":120,"message":{"text":null},"tags":[],"timestamp":1431450561000,"id":1193837,"time":"17:09","updateTime":1431450561609,"sequence":287.0,"type":"Eov"},{"bbcode":"R Ashwin to Y Singh, no run, %SPEED% good length outside off stump. He doesn't offer a shot","thisOver":".","progress":{"innings":2,"over":13,"ball":1},"speed":26.5749430159163,"subtype":"BBCode","countingProgress":{"innings":2,"over":12,"ball":1},"bowlerId":8,"nonfacingBatsmanId":1563,"facingBatsmanId":113,"autoText":"R Ashwin to Y Singh, no run, %SPEED% good length outside off stump. He doesn't offer a shot","message":{"text":null},"tags":[],"timestamp":1431450682000,"id":1193838,"time":"17:10","updateTime":1431450616390,"sequence":288.0,"type":"Auto"},{"bbcode":"R Ashwin to Y Singh, %SPEED% good length on middle stump. He hits a great shot, that has gone all the way","thisOver":"6","progress":{"innings":2,"over":13,"ball":2},"speed":22.4889396193115,"subtype":"BBCode","countingProgress":{"innings":2,"over":12,"ball":2},"bowlerId":8,"nonfacingBatsmanId":1563,"facingBatsmanId":113,"autoText":"R Ashwin to Y Singh, %SPEED% good length on middle stump. He hits a great shot, that has gone all the way","message":{"text":null},"tags":["six"],"timestamp":1431450682000,"id":1193839,"time":"17:10","updateTime":1431450631172,"sequence":289.0,"type":"Auto"},{"bbcode":"[b]Six![/b] A little skip down the track and whack! Yuvi Singh gives the fans at long on a chance of a special crowd catch","subtype":"BBCode","message":{"text":"<p><strong>Six!</strong> A little skip down the track and whack! Yuvi Singh gives the fans at long on a chance of a special crowd catch</p>"},"tags":[],"timestamp":1431450692000,"id":1193840,"time":"17:10","updateTime":1431450640826,"sequence":290.0,"type":"Manual"},{"bbcode":"R Ashwin to Y Singh, %SPEED% good length going down leg. He picks up a single","thisOver":"1","progress":{"innings":2,"over":13,"ball":3},"speed":26.253691960302,"subtype":"BBCode","countingProgress":{"innings":2,"over":12,"ball":3},"bowlerId":8,"nonfacingBatsmanId":1563,"facingBatsmanId":113,"autoText":"R Ashwin to Y Singh, %SPEED% good length going down leg. He picks up a single","message":{"text":null},"tags":[],"timestamp":1431450746000,"id":1193841,"time":"17:11","updateTime":1431450677726,"sequence":291.0,"type":"Auto"},{"bbcode":"R Ashwin to S Iyer, no run, %SPEED% short length going down leg. He doesn't offer a shot","thisOver":".","progress":{"innings":2,"over":13,"ball":4},"speed":22.7022031524377,"subtype":"BBCode","countingProgress":{"innings":2,"over":12,"ball":4},"bowlerId":8,"nonfacingBatsmanId":113,"facingBatsmanId":1563,"autoText":"R Ashwin to S Iyer, no run, %SPEED% short length going down leg. He doesn't offer a shot","message":{"text":null},"tags":[],"timestamp":1431450746000,"id":1193842,"time":"17:11","updateTime":1431450706416,"sequence":292.0,"type":"Auto"},{"bbcode":"R Ashwin to S Iyer, %SPEED% good length going down leg. He picks up two","thisOver":"2","progress":{"innings":2,"over":13,"ball":5},"speed":22.5046549060682,"subtype":"BBCode","countingProgress":{"innings":2,"over":12,"ball":5},"bowlerId":8,"nonfacingBatsmanId":113,"facingBatsmanId":1563,"autoText":"R Ashwin to S Iyer, %SPEED% good length going down leg. He picks up two","message":{"text":null},"tags":[],"timestamp":1431450808000,"id":1193843,"time":"17:12","updateTime":1431450739341,"sequence":293.0,"type":"Auto"},{"bbcode":"[b]50 for Shreyas Iyer[/b]","subtype":"BBCode","message":{"text":"<p><strong>50 for Shreyas Iyer</strong></p>"},"tags":[],"timestamp":1431450768000,"id":1193844,"time":"17:12","updateTime":1431450768521,"sequence":294.0,"type":"Manual"},{"bbcode":"Clipped off the hips and the youngster picks up a perfect fifty for his side, he has has constructed this one perfectly tonight","subtype":"BBCode","message":{"text":"<p>Clipped off the hips and the youngster picks up a perfect fifty for his side, he has has constructed this one perfectly tonight</p>"},"tags":[],"timestamp":1431450823000,"id":1193847,"time":"17:13","updateTime":1431450821249,"sequence":294.5,"type":"Manual"},{"bbcode":"R Ashwin to S Iyer, %SPEED% short length on off stump. He picks up a single","thisOver":"1","progress":{"innings":2,"over":13,"ball":6},"speed":22.6228586264575,"subtype":"BBCode","countingProgress":{"innings":2,"over":12,"ball":6},"bowlerId":8,"nonfacingBatsmanId":113,"facingBatsmanId":1563,"autoText":"R Ashwin to S Iyer, %SPEED% short length on off stump. He picks up a single","message":{"text":null},"tags":[],"timestamp":1431450883000,"id":1193845,"time":"17:13","updateTime":1431450780301,"sequence":295.0,"type":"Auto"},{"innings":2,"over":13,"overRuns":10,"overWickets":0,"inningsRuns":92,"inningsWickets":2,"inningsAllOut":false,"team":{"id":3,"fullName":"Delhi Daredevils","shortName":"Daredevils","abbreviation":"DD","primaryColor":"B22E2A","secondaryColor":"FFFFFF","type":"m"},"batsmanSummaries":[{"batsman":{"id":1563,"fullName":"Shreyas Iyer","shortName":"S Iyer","nationality":"Indian","rightHandedBat":true,"dateOfBirth":786672000000,"names":["Shreyas Iyer","S Iyer"]},"runs":51,"balls":37,"fours":7,"sixes":1},{"batsman":{"id":113,"fullName":"Yuvraj Singh","shortName":"Y Singh","nationality":"Indian","rightHandedBat":true,"dateOfBirth":376963200000,"names":["Yuvraj Singh","Y Singh"]},"runs":32,"balls":27,"fours":4,"sixes":1}],"activeBatsman":1563,"bowlerSummary":{"bowler":{"id":8,"fullName":"Ravichandran Ashwin","shortName":"R Ashwin","nationality":"Indian","rightHandedBat":false,"dateOfBirth":527299200000,"names":["Ravichandran Ashwin","R Ashwin"]},"overs":"3","runs":22,"wickets":0,"maidens":0},"inningsBalls":78,"inningsMaxBalls":120,"inningsTarget":120,"message":{"text":null},"tags":[],"timestamp":1431450780000,"id":1193846,"time":"17:13","updateTime":1431450780440,"sequence":296.0,"type":"Eov"},{"bbcode":"P Negi to S Iyer, %SPEED% full length just outside off stump. He picks up a single","thisOver":"1","progress":{"innings":2,"over":14,"ball":1},"speed":24.155736267296,"subtype":"BBCode","countingProgress":{"innings":2,"over":13,"ball":1},"bowlerId":53,"nonfacingBatsmanId":113,"facingBatsmanId":1563,"autoText":"P Negi to S Iyer, %SPEED% full length just outside off stump. He picks up a single","message":{"text":null},"tags":[],"timestamp":1431450925000,"id":1193849,"time":"17:14","updateTime":1431450853652,"sequence":297.0,"type":"Auto"},{"bbcode":"P Negi to Y Singh, [b]WICKET!!! Y Singh is out[/b] c Mohit Sharma b Pawan Negi","thisOver":"W","progress":{"innings":2,"over":14,"ball":2},"speed":23.3319785520879,"subtype":"BBCode","countingProgress":{"innings":2,"over":13,"ball":2},"bowlerId":53,"nonfacingBatsmanId":1563,"facingBatsmanId":113,"autoText":"P Negi to Y Singh, <b>WICKET!!! Y Singh is out</b> c Mohit Sharma b Pawan Negi","message":{"text":null},"tags":["wicket"],"timestamp":1431450909000,"id":1193850,"time":"17:14","updateTime":1431450884964,"sequence":298.0,"type":"Auto"},{"bbcode":"[b]Wicket![/b] Yuvi doesn't get all of his slog sweep and Mohit steadies himself at deep mid wicket to safely claim the catch. In comes Albie Morkel to try and finish the job for DD","subtype":"BBCode","message":{"text":"<p><strong>Wicket!</strong> Yuvi doesn't get all of his slog sweep and Mohit steadies himself at deep mid wicket to safely claim the catch. In comes Albie Morkel to try and finish the job for DD</p>"},"tags":[],"timestamp":1431450963000,"id":1193851,"time":"17:16","updateTime":1431450963925,"sequence":299.0,"type":"Manual"}]}