{"squadId":460,"totalVotes":8908,"players":[{"id":1,"voteCount":8358,"fullName":"MS Dhoni","shortName":"MS Dhoni"},{"id":25,"voteCount":8246,"fullName":"Dwayne Bravo","shortName":"DJ Bravo"},{"id":14,"voteCount":8146,"fullName":"Suresh Raina","shortName":"S Raina"},{"id":24,"voteCount":7755,"fullName":"Francois du Plessis","shortName":"F du Plessis"},{"id":8,"voteCount":7733,"fullName":"Ravichandran Ashwin","shortName":"R Ashwin"},{"id":9,"voteCount":7530,"fullName":"Ravindra Jadeja","shortName":"R Jadeja"},{"id":115,"voteCount":7312,"fullName":"Ashish Nehra","shortName":"A Nehra"},{"id":202,"voteCount":7106,"fullName":"Brendon McCullum","shortName":"B McCullum"},{"id":413,"voteCount":7072,"fullName":"Dwayne Smith","shortName":"DR Smith"},{"id":1107,"voteCount":6795,"fullName":"Mohit Sharma","shortName":"M Sharma"},{"id":53,"voteCount":6181,"fullName":"Pawan Negi","shortName":"P Negi"},{"id":1090,"voteCount":2643,"fullName":"Ishwar Pandey","shortName":"I Pandey"},{"id":49,"voteCount":2613,"fullName":"Irfan Pathan","shortName":"I Pathan"},{"id":20,"voteCount":2570,"fullName":"Michael Hussey","shortName":"M Hussey"},{"id":126,"voteCount":668,"fullName":"Rahul Sharma","shortName":"R Sharma"},{"id":1084,"voteCount":422,"fullName":"Baba Aparajith","shortName":"B Aparajith"},{"id":1105,"voteCount":395,"fullName":"Kyle Abbott","shortName":"K Abbott"},{"id":124,"voteCount":303,"fullName":"Mithun Manhas","shortName":"M Manhas"},{"id":277,"voteCount":274,"fullName":"Ronit More","shortName":"R More"},{"id":1505,"voteCount":251,"fullName":"Matt Henry","shortName":"M Henry"},{"id":2731,"voteCount":247,"fullName":"Pratyush Singh","shortName":"P Singh"},{"id":1558,"voteCount":213,"fullName":"Ankush Bains","shortName":"A Bains"},{"id":590,"voteCount":210,"fullName":"Samuel Badree","shortName":"S Badree"},{"id":118,"voteCount":167,"fullName":"Eklavya Dwivedi ","shortName":"E Dwivedi "},{"id":1480,"voteCount":146,"fullName":"Andrew Tye","shortName":"A Tye"}]}