{"squadId":462,"totalVotes":5195,"players":[{"id":182,"voteCount":4951,"fullName":"JP Duminy","shortName":"JP Duminy"},{"id":1563,"voteCount":4529,"fullName":"Shreyas Iyer","shortName":"S Iyer"},{"id":113,"voteCount":4392,"fullName":"Yuvraj Singh","shortName":"Y Singh"},{"id":165,"voteCount":4340,"fullName":"Zaheer Khan","shortName":"Z Khan"},{"id":297,"voteCount":4080,"fullName":"Kedar Jadhav","shortName":"K Jadhav"},{"id":834,"voteCount":3921,"fullName":"Quinton de Kock","shortName":"Q de Kock"},{"id":30,"voteCount":3778,"fullName":"Amit Mishra","shortName":"A Mishra"},{"id":840,"voteCount":3398,"fullName":"Nathan Coulter-Nile","shortName":"N Coulter-Nile"},{"id":163,"voteCount":2956,"fullName":"Saurabh Tiwary","shortName":"S Tiwary"},{"id":26,"voteCount":2930,"fullName":"Albie Morkel","shortName":"A Morkel"},{"id":898,"voteCount":2628,"fullName":"Imran Tahir","shortName":"I Tahir"},{"id":158,"voteCount":2474,"fullName":"Mayank Agarwal","shortName":"M Agarwal"},{"id":89,"voteCount":2212,"fullName":"Manoj Tiwary","shortName":"M Tiwary"},{"id":217,"voteCount":1612,"fullName":"Angelo Mathews","shortName":"A Mathews"},{"id":94,"voteCount":1557,"fullName":"Mohammed Shami","shortName":"M Shami"},{"id":1740,"voteCount":1506,"fullName":"Jayant Yadav","shortName":"J Yadav"},{"id":57,"voteCount":848,"fullName":"Shahbaz Nadeem","shortName":"S Nadeem"},{"id":86,"voteCount":829,"fullName":"Jaidev Unadkat","shortName":"J Unadkat"},{"id":2736,"voteCount":484,"fullName":"Domnic Joseph","shortName":"D Joseph"},{"id":155,"voteCount":391,"fullName":"CM Gautam","shortName":"CM Gautam"},{"id":951,"voteCount":161,"fullName":"Gurinder Sandhu","shortName":"G Sandhu"},{"id":2734,"voteCount":154,"fullName":"Srikar Bharat","shortName":"S Bharat"},{"id":1020,"voteCount":131,"fullName":"Travis Head","shortName":"TM Head"},{"id":2735,"voteCount":130,"fullName":"KK Jiyas","shortName":"KK Jiyas"},{"id":964,"voteCount":91,"fullName":"Markus Stoinis","shortName":"MP Stoinis"}]}