{"fragment":7,"updateTime":1432317558000,"matchId":{"id":3284,"name":"ipl2015-59 - CSK vs. RCB","matchIdName":"ipl2015-59"},"commentaries":[{"bbcode":"S Arvind to M Hussey, %SPEED% short length going down leg. He hits a nice boundary","thisOver":"4","progress":{"innings":2,"over":13,"ball":4},"speed":34.748955974179,"subtype":"BBCode","countingProgress":{"innings":2,"over":12,"ball":4},"bowlerId":162,"nonfacingBatsmanId":1,"facingBatsmanId":20,"autoText":"S Arvind to M Hussey, %SPEED% short length going down leg. He hits a nice boundary","message":{"text":null},"tags":["four"],"timestamp":1432315800000,"id":1199772,"time":"17:28","updateTime":1432315695060,"sequence":300.5,"type":"Auto"},{"bbcode":"Four! Poor delivery from Arvind, as he goes back of a length, and Hussey tucks into it and helps himself with 4 down to fine leg","subtype":"BBCode","message":{"text":"<p>Four! Poor delivery from Arvind, as he goes back of a length, and Hussey tucks into it and helps himself with 4 down to fine leg</p>"},"tags":[],"timestamp":1432315736000,"id":1199774,"time":"17:28","updateTime":1432315711149,"sequence":301.5,"type":"Manual"},{"bbcode":"S Arvind to M Hussey, %SPEED% full length going down leg. He picks up a single","thisOver":"1","progress":{"innings":2,"over":13,"ball":5},"speed":36.8521767336586,"subtype":"BBCode","countingProgress":{"innings":2,"over":12,"ball":5},"bowlerId":162,"nonfacingBatsmanId":1,"facingBatsmanId":20,"autoText":"S Arvind to M Hussey, %SPEED% full length going down leg. He picks up a single","message":{"text":null},"tags":[],"timestamp":1432315800000,"id":1199775,"time":"17:28","updateTime":1432315720220,"sequence":302.5,"type":"Auto"},{"bbcode":"S Arvind to MS Dhoni, %SPEED% short length just outside off stump. He picks up a single","thisOver":"1","progress":{"innings":2,"over":13,"ball":6},"speed":37.1437560270846,"subtype":"BBCode","countingProgress":{"innings":2,"over":12,"ball":6},"bowlerId":162,"nonfacingBatsmanId":20,"facingBatsmanId":1,"autoText":"S Arvind to MS Dhoni, %SPEED% short length just outside off stump. He picks up a single","message":{"text":null},"tags":[],"timestamp":1432315873000,"id":1199777,"time":"17:29","updateTime":1432315770098,"sequence":303.5,"type":"Auto"},{"innings":2,"over":13,"overRuns":10,"overWickets":0,"inningsRuns":82,"inningsWickets":3,"inningsAllOut":false,"team":{"id":1,"fullName":"Chennai Super Kings","shortName":"Super Kings","abbreviation":"CSK","primaryColor":"FDB913","secondaryColor":"FFFFFF","type":"m"},"batsmanSummaries":[{"batsman":{"id":1,"fullName":"MS Dhoni","shortName":"MS Dhoni","nationality":"Indian","rightHandedBat":false,"dateOfBirth":363312000000,"names":["MS Dhoni","MS Dhoni"]},"runs":4,"balls":7,"fours":0,"sixes":0},{"batsman":{"id":20,"fullName":"Michael Hussey","shortName":"M Hussey","nationality":"Australian","rightHandedBat":false,"dateOfBirth":170380800000,"names":["Michael Hussey","M Hussey"]},"runs":37,"balls":35,"fours":3,"sixes":0}],"activeBatsman":1,"bowlerSummary":{"bowler":{"id":162,"fullName":"Sreenath Arvind","shortName":"S Arvind","nationality":"Indian","rightHandedBat":false,"dateOfBirth":450230400000,"names":["Sreenath Arvind","S Arvind"]},"overs":"4","runs":25,"wickets":1,"maidens":0},"inningsBalls":78,"inningsMaxBalls":120,"inningsTarget":140,"message":{"text":null},"tags":[],"timestamp":1432315770000,"id":1199778,"time":"17:29","updateTime":1432315770307,"sequence":304.5,"type":"Eov"},{"bbcode":"Strategic Timeout time. Hussey's starting to look ominous, and Dhoni's playing himself in. Time to bring back Starc for one over?","subtype":"BBCode","message":{"text":"<p>Strategic Timeout time. Hussey's starting to look ominous, and Dhoni's playing himself in. Time to bring back Starc for one over?</p>"},"tags":[],"timestamp":1432315846000,"id":1199783,"time":"17:30","updateTime":1432315846247,"sequence":305.5,"type":"Manual"},{"bbcode":"Y Chahal to MS Dhoni, no run, %SPEED% good length on middle stump. He doesn't offer a shot","thisOver":".","progress":{"innings":2,"over":14,"ball":1},"speed":24.1387963041044,"subtype":"BBCode","countingProgress":{"innings":2,"over":13,"ball":1},"bowlerId":111,"nonfacingBatsmanId":20,"facingBatsmanId":1,"autoText":"Y Chahal to MS Dhoni, no run, %SPEED% good length on middle stump. He doesn't offer a shot","message":{"text":null},"tags":[],"timestamp":1432315998000,"id":1199787,"time":"17:32","updateTime":1432315967237,"sequence":306.5,"type":"Auto"},{"bbcode":"Y Chahal to MS Dhoni, no run, %SPEED% full length going down leg. He doesn't offer a shot","thisOver":".","progress":{"innings":2,"over":14,"ball":2},"speed":25.1466419350084,"subtype":"BBCode","countingProgress":{"innings":2,"over":13,"ball":2},"bowlerId":111,"nonfacingBatsmanId":20,"facingBatsmanId":1,"autoText":"Y Chahal to MS Dhoni, no run, %SPEED% full length going down leg. He doesn't offer a shot","message":{"text":null},"tags":[],"timestamp":1432316069000,"id":1199789,"time":"17:33","updateTime":1432316000859,"sequence":307.5,"type":"Auto"},{"bbcode":"Y Chahal to MS Dhoni, no run, %SPEED% good length just outside off stump. He doesn't offer a shot","thisOver":".","progress":{"innings":2,"over":14,"ball":3},"speed":24.3724151095604,"subtype":"BBCode","countingProgress":{"innings":2,"over":13,"ball":3},"bowlerId":111,"nonfacingBatsmanId":20,"facingBatsmanId":1,"autoText":"Y Chahal to MS Dhoni, no run, %SPEED% good length just outside off stump. He doesn't offer a shot","message":{"text":null},"tags":[],"timestamp":1432316070000,"id":1199791,"time":"17:33","updateTime":1432316022418,"sequence":308.5,"type":"Auto"},{"bbcode":"Y Chahal to MS Dhoni, %SPEED% short length outside off stump. He picks up a single","thisOver":"1","progress":{"innings":2,"over":14,"ball":4},"speed":23.2917849431682,"subtype":"BBCode","countingProgress":{"innings":2,"over":13,"ball":4},"bowlerId":111,"nonfacingBatsmanId":20,"facingBatsmanId":1,"autoText":"Y Chahal to MS Dhoni, %SPEED% short length outside off stump. He picks up a single","message":{"text":null},"tags":[],"timestamp":1432316120000,"id":1199792,"time":"17:34","updateTime":1432316043791,"sequence":309.5,"type":"Auto"},{"bbcode":"Y Chahal to M Hussey, %SPEED% good length on off stump. He plays and misses","thisOver":"1","progress":{"innings":2,"over":14,"ball":5},"speed":25.4193296695954,"subtype":"BBCode","countingProgress":{"innings":2,"over":13,"ball":5},"bowlerId":111,"nonfacingBatsmanId":1,"facingBatsmanId":20,"autoText":"Y Chahal to M Hussey, %SPEED% good length on off stump. He plays and misses","message":{"text":null},"tags":[],"timestamp":1432316120000,"id":1199793,"time":"17:34","updateTime":1432316089261,"sequence":310.5,"type":"Auto"},{"bbcode":"Y Chahal to MS Dhoni, %SPEED% full length on off stump. He picks up a single","thisOver":"1","progress":{"innings":2,"over":14,"ball":6},"speed":25.8192345964838,"subtype":"BBCode","countingProgress":{"innings":2,"over":13,"ball":6},"bowlerId":111,"nonfacingBatsmanId":20,"facingBatsmanId":1,"autoText":"Y Chahal to MS Dhoni, %SPEED% full length on off stump. He picks up a single","message":{"text":null},"tags":[],"timestamp":1432316181000,"id":1199794,"time":"17:35","updateTime":1432316123017,"sequence":311.5,"type":"Auto"},{"innings":2,"over":14,"overRuns":3,"overWickets":0,"inningsRuns":85,"inningsWickets":3,"inningsAllOut":false,"team":{"id":1,"fullName":"Chennai Super Kings","shortName":"Super Kings","abbreviation":"CSK","primaryColor":"FDB913","secondaryColor":"FFFFFF","type":"m"},"batsmanSummaries":[{"batsman":{"id":1,"fullName":"MS Dhoni","shortName":"MS Dhoni","nationality":"Indian","rightHandedBat":false,"dateOfBirth":363312000000,"names":["MS Dhoni","MS Dhoni"]},"runs":6,"balls":12,"fours":0,"sixes":0},{"batsman":{"id":20,"fullName":"Michael Hussey","shortName":"M Hussey","nationality":"Australian","rightHandedBat":false,"dateOfBirth":170380800000,"names":["Michael Hussey","M Hussey"]},"runs":38,"balls":36,"fours":3,"sixes":0}],"activeBatsman":1,"bowlerSummary":{"bowler":{"id":111,"fullName":"Yuzvendra Chahal","shortName":"Y Chahal","nationality":"Indian","rightHandedBat":true,"dateOfBirth":1330300800000,"names":["Yuzvendra Chahal","Y Chahal"]},"overs":"3","runs":13,"wickets":2,"maidens":0},"inningsBalls":84,"inningsMaxBalls":120,"inningsTarget":140,"message":{"text":null},"tags":[],"timestamp":1432316123000,"id":1199795,"time":"17:35","updateTime":1432316123196,"sequence":312.5,"type":"Eov"},{"bbcode":"55 required off 36 as Starc returns. This will be a crucial over.","subtype":"BBCode","message":{"text":"<p>55 required off 36 as Starc returns. This will be a crucial over.</p>"},"tags":[],"timestamp":1432316215000,"id":1199796,"time":"17:36","updateTime":1432316215871,"sequence":313.5,"type":"Manual"},{"bbcode":"M Starc to MS Dhoni, %SPEED% full length on off stump. He picks up a single","thisOver":"1","progress":{"innings":2,"over":15,"ball":1},"speed":39.6561968507717,"subtype":"BBCode","countingProgress":{"innings":2,"over":14,"ball":1},"bowlerId":490,"nonfacingBatsmanId":20,"facingBatsmanId":1,"autoText":"M Starc to MS Dhoni, %SPEED% full length on off stump. He picks up a single","message":{"text":null},"tags":[],"timestamp":1432316292000,"id":1199797,"time":"17:37","updateTime":1432316223016,"sequence":314.5,"type":"Auto"},{"bbcode":"M Starc to M Hussey, %SPEED% good length outside off stump. He picks up a single","thisOver":"1","progress":{"innings":2,"over":15,"ball":2},"speed":39.6068354282716,"subtype":"BBCode","countingProgress":{"innings":2,"over":14,"ball":2},"bowlerId":490,"nonfacingBatsmanId":1,"facingBatsmanId":20,"autoText":"M Starc to M Hussey, %SPEED% good length outside off stump. He picks up a single","message":{"text":null},"tags":[],"timestamp":1432316292000,"id":1199798,"time":"17:37","updateTime":1432316269183,"sequence":315.5,"type":"Auto"},{"bbcode":"M Starc to MS Dhoni, %SPEED% full length on off stump. He picks up a single","thisOver":"1","progress":{"innings":2,"over":15,"ball":3},"speed":40.2298422833033,"subtype":"BBCode","countingProgress":{"innings":2,"over":14,"ball":3},"bowlerId":490,"nonfacingBatsmanId":20,"facingBatsmanId":1,"autoText":"M Starc to MS Dhoni, %SPEED% full length on off stump. He picks up a single","message":{"text":null},"tags":[],"timestamp":1432316363000,"id":1199799,"time":"17:38","updateTime":1432316302934,"sequence":316.5,"type":"Auto"},{"bbcode":"M Starc to M Hussey, %SPEED% good length on leg stump. He picks up a single","thisOver":"1","progress":{"innings":2,"over":15,"ball":4},"speed":38.353145915619,"subtype":"BBCode","countingProgress":{"innings":2,"over":14,"ball":4},"bowlerId":490,"nonfacingBatsmanId":1,"facingBatsmanId":20,"autoText":"M Starc to M Hussey, %SPEED% good length on leg stump. He picks up a single","message":{"text":null},"tags":[],"timestamp":1432316424000,"id":1199800,"time":"17:39","updateTime":1432316347405,"sequence":317.5,"type":"Auto"},{"bbcode":"M Starc to MS Dhoni, %SPEED% short length on off stump. He picks up a single","thisOver":"1","progress":{"innings":2,"over":15,"ball":5},"speed":35.6973590711299,"subtype":"BBCode","countingProgress":{"innings":2,"over":14,"ball":5},"bowlerId":490,"nonfacingBatsmanId":20,"facingBatsmanId":1,"autoText":"M Starc to MS Dhoni, %SPEED% short length on off stump. He picks up a single","message":{"text":null},"tags":[],"timestamp":1432316462000,"id":1199802,"time":"17:39","updateTime":1432316382207,"sequence":318.5,"type":"Auto"},{"bbcode":"M Starc to M Hussey, %SPEED% full length on leg stump. He picks up a single","thisOver":"1","progress":{"innings":2,"over":15,"ball":6},"speed":40.4187158545742,"subtype":"BBCode","countingProgress":{"innings":2,"over":14,"ball":6},"bowlerId":490,"nonfacingBatsmanId":1,"facingBatsmanId":20,"autoText":"M Starc to M Hussey, %SPEED% full length on leg stump. He picks up a single","message":{"text":null},"tags":[],"timestamp":1432316475000,"id":1199804,"time":"17:40","updateTime":1432316418955,"sequence":319.5,"type":"Auto"},{"innings":2,"over":15,"overRuns":6,"overWickets":0,"inningsRuns":91,"inningsWickets":3,"inningsAllOut":false,"team":{"id":1,"fullName":"Chennai Super Kings","shortName":"Super Kings","abbreviation":"CSK","primaryColor":"FDB913","secondaryColor":"FFFFFF","type":"m"},"batsmanSummaries":[{"batsman":{"id":20,"fullName":"Michael Hussey","shortName":"M Hussey","nationality":"Australian","rightHandedBat":false,"dateOfBirth":170380800000,"names":["Michael Hussey","M Hussey"]},"runs":41,"balls":39,"fours":3,"sixes":0},{"batsman":{"id":1,"fullName":"MS Dhoni","shortName":"MS Dhoni","nationality":"Indian","rightHandedBat":false,"dateOfBirth":363312000000,"names":["MS Dhoni","MS Dhoni"]},"runs":9,"balls":15,"fours":0,"sixes":0}],"activeBatsman":20,"bowlerSummary":{"bowler":{"id":490,"fullName":"Mitchell Starc","shortName":"M Starc","nationality":"Australian","rightHandedBat":true,"dateOfBirth":633657600000,"names":["Mitchell Starc","M Starc"]},"overs":"3","runs":19,"wickets":0,"maidens":0},"inningsBalls":90,"inningsMaxBalls":120,"inningsTarget":140,"message":{"text":null},"tags":[],"timestamp":1432316419000,"id":1199805,"time":"17:40","updateTime":1432316419120,"sequence":320.5,"type":"Eov"},{"bbcode":"Y Chahal to M Hussey, %SPEED% good length outside off stump. He hits a great shot, that has gone all the way","thisOver":"6","progress":{"innings":2,"over":16,"ball":1},"speed":23.9513090361027,"subtype":"BBCode","countingProgress":{"innings":2,"over":15,"ball":1},"bowlerId":111,"nonfacingBatsmanId":1,"facingBatsmanId":20,"autoText":"Y Chahal to M Hussey, %SPEED% good length outside off stump. He hits a great shot, that has gone all the way","message":{"text":null},"tags":["six"],"timestamp":1432316546000,"id":1199806,"time":"17:41","updateTime":1432316492207,"sequence":321.5,"type":"Auto"},{"bbcode":"[b]Six![/b] It's like Hussey of old! Dances down the track and hits a lovely straight six","subtype":"BBCode","message":{"text":"<p><strong>Six!</strong>&nbsp;It's like Hussey of old! Dances down the track and hits a lovely straight six</p>"},"tags":[],"timestamp":1432316551000,"id":1199809,"time":"17:42","updateTime":1432316528711,"sequence":322.5,"type":"Manual"},{"bbcode":"Y Chahal to M Hussey, %SPEED% full length outside off stump. He picks up a single","thisOver":"1","progress":{"innings":2,"over":16,"ball":2},"speed":24.9726305431547,"subtype":"BBCode","countingProgress":{"innings":2,"over":15,"ball":2},"bowlerId":111,"nonfacingBatsmanId":1,"facingBatsmanId":20,"autoText":"Y Chahal to M Hussey, %SPEED% full length outside off stump. He picks up a single","message":{"text":null},"tags":[],"timestamp":1432316614000,"id":1199810,"time":"17:42","updateTime":1432316537302,"sequence":323.5,"type":"Auto"},{"bbcode":"Y Chahal to MS Dhoni, %SPEED% short length on middle stump. He picks up a single","thisOver":"1","progress":{"innings":2,"over":16,"ball":3},"speed":25.3192969113321,"subtype":"BBCode","countingProgress":{"innings":2,"over":15,"ball":3},"bowlerId":111,"nonfacingBatsmanId":20,"facingBatsmanId":1,"autoText":"Y Chahal to MS Dhoni, %SPEED% short length on middle stump. He picks up a single","message":{"text":null},"tags":[],"timestamp":1432316657000,"id":1199811,"time":"17:43","updateTime":1432316594115,"sequence":324.5,"type":"Auto"},{"bbcode":"Y Chahal to M Hussey, no run, %SPEED% good length just outside off stump. He doesn't offer a shot","thisOver":".","progress":{"innings":2,"over":16,"ball":4},"speed":24.0242820333051,"subtype":"BBCode","countingProgress":{"innings":2,"over":15,"ball":4},"bowlerId":111,"nonfacingBatsmanId":1,"facingBatsmanId":20,"autoText":"Y Chahal to M Hussey, no run, %SPEED% good length just outside off stump. He doesn't offer a shot","message":{"text":null},"tags":[],"timestamp":1432316718000,"id":1199812,"time":"17:43","updateTime":1432316627167,"sequence":325.5,"type":"Auto"},{"bbcode":"Y Chahal to M Hussey, %SPEED% good length outside off stump. He hits a great shot, that has gone all the way","thisOver":"6","progress":{"innings":2,"over":16,"ball":5},"speed":25.6145647457253,"subtype":"BBCode","countingProgress":{"innings":2,"over":15,"ball":5},"bowlerId":111,"nonfacingBatsmanId":1,"facingBatsmanId":20,"autoText":"Y Chahal to M Hussey, %SPEED% good length outside off stump. He hits a great shot, that has gone all the way","message":{"text":null},"tags":["six"],"timestamp":1432316718000,"id":1199813,"time":"17:44","updateTime":1432316675619,"sequence":326.5,"type":"Auto"},{"bbcode":"[b]50 for Michael Hussey\\n[/b][b]Six! [/b]There's the slog sweep! Launches this down the ground, and it's gone all the way. Huge over for CSK!","subtype":"BBCode","message":{"text":"<p><strong>50 for Michael Hussey<br /></strong><strong>Six!&nbsp;</strong>There's the slog sweep! Launches this down the ground, and it's gone all the way. Huge over for CSK!</p>"},"tags":[],"timestamp":1432316727000,"id":1199814,"time":"17:44","updateTime":1432316683953,"sequence":327.5,"type":"Manual"},{"bbcode":"Y Chahal to M Hussey, %SPEED% short length just outside off stump. He picks up a single","thisOver":"1","progress":{"innings":2,"over":16,"ball":6},"speed":24.299914935546,"subtype":"BBCode","countingProgress":{"innings":2,"over":15,"ball":6},"bowlerId":111,"nonfacingBatsmanId":1,"facingBatsmanId":20,"autoText":"Y Chahal to M Hussey, %SPEED% short length just outside off stump. He picks up a single","message":{"text":null},"tags":[],"timestamp":1432316768000,"id":1199815,"time":"17:45","updateTime":1432316710680,"sequence":328.5,"type":"Auto"},{"innings":2,"over":16,"overRuns":15,"overWickets":0,"inningsRuns":106,"inningsWickets":3,"inningsAllOut":false,"team":{"id":1,"fullName":"Chennai Super Kings","shortName":"Super Kings","abbreviation":"CSK","primaryColor":"FDB913","secondaryColor":"FFFFFF","type":"m"},"batsmanSummaries":[{"batsman":{"id":20,"fullName":"Michael Hussey","shortName":"M Hussey","nationality":"Australian","rightHandedBat":false,"dateOfBirth":170380800000,"names":["Michael Hussey","M Hussey"]},"runs":55,"balls":44,"fours":3,"sixes":2},{"batsman":{"id":1,"fullName":"MS Dhoni","shortName":"MS Dhoni","nationality":"Indian","rightHandedBat":false,"dateOfBirth":363312000000,"names":["MS Dhoni","MS Dhoni"]},"runs":10,"balls":16,"fours":0,"sixes":0}],"activeBatsman":20,"bowlerSummary":{"bowler":{"id":111,"fullName":"Yuzvendra Chahal","shortName":"Y Chahal","nationality":"Indian","rightHandedBat":true,"dateOfBirth":1330300800000,"names":["Yuzvendra Chahal","Y Chahal"]},"overs":"4","runs":28,"wickets":2,"maidens":0},"inningsBalls":96,"inningsMaxBalls":120,"inningsTarget":140,"message":{"text":null},"tags":[],"timestamp":1432316710000,"id":1199816,"time":"17:45","updateTime":1432316710825,"sequence":329.5,"type":"Eov"},{"mediaId":"4251841562001","endpointUrlHq1":"http://brightcove.vo.llnwd.net/v1/uds/pd/3588749423001/201505/1668/3588749423001_4251854771001_QUALIFIER-2-CSK-1ST-SIX.mp4","endpointUrlHq2":"http://brightcove.vo.llnwd.net/v1/uds/pd/3588749423001/201505/3044/3588749423001_4251882047001_QUALIFIER-2-CSK-1ST-SIX.mp4","endpointUrlAlt":"http://c.brightcove.com/services/mobile/streaming/index/rendition.m3u8?assetId=4251881337001","title":"M59: CSK vs RCB – Michael Hussey Six","largeThumbnail":"http://brightcove.vo.llnwd.net/v1/unsecured/media/3588749423001/201505/1388/3588749423001_4251770609001_video-still-for-video-4251841562001.jpg?pubId=3588749423001","duration":25171,"endpointUrl":"http://brightcove.vo.llnwd.net/v1/uds/pd/3588749423001/201505/1324/3588749423001_4251880750001_QUALIFIER-2-CSK-1ST-SIX.mp4","smallThumbnail":"http://brightcove.vo.llnwd.net/v1/unsecured/media/3588749423001/201505/388/3588749423001_4251770608001_thumbnail-for-video-4251841562001.jpg?pubId=3588749423001","description":null,"endpointUrlMq":"http://brightcove.vo.llnwd.net/v1/uds/pd/3588749423001/201505/2556/3588749423001_4251876231001_QUALIFIER-2-CSK-1ST-SIX.mp4","endpointUrlHq3":"http://brightcove.vo.llnwd.net/v1/uds/pd/3588749423001/201505/1548/3588749423001_4251881353001_QUALIFIER-2-CSK-1ST-SIX.mp4","publishDate":1432316659743,"message":{"text":null},"tags":["account:iplt20","2015","over 16","ipl2015","six","match:ipl2015-59","IPL 2015","innings 2","ball 1","playerid 20","ipl2015-59","channel:ipl-match-centre","csk","rcb"],"timestamp":1432317045000,"id":1199824,"time":"17:50","updateTime":1432317034826,"sequence":330.0,"type":"Video"},{"bbcode":"Chahal's done for the day. Bowled well tonight, but Hussey took him on in his final over. 34 required now off 24.","subtype":"BBCode","message":{"text":"<p>Chahal's done for the day. Bowled well tonight, but Hussey took him on in his final over. 34 required now off 24.</p>"},"tags":[],"timestamp":1432316766000,"id":1199817,"time":"17:46","updateTime":1432316766561,"sequence":330.5,"type":"Manual"},{"bbcode":"D Wiese to M Hussey, %SPEED% good length on off stump. He picks up a single","thisOver":"1","progress":{"innings":2,"over":17,"ball":1},"speed":32.4190211725498,"subtype":"BBCode","countingProgress":{"innings":2,"over":16,"ball":1},"bowlerId":869,"nonfacingBatsmanId":1,"facingBatsmanId":20,"autoText":"D Wiese to M Hussey, %SPEED% good length on off stump. He picks up a single","message":{"text":null},"tags":[],"timestamp":1432316849000,"id":1199818,"time":"17:46","updateTime":1432316804302,"sequence":331.5,"type":"Auto"},{"bbcode":"D Wiese to MS Dhoni, %SPEED% short length on off stump. He picks up a single","thisOver":"1","progress":{"innings":2,"over":17,"ball":2},"speed":29.6921165355472,"subtype":"BBCode","countingProgress":{"innings":2,"over":16,"ball":2},"bowlerId":869,"nonfacingBatsmanId":20,"facingBatsmanId":1,"autoText":"D Wiese to MS Dhoni, %SPEED% short length on off stump. He picks up a single","message":{"text":null},"tags":[],"timestamp":1432316901000,"id":1199819,"time":"17:47","updateTime":1432316836695,"sequence":332.5,"type":"Auto"},{"bbcode":"D Wiese to M Hussey, [b]WICKET!!! M Hussey is out[/b] c Harshal Patel b David Wiese","thisOver":"W","progress":{"innings":2,"over":17,"ball":3},"speed":35.2784864367228,"subtype":"BBCode","countingProgress":{"innings":2,"over":16,"ball":3},"bowlerId":869,"nonfacingBatsmanId":1,"facingBatsmanId":20,"autoText":"D Wiese to M Hussey, <b>WICKET!!! M Hussey is out</b> c Harshal Patel b David Wiese","message":{"text":null},"tags":["wicket"],"timestamp":1432316925000,"id":1199820,"time":"17:48","updateTime":1432316881293,"sequence":333.5,"type":"Auto"},{"bbcode":"[b]Wicket![/b] Now then, this could be huge! Hussey attempts the pull, but doesn't get all of it, and it lobs straight to square leg. Some of the shots towards the end by Mr Cricket were majestic, but he'll be disappointed not to see his side through to the end","subtype":"BBCode","message":{"text":"<p><strong>Wicket!</strong> Now then, this could be huge! Hussey attempts the pull, but doesn't get all of it, and it lobs straight to square leg. Some of the shots towards the end by Mr Cricket were majestic, but he'll be disappointed not to see his side through to the end</p>"},"tags":[],"timestamp":1432316959000,"id":1199821,"time":"17:48","updateTime":1432316911591,"sequence":334.5,"type":"Manual"},{"bbcode":"D Wiese to MS Dhoni, %SPEED% good length outside off stump. He picks up two","thisOver":"2","progress":{"innings":2,"over":17,"ball":4},"speed":31.8642687855122,"subtype":"BBCode","countingProgress":{"innings":2,"over":16,"ball":4},"bowlerId":869,"nonfacingBatsmanId":53,"facingBatsmanId":1,"autoText":"D Wiese to MS Dhoni, %SPEED% good length outside off stump. He picks up two","message":{"text":null},"tags":[],"timestamp":1432317084000,"id":1199822,"time":"17:49","updateTime":1432316981127,"sequence":335.5,"type":"Auto"},{"bbcode":"D Wiese to MS Dhoni, 3 byes","thisOver":"3B","progress":{"innings":2,"over":17,"ball":5},"speed":33.8988894984672,"subtype":"BBCode","countingProgress":{"innings":2,"over":16,"ball":5},"bowlerId":869,"nonfacingBatsmanId":53,"facingBatsmanId":1,"autoText":"D Wiese to MS Dhoni, 3 byes","message":{"text":null},"tags":[],"timestamp":1432317144000,"id":1199823,"time":"17:50","updateTime":1432317028778,"sequence":336.5,"type":"Auto"},{"bbcode":"D Wiese to P Negi, no run, %SPEED% full length on middle stump. He doesn't offer a shot","thisOver":".","progress":{"innings":2,"over":17,"ball":6},"speed":31.4735848168374,"subtype":"BBCode","countingProgress":{"innings":2,"over":16,"ball":6},"bowlerId":869,"nonfacingBatsmanId":1,"facingBatsmanId":53,"autoText":"D Wiese to P Negi, no run, %SPEED% full length on middle stump. He doesn't offer a shot","message":{"text":null},"tags":[],"timestamp":1432317144000,"id":1199827,"time":"17:51","updateTime":1432317064354,"sequence":337.5,"type":"Auto"},{"innings":2,"over":17,"overRuns":7,"overWickets":1,"inningsRuns":113,"inningsWickets":4,"inningsAllOut":false,"team":{"id":1,"fullName":"Chennai Super Kings","shortName":"Super Kings","abbreviation":"CSK","primaryColor":"FDB913","secondaryColor":"FFFFFF","type":"m"},"batsmanSummaries":[{"batsman":{"id":53,"fullName":"Pawan Negi","shortName":"P Negi","nationality":"Indian","rightHandedBat":false,"dateOfBirth":410659200000,"names":["Pawan Negi","P Negi"]},"runs":0,"balls":1,"fours":0,"sixes":0},{"batsman":{"id":1,"fullName":"MS Dhoni","shortName":"MS Dhoni","nationality":"Indian","rightHandedBat":false,"dateOfBirth":363312000000,"names":["MS Dhoni","MS Dhoni"]},"runs":13,"balls":19,"fours":0,"sixes":0}],"activeBatsman":1,"bowlerSummary":{"bowler":{"id":869,"fullName":"David Wiese","shortName":"D Wiese","nationality":"South African","rightHandedBat":true,"dateOfBirth":485222400000,"names":["David Wiese","D Wiese"]},"overs":"4","runs":30,"wickets":1,"maidens":0},"inningsBalls":102,"inningsMaxBalls":120,"inningsTarget":140,"message":{"text":null},"tags":[],"timestamp":1432317144000,"id":1199828,"time":"17:51","updateTime":1432317064483,"sequence":338.5,"type":"Eov"},{"subtype":"EmbeddedTweet","tweetjson":{"created_at":"Fri May 22 17:51:36 +0000 2015","id":601807638054076416,"id_str":"601807638054076416","text":"If @msdhoni is on the wicket not matter how much run Rate needed he will get by the End. Best finisher @IPL @SonyMAX @SonySIX #CSkvsRCB","source":"<a href=\"http://twitter.com/download/iphone\" rel=\"nofollow\">Twitter for iPhone</a>","truncated":false,"in_reply_to_status_id":null,"in_reply_to_status_id_str":null,"in_reply_to_user_id":null,"in_reply_to_user_id_str":null,"in_reply_to_screen_name":null,"user":{"id":150533426,"id_str":"150533426","name":"DISHANT YAGNIK","screen_name":"Dishantyagnik77","location":"","description":"","url":null,"entities":{"description":{"urls":[]}},"protected":false,"followers_count":3944,"friends_count":57,"listed_count":31,"created_at":"Tue Jun 01 05:00:16 +0000 2010","favourites_count":706,"utc_offset":-36000,"time_zone":"Hawaii","geo_enabled":false,"verified":false,"statuses_count":1298,"lang":"en","contributors_enabled":false,"is_translator":false,"is_translation_enabled":false,"profile_background_color":"C0DEED","profile_background_image_url":"http://abs.twimg.com/images/themes/theme1/bg.png","profile_background_image_url_https":"https://abs.twimg.com/images/themes/theme1/bg.png","profile_background_tile":false,"profile_image_url":"http://pbs.twimg.com/profile_images/471238791194083330/jP1zonoV_normal.jpeg","profile_image_url_https":"https://pbs.twimg.com/profile_images/471238791194083330/jP1zonoV_normal.jpeg","profile_banner_url":"https://pbs.twimg.com/profile_banners/150533426/1401444772","profile_link_color":"0084B4","profile_sidebar_border_color":"C0DEED","profile_sidebar_fill_color":"DDEEF6","profile_text_color":"333333","profile_use_background_image":true,"default_profile":true,"default_profile_image":false,"following":false,"follow_request_sent":false,"notifications":false},"geo":null,"coordinates":null,"place":null,"contributors":null,"retweet_count":0,"favorite_count":0,"entities":{"hashtags":[{"text":"CSkvsRCB","indices":[126,135]}],"symbols":[],"user_mentions":[{"screen_name":"msdhoni","name":"Mahendra Singh Dhoni","id":92708272,"id_str":"92708272","indices":[3,11]},{"screen_name":"IPL","name":"IndianPremierLeague","id":15639696,"id_str":"15639696","indices":[103,107]},{"screen_name":"SonyMAX","name":"MAX Television","id":114671033,"id_str":"114671033","indices":[108,116]},{"screen_name":"SonySIX","name":"Sony SIX","id":508656152,"id_str":"508656152","indices":[117,125]}],"urls":[]},"favorited":false,"retweeted":false,"lang":"en"},"message":{"text":"<blockquote class=\"twitter-tweet\" data-partner=\"tweetdeck\">\n<p lang=\"en\" dir=\"ltr\">If <a href=\"https://twitter.com/msdhoni\">@msdhoni</a> is on the wicket not matter how much run Rate needed he will get by the End. Best finisher <a href=\"https://twitter.com/IPL\">@IPL</a> <a href=\"https://twitter.com/SonyMAX\">@SonyMAX</a> <a href=\"https://twitter.com/SonySIX\">@SonySIX</a> <a href=\"https://twitter.com/hashtag/CSkvsRCB?src=hash\">#CSkvsRCB</a></p>\n&mdash; DISHANT YAGNIK (@Dishantyagnik77) <a href=\"https://twitter.com/Dishantyagnik77/status/601807638054076416\">May 22, 2015</a></blockquote>\n<script charset=\"utf-8\" type=\"text/javascript\" src=\"http://platform.twitter.com/widgets.js\"></script>"},"tags":[],"timestamp":1432317122000,"id":1199830,"time":"17:51","updateTime":1432317119729,"sequence":339.0,"type":"Manual"},{"bbcode":"Decent over by Wiese. 27 off 3 overs - this is a Dhoni made script!","subtype":"BBCode","message":{"text":"<p>Decent over by Wiese. 27 off 3 overs - this is a Dhoni made script!</p>"},"tags":[],"timestamp":1432317101000,"id":1199829,"time":"17:51","updateTime":1432317101711,"sequence":339.5,"type":"Manual"},{"bbcode":"H Patel to MS Dhoni, %SPEED% short length on middle stump. He picks up a single","thisOver":"1","progress":{"innings":2,"over":18,"ball":1},"speed":32.9817637699717,"subtype":"BBCode","countingProgress":{"innings":2,"over":17,"ball":1},"bowlerId":157,"nonfacingBatsmanId":53,"facingBatsmanId":1,"autoText":"H Patel to MS Dhoni, %SPEED% short length on middle stump. He picks up a single","message":{"text":null},"tags":[],"timestamp":1432317196000,"id":1199832,"time":"17:52","updateTime":1432317133785,"sequence":340.5,"type":"Auto"},{"bbcode":"H Patel to P Negi, %SPEED% good length just outside off stump. He hits a great shot, that has gone all the way","thisOver":"6","progress":{"innings":2,"over":18,"ball":2},"speed":33.5376001304939,"subtype":"BBCode","countingProgress":{"innings":2,"over":17,"ball":2},"bowlerId":157,"nonfacingBatsmanId":1,"facingBatsmanId":53,"autoText":"H Patel to P Negi, %SPEED% good length just outside off stump. He hits a great shot, that has gone all the way","message":{"text":null},"tags":["six"],"timestamp":1432317393000,"id":1199833,"time":"17:53","updateTime":1432317206047,"sequence":341.5,"type":"Auto"},{"bbcode":"[b]Six! [/b]What a shot by the young man! Down on one knee and powers this over mid on. Pressure relieved","subtype":"BBCode","message":{"text":"<p><strong>Six!&nbsp;</strong>What a shot by the young man! Down on one knee and powers this over mid on. Pressure relieved</p>"},"tags":[],"timestamp":1432317244000,"id":1199834,"time":"17:53","updateTime":1432317219409,"sequence":342.5,"type":"Manual"},{"bbcode":"H Patel to P Negi, %SPEED% full length just outside off stump. He picks up two","thisOver":"2","progress":{"innings":2,"over":18,"ball":3},"speed":38.5894293115018,"subtype":"BBCode","countingProgress":{"innings":2,"over":17,"ball":3},"bowlerId":157,"nonfacingBatsmanId":1,"facingBatsmanId":53,"autoText":"H Patel to P Negi, %SPEED% full length just outside off stump. He picks up two","message":{"text":null},"tags":[],"timestamp":1432317395000,"id":1199835,"time":"17:54","updateTime":1432317267377,"sequence":343.5,"type":"Auto"},{"bbcode":"H Patel to P Negi, Wide delivery","thisOver":"1Wd","progress":{"innings":2,"over":18,"ball":4},"speed":37.9158296556913,"subtype":"BBCode","countingProgress":{"innings":2,"over":17,"ball":4},"bowlerId":157,"nonfacingBatsmanId":1,"facingBatsmanId":53,"autoText":"H Patel to P Negi, Wide delivery","message":{"text":null},"tags":[],"timestamp":1432317490000,"id":1199836,"time":"17:55","updateTime":1432317315071,"sequence":344.5,"type":"Auto"},{"bbcode":"H Patel to P Negi, %SPEED% good length just outside off stump. He plays and misses","thisOver":"1","progress":{"innings":2,"over":18,"ball":5},"speed":32.2998519835708,"subtype":"BBCode","countingProgress":{"innings":2,"over":17,"ball":4},"bowlerId":157,"nonfacingBatsmanId":1,"facingBatsmanId":53,"autoText":"H Patel to P Negi, %SPEED% good length just outside off stump. He plays and misses","message":{"text":null},"tags":[],"timestamp":1432317490000,"id":1199837,"time":"17:55","updateTime":1432317352430,"sequence":345.5,"type":"Auto"},{"bbcode":"H Patel to MS Dhoni, %SPEED% good length on middle stump. He plays and misses","thisOver":"1","progress":{"innings":2,"over":18,"ball":6},"speed":38.3867227538964,"subtype":"BBCode","countingProgress":{"innings":2,"over":17,"ball":5},"bowlerId":157,"nonfacingBatsmanId":53,"facingBatsmanId":1,"autoText":"H Patel to MS Dhoni, %SPEED% good length on middle stump. He plays and misses","message":{"text":null},"tags":[],"timestamp":1432317491000,"id":1199838,"time":"17:56","updateTime":1432317409818,"sequence":346.5,"type":"Auto"},{"bbcode":"H Patel to P Negi, %SPEED% full length outside off stump. He picks up two","thisOver":"2","progress":{"innings":2,"over":18,"ball":7},"speed":38.7350453516665,"subtype":"BBCode","countingProgress":{"innings":2,"over":17,"ball":6},"bowlerId":157,"nonfacingBatsmanId":1,"facingBatsmanId":53,"autoText":"H Patel to P Negi, %SPEED% full length outside off stump. He picks up two","message":{"text":null},"tags":[],"timestamp":1432317491000,"id":1199839,"time":"17:57","updateTime":1432317447887,"sequence":347.5,"type":"Auto"},{"innings":2,"over":18,"overRuns":14,"overWickets":0,"inningsRuns":127,"inningsWickets":4,"inningsAllOut":false,"team":{"id":1,"fullName":"Chennai Super Kings","shortName":"Super Kings","abbreviation":"CSK","primaryColor":"FDB913","secondaryColor":"FFFFFF","type":"m"},"batsmanSummaries":[{"batsman":{"id":53,"fullName":"Pawan Negi","shortName":"P Negi","nationality":"Indian","rightHandedBat":false,"dateOfBirth":410659200000,"names":["Pawan Negi","P Negi"]},"runs":11,"balls":5,"fours":0,"sixes":1},{"batsman":{"id":1,"fullName":"MS Dhoni","shortName":"MS Dhoni","nationality":"Indian","rightHandedBat":false,"dateOfBirth":363312000000,"names":["MS Dhoni","MS Dhoni"]},"runs":15,"balls":21,"fours":0,"sixes":0}],"activeBatsman":1,"bowlerSummary":{"bowler":{"id":157,"fullName":"Harshal Patel","shortName":"H Patel","nationality":"Indian","rightHandedBat":false,"dateOfBirth":659318400000,"names":["Harshal Patel","H Patel"]},"overs":"3","runs":21,"wickets":0,"maidens":0},"inningsBalls":108,"inningsMaxBalls":120,"inningsTarget":140,"message":{"text":null},"tags":[],"timestamp":1432317448000,"id":1199840,"time":"17:57","updateTime":1432317448370,"sequence":348.5,"type":"Eov"},{"bbcode":"That was a huge over from Negi in particular. 13 required off 12. Which over will Starc bowl? He's got the 19th. Coming round the wicket.","subtype":"BBCode","message":{"text":"<p>That was a huge over from Negi in particular. 13 required off 12. Which over will Starc bowl? He's got the 19th. Coming round the wicket.</p>"},"tags":[],"timestamp":1432317558000,"id":1199841,"time":"17:58","updateTime":1432317481959,"sequence":349.5,"type":"Manual"}]}