{"squadId":460,"totalVotes":15032,"players":[{"id":1,"voteCount":14042,"fullName":"MS Dhoni","shortName":"MS Dhoni"},{"id":25,"voteCount":13710,"fullName":"Dwayne Bravo","shortName":"DJ Bravo"},{"id":24,"voteCount":13479,"fullName":"Francois du Plessis","shortName":"F du Plessis"},{"id":14,"voteCount":13420,"fullName":"Suresh Raina","shortName":"S Raina"},{"id":8,"voteCount":13269,"fullName":"Ravichandran Ashwin","shortName":"R Ashwin"},{"id":115,"voteCount":12307,"fullName":"Ashish Nehra","shortName":"A Nehra"},{"id":9,"voteCount":12249,"fullName":"Ravindra Jadeja","shortName":"R Jadeja"},{"id":413,"voteCount":11730,"fullName":"Dwayne Smith","shortName":"DR Smith"},{"id":53,"voteCount":10375,"fullName":"Pawan Negi","shortName":"P Negi"},{"id":20,"voteCount":10035,"fullName":"Michael Hussey","shortName":"M Hussey"},{"id":1107,"voteCount":9884,"fullName":"Mohit Sharma","shortName":"M Sharma"},{"id":1090,"voteCount":5188,"fullName":"Ishwar Pandey","shortName":"I Pandey"},{"id":49,"voteCount":4190,"fullName":"Irfan Pathan","shortName":"I Pathan"},{"id":202,"voteCount":4054,"fullName":"Brendon McCullum","shortName":"B McCullum"},{"id":126,"voteCount":1299,"fullName":"Rahul Sharma","shortName":"R Sharma"},{"id":1105,"voteCount":894,"fullName":"Kyle Abbott","shortName":"K Abbott"},{"id":1084,"voteCount":708,"fullName":"Baba Aparajith","shortName":"B Aparajith"},{"id":590,"voteCount":598,"fullName":"Samuel Badree","shortName":"S Badree"},{"id":124,"voteCount":594,"fullName":"Mithun Manhas","shortName":"M Manhas"},{"id":1505,"voteCount":572,"fullName":"Matt Henry","shortName":"M Henry"},{"id":277,"voteCount":568,"fullName":"Ronit More","shortName":"R More"},{"id":2731,"voteCount":548,"fullName":"Pratyush Singh","shortName":"P Singh"},{"id":1558,"voteCount":479,"fullName":"Ankush Bains","shortName":"A Bains"},{"id":118,"voteCount":404,"fullName":"Eklavya Dwivedi ","shortName":"E Dwivedi "},{"id":1480,"voteCount":380,"fullName":"Andrew Tye","shortName":"A Tye"}]}