{"matchInfo":{"description":"Qualifier 2","matchType":"IPLT20","teams":[{"id":3783,"players":[{"names":["Dwayne Smith","DR Smith"],"dateOfBirth":418953600000,"id":413,"fullName":"Dwayne Smith","shortName":"DR Smith","nationality":"West Indian"},{"names":["Michael Hussey","M Hussey"],"dateOfBirth":170380800000,"id":20,"fullName":"Michael Hussey","shortName":"M Hussey","nationality":"Australian"},{"names":["Suresh Raina","S Raina"],"dateOfBirth":533433600000,"id":14,"fullName":"Suresh Raina","shortName":"S Raina","nationality":"Indian"},{"names":["Francois du Plessis","F du Plessis"],"dateOfBirth":458524800000,"id":24,"fullName":"Francois du Plessis","shortName":"F du Plessis","nationality":"South African"},{"names":["Dwayne Bravo","DJ Bravo"],"dateOfBirth":434332800000,"id":25,"fullName":"Dwayne Bravo","shortName":"DJ Bravo","nationality":"West Indian"},{"names":["MS Dhoni","MS Dhoni"],"dateOfBirth":363312000000,"id":1,"fullName":"MS Dhoni","shortName":"MS Dhoni","nationality":"Indian"},{"names":["Ravindra Jadeja","R Jadeja"],"dateOfBirth":597369600000,"id":9,"fullName":"Ravindra Jadeja","shortName":"R Jadeja","nationality":"Indian"},{"names":["Pawan Negi","P Negi"],"dateOfBirth":410659200000,"id":53,"fullName":"Pawan Negi","shortName":"P Negi","nationality":"Indian"},{"names":["Ashish Nehra","A Nehra"],"dateOfBirth":294192000000,"id":115,"fullName":"Ashish Nehra","shortName":"A Nehra","nationality":"Indian"},{"names":["Ravichandran Ashwin","R Ashwin"],"dateOfBirth":527299200000,"id":8,"fullName":"Ravichandran Ashwin","shortName":"R Ashwin","nationality":"Indian"},{"names":["Mohit Sharma","M Sharma"],"dateOfBirth":693100800000,"id":1107,"fullName":"Mohit Sharma","shortName":"M Sharma","nationality":"Indian"}],"team":{"type":"m","fullName":"Chennai Super Kings","shortName":"Super Kings","abbreviation":"CSK","primaryColor":"FDB913","secondaryColor":"FFFFFF","id":1},"wicketKeeper":{"names":["MS Dhoni","MS Dhoni"],"dateOfBirth":363312000000,"id":1,"fullName":"MS Dhoni","shortName":"MS Dhoni","nationality":"Indian"},"captain":{"names":["MS Dhoni","MS Dhoni"],"dateOfBirth":363312000000,"id":1,"fullName":"MS Dhoni","shortName":"MS Dhoni","nationality":"Indian"}},{"id":3782,"players":[{"names":["Virat Kohli","V Kohli"],"dateOfBirth":594691200000,"id":164,"fullName":"Virat Kohli","shortName":"V Kohli","nationality":"Indian"},{"names":["Chris Gayle","C Gayle"],"dateOfBirth":306720000000,"id":236,"fullName":"Chris Gayle","shortName":"C Gayle","nationality":"West Indian"},{"names":["Mandeep Singh","M Singh"],"dateOfBirth":693014400000,"id":72,"fullName":"Mandeep Singh","shortName":"M Singh","nationality":"Indian"},{"names":["AB de Villiers","AB de Villiers"],"dateOfBirth":445824000000,"id":233,"fullName":"AB de Villiers","shortName":"AB de Villiers","nationality":"South African"},{"names":["Dinesh Karthik","D Karthik"],"rightHandedBat":true,"dateOfBirth":486432000000,"id":102,"fullName":"Dinesh Karthik","shortName":"D Karthik","nationality":"Indian"},{"names":["Sarfaraz Khan","S Khan"],"rightHandedBat":true,"dateOfBirth":877478400000,"id":1564,"fullName":"Sarfaraz Khan","shortName":"S Khan","nationality":"Indian"},{"names":["David Wiese","D Wiese"],"rightHandedBat":true,"dateOfBirth":485222400000,"id":869,"fullName":"David Wiese","shortName":"D Wiese","nationality":"South African"},{"names":["Mitchell Starc","M Starc"],"rightHandedBat":true,"dateOfBirth":633657600000,"id":490,"fullName":"Mitchell Starc","shortName":"M Starc","nationality":"Australian"},{"names":["Harshal Patel","H Patel"],"dateOfBirth":659318400000,"id":157,"fullName":"Harshal Patel","shortName":"H Patel","nationality":"Indian"},{"names":["Sreenath Arvind","S Arvind"],"dateOfBirth":450230400000,"id":162,"fullName":"Sreenath Arvind","shortName":"S Arvind","nationality":"Indian"},{"names":["Yuzvendra Chahal","Y Chahal"],"rightHandedBat":true,"dateOfBirth":1330300800000,"id":111,"fullName":"Yuzvendra Chahal","shortName":"Y Chahal","nationality":"Indian"}],"team":{"type":"m","fullName":"Royal Challengers Bangalore","shortName":"Challengers","abbreviation":"RCB","primaryColor":"F1901D","secondaryColor":"FFFFFF","id":9},"wicketKeeper":{"names":["Dinesh Karthik","D Karthik"],"rightHandedBat":true,"dateOfBirth":486432000000,"id":102,"fullName":"Dinesh Karthik","shortName":"D Karthik","nationality":"Indian"},"captain":{"names":["Virat Kohli","V Kohli"],"dateOfBirth":594691200000,"id":164,"fullName":"Virat Kohli","shortName":"V Kohli","nationality":"Indian"}}],"venue":{"id":55,"country":"India","fullName":"JSCA International Cricket Stadium","shortName":"JSCA Stadium","city":"Ranchi"},"matchDate":"2015-05-22T20:00:00+0530","battingOrder":[1,0],"additionalInfo":{"toss.elected":"Chennai Super Kings, who chose to field","match.video.id":"4251841620001","stats.link":"http://www.iplt20.com/news/2015/more-news/6926/quick-stats-q2-csk-vs-rcb","match.summary":"","photostream.link":"http://www.iplt20.com/photos/307/ipl-2015-match-59-qualifier-2","mom.video.id":"4251841622001","home.team.fan.total":"17900","notes.1.1":"Powerplay - 29 runs, 2 wickets","away.team.fan.total":"12288","notes.1.2":"RCB: 50 runs in 10.4 overs","umpire.name.3":"Chettithody Shamshuddin","notes.1.3":"RCB: 100 runs in 15.4 overs","umpire.name.4":"Krishnaraj Srinath","umpire.name.1":"Anil Chaudhary","notes.1.4":"Innings Break: RCB - 139/8 in 20 overs","umpire.name.2":"Chris Gaffaney","highlights.link":"http://www.iplt20.com/videos/media/id/4251841620001/m59-csk-vs-rcb-match-highlights","result.playerofthematch":"Ashish Nehra","mom.video.thumb":"http://brightcove.vo.llnwd.net/v1/unsecured/media/3588749423001/201505/3388/3588749423001_4251909879001_video-still-for-video-4251841622001.jpg?pubId=3588749423001","interview.link":"http://www.iplt20.com/news/2015/features/6921/how-hussey-msd-orchestrated-csks-chase","sixes.video.id":"4251841614001","interview.thumb":"http://static2.iplt20.com/cms/media/images/320x213/44866.jpg","referee.name":"Roshan Mahanama","match.video.thumb":"http://brightcove.vo.llnwd.net/v1/unsecured/media/3588749423001/201505/2388/3588749423001_4251909874001_video-still-for-video-4251841620001.jpg?pubId=3588749423001","stats.thumb":"http://static2.iplt20.com/cms/media/images/320x213/44904.jpg","toss.winner":"Chennai Super Kings","sixes.video.thumb":"http://brightcove.vo.llnwd.net/v1/unsecured/media/3588749423001/201505/388/3588749423001_4251909872001_video-still-for-video-4251841614001.jpg?pubId=3588749423001","notes.2.3":"CSK: 100 runs in 15.5 overs","report.thumb":"http://static2.iplt20.com/cms/media/images/650x433/44852.jpg","notes.2.4":"Michael Hussey: 50 off 43 balls (3 x fours, 2 x sixes)","notes.2.1":"Powerplay - 34 runs, 1 wicket","report.link":"http://www.iplt20.com/news/2015/match-reports/6916/report-q2-csk-vs-rcb","notes.2.2":"CSK: 50 runs in 8.4 overs"},"oversLimit":20,"matchState":"C","isLimitedOvers":true,"matchStatus":{"text":"Chennai Super Kings won by 3 wickets","outcome":"A"},"matchSummary":"","tournamentLabel":"IPL 2015"},"matchId":{"tournamentId":{"name":"ipl2015","id":2785},"name":"ipl2015-59","id":3284,"parentId":{"name":"ipl2015","id":2785}},"innings":[{"inningsNumber":1,"scorecard":{"runs":139,"extras":{"wideRuns":5,"legByeRuns":2},"battingStats":[{"mod":{"text":"c & b Suresh Raina","dismissedBp":{"over":14,"innings":1,"ball":4},"countingBp":{"over":14,"innings":1,"ball":3},"bowlerId":14,"additionalPlayerIds":[14],"dismissedMethod":"ct"},"playerId":236,"r":41,"b":43,"sr":"95.34","4s":2,"6s":3},{"mod":{"text":"c Mohit Sharma b Ashish Nehra","dismissedBp":{"over":5,"innings":1,"ball":1},"countingBp":{"over":5,"innings":1,"ball":1},"bowlerId":115,"additionalPlayerIds":[1107],"dismissedMethod":"ct"},"playerId":164,"r":12,"b":9,"sr":"133.33","4s":1,"6s":1},{"mod":{"text":"lbw Ashish Nehra","dismissedBp":{"over":5,"innings":1,"ball":6},"countingBp":{"over":5,"innings":1,"ball":6},"bowlerId":115,"dismissedMethod":"lbw"},"playerId":233,"r":1,"b":3,"sr":"33.33","4s":0,"6s":0},{"mod":{"text":"c Michael Hussey b Ravichandran Ashwin","dismissedBp":{"over":8,"innings":1,"ball":1},"countingBp":{"over":8,"innings":1,"ball":1},"bowlerId":8,"additionalPlayerIds":[20],"dismissedMethod":"ct"},"playerId":72,"r":4,"b":7,"sr":"57.14","4s":0,"6s":0},{"mod":{"text":"c Mohit Sharma b Ashish Nehra","dismissedBp":{"over":17,"innings":1,"ball":2},"countingBp":{"over":17,"innings":1,"ball":2},"bowlerId":115,"additionalPlayerIds":[1107],"dismissedMethod":"ct"},"playerId":102,"r":28,"b":26,"sr":"107.69","4s":4,"6s":0},{"mod":{"text":"c Pawan Negi b Dwayne Bravo","dismissedBp":{"over":20,"innings":1,"ball":6},"countingBp":{"over":20,"innings":1,"ball":5},"bowlerId":25,"additionalPlayerIds":[53],"dismissedMethod":"ct"},"playerId":1564,"r":31,"b":21,"sr":"147.61","4s":4,"6s":0},{"mod":{"text":"c Dwayne Bravo b Mohit Sharma","dismissedBp":{"over":19,"innings":1,"ball":2},"countingBp":{"over":19,"innings":1,"ball":2},"bowlerId":1107,"additionalPlayerIds":[25],"dismissedMethod":"ct"},"playerId":869,"r":12,"b":7,"sr":"171.42","4s":0,"6s":1},{"mod":{"text":"run out (MS Dhoni)","dismissedBp":{"over":20,"innings":1,"ball":4},"countingBp":{"over":20,"innings":1,"ball":3},"bowlerId":25,"additionalPlayerIds":[1],"dismissedMethod":"ro"},"playerId":157,"r":2,"b":2,"sr":"100.00","4s":0,"6s":0},{"playerId":490,"r":1,"b":1,"sr":"100.00","4s":0,"6s":0},{"playerId":162,"r":0,"b":1,"sr":"0.00","4s":0,"6s":0}],"bowlingStats":[{"playerId":115,"r":28,"w":3,"ov":"4","d":14,"maid":0,"e":"7.00","wd":1,"nb":0},{"playerId":8,"r":13,"w":1,"ov":"4","d":16,"maid":0,"e":"3.25","wd":0,"nb":0},{"playerId":1107,"r":22,"w":1,"ov":"4","d":10,"maid":0,"e":"5.50","wd":0,"nb":0},{"playerId":14,"r":36,"w":1,"ov":"3","d":4,"maid":0,"e":"12.00","wd":2,"nb":0},{"playerId":25,"r":21,"w":1,"ov":"3","d":8,"maid":0,"e":"7.00","wd":2,"nb":0},{"playerId":53,"r":4,"w":0,"ov":"1","d":3,"maid":0,"e":"4.00","wd":0,"nb":0},{"playerId":9,"r":13,"w":0,"ov":"1","d":1,"maid":0,"e":"13.00","wd":0,"nb":0}],"wkts":8,"fow":[{"bp":{"over":5,"innings":1,"ball":1},"playerId":164,"r":23,"w":1},{"bp":{"over":5,"innings":1,"ball":6},"playerId":233,"r":25,"w":2},{"bp":{"over":8,"innings":1,"ball":1},"playerId":72,"r":36,"w":3},{"bp":{"over":14,"innings":1,"ball":3},"playerId":236,"r":80,"w":4},{"bp":{"over":17,"innings":1,"ball":2},"playerId":102,"r":107,"w":5},{"bp":{"over":19,"innings":1,"ball":2},"playerId":869,"r":125,"w":6},{"bp":{"over":20,"innings":1,"ball":3},"playerId":157,"r":138,"w":7},{"bp":{"over":20,"innings":1,"ball":5},"playerId":1564,"r":139,"w":8}]},"overProgress":"20","runRate":"6.95","overHistory":[{"ovNo":1,"ovBalls":[".","6",".",".",".","."]},{"ovNo":2,"ovBalls":["1",".",".",".","4","."]},{"ovNo":3,"ovBalls":[".",".",".","4","6","."]},{"ovNo":4,"ovBalls":["1","1",".",".",".","."]},{"ovNo":5,"ovBalls":["W","1",".","1",".","W"]},{"ovNo":6,"ovBalls":[".","1",".","2",".","1"]},{"ovNo":7,"ovBalls":[".","1",".","2",".","4"]},{"ovNo":8,"ovBalls":["W",".",".","2",".","."]},{"ovNo":9,"ovBalls":[".",".","1",".","1","1"]},{"ovNo":10,"ovBalls":[".","1","1","1Wd","1",".","1"]},{"ovNo":11,"ovBalls":["1",".","2","1Lb","1","1"]},{"ovNo":12,"ovBalls":["1","4","4","2","1","1"]},{"ovNo":13,"ovBalls":[".",".","1","1Wd",".",".","."]},{"ovNo":14,"ovBalls":["6","6","1Wd","W","4","1Lb","1"]},{"ovNo":15,"ovBalls":["2",".",".","1",".","1"]},{"ovNo":16,"ovBalls":["1","4","4","2","2","."]},{"ovNo":17,"ovBalls":["4","W","1","1Wd","1","1","2"]},{"ovNo":18,"ovBalls":["1","1","1","6",".","2"]},{"ovNo":19,"ovBalls":["1","W","1","1","4","."]},{"ovNo":20,"ovBalls":["1","4","1","1WdW","1","W","."]}]},{"inningsNumber":2,"scorecard":{"runs":140,"extras":{"wideRuns":3,"byeRuns":3,"legByeRuns":1},"battingStats":[{"mod":{"text":"c Mitchell Starc b Sreenath Arvind","dismissedBp":{"over":4,"innings":2,"ball":1},"countingBp":{"over":4,"innings":2,"ball":1},"bowlerId":162,"additionalPlayerIds":[490],"dismissedMethod":"ct"},"playerId":413,"r":17,"b":12,"sr":"141.66","4s":3,"6s":0},{"mod":{"text":"c Harshal Patel b David Wiese","dismissedBp":{"over":17,"innings":2,"ball":3},"countingBp":{"over":17,"innings":2,"ball":3},"bowlerId":869,"additionalPlayerIds":[157],"dismissedMethod":"ct"},"playerId":20,"r":56,"b":46,"sr":"121.73","4s":3,"6s":2},{"mod":{"text":"b Yuzvendra Chahal","dismissedBp":{"over":10,"innings":2,"ball":2},"countingBp":{"over":10,"innings":2,"ball":2},"bowlerId":111,"dismissedMethod":"b"},"playerId":24,"r":21,"b":22,"sr":"95.45","4s":2,"6s":0},{"mod":{"text":"c David Wiese b Yuzvendra Chahal","dismissedBp":{"over":10,"innings":2,"ball":4},"countingBp":{"over":10,"innings":2,"ball":4},"bowlerId":111,"additionalPlayerIds":[869],"dismissedMethod":"ct"},"playerId":14,"r":0,"b":2,"sr":"0.00","4s":0,"6s":0},{"mod":{"text":"c Dinesh Karthik b Harshal Patel","dismissedBp":{"over":20,"innings":2,"ball":4},"countingBp":{"over":20,"innings":2,"ball":4},"bowlerId":157,"additionalPlayerIds":[102],"dismissedMethod":"ct"},"playerId":1,"r":26,"b":29,"sr":"89.65","4s":1,"6s":0},{"mod":{"text":"run out (Sarfaraz Khan)","dismissedBp":{"over":19,"innings":2,"ball":5},"countingBp":{"over":19,"innings":2,"ball":5},"bowlerId":490,"additionalPlayerIds":[1564],"dismissedMethod":"ro"},"playerId":53,"r":12,"b":6,"sr":"200.00","4s":0,"6s":1},{"mod":{"text":"b Mitchell Starc","dismissedBp":{"over":19,"innings":2,"ball":6},"countingBp":{"over":19,"innings":2,"ball":6},"bowlerId":490,"dismissedMethod":"b"},"playerId":25,"r":0,"b":1,"sr":"0.00","4s":0,"6s":0},{"playerId":9,"r":0,"b":0,"4s":0,"6s":0},{"playerId":8,"r":1,"b":1,"sr":"100.00","4s":0,"6s":0}],"bowlingStats":[{"playerId":490,"r":27,"w":1,"ov":"4","d":7,"maid":0,"e":"6.75","wd":0,"nb":0},{"playerId":162,"r":25,"w":1,"ov":"4","d":9,"maid":0,"e":"6.25","wd":0,"nb":0},{"playerId":157,"r":26,"w":1,"ov":"3.5","d":10,"maid":0,"e":"6.78","wd":1,"nb":0},{"playerId":869,"r":30,"w":1,"ov":"4","d":6,"maid":0,"e":"7.50","wd":2,"nb":0},{"playerId":111,"r":28,"w":2,"ov":"4","d":9,"maid":0,"e":"7.00","wd":0,"nb":0}],"wkts":7,"fow":[{"bp":{"over":4,"innings":2,"ball":1},"playerId":413,"r":21,"w":1},{"bp":{"over":10,"innings":2,"ball":2},"playerId":24,"r":61,"w":2},{"bp":{"over":10,"innings":2,"ball":4},"playerId":14,"r":61,"w":3},{"bp":{"over":17,"innings":2,"ball":3},"playerId":20,"r":108,"w":4},{"bp":{"over":19,"innings":2,"ball":5},"playerId":53,"r":135,"w":5},{"bp":{"over":19,"innings":2,"ball":6},"playerId":25,"r":135,"w":6},{"bp":{"over":20,"innings":2,"ball":4},"playerId":1,"r":139,"w":7}]},"overProgress":"19.5","runRate":"7.05","overHistory":[{"ovNo":1,"ovBalls":[".","1",".",".","1","1Lb"]},{"ovNo":2,"ovBalls":["1",".","1",".","4","1"]},{"ovNo":3,"ovBalls":["4","1",".","1","4","1"]},{"ovNo":4,"ovBalls":["W","1","1",".",".","."]},{"ovNo":5,"ovBalls":[".","4","1",".",".","."]},{"ovNo":6,"ovBalls":["1",".","3","1",".","1"]},{"ovNo":7,"ovBalls":["1Wd","1","1","1","1",".","1Wd","1"]},{"ovNo":8,"ovBalls":["1",".","1","2","1","1"]},{"ovNo":9,"ovBalls":["1","1",".","1","4","4"]},{"ovNo":10,"ovBalls":["3","W",".","W",".","1"]},{"ovNo":11,"ovBalls":["1",".",".",".","1","."]},{"ovNo":12,"ovBalls":["1","4",".","1","1","1"]},{"ovNo":13,"ovBalls":["2",".","2","4","1","1"]},{"ovNo":14,"ovBalls":[".",".",".","1","1","1"]},{"ovNo":15,"ovBalls":["1","1","1","1","1","1"]},{"ovNo":16,"ovBalls":["6","1","1",".","6","1"]},{"ovNo":17,"ovBalls":["1","1","W","2","3B","."]},{"ovNo":18,"ovBalls":["1","6","2","1Wd","1","1","2"]},{"ovNo":19,"ovBalls":["4","1","1","2","W","W"]},{"ovNo":20,"ovBalls":["2",".","2","W","1"]}]}],"currentState":{"phase":"C","facingBatsman":9,"nonFacingBatsman":8,"currentInningsIndex":1,"currentPartnership":1,"currentBowler":157,"currentBatsmen":[9,8],"recentOvers":[{"ovNo":15,"ovBalls":["1","1","1","1","1","1"]},{"ovNo":16,"ovBalls":["6","1","1",".","6","1"]},{"ovNo":17,"ovBalls":["1","1","W","2","3B","."]},{"ovNo":18,"ovBalls":["1","6","2","1Wd","1","1","2"]},{"ovNo":19,"ovBalls":["4","1","1","2","W","W"]},{"ovNo":20,"ovBalls":["2",".","2","W","1"]}]}}