{"fragment":7,"updateTime":1429573943000,"matchId":{"id":3242,"name":"ipl2015-17 - DD vs. KKR","matchIdName":"ipl2015-17"},"commentaries":[{"bbcode":"Four! That's a rank delivery by Mishra, short and very wide, and Yusuf punishes it through cover for four to bring up the KKR 100","subtype":"BBCode","message":{"text":"<p>Four! That's a rank delivery by Mishra, short and very wide, and Yusuf punishes it through cover for four to bring up the KKR 100</p>"},"tags":[],"timestamp":1429550782000,"id":1167515,"time":"17:25","updateTime":1429550728733,"sequence":300.0,"type":"Manual"},{"innings":2,"over":13,"overRuns":6,"overWickets":0,"inningsRuns":102,"inningsWickets":3,"inningsAllOut":false,"team":{"id":5,"fullName":"Kolkata Knight Riders","shortName":"Knight Riders","abbreviation":"KKR","primaryColor":"6F2C91","secondaryColor":"FFFFFF","type":"m"},"batsmanSummaries":[{"batsman":{"id":96,"fullName":"Yusuf Pathan","shortName":"Y Pathan","nationality":"Indian","rightHandedBat":false,"dateOfBirth":406339200000,"names":["Yusuf Pathan","Y Pathan"]},"runs":12,"balls":9,"fours":2,"sixes":0},{"batsman":{"id":84,"fullName":"Gautam Gambhir","shortName":"G Gambhir","nationality":"Indian","rightHandedBat":false,"dateOfBirth":371865600000,"names":["Gautam Gambhir","G Gambhir"]},"runs":46,"balls":37,"fours":7,"sixes":0}],"activeBatsman":84,"bowlerSummary":{"bowler":{"id":30,"fullName":"Amit Mishra","shortName":"A Mishra","nationality":"Indian","rightHandedBat":false,"dateOfBirth":406944000000,"names":["Amit Mishra","A Mishra"]},"overs":"2","runs":15,"wickets":0,"maidens":0},"inningsBalls":78,"inningsMaxBalls":120,"inningsTarget":147,"message":{"text":null},"tags":[],"timestamp":1429550716000,"id":1167514,"time":"17:25","updateTime":1429550716378,"sequence":300.5,"type":"Eov"},{"mediaId":"4184594148001","endpointUrlHq1":"http://brightcove.vo.llnwd.net/v1/uds/pd/3588749423001/201504/2981/3588749423001_4184636017001_MATCH-17-KKR-3rd-WKT.mp4","endpointUrlHq2":"http://brightcove.vo.llnwd.net/v1/uds/pd/3588749423001/201504/2861/3588749423001_4184633060001_MATCH-17-KKR-3rd-WKT.mp4","endpointUrlAlt":"http://c.brightcove.com/services/mobile/streaming/index/rendition.m3u8?assetId=4184635995001","title":"M17: DD vs KKR – Suryakumar Yadav Wicket","largeThumbnail":"http://brightcove.vo.llnwd.net/v1/unsecured/media/3588749423001/201504/981/3588749423001_4184636019001_vs-553534b5e4b00fbddeec5172-782203297001.jpg?pubId=3588749423001","duration":24800,"endpointUrl":"http://brightcove.vo.llnwd.net/v1/uds/pd/3588749423001/201504/2749/3588749423001_4184627042001_MATCH-17-KKR-3rd-WKT.mp4","smallThumbnail":"http://brightcove.vo.llnwd.net/v1/unsecured/media/3588749423001/201504/3981/3588749423001_4184636020001_th-553534b5e4b00fbddeec5172-782203297001.jpg?pubId=3588749423001","description":null,"endpointUrlMq":"http://brightcove.vo.llnwd.net/v1/uds/pd/3588749423001/201504/1981/3588749423001_4184636026001_MATCH-17-KKR-3rd-WKT.mp4","endpointUrlHq3":"http://brightcove.vo.llnwd.net/v1/uds/pd/3588749423001/201504/2981/3588749423001_4184636013001_MATCH-17-KKR-3rd-WKT.mp4","publishDate":1429550253576,"message":{"text":null},"tags":["account:iplt20","playerid 108","kkr","2015","ipl2015","match:ipl2015-17","dd","IPL 2015","ipl2015-17","innings 2","wicket","ball 6","over 10","channel:ipl-match-centre"],"timestamp":1429550855000,"id":1167519,"time":"17:27","updateTime":1429550832593,"sequence":301.0,"type":"Video"},{"bbcode":"A Mathews to G Gambhir, %SPEED% short length just outside off stump. He hits a nice boundary","thisOver":"4","progress":{"innings":2,"over":14,"ball":1},"speed":31.6441126795843,"subtype":"BBCode","countingProgress":{"innings":2,"over":13,"ball":1},"bowlerId":217,"nonfacingBatsmanId":96,"facingBatsmanId":84,"autoText":"A Mathews to G Gambhir, %SPEED% short length just outside off stump. He hits a nice boundary","message":{"text":null},"tags":["four"],"timestamp":1429550839000,"id":1167517,"time":"17:26","updateTime":1429550802141,"sequence":301.5,"type":"Auto"},{"bbcode":"[b]50 for Gautam Gambhir\\n[/b]Four! Terrific pull shot by Gambhir to bring up his 50. He's leading from the front in some style this tournament","subtype":"BBCode","message":{"text":"<p><strong>50 for Gautam Gambhir<br /></strong>Four! Terrific pull shot by Gambhir to bring up his 50. He's leading from the front in some style this tournament</p>"},"tags":[],"timestamp":1429550895000,"id":1167518,"time":"17:26","updateTime":1429550819100,"sequence":302.5,"type":"Manual"},{"bbcode":"A Mathews to G Gambhir, %SPEED% short length just outside off stump. He picks up a single","thisOver":"1","progress":{"innings":2,"over":14,"ball":2},"speed":36.2564418977781,"subtype":"BBCode","countingProgress":{"innings":2,"over":13,"ball":2},"bowlerId":217,"nonfacingBatsmanId":96,"facingBatsmanId":84,"autoText":"A Mathews to G Gambhir, %SPEED% short length just outside off stump. He picks up a single","message":{"text":null},"tags":[],"timestamp":1429550900000,"id":1167520,"time":"17:27","updateTime":1429550849422,"sequence":304.5,"type":"Auto"},{"bbcode":"A Mathews to Y Pathan, %SPEED% short length going down leg. He picks up a single","thisOver":"1","progress":{"innings":2,"over":14,"ball":3},"speed":34.0454064991776,"subtype":"BBCode","countingProgress":{"innings":2,"over":13,"ball":3},"bowlerId":217,"nonfacingBatsmanId":84,"facingBatsmanId":96,"autoText":"A Mathews to Y Pathan, %SPEED% short length going down leg. He picks up a single","message":{"text":null},"tags":[],"timestamp":1429550950000,"id":1167522,"time":"17:28","updateTime":1429550901701,"sequence":305.5,"type":"Auto"},{"bbcode":"A Mathews to G Gambhir, %SPEED% short length just outside off stump. He picks up a single","thisOver":"1","progress":{"innings":2,"over":14,"ball":4},"speed":31.387785030012,"subtype":"BBCode","countingProgress":{"innings":2,"over":13,"ball":4},"bowlerId":217,"nonfacingBatsmanId":96,"facingBatsmanId":84,"autoText":"A Mathews to G Gambhir, %SPEED% short length just outside off stump. He picks up a single","message":{"text":null},"tags":[],"timestamp":1429551031000,"id":1167523,"time":"17:29","updateTime":1429550972362,"sequence":306.5,"type":"Auto"},{"bbcode":"A Mathews to Y Pathan, %SPEED% short length on middle stump. He picks up a single","thisOver":"1","progress":{"innings":2,"over":14,"ball":5},"speed":32.7670987930264,"subtype":"BBCode","countingProgress":{"innings":2,"over":13,"ball":5},"bowlerId":217,"nonfacingBatsmanId":84,"facingBatsmanId":96,"autoText":"A Mathews to Y Pathan, %SPEED% short length on middle stump. He picks up a single","message":{"text":null},"tags":[],"timestamp":1429551081000,"id":1167524,"time":"17:30","updateTime":1429551015841,"sequence":307.5,"type":"Auto"},{"bbcode":"A Mathews to G Gambhir, %SPEED% good length just outside off stump. He picks up a single","thisOver":"1","progress":{"innings":2,"over":14,"ball":6},"speed":34.3763969602146,"subtype":"BBCode","countingProgress":{"innings":2,"over":13,"ball":6},"bowlerId":217,"nonfacingBatsmanId":96,"facingBatsmanId":84,"autoText":"A Mathews to G Gambhir, %SPEED% good length just outside off stump. He picks up a single","message":{"text":null},"tags":[],"timestamp":1429551081000,"id":1167525,"time":"17:30","updateTime":1429551044274,"sequence":308.5,"type":"Auto"},{"innings":2,"over":14,"overRuns":9,"overWickets":0,"inningsRuns":111,"inningsWickets":3,"inningsAllOut":false,"team":{"id":5,"fullName":"Kolkata Knight Riders","shortName":"Knight Riders","abbreviation":"KKR","primaryColor":"6F2C91","secondaryColor":"FFFFFF","type":"m"},"batsmanSummaries":[{"batsman":{"id":84,"fullName":"Gautam Gambhir","shortName":"G Gambhir","nationality":"Indian","rightHandedBat":false,"dateOfBirth":371865600000,"names":["Gautam Gambhir","G Gambhir"]},"runs":53,"balls":41,"fours":8,"sixes":0},{"batsman":{"id":96,"fullName":"Yusuf Pathan","shortName":"Y Pathan","nationality":"Indian","rightHandedBat":false,"dateOfBirth":406339200000,"names":["Yusuf Pathan","Y Pathan"]},"runs":14,"balls":11,"fours":2,"sixes":0}],"activeBatsman":84,"bowlerSummary":{"bowler":{"id":217,"fullName":"Angelo Mathews","shortName":"A Mathews","nationality":"Sri Lankan","rightHandedBat":false,"dateOfBirth":549590400000,"names":["Angelo Mathews","A Mathews"]},"overs":"3","runs":33,"wickets":0,"maidens":0},"inningsBalls":84,"inningsMaxBalls":120,"inningsTarget":147,"message":{"text":null},"tags":[],"timestamp":1429551044000,"id":1167526,"time":"17:30","updateTime":1429551044399,"sequence":309.5,"type":"Eov"},{"subtype":"EmbeddedTweet","tweetjson":{"created_at":"Mon Apr 20 17:28:50 +0000 2015","id":590205496046432256,"id_str":"590205496046432256","text":"Most 50+ scores in #IPL\n26 Gautam Gambhir\n24 Rohit Sharma/Suresh Raina\n21 Chris Gayle\n#DDvsKKR","source":"<a href=\"http://twitter.com\" rel=\"nofollow\">Twitter Web Client</a>","truncated":false,"in_reply_to_status_id":null,"in_reply_to_status_id_str":null,"in_reply_to_user_id":null,"in_reply_to_user_id_str":null,"in_reply_to_screen_name":null,"user":{"id":451215777,"id_str":"451215777","name":"Mohandas Menon","screen_name":"mohanstatsman","location":"Mumbai","profile_location":null,"description":"Cricket/Sports statistician...I dig numbers for a living....Of all the people who go to work everyday only 5% make a living of doing what they love!","url":null,"entities":{"description":{"urls":[]}},"protected":false,"followers_count":83244,"friends_count":109,"listed_count":713,"created_at":"Sat Dec 31 05:19:39 +0000 2011","favourites_count":9,"utc_offset":19800,"time_zone":"Mumbai","geo_enabled":false,"verified":false,"statuses_count":30052,"lang":"en","contributors_enabled":false,"is_translator":false,"is_translation_enabled":false,"profile_background_color":"C0DEED","profile_background_image_url":"http://abs.twimg.com/images/themes/theme1/bg.png","profile_background_image_url_https":"https://abs.twimg.com/images/themes/theme1/bg.png","profile_background_tile":false,"profile_image_url":"http://pbs.twimg.com/profile_images/496314581338169345/XBcK9Gb0_normal.jpeg","profile_image_url_https":"https://pbs.twimg.com/profile_images/496314581338169345/XBcK9Gb0_normal.jpeg","profile_banner_url":"https://pbs.twimg.com/profile_banners/451215777/1419349838","profile_link_color":"0084B4","profile_sidebar_border_color":"C0DEED","profile_sidebar_fill_color":"DDEEF6","profile_text_color":"333333","profile_use_background_image":true,"default_profile":true,"default_profile_image":false,"following":false,"follow_request_sent":false,"notifications":false},"geo":null,"coordinates":null,"place":null,"contributors":null,"retweet_count":17,"favorite_count":6,"entities":{"hashtags":[{"text":"IPL","indices":[19,23]},{"text":"DDvsKKR","indices":[86,94]}],"symbols":[],"user_mentions":[],"urls":[]},"favorited":false,"retweeted":false,"lang":"en"},"message":{"text":"<blockquote class=\"twitter-tweet\" data-partner=\"tweetdeck\">\n<p>Most 50+ scores in <a href=\"https://twitter.com/hashtag/IPL?src=hash\">#IPL</a> 26 Gautam Gambhir 24 Rohit Sharma/Suresh Raina 21 Chris Gayle <a href=\"https://twitter.com/hashtag/DDvsKKR?src=hash\">#DDvsKKR</a></p>\n&mdash; Mohandas Menon (@mohanstatsman) <a href=\"https://twitter.com/mohanstatsman/status/590205496046432256\">April 20, 2015</a></blockquote>\n<script charset=\"utf-8\" type=\"text/javascript\" src=\"http://platform.twitter.com/widgets.js\"></script>"},"tags":[],"timestamp":1429551096000,"id":1167527,"time":"17:31","updateTime":1429551096369,"sequence":310.5,"type":"Manual"},{"bbcode":"I Tahir to G Gambhir, %SPEED% short length going down leg. He picks up a single","thisOver":"1","progress":{"innings":2,"over":15,"ball":1},"speed":24.8949230334116,"subtype":"BBCode","countingProgress":{"innings":2,"over":14,"ball":1},"bowlerId":898,"nonfacingBatsmanId":96,"facingBatsmanId":84,"autoText":"I Tahir to G Gambhir, %SPEED% short length going down leg. He picks up a single","message":{"text":null},"tags":[],"timestamp":1429551143000,"id":1167528,"time":"17:31","updateTime":1429551112381,"sequence":311.5,"type":"Auto"},{"bbcode":"I Tahir to Y Pathan, no run, %SPEED% good length outside off stump. He doesn't offer a shot","thisOver":".","progress":{"innings":2,"over":15,"ball":2},"speed":24.9915912613259,"subtype":"BBCode","countingProgress":{"innings":2,"over":14,"ball":2},"bowlerId":898,"nonfacingBatsmanId":84,"facingBatsmanId":96,"autoText":"I Tahir to Y Pathan, no run, %SPEED% good length outside off stump. He doesn't offer a shot","message":{"text":null},"tags":[],"timestamp":1429551213000,"id":1167529,"time":"17:32","updateTime":1429551142044,"sequence":312.5,"type":"Auto"},{"bbcode":"[b]Simon Doull: [/b][i]\"DD need 3 wickets in the next 3 overs.\"[/i]","subtype":"BBCode","message":{"text":"<p><strong>Simon Doull:&nbsp;</strong><em>\"DD need 3 wickets in the next 3 overs.\"</em></p>"},"tags":[],"timestamp":1429551187000,"id":1167532,"time":"17:33","updateTime":1429551183731,"sequence":313.0,"type":"Manual"},{"bbcode":"I Tahir to Y Pathan, %SPEED% short length outside off stump. He picks up a single","thisOver":"1","progress":{"innings":2,"over":15,"ball":3},"speed":24.8057319416737,"subtype":"BBCode","countingProgress":{"innings":2,"over":14,"ball":3},"bowlerId":898,"nonfacingBatsmanId":84,"facingBatsmanId":96,"autoText":"I Tahir to Y Pathan, %SPEED% short length outside off stump. He picks up a single","message":{"text":null},"tags":[],"timestamp":1429551213000,"id":1167530,"time":"17:32","updateTime":1429551157750,"sequence":313.5,"type":"Auto"},{"bbcode":"I Tahir to G Gambhir, %SPEED% good length on middle stump. He picks up a single","thisOver":"1","progress":{"innings":2,"over":15,"ball":4},"speed":23.6924368292091,"subtype":"BBCode","countingProgress":{"innings":2,"over":14,"ball":4},"bowlerId":898,"nonfacingBatsmanId":96,"facingBatsmanId":84,"autoText":"I Tahir to G Gambhir, %SPEED% good length on middle stump. He picks up a single","message":{"text":null},"tags":[],"timestamp":1429551262000,"id":1167531,"time":"17:33","updateTime":1429551180482,"sequence":314.5,"type":"Auto"},{"bbcode":"I Tahir to Y Pathan, %SPEED% short length going down leg. He hits a nice boundary","thisOver":"4","progress":{"innings":2,"over":15,"ball":5},"speed":27.1376617381045,"subtype":"BBCode","countingProgress":{"innings":2,"over":14,"ball":5},"bowlerId":898,"nonfacingBatsmanId":84,"facingBatsmanId":96,"autoText":"I Tahir to Y Pathan, %SPEED% short length going down leg. He hits a nice boundary","message":{"text":null},"tags":["four"],"timestamp":1429551262000,"id":1167534,"time":"17:33","updateTime":1429551211372,"sequence":315.5,"type":"Auto"},{"bbcode":"Four! Yusuf paddles one round the corner, and it runs down to fine leg for yet another boundary","subtype":"BBCode","message":{"text":"<p>Four! Yusuf paddles one round the corner, and it runs down to fine leg for yet another boundary</p>"},"tags":[],"timestamp":1429551286000,"id":1167535,"time":"17:33","updateTime":1429551217985,"sequence":316.5,"type":"Manual"},{"bbcode":"I Tahir to Y Pathan, %SPEED% good length just outside off stump. He picks up a single","thisOver":"1","progress":{"innings":2,"over":15,"ball":6},"speed":27.1004836078925,"subtype":"BBCode","countingProgress":{"innings":2,"over":14,"ball":6},"bowlerId":898,"nonfacingBatsmanId":84,"facingBatsmanId":96,"autoText":"I Tahir to Y Pathan, %SPEED% good length just outside off stump. He picks up a single","message":{"text":null},"tags":[],"timestamp":1429551323000,"id":1167536,"time":"17:34","updateTime":1429551252690,"sequence":317.5,"type":"Auto"},{"innings":2,"over":15,"overRuns":8,"overWickets":0,"inningsRuns":119,"inningsWickets":3,"inningsAllOut":false,"team":{"id":5,"fullName":"Kolkata Knight Riders","shortName":"Knight Riders","abbreviation":"KKR","primaryColor":"6F2C91","secondaryColor":"FFFFFF","type":"m"},"batsmanSummaries":[{"batsman":{"id":96,"fullName":"Yusuf Pathan","shortName":"Y Pathan","nationality":"Indian","rightHandedBat":false,"dateOfBirth":406339200000,"names":["Yusuf Pathan","Y Pathan"]},"runs":20,"balls":15,"fours":3,"sixes":0},{"batsman":{"id":84,"fullName":"Gautam Gambhir","shortName":"G Gambhir","nationality":"Indian","rightHandedBat":false,"dateOfBirth":371865600000,"names":["Gautam Gambhir","G Gambhir"]},"runs":55,"balls":43,"fours":8,"sixes":0}],"activeBatsman":96,"bowlerSummary":{"bowler":{"id":898,"fullName":"Imran Tahir","shortName":"I Tahir","nationality":"South African","rightHandedBat":true,"dateOfBirth":291340800000,"names":["Imran Tahir","I Tahir"]},"overs":"3","runs":21,"wickets":0,"maidens":0},"inningsBalls":90,"inningsMaxBalls":120,"inningsTarget":147,"message":{"text":null},"tags":[],"timestamp":1429551252000,"id":1167537,"time":"17:34","updateTime":1429551252906,"sequence":318.5,"type":"Eov"},{"mediaId":"4184358080001","endpointUrlHq1":"http://brightcove.vo.llnwd.net/v1/uds/pd/3588749423001/201504/3549/3588749423001_4184572974001_MATCH-17-KKR-1st-WKT.mp4","endpointUrlHq2":"http://brightcove.vo.llnwd.net/v1/uds/pd/3588749423001/201504/2683/3588749423001_4184572949001_MATCH-17-KKR-1st-WKT.mp4","endpointUrlAlt":"http://c.brightcove.com/services/mobile/streaming/index/rendition.m3u8?assetId=4184572984001","title":"M17: DD vs KKR – Robin Uthappa Wicket","largeThumbnail":"http://brightcove.vo.llnwd.net/v1/unsecured/media/3588749423001/201504/3645/3588749423001_4184601538001_video-still-for-video-4184358080001.jpg?pubId=3588749423001","duration":27760,"endpointUrl":"http://brightcove.vo.llnwd.net/v1/uds/pd/3588749423001/201504/1509/3588749423001_4184571981001_MATCH-17-KKR-1st-WKT.mp4","smallThumbnail":"http://brightcove.vo.llnwd.net/v1/unsecured/media/3588749423001/201504/645/3588749423001_4184601537001_thumbnail-for-video-4184358080001.jpg?pubId=3588749423001","description":null,"endpointUrlMq":"http://brightcove.vo.llnwd.net/v1/uds/pd/3588749423001/201504/3747/3588749423001_4184572990001_MATCH-17-KKR-1st-WKT.mp4","endpointUrlHq3":"http://brightcove.vo.llnwd.net/v1/uds/pd/3588749423001/201504/2523/3588749423001_4184576857001_MATCH-17-KKR-1st-WKT.mp4","publishDate":1429548338795,"message":{"text":null},"tags":["account:iplt20","playerid 127","over 5","kkr","2015","ipl2015","match:ipl2015-17","dd","IPL 2015","ipl2015-17","innings 2","ball 1","wicket","channel:ipl-match-centre"],"timestamp":1429551581000,"id":1167445,"time":"16:55","updateTime":1429548958191,"sequence":318.75,"type":"Video"},{"mediaId":"4184358081001","endpointUrlHq1":"http://brightcove.vo.llnwd.net/v1/uds/pd/3588749423001/201504/2021/3588749423001_4184571465001_MATCH-17-KKR-2nd-WKT.mp4","endpointUrlHq2":"http://brightcove.vo.llnwd.net/v1/uds/pd/3588749423001/201504/275/3588749423001_4184571488001_MATCH-17-KKR-2nd-WKT.mp4","endpointUrlAlt":"http://c.brightcove.com/services/mobile/streaming/index/rendition.m3u8?assetId=4184571925001","title":"M17: DD vs KKR – Manish Pandey Wicket","largeThumbnail":"http://brightcove.vo.llnwd.net/v1/unsecured/media/3588749423001/201504/1645/3588749423001_4184601536001_video-still-for-video-4184358081001.jpg?pubId=3588749423001","duration":29374,"endpointUrl":"http://brightcove.vo.llnwd.net/v1/uds/pd/3588749423001/201504/3437/3588749423001_4184566924001_MATCH-17-KKR-2nd-WKT.mp4","smallThumbnail":"http://brightcove.vo.llnwd.net/v1/unsecured/media/3588749423001/201504/2645/3588749423001_4184601535001_thumbnail-for-video-4184358081001.jpg?pubId=3588749423001","description":null,"endpointUrlMq":"http://brightcove.vo.llnwd.net/v1/uds/pd/3588749423001/201504/2683/3588749423001_4184572941001_MATCH-17-KKR-2nd-WKT.mp4","endpointUrlHq3":"http://brightcove.vo.llnwd.net/v1/uds/pd/3588749423001/201504/3549/3588749423001_4184572962001_MATCH-17-KKR-2nd-WKT.mp4","publishDate":1429548339505,"message":{"text":null},"tags":["account:iplt20","over 5","kkr","2015","ipl2015","match:ipl2015-17","dd","IPL 2015","ipl2015-17","innings 2","ball 4","wicket","channel:ipl-match-centre","playerid 123"],"timestamp":1429551591000,"id":1167448,"time":"16:56","updateTime":1429548972614,"sequence":318.875,"type":"Video"},{"mediaId":"4184594148001","endpointUrlHq1":"http://brightcove.vo.llnwd.net/v1/uds/pd/3588749423001/201504/2981/3588749423001_4184636017001_MATCH-17-KKR-3rd-WKT.mp4","endpointUrlHq2":"http://brightcove.vo.llnwd.net/v1/uds/pd/3588749423001/201504/2861/3588749423001_4184633060001_MATCH-17-KKR-3rd-WKT.mp4","endpointUrlAlt":"http://c.brightcove.com/services/mobile/streaming/index/rendition.m3u8?assetId=4184635995001","title":"M17: DD vs KKR – Suryakumar Yadav Wicket","largeThumbnail":"http://brightcove.vo.llnwd.net/v1/unsecured/media/3588749423001/201504/3645/3588749423001_4184601534001_video-still-for-video-4184594148001.jpg?pubId=3588749423001","duration":24800,"endpointUrl":"http://brightcove.vo.llnwd.net/v1/uds/pd/3588749423001/201504/2749/3588749423001_4184627042001_MATCH-17-KKR-3rd-WKT.mp4","smallThumbnail":"http://brightcove.vo.llnwd.net/v1/unsecured/media/3588749423001/201504/645/3588749423001_4184601533001_thumbnail-for-video-4184594148001.jpg?pubId=3588749423001","description":null,"endpointUrlMq":"http://brightcove.vo.llnwd.net/v1/uds/pd/3588749423001/201504/1981/3588749423001_4184636026001_MATCH-17-KKR-3rd-WKT.mp4","endpointUrlHq3":"http://brightcove.vo.llnwd.net/v1/uds/pd/3588749423001/201504/2981/3588749423001_4184636013001_MATCH-17-KKR-3rd-WKT.mp4","publishDate":1429550253576,"message":{"text":null},"tags":["account:iplt20","playerid 108","kkr","2015","ipl2015","match:ipl2015-17","dd","IPL 2015","ipl2015-17","innings 2","wicket","ball 6","over 10","channel:ipl-match-centre"],"timestamp":1429551601000,"id":1167521,"time":"17:27","updateTime":1429550855710,"sequence":318.938,"type":"Video"},{"bbcode":"[b]Simon Doull: [/b][i]\"I feel sorry for this Delhi crowd, as they keep supporting the team, despite the losses. They keep coming back, hoping for better next time.\"[/i]","subtype":"BBCode","message":{"text":"<p><strong>Simon Doull:&nbsp;</strong><em>\"I feel sorry for this Delhi crowd, as they keep supporting the team, despite the losses. They keep coming back, hoping for better next time.\"</em></p>"},"tags":[],"timestamp":1429551420000,"id":1167539,"time":"17:36","updateTime":1429551416205,"sequence":319.0,"type":"Manual"},{"bbcode":"N Coulter-Nile to Y Pathan, %SPEED% full length on middle stump. He hits a nice boundary","thisOver":"4","progress":{"innings":2,"over":16,"ball":1},"speed":39.0788469577027,"subtype":"BBCode","countingProgress":{"innings":2,"over":15,"ball":1},"bowlerId":840,"nonfacingBatsmanId":84,"facingBatsmanId":96,"autoText":"N Coulter-Nile to Y Pathan, %SPEED% full length on middle stump. He hits a nice boundary","message":{"text":null},"tags":["four"],"timestamp":1429551444000,"id":1167538,"time":"17:36","updateTime":1429551395860,"sequence":319.5,"type":"Auto"},{"bbcode":"Four! That's some big hitting by Yusuf, as he bludgeons one over mid-wicket to get four","subtype":"BBCode","message":{"text":"<p>Four! That's some big hitting by Yusuf, as he bludgeons one over mid-wicket to get four</p>"},"tags":[],"timestamp":1429551455000,"id":1167541,"time":"17:37","updateTime":1429551424551,"sequence":320.5,"type":"Manual"},{"bbcode":"N Coulter-Nile to Y Pathan, no run, %SPEED% short length going down leg. He doesn't offer a shot","thisOver":".","progress":{"innings":2,"over":16,"ball":2},"speed":39.6513187304426,"subtype":"BBCode","countingProgress":{"innings":2,"over":15,"ball":2},"bowlerId":840,"nonfacingBatsmanId":84,"facingBatsmanId":96,"autoText":"N Coulter-Nile to Y Pathan, no run, %SPEED% short length going down leg. He doesn't offer a shot","message":{"text":null},"tags":[],"timestamp":1429551445000,"id":1167542,"time":"17:37","updateTime":1429551433000,"sequence":321.5,"type":"Auto"},{"bbcode":"N Coulter-Nile to Y Pathan, no run, %SPEED% short length going down leg. He doesn't offer a shot","thisOver":".","progress":{"innings":2,"over":16,"ball":3},"speed":38.8921366707427,"subtype":"BBCode","countingProgress":{"innings":2,"over":15,"ball":3},"bowlerId":840,"nonfacingBatsmanId":84,"facingBatsmanId":96,"autoText":"N Coulter-Nile to Y Pathan, no run, %SPEED% short length going down leg. He doesn't offer a shot","message":{"text":null},"tags":[],"timestamp":1429551466000,"id":1167543,"time":"17:37","updateTime":1429551464425,"sequence":322.5,"type":"Auto"},{"bbcode":"N Coulter-Nile to Y Pathan, %SPEED% short length outside off stump. He hits a nice boundary","thisOver":"4","progress":{"innings":2,"over":16,"ball":4},"speed":38.8466696468485,"subtype":"BBCode","countingProgress":{"innings":2,"over":15,"ball":4},"bowlerId":840,"nonfacingBatsmanId":84,"facingBatsmanId":96,"autoText":"N Coulter-Nile to Y Pathan, %SPEED% short length outside off stump. He hits a nice boundary","message":{"text":null},"tags":["four"],"timestamp":1429551554000,"id":1167544,"time":"17:38","updateTime":1429551498982,"sequence":323.5,"type":"Auto"},{"bbcode":"Four! Booming cover drive by Yusuf, and KKR are cruising","subtype":"BBCode","message":{"text":"<p>Four! Booming cover drive by Yusuf, and KKR are cruising</p>"},"tags":[],"timestamp":1429551561000,"id":1167546,"time":"17:39","updateTime":1429551547503,"sequence":324.0,"type":"Manual"},{"bbcode":"N Coulter-Nile to Y Pathan, %SPEED% short length just outside off stump. He hits a nice boundary","thisOver":"4","progress":{"innings":2,"over":16,"ball":5},"speed":38.265534197586,"subtype":"BBCode","countingProgress":{"innings":2,"over":15,"ball":5},"bowlerId":840,"nonfacingBatsmanId":84,"facingBatsmanId":96,"autoText":"N Coulter-Nile to Y Pathan, %SPEED% short length just outside off stump. He hits a nice boundary","message":{"text":null},"tags":["four"],"timestamp":1429551624000,"id":1167545,"time":"17:38","updateTime":1429551538455,"sequence":324.5,"type":"Auto"},{"bbcode":"Four! Four more! Great placement by by Yusuf, as he cuts through point for four","subtype":"BBCode","message":{"text":"<p>Four! Four more! Great placement by by Yusuf, as he cuts through point for four</p>"},"tags":[],"timestamp":1429551620000,"id":1167548,"time":"17:39","updateTime":1429551563994,"sequence":325.5,"type":"Manual"},{"bbcode":"N Coulter-Nile to Y Pathan, no run, %SPEED% short length just outside off stump. He doesn't offer a shot","thisOver":".","progress":{"innings":2,"over":16,"ball":6},"speed":40.4703222172527,"subtype":"BBCode","countingProgress":{"innings":2,"over":15,"ball":6},"bowlerId":840,"nonfacingBatsmanId":84,"facingBatsmanId":96,"autoText":"N Coulter-Nile to Y Pathan, no run, %SPEED% short length just outside off stump. He doesn't offer a shot","message":{"text":null},"tags":[],"timestamp":1429551625000,"id":1167549,"time":"17:39","updateTime":1429551570795,"sequence":326.5,"type":"Auto"},{"innings":2,"over":16,"overRuns":12,"overWickets":0,"inningsRuns":131,"inningsWickets":3,"inningsAllOut":false,"team":{"id":5,"fullName":"Kolkata Knight Riders","shortName":"Knight Riders","abbreviation":"KKR","primaryColor":"6F2C91","secondaryColor":"FFFFFF","type":"m"},"batsmanSummaries":[{"batsman":{"id":96,"fullName":"Yusuf Pathan","shortName":"Y Pathan","nationality":"Indian","rightHandedBat":false,"dateOfBirth":406339200000,"names":["Yusuf Pathan","Y Pathan"]},"runs":32,"balls":21,"fours":6,"sixes":0},{"batsman":{"id":84,"fullName":"Gautam Gambhir","shortName":"G Gambhir","nationality":"Indian","rightHandedBat":false,"dateOfBirth":371865600000,"names":["Gautam Gambhir","G Gambhir"]},"runs":55,"balls":43,"fours":8,"sixes":0}],"activeBatsman":84,"bowlerSummary":{"bowler":{"id":840,"fullName":"Nathan Coulter-Nile","shortName":"N Coulter-Nile","nationality":"Australian","rightHandedBat":true,"dateOfBirth":560908800000,"names":["Nathan Coulter-Nile","N Coulter-Nile"]},"overs":"4","runs":30,"wickets":1,"maidens":0},"inningsBalls":96,"inningsMaxBalls":120,"inningsTarget":147,"message":{"text":null},"tags":[],"timestamp":1429551570000,"id":1167550,"time":"17:39","updateTime":1429551570921,"sequence":327.5,"type":"Eov"},{"subtype":"EmbeddedTweet","tweetjson":{"created_at":"Mon Apr 20 17:39:47 +0000 2015","id":590208251096014850,"id_str":"590208251096014850","text":"Probably the most consistent I've seen Yusuf Pathan in this IPL #KKRvsDD","source":"<a href=\"http://twitter.com/download/iphone\" rel=\"nofollow\">Twitter for iPhone</a>","truncated":false,"in_reply_to_status_id":null,"in_reply_to_status_id_str":null,"in_reply_to_user_id":null,"in_reply_to_user_id_str":null,"in_reply_to_screen_name":null,"user":{"id":77714495,"id_str":"77714495","name":"Isa Guha","screen_name":"isaguha","location":"","profile_location":null,"description":"Former Eng cricketer, 2009 was special. Currently commentating at the IPL. Freelancer, music lover, I sometimes count neurons","url":"http://t.co/C9JT9X88Q7","entities":{"url":{"urls":[{"url":"http://t.co/C9JT9X88Q7","expanded_url":"http://www.isaguha.com","display_url":"isaguha.com","indices":[0,22]}]},"description":{"urls":[]}},"protected":false,"followers_count":41411,"friends_count":537,"listed_count":371,"created_at":"Sun Sep 27 11:17:15 +0000 2009","favourites_count":36,"utc_offset":null,"time_zone":null,"geo_enabled":true,"verified":true,"statuses_count":6181,"lang":"en","contributors_enabled":false,"is_translator":false,"is_translation_enabled":false,"profile_background_color":"EDECE9","profile_background_image_url":"http://abs.twimg.com/images/themes/theme3/bg.gif","profile_background_image_url_https":"https://abs.twimg.com/images/themes/theme3/bg.gif","profile_background_tile":false,"profile_image_url":"http://pbs.twimg.com/profile_images/589916260726484992/svcR6Vd9_normal.jpg","profile_image_url_https":"https://pbs.twimg.com/profile_images/589916260726484992/svcR6Vd9_normal.jpg","profile_banner_url":"https://pbs.twimg.com/profile_banners/77714495/1428893568","profile_link_color":"088253","profile_sidebar_border_color":"D3D2CF","profile_sidebar_fill_color":"E3E2DE","profile_text_color":"634047","profile_use_background_image":true,"default_profile":false,"default_profile_image":false,"following":false,"follow_request_sent":false,"notifications":false},"geo":null,"coordinates":null,"place":null,"contributors":null,"retweet_count":2,"favorite_count":7,"entities":{"hashtags":[{"text":"KKRvsDD","indices":[64,72]}],"symbols":[],"user_mentions":[],"urls":[]},"favorited":false,"retweeted":false,"lang":"en"},"message":{"text":"<blockquote class=\"twitter-tweet\" data-partner=\"tweetdeck\">\n<p>Probably the most consistent I've seen Yusuf Pathan in this IPL <a href=\"https://twitter.com/hashtag/KKRvsDD?src=hash\">#KKRvsDD</a></p>\n&mdash; Isa Guha (@isaguha) <a href=\"https://twitter.com/isaguha/status/590208251096014850\">April 20, 2015</a></blockquote>\n<script charset=\"utf-8\" type=\"text/javascript\" src=\"http://platform.twitter.com/widgets.js\"></script>"},"tags":[],"timestamp":1429551680000,"id":1167562,"time":"17:41","updateTime":1429551676723,"sequence":328.0,"type":"Manual"},{"bbcode":"Strategic Timeout time. DD are holding out for a hero! They need something special here, but it isn't looking likely.","subtype":"BBCode","message":{"text":"<p>Strategic Timeout time. DD are holding out for a hero! They need something special here, but it isn't looking likely.</p>"},"tags":[],"timestamp":1429551657000,"id":1167561,"time":"17:40","updateTime":1429551657388,"sequence":328.5,"type":"Manual"},{"bbcode":"A Mishra to G Gambhir, %SPEED% good length just outside off stump. He picks up two","thisOver":"2","progress":{"innings":2,"over":17,"ball":1},"speed":24.0641250513668,"subtype":"BBCode","countingProgress":{"innings":2,"over":16,"ball":1},"bowlerId":30,"nonfacingBatsmanId":96,"facingBatsmanId":84,"autoText":"A Mishra to G Gambhir, %SPEED% good length just outside off stump. He picks up two","message":{"text":null},"tags":[],"timestamp":1429551866000,"id":1167564,"time":"17:43","updateTime":1429551813988,"sequence":329.5,"type":"Auto"},{"bbcode":"A Mishra to G Gambhir, %SPEED% short length outside off stump. He picks up a single","thisOver":"1","progress":{"innings":2,"over":17,"ball":2},"speed":22.9037255902914,"subtype":"BBCode","countingProgress":{"innings":2,"over":16,"ball":2},"bowlerId":30,"nonfacingBatsmanId":96,"facingBatsmanId":84,"autoText":"A Mishra to G Gambhir, %SPEED% short length outside off stump. He picks up a single","message":{"text":null},"tags":[],"timestamp":1429551916000,"id":1167565,"time":"17:43","updateTime":1429551837130,"sequence":330.5,"type":"Auto"},{"bbcode":"A Mishra to Y Pathan, no run, %SPEED% good length just outside off stump. He doesn't offer a shot","thisOver":".","progress":{"innings":2,"over":17,"ball":3},"speed":23.7808540145458,"subtype":"BBCode","countingProgress":{"innings":2,"over":16,"ball":3},"bowlerId":30,"nonfacingBatsmanId":84,"facingBatsmanId":96,"autoText":"A Mishra to Y Pathan, no run, %SPEED% good length just outside off stump. He doesn't offer a shot","message":{"text":null},"tags":[],"timestamp":1429551916000,"id":1167566,"time":"17:44","updateTime":1429551863838,"sequence":331.5,"type":"Auto"},{"bbcode":"A Mishra to Y Pathan, %SPEED% short length outside off stump. He picks up a single","thisOver":"1","progress":{"innings":2,"over":17,"ball":4},"speed":23.1112027509561,"subtype":"BBCode","countingProgress":{"innings":2,"over":16,"ball":4},"bowlerId":30,"nonfacingBatsmanId":84,"facingBatsmanId":96,"autoText":"A Mishra to Y Pathan, %SPEED% short length outside off stump. He picks up a single","message":{"text":null},"tags":[],"timestamp":1429551916000,"id":1167567,"time":"17:44","updateTime":1429551880273,"sequence":332.5,"type":"Auto"},{"bbcode":"A Mishra to G Gambhir, %SPEED% good length on middle stump. He picks up a single","thisOver":"1","progress":{"innings":2,"over":17,"ball":5},"speed":23.0847713545239,"subtype":"BBCode","countingProgress":{"innings":2,"over":16,"ball":5},"bowlerId":30,"nonfacingBatsmanId":96,"facingBatsmanId":84,"autoText":"A Mishra to G Gambhir, %SPEED% good length on middle stump. He picks up a single","message":{"text":null},"tags":[],"timestamp":1429551976000,"id":1167568,"time":"17:45","updateTime":1429551906367,"sequence":333.5,"type":"Auto"},{"bbcode":"A Mishra to Y Pathan, no run, %SPEED% good length outside off stump. He plays and misses","thisOver":".","progress":{"innings":2,"over":17,"ball":6},"speed":21.7116215303389,"subtype":"BBCode","countingProgress":{"innings":2,"over":16,"ball":6},"bowlerId":30,"nonfacingBatsmanId":84,"facingBatsmanId":96,"autoText":"A Mishra to Y Pathan, no run, %SPEED% good length outside off stump. He plays and misses","message":{"text":null},"tags":[],"timestamp":1429551928000,"id":1167569,"time":"17:45","updateTime":1429551923687,"sequence":334.5,"type":"Auto"},{"innings":2,"over":17,"overRuns":5,"overWickets":0,"inningsRuns":136,"inningsWickets":3,"inningsAllOut":false,"team":{"id":5,"fullName":"Kolkata Knight Riders","shortName":"Knight Riders","abbreviation":"KKR","primaryColor":"6F2C91","secondaryColor":"FFFFFF","type":"m"},"batsmanSummaries":[{"batsman":{"id":96,"fullName":"Yusuf Pathan","shortName":"Y Pathan","nationality":"Indian","rightHandedBat":false,"dateOfBirth":406339200000,"names":["Yusuf Pathan","Y Pathan"]},"runs":33,"balls":24,"fours":6,"sixes":0},{"batsman":{"id":84,"fullName":"Gautam Gambhir","shortName":"G Gambhir","nationality":"Indian","rightHandedBat":false,"dateOfBirth":371865600000,"names":["Gautam Gambhir","G Gambhir"]},"runs":59,"balls":46,"fours":8,"sixes":0}],"activeBatsman":84,"bowlerSummary":{"bowler":{"id":30,"fullName":"Amit Mishra","shortName":"A Mishra","nationality":"Indian","rightHandedBat":false,"dateOfBirth":406944000000,"names":["Amit Mishra","A Mishra"]},"overs":"3","runs":20,"wickets":0,"maidens":0},"inningsBalls":102,"inningsMaxBalls":120,"inningsTarget":147,"message":{"text":null},"tags":[],"timestamp":1429551923000,"id":1167570,"time":"17:45","updateTime":1429551923839,"sequence":335.5,"type":"Eov"},{"bbcode":"Just 11 required from 18. DD need something special to happen here.","subtype":"BBCode","message":{"text":"<p>Just 11 required from 18. DD need something special to happen here.</p>"},"tags":[],"timestamp":1429551975000,"id":1167571,"time":"17:46","updateTime":1429551975213,"sequence":336.5,"type":"Manual"},{"bbcode":"I Tahir to G Gambhir, %SPEED% good length just outside off stump. He picks up a single","thisOver":"1","progress":{"innings":2,"over":18,"ball":1},"speed":26.376890610215,"subtype":"BBCode","countingProgress":{"innings":2,"over":17,"ball":1},"bowlerId":898,"nonfacingBatsmanId":96,"facingBatsmanId":84,"autoText":"I Tahir to G Gambhir, %SPEED% good length just outside off stump. He picks up a single","message":{"text":null},"tags":[],"timestamp":1429552047000,"id":1167572,"time":"17:46","updateTime":1429551989141,"sequence":337.5,"type":"Auto"},{"bbcode":"I Tahir to Y Pathan, %SPEED% good length outside off stump. He hits a great shot, that has gone all the way","thisOver":"6","progress":{"innings":2,"over":18,"ball":2},"speed":22.8856792874154,"subtype":"BBCode","countingProgress":{"innings":2,"over":17,"ball":2},"bowlerId":898,"nonfacingBatsmanId":84,"facingBatsmanId":96,"autoText":"I Tahir to Y Pathan, %SPEED% good length outside off stump. He hits a great shot, that has gone all the way","message":{"text":null},"tags":["six"],"timestamp":1429552107000,"id":1167573,"time":"17:46","updateTime":1429552014103,"sequence":338.5,"type":"Auto"},{"bbcode":"[b]Six! [/b]That is a beast from the bear! What a shot! Launches that down the ground for an absolute beauty. It's blown the ball to smithereens!","subtype":"BBCode","message":{"text":"<p><strong>Six!&nbsp;</strong>That is a beast from the bear! What a shot! Launches that down the ground for an absolute beauty. It's blown the ball to smithereens!</p>"},"tags":[],"timestamp":1429552094000,"id":1167574,"time":"17:47","updateTime":1429552031993,"sequence":339.5,"type":"Manual"},{"bbcode":"I Tahir to Y Pathan, %SPEED% full length going down leg. He picks up a single","thisOver":"1","progress":{"innings":2,"over":18,"ball":3},"speed":23.0706647494012,"subtype":"BBCode","countingProgress":{"innings":2,"over":17,"ball":3},"bowlerId":898,"nonfacingBatsmanId":84,"facingBatsmanId":96,"autoText":"I Tahir to Y Pathan, %SPEED% full length going down leg. He picks up a single","message":{"text":null},"tags":[],"timestamp":1429552107000,"id":1167575,"time":"17:47","updateTime":1429552048422,"sequence":340.5,"type":"Auto"},{"bbcode":"I Tahir to G Gambhir, no run, %SPEED% good length just outside off stump. He doesn't offer a shot","thisOver":".","progress":{"innings":2,"over":18,"ball":4},"speed":24.9111679954495,"subtype":"BBCode","countingProgress":{"innings":2,"over":17,"ball":4},"bowlerId":898,"nonfacingBatsmanId":96,"facingBatsmanId":84,"autoText":"I Tahir to G Gambhir, no run, %SPEED% good length just outside off stump. He doesn't offer a shot","message":{"text":null},"tags":[],"timestamp":1429552107000,"id":1167576,"time":"17:47","updateTime":1429552063917,"sequence":341.5,"type":"Auto"},{"bbcode":"I Tahir to G Gambhir, [b]WICKET!!! G Gambhir is out[/b] b Imran Tahir","thisOver":"W","progress":{"innings":2,"over":18,"ball":5},"speed":24.9120114746001,"subtype":"BBCode","countingProgress":{"innings":2,"over":17,"ball":5},"bowlerId":898,"nonfacingBatsmanId":96,"facingBatsmanId":84,"autoText":"I Tahir to G Gambhir, <b>WICKET!!! G Gambhir is out</b> b Imran Tahir","message":{"text":null},"tags":["wicket"],"timestamp":1429552144000,"id":1167577,"time":"17:48","updateTime":1429552084689,"sequence":342.5,"type":"Auto"},{"bbcode":"[b]Wicket! [/b]The skipper's not going to see his side home! Attempts to cut, but chops on instead. A glimmer of hope for DD","subtype":"BBCode","message":{"text":"<p><strong>Wicket!&nbsp;</strong>The skipper's not going to see his side home! Attempts to cut, but chops on instead. A glimmer of hope for DD</p>"},"tags":[],"timestamp":1429552219000,"id":1167578,"time":"17:48","updateTime":1429552098551,"sequence":343.5,"type":"Manual"},{"bbcode":"I Tahir to R ten Doeschate. He picks up a single","thisOver":"1","progress":{"innings":2,"over":18,"ball":6},"speed":-1.0,"subtype":"BBCode","countingProgress":{"innings":2,"over":17,"ball":6},"bowlerId":898,"nonfacingBatsmanId":96,"facingBatsmanId":200,"autoText":"I Tahir to R ten Doeschate. He picks up a single","message":{"text":null},"tags":[],"timestamp":1429552288000,"id":1167579,"time":"17:49","updateTime":1429552194229,"sequence":344.5,"type":"Auto"},{"innings":2,"over":18,"overRuns":9,"overWickets":1,"inningsRuns":145,"inningsWickets":4,"inningsAllOut":false,"team":{"id":5,"fullName":"Kolkata Knight Riders","shortName":"Knight Riders","abbreviation":"KKR","primaryColor":"6F2C91","secondaryColor":"FFFFFF","type":"m"},"batsmanSummaries":[{"batsman":{"id":200,"fullName":"Ryan ten Doeschate","shortName":"R ten Doeschate","nationality":"Dutch","rightHandedBat":false,"dateOfBirth":331171200000,"names":["Ryan ten Doeschate","R ten Doeschate"]},"runs":1,"balls":1,"fours":0,"sixes":0},{"batsman":{"id":96,"fullName":"Yusuf Pathan","shortName":"Y Pathan","nationality":"Indian","rightHandedBat":false,"dateOfBirth":406339200000,"names":["Yusuf Pathan","Y Pathan"]},"runs":40,"balls":26,"fours":6,"sixes":1}],"activeBatsman":200,"bowlerSummary":{"bowler":{"id":898,"fullName":"Imran Tahir","shortName":"I Tahir","nationality":"South African","rightHandedBat":true,"dateOfBirth":291340800000,"names":["Imran Tahir","I Tahir"]},"overs":"4","runs":30,"wickets":1,"maidens":0},"inningsBalls":108,"inningsMaxBalls":120,"inningsTarget":147,"message":{"text":null},"tags":[],"timestamp":1429552194000,"id":1167580,"time":"17:49","updateTime":1429552194360,"sequence":345.5,"type":"Eov"},{"bbcode":"A Mishra to R ten Doeschate, %SPEED% good length on leg stump. He picks up two","thisOver":"2","progress":{"innings":2,"over":19,"ball":1},"speed":23.0205475279516,"subtype":"BBCode","countingProgress":{"innings":2,"over":18,"ball":1},"bowlerId":30,"nonfacingBatsmanId":96,"facingBatsmanId":200,"autoText":"A Mishra to R ten Doeschate, %SPEED% good length on leg stump. He picks up two","message":{"text":null},"tags":[],"timestamp":1429552413000,"id":1167581,"time":"17:51","updateTime":1429552262084,"sequence":346.5,"type":"Auto"},{"bbcode":"Flick round the corner from RTD, and that will be that","subtype":"BBCode","message":{"text":"<p>Flick round the corner from RTD, and that will be that</p>"},"tags":[],"timestamp":1429552388000,"id":1167588,"time":"17:52","updateTime":1429552374104,"sequence":347.0,"type":"Manual"},{"bbcode":"[b]Kolkata Knight Riders win by 6 wickets[/b]","subtype":"BBCode","message":{"text":"<p><strong>Kolkata Knight Riders win by 6 wickets</strong></p>"},"tags":[],"timestamp":1429552280000,"id":1167583,"time":"17:51","updateTime":1429552280584,"sequence":348.5,"type":"Manual"},{"bbcode":"[b]Match Report: [/b]Defending champions Kolkata Knight Riders registered their third win in Pepsi IPL 2015 after they defeated the Delhi Daredevils by six wickets at the Ferozeshah Kotla Stadium in Delhi. After asking the hosts to bat first and restricting them to a modest 146, KKR, powered by Gautam Gambhir s composed half-century, knocked off the runs in the 19th over. \\n \\n On a pitch which definitely had more in it for the bowlers than the batsmen and called for application from the batsmen, the KKR skipper Gambhir showed how it had to be done as he dropped anchor, held one end up and steered his team home. There was nothing flashy about the southpaw s innings; every occasion the ball was on his pads or was in his arc, he converted them to boundaries. But if the delivery called for respect, he was prepared to do so and picked up plenty of singles. \\n \\n The chase started on a solid note with the opening pair adding 31 in four overs before Robin Uthappa and one-drop Manish Pandey perished in the space of four deliveries. Suryakumar Yadav entertained with a brief cameo; he was middling the ball well and picked up two boundaries and a six, before feathering the ball to the wicket-keeper while attempting to run the ball down to thirdman. The team realised 48 runs from the association between Yadav and Gambhir. \\n \\n Yusuf Pathan survived a close lbw appeal early in his innings, and for the second time in two innings, opted to play second-fiddle. But after getting his eye in, he too opened up, hitting six boundaries and a six in his 26-ball knock. He was involved in a 65-run partnership with his captain, who perished with his team on the brink of victory. Gambhir attempted to cut an Imran Tahir delivery, but dragged it back onto his stumps; he made 60 from 49 (aided with eight boundaries). Yusuf remained unbeaten on 40 when Ryan ten Doeschate struck the winning runs. \\n \\n For the Delhi Daredevils, the two new-ball bowlers   Domnic Joseph, Nathan Coulter-Nile, and Imran Tahir were the wicket-takers. The two leg-spinners   Amit Mishra and Imran Tahir, who were expected to be the team s strike weapons, returned with combined figures of 1 for 52 from 7.1 overs. \\n \\n Earlier in the evening, after being put in to bat, Delhi Daredevils struggled for momentum for major part of their innings. Several batsmen got off to starts, but Manoj Tiwary s 32 would be the highest score of the innings. The 37-run partnership between Tiwary and Yuvraj Singh for the fourth wicket would be the best of the innings. With the right-hand left-hand pair at the crease, it appeared that the hosts were headed towards a total of 160. \\n \\n But Tiwary s dismissal in the fourteenth over derailed the innings once again. Yuvraj Singh (21 from 19 balls) hit two fours and a six before he was dismissed off the last ball of the fifteenth over   giving Piyush Chawla his 100th IPL wicket. \\n \\n From 103 for 5 when Yuvraj Singh was dismissed, DD finished their allotted twenty overs at 146 for 8. 20 of those 43 runs came in the 19th over when Angelo Mathews hit Sunil Narine for two sixes and a four. \\n \\n Opener Shreyas Iyer was the other noteworthy performer among the DD batsmen; the Mumbai-lad, who had top-scored in his team s victory against Sunrisers Hyderabad, made 31 from 24 balls, aided with three boundaries and a six. \\n \\n For KKR, Umesh Yadav was the pick of the bowlers; he finished with figures of two for 18, bowling a fantastic last over in which he conceded only three runs. Morne Morkel (2-30) and Chawla (2-27) were the other economical bowlers for the visitors. Narine bowled two good overs   conceding only seven runs, before his last two overs cost him 31.","subtype":"BBCode","message":{"text":"<p><strong>Match Report:&nbsp;</strong>Defending champions Kolkata Knight Riders registered their third win in Pepsi IPL 2015 after they defeated the Delhi Daredevils by six wickets at the Ferozeshah Kotla Stadium in Delhi. After asking the hosts to bat first and restricting them to a modest 146, KKR, powered by Gautam Gambhir&rsquo;s composed half-century, knocked off the runs in the 19th over. <br /> <br /> On a pitch which definitely had more in it for the bowlers than the batsmen and called for application from the batsmen, the KKR skipper Gambhir showed how it had to be done as he dropped anchor, held one end up and steered his team home. There was nothing flashy about the southpaw&rsquo;s innings; every occasion the ball was on his pads or was in his arc, he converted them to boundaries. But if the delivery called for respect, he was prepared to do so and picked up plenty of singles. <br /> <br /> The chase started on a solid note with the opening pair adding 31 in four overs before Robin Uthappa and one-drop Manish Pandey perished in the space of four deliveries. Suryakumar Yadav entertained with a brief cameo; he was middling the ball well and picked up two boundaries and a six, before feathering the ball to the wicket-keeper while attempting to run the ball down to thirdman. The team realised 48 runs from the association between Yadav and Gambhir. <br /> <br /> Yusuf Pathan survived a close lbw appeal early in his innings, and for the second time in two innings, opted to play second-fiddle. But after getting his eye in, he too opened up, hitting six boundaries and a six in his 26-ball knock. He was involved in a 65-run partnership with his captain, who perished with his team on the brink of victory. Gambhir attempted to cut an Imran Tahir delivery, but dragged it back onto his stumps; he made 60 from 49 (aided with eight boundaries). Yusuf remained unbeaten on 40 when Ryan ten Doeschate struck the winning runs. <br /> <br /> For the Delhi Daredevils, the two new-ball bowlers &ndash; Domnic Joseph, Nathan Coulter-Nile, and Imran Tahir were the wicket-takers. The two leg-spinners &ndash; Amit Mishra and Imran Tahir, who were expected to be the team&rsquo;s strike weapons, returned with combined figures of 1 for 52 from 7.1 overs. <br /> <br /> Earlier in the evening, after being put in to bat, Delhi Daredevils struggled for momentum for major part of their innings. Several batsmen got off to starts, but Manoj Tiwary&rsquo;s 32 would be the highest score of the innings. The 37-run partnership between Tiwary and Yuvraj Singh for the fourth wicket would be the best of the innings. With the right-hand left-hand pair at the crease, it appeared that the hosts were headed towards a total of 160. <br /> <br /> But Tiwary&rsquo;s dismissal in the fourteenth over derailed the innings once again. Yuvraj Singh (21 from 19 balls) hit two fours and a six before he was dismissed off the last ball of the fifteenth over &ndash; giving Piyush Chawla his 100th IPL wicket. <br /> <br /> From 103 for 5 when Yuvraj Singh was dismissed, DD finished their allotted twenty overs at 146 for 8. 20 of those 43 runs came in the 19th over when Angelo Mathews hit Sunil Narine for two sixes and a four. <br /> <br /> Opener Shreyas Iyer was the other noteworthy performer among the DD batsmen; the Mumbai-lad, who had top-scored in his team&rsquo;s victory against Sunrisers Hyderabad, made 31 from 24 balls, aided with three boundaries and a six. <br /> <br /> For KKR, Umesh Yadav was the pick of the bowlers; he finished with figures of two for 18, bowling a fantastic last over in which he conceded only three runs. Morne Morkel (2-30) and Chawla (2-27) were the other economical bowlers for the visitors. Narine bowled two good overs &ndash; conceding only seven runs, before his last two overs cost him 31.</p>"},"tags":[],"timestamp":1429573943000,"id":1167584,"time":"17:51","updateTime":1429552289367,"sequence":349.5,"type":"Manual"}]}