{"fragment":8,"updateTime":1429553257000,"matchId":{"id":3242,"name":"ipl2015-17 - DD vs. KKR","matchIdName":"ipl2015-17"},"commentaries":[{"bbcode":"[b]Duminy: [/b]\"We were outplayed tonight. We had a pretty dreadful start with the bat that put us on the back foot. I still thought it was a defendable total. We didn't put the ball in the right areas, and we know we were well below par today. It's a long way to go, and we know we have a few things to work on.\"","subtype":"BBCode","message":{"text":"<p><strong>Duminy:&nbsp;</strong>\"We were outplayed tonight. We had a pretty dreadful start with the bat that put us on the back foot. I still thought it was a defendable total. We didn't put the ball in the right areas, and we know we were well below par today. It's a long way to go, and we know we have a few things to work on.\"</p>"},"tags":[],"timestamp":1429552545000,"id":1167585,"time":"17:51","updateTime":1429552297921,"sequence":350.5,"type":"Manual"},{"bbcode":"[b]Gambhir: [/b]\"I think a lot of credit goes to the bowlers. It was a fantastic effort. That last over by Umesh gave us some momentum. I think it was a case of rotating the bowlers to keep the batsmen guessing. I think no-one knew how the wicket was going to play. We were confident of chasing. My form doesn't matter; all that matters is the number of points we have as a team. I am very happy, and will ensure our team don't get complacent.\"","subtype":"BBCode","message":{"text":"<p><strong>Gambhir:&nbsp;</strong>\"I think a lot of credit goes to the bowlers. It was a fantastic effort. That last over by Umesh gave us some momentum. I think it was a case of rotating the bowlers to keep the batsmen guessing. I think no-one knew how the wicket was going to play. We were confident of chasing. My form doesn't matter; all that matters is the number of points we have as a team. I am very happy, and will ensure our team don't get complacent.\"</p>"},"tags":[],"timestamp":1429553162000,"id":1167586,"time":"17:51","updateTime":1429552302739,"sequence":351.5,"type":"Manual"},{"bbcode":"[b]MoM: [/b]Umesh Yadav","subtype":"BBCode","message":{"text":"<p><strong>MoM:&nbsp;</strong>Umesh Yadav</p>"},"tags":[],"timestamp":1429553170000,"id":1167587,"time":"17:52","updateTime":1429552339336,"sequence":352.5,"type":"Manual"},{"subtype":"EmbeddedTweet","tweetjson":{"created_at":"Mon Apr 20 17:53:25 +0000 2015","id":590211684234584064,"id_str":"590211684234584064","text":"The maturity shown by Yusuf Pathan in his last two innings adds another dimension to #KKR's already multi-faceted team. #IPL #DDvKKR #DD","source":"<a href=\"http://twitter.com/download/iphone\" rel=\"nofollow\">Twitter for iPhone</a>","truncated":false,"in_reply_to_status_id":null,"in_reply_to_status_id_str":null,"in_reply_to_user_id":null,"in_reply_to_user_id_str":null,"in_reply_to_screen_name":null,"user":{"id":619548795,"id_str":"619548795","name":"Freddie Wilde","screen_name":"fwildecricket","location":"Cardiff Uni & Outside Cricket","profile_location":null,"description":"Cricket journalist @ESPNcricinfo & others. Researcher @DOAGfilm. Live-Tweeting global cricket. The home of T20 cricket news on Twitter. #IPLFantasy: 17028. #IPL","url":"http://t.co/awZYqXnIst","entities":{"url":{"urls":[{"url":"http://t.co/awZYqXnIst","expanded_url":"http://www.espncricinfo.com/ci/content/story/author.html?author=506","display_url":"espncricinfo.com/ci/content/sto…","indices":[0,22]}]},"description":{"urls":[]}},"protected":false,"followers_count":19596,"friends_count":3375,"listed_count":321,"created_at":"Tue Jun 26 22:20:42 +0000 2012","favourites_count":6567,"utc_offset":3600,"time_zone":"London","geo_enabled":true,"verified":true,"statuses_count":21029,"lang":"en","contributors_enabled":false,"is_translator":false,"is_translation_enabled":false,"profile_background_color":"000000","profile_background_image_url":"http://pbs.twimg.com/profile_background_images/457566875950391297/J1FihvOU.jpeg","profile_background_image_url_https":"https://pbs.twimg.com/profile_background_images/457566875950391297/J1FihvOU.jpeg","profile_background_tile":false,"profile_image_url":"http://pbs.twimg.com/profile_images/576545296995471360/_Mp2Tg_K_normal.jpeg","profile_image_url_https":"https://pbs.twimg.com/profile_images/576545296995471360/_Mp2Tg_K_normal.jpeg","profile_link_color":"3B94D9","profile_sidebar_border_color":"FFFFFF","profile_sidebar_fill_color":"EFEFEF","profile_text_color":"333333","profile_use_background_image":false,"default_profile":false,"default_profile_image":false,"following":false,"follow_request_sent":false,"notifications":false},"geo":null,"coordinates":null,"place":null,"contributors":null,"retweet_count":45,"favorite_count":32,"entities":{"hashtags":[{"text":"KKR","indices":[85,89]},{"text":"IPL","indices":[120,124]},{"text":"DDvKKR","indices":[125,132]},{"text":"DD","indices":[133,136]}],"symbols":[],"user_mentions":[],"urls":[]},"favorited":false,"retweeted":false,"lang":"en"},"message":{"text":"<blockquote class=\"twitter-tweet\" data-partner=\"tweetdeck\">\n<p>The maturity shown by Yusuf Pathan in his last two innings adds another dimension to <a href=\"https://twitter.com/hashtag/KKR?src=hash\">#KKR</a>'s already multi-faceted team. <a href=\"https://twitter.com/hashtag/IPL?src=hash\">#IPL</a> <a href=\"https://twitter.com/hashtag/DDvKKR?src=hash\">#DDvKKR</a> <a href=\"https://twitter.com/hashtag/DD?src=hash\">#DD</a></p>\n&mdash; Freddie Wilde (@fwildecricket) <a href=\"https://twitter.com/fwildecricket/status/590211684234584064\">April 20, 2015</a></blockquote>\n<script charset=\"utf-8\" type=\"text/javascript\" src=\"http://platform.twitter.com/widgets.js\"></script>"},"tags":[],"timestamp":1429552615000,"id":1167593,"time":"17:56","updateTime":1429552615299,"sequence":353.5,"type":"Manual"},{"bbcode":"A classically clinical display by KKR has kept their momentum going. For DD, the wait for a home win goes on, and this passionate crowd definitely deserves reward soon. Thanks very much for your company today, and we've got a cracker of a match tomorrow, where the unbeaten RR play host to the wounded star-studded team that is KXIP.","subtype":"BBCode","message":{"text":"<p>A classically clinical display by KKR has kept their momentum going. For DD, the wait for a home win goes on, and this passionate crowd definitely deserves reward soon. Thanks very much for your company today, and we've got a cracker of a match tomorrow, where the unbeaten RR play host to the wounded star-studded team that is KXIP.</p>"},"tags":[],"timestamp":1429553257000,"id":1167596,"time":"18:07","updateTime":1429553257493,"sequence":354.5,"type":"Manual"}]}