{"squadId":462,"totalVotes":1565,"players":[{"id":182,"voteCount":1513,"fullName":"JP Duminy","shortName":"JP Duminy"},{"id":113,"voteCount":1474,"fullName":"Yuvraj Singh","shortName":"Y Singh"},{"id":898,"voteCount":1380,"fullName":"Imran Tahir","shortName":"I Tahir"},{"id":158,"voteCount":1299,"fullName":"Mayank Agarwal","shortName":"M Agarwal"},{"id":30,"voteCount":1268,"fullName":"Amit Mishra","shortName":"A Mishra"},{"id":1563,"voteCount":1246,"fullName":"Shreyas Iyer","shortName":"S Iyer"},{"id":297,"voteCount":1204,"fullName":"Kedar Jadhav","shortName":"K Jadhav"},{"id":840,"voteCount":1186,"fullName":"Nathan Coulter-Nile","shortName":"N Coulter-Nile"},{"id":217,"voteCount":1122,"fullName":"Angelo Mathews","shortName":"A Mathews"},{"id":89,"voteCount":996,"fullName":"Manoj Tiwary","shortName":"M Tiwary"},{"id":2736,"voteCount":562,"fullName":"Domnic Joseph","shortName":"D Joseph"},{"id":94,"voteCount":535,"fullName":"Mohammed Shami","shortName":"M Shami"},{"id":26,"voteCount":493,"fullName":"Albie Morkel","shortName":"A Morkel"},{"id":86,"voteCount":467,"fullName":"Jaidev Unadkat","shortName":"J Unadkat"},{"id":165,"voteCount":454,"fullName":"Zaheer Khan","shortName":"Z Khan"},{"id":57,"voteCount":247,"fullName":"Shahbaz Nadeem","shortName":"S Nadeem"},{"id":834,"voteCount":244,"fullName":"Quinton de Kock","shortName":"Q de Kock"},{"id":155,"voteCount":231,"fullName":"CM Gautam","shortName":"CM Gautam"},{"id":1740,"voteCount":202,"fullName":"Jayant Yadav","shortName":"J Yadav"},{"id":163,"voteCount":159,"fullName":"Saurabh Tiwary","shortName":"S Tiwary"},{"id":2734,"voteCount":23,"fullName":"Srikar Bharat","shortName":"S Bharat"},{"id":951,"voteCount":22,"fullName":"Gurinder Sandhu","shortName":"G Sandhu"},{"id":2735,"voteCount":18,"fullName":"KK Jiyas","shortName":"KK Jiyas"},{"id":1020,"voteCount":14,"fullName":"Travis Head","shortName":"TM Head"},{"id":964,"voteCount":8,"fullName":"Markus Stoinis","shortName":"MP Stoinis"}]}