{"squadId":464,"totalVotes":1639,"players":[{"id":84,"voteCount":1558,"fullName":"Gautam Gambhir","shortName":"G Gambhir"},{"id":127,"voteCount":1541,"fullName":"Robin Uthappa","shortName":"R Uthappa"},{"id":177,"voteCount":1526,"fullName":"Andre Russell","shortName":"A Russell"},{"id":96,"voteCount":1518,"fullName":"Yusuf Pathan","shortName":"Y Pathan"},{"id":123,"voteCount":1502,"fullName":"Manish Pandey","shortName":"M Pandey"},{"id":169,"voteCount":1495,"fullName":"Morne Morkel","shortName":"M Morkel"},{"id":203,"voteCount":1481,"fullName":"Sunil Narine","shortName":"S Narine"},{"id":59,"voteCount":1410,"fullName":"Umesh Yadav","shortName":"U Yadav"},{"id":76,"voteCount":1277,"fullName":"Piyush Chawla","shortName":"P Chawla"},{"id":108,"voteCount":1257,"fullName":"Suryakumar Yadav","shortName":"S Yadav"},{"id":200,"voteCount":868,"fullName":"Ryan ten Doeschate","shortName":"R ten Doeschate"},{"id":201,"voteCount":371,"fullName":"Shakib Al Hasan","shortName":"S Al Hasan"},{"id":261,"voteCount":354,"fullName":"Kuldeep Yadav","shortName":"K Yadav"},{"id":2743,"voteCount":219,"fullName":"KC Cariappa","shortName":"KC Cariappa"},{"id":488,"voteCount":118,"fullName":"Pat Cummins","shortName":"P Cummins"},{"id":194,"voteCount":113,"fullName":"Azhar Mahmood","shortName":"A Mahmood"},{"id":224,"voteCount":100,"fullName":"Johan Botha","shortName":"J Botha"},{"id":231,"voteCount":100,"fullName":"Brad Hogg","shortName":"B Hogg"},{"id":149,"voteCount":75,"fullName":"Sumit Narwal","shortName":"S Narwal"},{"id":250,"voteCount":64,"fullName":"Veer Pratap Singh","shortName":"VP Singh"},{"id":2742,"voteCount":57,"fullName":"Aditya Garhwal","shortName":"A Garhwal"},{"id":1116,"voteCount":41,"fullName":"Sheldon Jackson","shortName":"S Jackson"},{"id":2744,"voteCount":41,"fullName":"Vaibhav Rawal","shortName":"V Rawal"}]}