{"matchInfo":{"matchType":"IPLT20","additionalInfo":{"toss.elected":"Kolkata Knight Riders, who chose to field","match.video.id":"4184594188001","stats.link":"http://www.iplt20.com/news/2015/more-news/6152/quick-stats-m17-dd-vs-kkr","match.summary":"","photostream.link":"http://www.iplt20.com/photos/265/ipl-2015-match-17-dd-v-kkr","mom.video.id":"4184594189001","home.team.fan.total":"7214","notes.1.1":"Powerplay  - 34 runs, 2 wickets","away.team.fan.total":"12778","notes.1.2":"DD: 50 runs in 7.5 overs","umpire.name.3":"O Nandan","notes.1.3":"DD: 100 runs in 14.5 overs","umpire.name.4":"Nitin Menon","umpire.name.1":"Simon Fry","notes.1.4":"Innings Break: DD - 146/8 in 20 overs","umpire.name.2":"Chris Gaffaney","highlights.link":"http://www.iplt20.com/videos/media/id/4184594188001/m17-dd-vs-kkr-match-highlights","mom.video.thumb":"http://brightcove.vo.llnwd.net/v1/unsecured/media/3588749423001/201504/1611/3588749423001_4184807351001_video-still-for-video-4184594189001.jpg?pubId=3588749423001","interview.link":"http://www.iplt20.com/news/2015/features/6154/batting-needs-to-click-manoj-tiwary","sixes.video.id":"4184594185001","interview.thumb":"http://static2.iplt20.com/cms/media/images/320x213/37136.jpg","referee.name":"Graeme La Brooy","match.video.thumb":"http://brightcove.vo.llnwd.net/v1/unsecured/media/3588749423001/201504/3611/3588749423001_4184807357001_video-still-for-video-4184594188001.jpg?pubId=3588749423001","stats.thumb":"http://static2.iplt20.com/cms/media/images/320x213/37135.jpg","toss.winner":"Kolkata Knight Riders","sixes.video.thumb":"http://brightcove.vo.llnwd.net/v1/unsecured/media/3588749423001/201504/3685/3588749423001_4184807337001_video-still-for-video-4184594185001.jpg?pubId=3588749423001","notes.2.5":"4th Wicket: 50 runs in 35 balls (Gautam Gambhir 20, Yusuf Pathan 32)","notes.2.3":"KKR: 100 runs in 12.6 overs","report.thumb":"http://static2.iplt20.com/cms/media/images/320x213/37105.jpg","notes.2.4":"Gautam Gambhir: 50 off 38 balls (8 x fours)","notes.2.1":"Powerplay - 48 runs, 2 wickets","report.link":"http://www.iplt20.com/news/2015/match-reports/6148/report-m17-dd-vs-kkr","notes.2.2":"KKR: 50 runs in 6.2 overs"},"groupName":"","oversLimit":20,"battingOrder":[0,1],"venue":{"shortName":"Feroz Shah Kotla Ground","city":"Delhi","id":8,"country":"India","fullName":"Feroz Shah Kotla Ground"},"teams":[{"players":[{"names":["Mayank Agarwal","M Agarwal"],"dateOfBirth":666835200000,"shortName":"M Agarwal","nationality":"Indian","id":158,"fullName":"Mayank Agarwal"},{"names":["Shreyas Iyer","S Iyer"],"dateOfBirth":786672000000,"rightHandedBat":true,"shortName":"S Iyer","nationality":"Indian","id":1563,"fullName":"Shreyas Iyer"},{"names":["JP Duminy","JP Duminy"],"dateOfBirth":450748800000,"shortName":"JP Duminy","nationality":"South African","id":182,"fullName":"JP Duminy"},{"names":["Yuvraj Singh","Y Singh"],"dateOfBirth":376963200000,"rightHandedBat":true,"shortName":"Y Singh","nationality":"Indian","id":113,"fullName":"Yuvraj Singh"},{"names":["Kedar Jadhav","K Jadhav"],"dateOfBirth":480643200000,"rightHandedBat":true,"shortName":"K Jadhav","nationality":"Indian","id":297,"fullName":"Kedar Jadhav"},{"names":["Angelo Mathews","A Mathews"],"dateOfBirth":549590400000,"shortName":"A Mathews","nationality":"Sri Lankan","id":217,"fullName":"Angelo Mathews"},{"names":["Manoj Tiwary","M Tiwary"],"dateOfBirth":500774400000,"shortName":"M Tiwary","nationality":"Indian","id":89,"fullName":"Manoj Tiwary"},{"names":["Amit Mishra","A Mishra"],"dateOfBirth":406944000000,"shortName":"A Mishra","nationality":"Indian","id":30,"fullName":"Amit Mishra"},{"names":["Nathan Coulter-Nile","N Coulter-Nile"],"dateOfBirth":560908800000,"rightHandedBat":true,"shortName":"N Coulter-Nile","nationality":"Australian","id":840,"fullName":"Nathan Coulter-Nile"},{"names":["Imran Tahir","I Tahir"],"dateOfBirth":291340800000,"rightHandedBat":true,"shortName":"I Tahir","nationality":"South African","id":898,"fullName":"Imran Tahir"},{"names":["Domnic Joseph","D Joseph"],"dateOfBirth":352944000000,"rightHandedBat":true,"shortName":"D Joseph","nationality":"Indian","id":2736,"fullName":"Domnic Joseph"}],"wicketKeeper":{"names":["Kedar Jadhav","K Jadhav"],"dateOfBirth":480643200000,"rightHandedBat":true,"shortName":"K Jadhav","nationality":"Indian","id":297,"fullName":"Kedar Jadhav"},"captain":{"names":["JP Duminy","JP Duminy"],"dateOfBirth":450748800000,"shortName":"JP Duminy","nationality":"South African","id":182,"fullName":"JP Duminy"},"team":{"shortName":"Daredevils","abbreviation":"DD","primaryColor":"B22E2A","secondaryColor":"FFFFFF","type":"m","fullName":"Delhi Daredevils","id":3},"id":3683},{"players":[{"names":["Robin Uthappa","R Uthappa"],"dateOfBirth":500515200000,"shortName":"R Uthappa","nationality":"Indian","id":127,"fullName":"Robin Uthappa"},{"names":["Gautam Gambhir","G Gambhir"],"dateOfBirth":371865600000,"shortName":"G Gambhir","nationality":"Indian","id":84,"fullName":"Gautam Gambhir"},{"names":["Manish Pandey","M Pandey"],"dateOfBirth":621388800000,"shortName":"M Pandey","nationality":"Indian","id":123,"fullName":"Manish Pandey"},{"names":["Suryakumar Yadav","S Yadav"],"dateOfBirth":653270400000,"rightHandedBat":true,"shortName":"S Yadav","nationality":"Indian","id":108,"fullName":"Suryakumar Yadav"},{"names":["Yusuf Pathan","Y Pathan"],"dateOfBirth":406339200000,"shortName":"Y Pathan","nationality":"Indian","id":96,"fullName":"Yusuf Pathan"},{"names":["Ryan ten Doeschate","R ten Doeschate"],"dateOfBirth":331171200000,"shortName":"R ten Doeschate","nationality":"Dutch","id":200,"fullName":"Ryan ten Doeschate"},{"names":["Andre Russell","A Russell"],"dateOfBirth":578275200000,"shortName":"A Russell","nationality":"West Indian","id":177,"fullName":"Andre Russell"},{"names":["Piyush Chawla","P Chawla"],"dateOfBirth":598924800000,"shortName":"P Chawla","nationality":"Indian","id":76,"fullName":"Piyush Chawla"},{"names":["Sunil Narine","S Narine"],"dateOfBirth":580608000000,"shortName":"S Narine","nationality":"West Indian","id":203,"fullName":"Sunil Narine"},{"names":["Morne Morkel","M Morkel"],"dateOfBirth":465868800000,"shortName":"M Morkel","nationality":"South African","id":169,"fullName":"Morne Morkel"},{"names":["Umesh Yadav","U Yadav"],"dateOfBirth":562118400000,"shortName":"U Yadav","nationality":"Indian","id":59,"fullName":"Umesh Yadav"}],"wicketKeeper":{"names":["Robin Uthappa","R Uthappa"],"dateOfBirth":500515200000,"shortName":"R Uthappa","nationality":"Indian","id":127,"fullName":"Robin Uthappa"},"captain":{"names":["Gautam Gambhir","G Gambhir"],"dateOfBirth":371865600000,"shortName":"G Gambhir","nationality":"Indian","id":84,"fullName":"Gautam Gambhir"},"team":{"shortName":"Knight Riders","abbreviation":"KKR","primaryColor":"6F2C91","secondaryColor":"FFFFFF","type":"m","fullName":"Kolkata Knight Riders","id":5},"id":3682}],"matchDate":"2015-04-20T20:00:00+0530","matchState":"C","matchStatus":{"text":"Kolkata Knight Riders won by 6 wickets","outcome":"B"},"isLimitedOvers":true,"matchSummary":"","tournamentLabel":"IPL 2015","description":"Match 17"},"innings":[{"scorecard":{"runs":146,"wkts":8,"battingStats":[{"mod":{"text":"c Umesh Yadav b Morne Morkel","bowlerId":169,"dismissedBp":{"innings":1,"over":2,"ball":2},"countingBp":{"innings":1,"over":2,"ball":2},"additionalPlayerIds":[59],"dismissedMethod":"ct"},"playerId":158,"r":1,"b":8,"4s":0,"sr":"12.50","6s":0},{"mod":{"text":"b Piyush Chawla","bowlerId":76,"dismissedBp":{"innings":1,"over":9,"ball":4},"countingBp":{"innings":1,"over":9,"ball":4},"dismissedMethod":"b"},"playerId":1563,"r":31,"b":24,"4s":3,"sr":"129.16","6s":1},{"mod":{"text":"b Sunil Narine","bowlerId":203,"dismissedBp":{"innings":1,"over":5,"ball":3},"countingBp":{"innings":1,"over":5,"ball":3},"dismissedMethod":"b"},"playerId":182,"r":5,"b":8,"4s":1,"sr":"62.50","6s":0},{"mod":{"text":"c Yusuf Pathan b Morne Morkel","bowlerId":169,"dismissedBp":{"innings":1,"over":14,"ball":5},"countingBp":{"innings":1,"over":14,"ball":4},"additionalPlayerIds":[96],"dismissedMethod":"ct"},"playerId":89,"r":32,"b":28,"4s":5,"sr":"114.28","6s":0},{"mod":{"text":"st Robin Uthappa b Piyush Chawla","bowlerId":76,"dismissedBp":{"innings":1,"over":15,"ball":6},"countingBp":{"innings":1,"over":15,"ball":6},"additionalPlayerIds":[127],"dismissedMethod":"st"},"playerId":113,"r":21,"b":19,"4s":2,"sr":"110.52","6s":1},{"mod":{"text":"c Robin Uthappa b Umesh Yadav","bowlerId":59,"dismissedBp":{"innings":1,"over":20,"ball":6},"countingBp":{"innings":1,"over":20,"ball":6},"additionalPlayerIds":[127],"dismissedMethod":"ct"},"playerId":217,"r":28,"b":21,"4s":1,"sr":"133.33","6s":2},{"mod":{"text":"c Gautam Gambhir b Umesh Yadav","bowlerId":59,"dismissedBp":{"innings":1,"over":18,"ball":7},"countingBp":{"innings":1,"over":18,"ball":6},"additionalPlayerIds":[84],"dismissedMethod":"ct"},"playerId":297,"r":12,"b":9,"4s":1,"sr":"133.33","6s":1},{"mod":{"text":"run out (Manish Pandey)","bowlerId":59,"dismissedBp":{"innings":1,"over":20,"ball":2},"countingBp":{"innings":1,"over":20,"ball":2},"additionalPlayerIds":[123],"dismissedMethod":"ro"},"playerId":840,"r":2,"b":2,"4s":0,"sr":"100.00","6s":0},{"playerId":30,"r":1,"b":1,"4s":0,"sr":"100.00","6s":0}],"bowlingStats":[{"playerId":59,"r":18,"w":2,"ov":"4","d":12,"maid":0,"e":"4.50","wd":3,"nb":0},{"playerId":169,"r":30,"w":2,"ov":"4","d":14,"maid":0,"e":"7.50","wd":2,"nb":0},{"playerId":203,"r":38,"w":1,"ov":"4","d":11,"maid":0,"e":"9.50","wd":0,"nb":0},{"playerId":177,"r":21,"w":0,"ov":"3","d":8,"maid":0,"e":"7.00","wd":0,"nb":0},{"playerId":76,"r":27,"w":2,"ov":"4","d":9,"maid":0,"e":"6.75","wd":1,"nb":0},{"playerId":96,"r":9,"w":0,"ov":"1","d":0,"maid":0,"e":"9.00","wd":0,"nb":0}],"fow":[{"playerId":158,"bp":{"innings":1,"over":2,"ball":2},"r":3,"w":1},{"playerId":182,"bp":{"innings":1,"over":5,"ball":3},"r":22,"w":2},{"playerId":1563,"bp":{"innings":1,"over":9,"ball":4},"r":58,"w":3},{"playerId":89,"bp":{"innings":1,"over":14,"ball":4},"r":95,"w":4},{"playerId":113,"bp":{"innings":1,"over":15,"ball":6},"r":103,"w":5},{"playerId":297,"bp":{"innings":1,"over":18,"ball":6},"r":123,"w":6},{"playerId":840,"bp":{"innings":1,"over":20,"ball":2},"r":145,"w":7},{"playerId":217,"bp":{"innings":1,"over":20,"ball":6},"r":146,"w":8}],"extras":{"wideRuns":10,"legByeRuns":3}},"overProgress":"20","inningsNumber":1,"runRate":"7.30","overHistory":[{"ovNo":1,"ovBalls":[".",".",".",".","1Wd","1Wd",".","1"]},{"ovNo":2,"ovBalls":[".","W","1Wd",".","1",".","."]},{"ovNo":3,"ovBalls":["1","1",".","1","4","."]},{"ovNo":4,"ovBalls":[".","4",".",".","4","2"]},{"ovNo":5,"ovBalls":[".",".","W","4",".","."]},{"ovNo":6,"ovBalls":["1","1","4","1",".","1"]},{"ovNo":7,"ovBalls":["1Lb","5Wd","1",".",".","1","1"]},{"ovNo":8,"ovBalls":[".","6",".",".","1","4"]},{"ovNo":9,"ovBalls":["2","1","1","W","1","1"]},{"ovNo":10,"ovBalls":["4","1","1","1","1","1"]},{"ovNo":11,"ovBalls":[".","4",".",".","4","1"]},{"ovNo":12,"ovBalls":["1",".","1",".","1","."]},{"ovNo":13,"ovBalls":["1",".",".","4",".","1"]},{"ovNo":14,"ovBalls":[".","6","1","1Wd","W","1","."]},{"ovNo":15,"ovBalls":["1","1","1",".","4","W"]},{"ovNo":16,"ovBalls":[".",".",".",".","1","1"]},{"ovNo":17,"ovBalls":[".",".","1Lb","1","4","6"]},{"ovNo":18,"ovBalls":["1","1","1Wd","1","1Lb","1","W"]},{"ovNo":19,"ovBalls":["6","6","2","1","1","4"]},{"ovNo":20,"ovBalls":["1","1W","1",".",".","W"]}]},{"scorecard":{"runs":147,"wkts":4,"battingStats":[{"mod":{"text":"c JP Duminy b Domnic Joseph","bowlerId":2736,"dismissedBp":{"innings":2,"over":5,"ball":1},"countingBp":{"innings":2,"over":5,"ball":1},"additionalPlayerIds":[182],"dismissedMethod":"ct"},"playerId":127,"r":13,"b":13,"4s":2,"sr":"100.00","6s":0},{"mod":{"text":"b Imran Tahir","bowlerId":898,"dismissedBp":{"innings":2,"over":18,"ball":5},"countingBp":{"innings":2,"over":18,"ball":5},"dismissedMethod":"b"},"playerId":84,"r":60,"b":49,"4s":8,"sr":"122.44","6s":0},{"mod":{"text":"c Imran Tahir b Domnic Joseph","bowlerId":2736,"dismissedBp":{"innings":2,"over":5,"ball":4},"countingBp":{"innings":2,"over":5,"ball":4},"additionalPlayerIds":[898],"dismissedMethod":"ct"},"playerId":123,"r":0,"b":3,"4s":0,"sr":"0.00","6s":0},{"mod":{"text":"c Kedar Jadhav b Nathan Coulter-Nile","bowlerId":840,"dismissedBp":{"innings":2,"over":10,"ball":7},"countingBp":{"innings":2,"over":10,"ball":6},"additionalPlayerIds":[297],"dismissedMethod":"ct"},"playerId":108,"r":24,"b":16,"4s":2,"sr":"150.00","6s":1},{"playerId":96,"r":40,"b":26,"4s":6,"sr":"153.84","6s":1},{"playerId":200,"r":3,"b":2,"4s":0,"sr":"150.00","6s":0}],"bowlingStats":[{"playerId":2736,"r":18,"w":2,"ov":"3","d":12,"maid":0,"e":"6.00","wd":0,"nb":0},{"playerId":840,"r":30,"w":1,"ov":"4","d":10,"maid":0,"e":"7.50","wd":1,"nb":0},{"playerId":217,"r":33,"w":0,"ov":"3","d":2,"maid":0,"e":"11.00","wd":2,"nb":0},{"playerId":898,"r":30,"w":1,"ov":"4","d":5,"maid":0,"e":"7.50","wd":0,"nb":0},{"playerId":182,"r":10,"w":0,"ov":"1","d":2,"maid":0,"e":"10.00","wd":0,"nb":0},{"playerId":30,"r":22,"w":0,"ov":"3.1","d":6,"maid":0,"e":"6.94","wd":0,"nb":0}],"fow":[{"playerId":127,"bp":{"innings":2,"over":5,"ball":1},"r":31,"w":1},{"playerId":123,"bp":{"innings":2,"over":5,"ball":4},"r":31,"w":2},{"playerId":108,"bp":{"innings":2,"over":10,"ball":6},"r":79,"w":3},{"playerId":84,"bp":{"innings":2,"over":18,"ball":5},"r":144,"w":4}],"extras":{"wideRuns":3,"legByeRuns":4}},"overProgress":"18.1","inningsNumber":2,"runRate":"8.09","overHistory":[{"ovNo":1,"ovBalls":["4",".","1",".",".","1"]},{"ovNo":2,"ovBalls":["1","4Lb","1",".","1","."]},{"ovNo":3,"ovBalls":[".","1","1Wd","1",".","4","4"]},{"ovNo":4,"ovBalls":["4",".",".","1","1","1"]},{"ovNo":5,"ovBalls":["W",".",".","W","4","."]},{"ovNo":6,"ovBalls":["1Wd","1","4","4","1","1","1"]},{"ovNo":7,"ovBalls":["1","1",".","1","1","."]},{"ovNo":8,"ovBalls":["2",".","1","1","6","."]},{"ovNo":9,"ovBalls":["1","1","1","4","1","1"]},{"ovNo":10,"ovBalls":["1Wd","1","1","1","4",".","W"]},{"ovNo":11,"ovBalls":["1","2","1","1","4","."]},{"ovNo":12,"ovBalls":[".",".",".","4",".","4"]},{"ovNo":13,"ovBalls":[".",".",".","1","1","4"]},{"ovNo":14,"ovBalls":["4","1","1","1","1","1"]},{"ovNo":15,"ovBalls":["1",".","1","1","4","1"]},{"ovNo":16,"ovBalls":["4",".",".","4","4","."]},{"ovNo":17,"ovBalls":["2","1",".","1","1","."]},{"ovNo":18,"ovBalls":["1","6","1",".","W","1"]},{"ovNo":19,"ovBalls":["2"]}]}],"matchId":{"tournamentId":{"name":"ipl2015","id":2785},"parentId":{"name":"ipl2015","id":2785},"name":"ipl2015-17","id":3242},"currentState":{"phase":"C","facingBatsman":200,"nonFacingBatsman":96,"currentInningsIndex":1,"currentPartnership":3,"currentBowler":30,"currentBatsmen":[96,200],"recentOvers":[{"ovNo":14,"ovBalls":["4","1","1","1","1","1"]},{"ovNo":15,"ovBalls":["1",".","1","1","4","1"]},{"ovNo":16,"ovBalls":["4",".",".","4","4","."]},{"ovNo":17,"ovBalls":["2","1",".","1","1","."]},{"ovNo":18,"ovBalls":["1","6","1",".","W","1"]},{"ovNo":19,"ovBalls":["2"]}]}}