{"fragment":9,"updateTime":1430505861000,"matchId":{"id":3257,"name":"ipl2015-32 - MI vs. RR","matchIdName":"ipl2015-32"},"commentaries":[{"bbcode":"\\n\\n \\n\\nSo Mumbai Indians get back on track as the Rajasthan Royals' campaign hits a bump in the road. We will be back tomorrow with two more matches as RCB host KKR before the evening match sees SRH do battle with CSK, good night!","subtype":"BBCode","message":{"text":"<p><img src=\"http://static2.iplt20.com/cms/media/images/630x420/39552.jpg\" alt=\"\" width=\"600\" height=\"400\" /></p>\n<p>&nbsp;</p>\n<p>So Mumbai Indians get back on track as the Rajasthan Royals' campaign hits a bump in the road. We will be back tomorrow with two more matches as RCB host KKR before the evening match sees SRH do battle with CSK, good night!</p>"},"tags":[],"timestamp":1430505861000,"id":1181420,"time":"18:44","updateTime":1430505861458,"sequence":400.5,"type":"Manual"}]}