{"squadId":463,"totalVotes":6066,"players":[{"id":107,"voteCount":5777,"fullName":"Rohit Sharma","shortName":"RG Sharma"},{"id":210,"voteCount":5641,"fullName":"Kieron Pollard","shortName":"K Pollard"},{"id":103,"voteCount":5512,"fullName":"Harbhajan Singh","shortName":"H Singh"},{"id":211,"voteCount":5394,"fullName":"Lasith Malinga","shortName":"L Malinga"},{"id":100,"voteCount":4884,"fullName":"Ambati Rayudu","shortName":"A Rayudu"},{"id":595,"voteCount":4723,"fullName":"Lendl Simmons","shortName":"L Simmons"},{"id":60,"voteCount":4425,"fullName":"Unmukt Chand","shortName":"U Chand"},{"id":166,"voteCount":4131,"fullName":"Vinay Kumar","shortName":"V Kumar"},{"id":44,"voteCount":3937,"fullName":"Parthiv Patel","shortName":"P Patel"},{"id":730,"voteCount":3038,"fullName":"Mitchell McClenaghan","shortName":"M McClenaghan"},{"id":2741,"voteCount":2448,"fullName":"Jagadeesha Suchitch","shortName":"J Suchitch"},{"id":99,"voteCount":2117,"fullName":"Aditya Tare","shortName":"A Tare"},{"id":968,"voteCount":1922,"fullName":"Corey Anderson","shortName":"C Anderson"},{"id":106,"voteCount":1725,"fullName":"Pragyan Ojha","shortName":"P Ojha"},{"id":1124,"voteCount":1706,"fullName":"Jasprit Bumrah","shortName":"J Bumrah"},{"id":2740,"voteCount":1402,"fullName":"Hardik Pandya","shortName":"H Pandya"},{"id":17,"voteCount":1011,"fullName":"Ben Hilfenhaus","shortName":"B Hilfenhaus"},{"id":1748,"voteCount":663,"fullName":"Shreyas Gopal","shortName":"S Gopal"},{"id":105,"voteCount":599,"fullName":"Pawan Suyal","shortName":"P Suyal"},{"id":151,"voteCount":520,"fullName":"Abhimanyu Mithun","shortName":"A Mithun"},{"id":205,"voteCount":406,"fullName":"Aiden Blizzard","shortName":"A Blizzard"},{"id":204,"voteCount":330,"fullName":"Marchant de Lange","shortName":"M de Lange"},{"id":773,"voteCount":287,"fullName":"Colin Munro","shortName":"C Munro"},{"id":2737,"voteCount":204,"fullName":"Akshay Wakhare","shortName":"A Wakhare"},{"id":2739,"voteCount":201,"fullName":"Siddhesh Lad","shortName":"SD Lad"},{"id":2738,"voteCount":199,"fullName":"Nitish Rana","shortName":"N Rana"}]}