{"fragment":7,"updateTime":1431626273000,"matchId":{"id":3276,"name":"ipl2015-51 - MI vs. KKR","matchIdName":"ipl2015-51"},"commentaries":[{"bbcode":"[b]Isa Guha: [/b]\"Still lots of batters to come for KKR...\"","subtype":"BBCode","message":{"text":"<p><strong>Isa Guha:&nbsp;</strong>\"Still lots of batters to come for KKR...\"</p>"},"tags":[],"timestamp":1431624236000,"id":1194617,"time":"17:23","updateTime":1431624223437,"sequence":300.0,"type":"Manual"},{"bbcode":"H Singh to S Al Hasan, %SPEED% good length on middle stump. He picks up a single","thisOver":"1","progress":{"innings":2,"over":12,"ball":6},"speed":24.1729298375855,"subtype":"BBCode","countingProgress":{"innings":2,"over":11,"ball":6},"bowlerId":103,"nonfacingBatsmanId":96,"facingBatsmanId":201,"autoText":"H Singh to S Al Hasan, %SPEED% good length on middle stump. He picks up a single","message":{"text":null},"tags":[],"timestamp":1431624269000,"id":1194615,"time":"17:23","updateTime":1431624211397,"sequence":300.5,"type":"Auto"},{"innings":2,"over":12,"overRuns":8,"overWickets":0,"inningsRuns":96,"inningsWickets":3,"inningsAllOut":false,"team":{"id":5,"fullName":"Kolkata Knight Riders","shortName":"Knight Riders","abbreviation":"KKR","primaryColor":"6F2C91","secondaryColor":"FFFFFF","type":"m"},"batsmanSummaries":[{"batsman":{"id":201,"fullName":"Shakib Al Hasan","shortName":"S Al Hasan","nationality":"Bangladeshi","rightHandedBat":false,"dateOfBirth":543542400000,"names":["Shakib Al Hasan","S Al Hasan"]},"runs":6,"balls":4,"fours":1,"sixes":0},{"batsman":{"id":96,"fullName":"Yusuf Pathan","shortName":"Y Pathan","nationality":"Indian","rightHandedBat":false,"dateOfBirth":406339200000,"names":["Yusuf Pathan","Y Pathan"]},"runs":22,"balls":18,"fours":2,"sixes":1}],"activeBatsman":201,"bowlerSummary":{"bowler":{"id":103,"fullName":"Harbhajan Singh","shortName":"H Singh","nationality":"Indian","rightHandedBat":true,"dateOfBirth":331430400000,"names":["Harbhajan Singh","H Singh"]},"overs":"4","runs":31,"wickets":1,"maidens":0},"inningsBalls":72,"inningsMaxBalls":120,"inningsTarget":172,"message":{"text":null},"tags":[],"timestamp":1431624211000,"id":1194616,"time":"17:23","updateTime":1431624211646,"sequence":301.5,"type":"Eov"},{"bbcode":"Hardik Pandya showed his class with the bat earlier and now he has the ball in hand, what can he do for MI this time?","subtype":"BBCode","message":{"text":"<p>Hardik Pandya showed his class with the bat earlier and now he has the ball in hand, what can he do for MI this time?</p>"},"tags":[],"timestamp":1431624319000,"id":1194620,"time":"17:25","updateTime":1431624314578,"sequence":302.0,"type":"Manual"},{"bbcode":"H Pandya to S Al Hasan, %SPEED% short length outside off stump. He hits a nice boundary","thisOver":"4","progress":{"innings":2,"over":13,"ball":1},"speed":36.9879572453057,"subtype":"BBCode","countingProgress":{"innings":2,"over":12,"ball":1},"bowlerId":2740,"nonfacingBatsmanId":96,"facingBatsmanId":201,"autoText":"H Pandya to S Al Hasan, %SPEED% short length outside off stump. He hits a nice boundary","message":{"text":null},"tags":["four"],"timestamp":1431624373000,"id":1194619,"time":"17:25","updateTime":1431624312761,"sequence":302.5,"type":"Auto"},{"bbcode":"Four! Perfection from Shakib! He breaks his wrists on a cracking cut past point to welcome Pandya to the attack","subtype":"BBCode","message":{"text":"<p>Four! Perfection from Shakib! He breaks his wrists on a cracking cut past point to welcome Pandya to the attack</p>"},"tags":[],"timestamp":1431624362000,"id":1194623,"time":"17:25","updateTime":1431624328098,"sequence":303.5,"type":"Manual"},{"bbcode":"H Pandya to S Al Hasan, %SPEED% short length on middle stump. He picks up two","thisOver":"2","progress":{"innings":2,"over":13,"ball":2},"speed":35.5177875085869,"subtype":"BBCode","countingProgress":{"innings":2,"over":12,"ball":2},"bowlerId":2740,"nonfacingBatsmanId":96,"facingBatsmanId":201,"autoText":"H Pandya to S Al Hasan, %SPEED% short length on middle stump. He picks up two","message":{"text":null},"tags":[],"timestamp":1431624425000,"id":1194624,"time":"17:25","updateTime":1431624354627,"sequence":304.5,"type":"Auto"},{"bbcode":"H Pandya to S Al Hasan, %SPEED% short length outside off stump. He picks up a single","thisOver":"1","progress":{"innings":2,"over":13,"ball":3},"speed":33.7102381171923,"subtype":"BBCode","countingProgress":{"innings":2,"over":12,"ball":3},"bowlerId":2740,"nonfacingBatsmanId":96,"facingBatsmanId":201,"autoText":"H Pandya to S Al Hasan, %SPEED% short length outside off stump. He picks up a single","message":{"text":null},"tags":[],"timestamp":1431624425000,"id":1194625,"time":"17:26","updateTime":1431624395137,"sequence":305.5,"type":"Auto"},{"bbcode":"H Pandya to Y Pathan, %SPEED% short length just outside off stump. He picks up a single","thisOver":"1","progress":{"innings":2,"over":13,"ball":4},"speed":36.430609810332,"subtype":"BBCode","countingProgress":{"innings":2,"over":12,"ball":4},"bowlerId":2740,"nonfacingBatsmanId":201,"facingBatsmanId":96,"autoText":"H Pandya to Y Pathan, %SPEED% short length just outside off stump. He picks up a single","message":{"text":null},"tags":[],"timestamp":1431624500000,"id":1194626,"time":"17:27","updateTime":1431624445990,"sequence":306.5,"type":"Auto"},{"bbcode":"H Pandya to S Al Hasan, %SPEED% short length just outside off stump. He plays and misses","thisOver":"2","progress":{"innings":2,"over":13,"ball":5},"speed":36.1719464255522,"subtype":"BBCode","countingProgress":{"innings":2,"over":12,"ball":5},"bowlerId":2740,"nonfacingBatsmanId":96,"facingBatsmanId":201,"autoText":"H Pandya to S Al Hasan, %SPEED% short length just outside off stump. He plays and misses","message":{"text":null},"tags":[],"timestamp":1431624553000,"id":1194627,"time":"17:28","updateTime":1431624486946,"sequence":307.5,"type":"Auto"},{"bbcode":"H Pandya to S Al Hasan, no run, %SPEED% short length on middle stump. He doesn't offer a shot","thisOver":".","progress":{"innings":2,"over":13,"ball":6},"speed":36.6115333035315,"subtype":"BBCode","countingProgress":{"innings":2,"over":12,"ball":6},"bowlerId":2740,"nonfacingBatsmanId":96,"facingBatsmanId":201,"autoText":"H Pandya to S Al Hasan, no run, %SPEED% short length on middle stump. He doesn't offer a shot","message":{"text":null},"tags":[],"timestamp":1431624554000,"id":1194628,"time":"17:28","updateTime":1431624527555,"sequence":308.5,"type":"Auto"},{"innings":2,"over":13,"overRuns":10,"overWickets":0,"inningsRuns":106,"inningsWickets":3,"inningsAllOut":false,"team":{"id":5,"fullName":"Kolkata Knight Riders","shortName":"Knight Riders","abbreviation":"KKR","primaryColor":"6F2C91","secondaryColor":"FFFFFF","type":"m"},"batsmanSummaries":[{"batsman":{"id":201,"fullName":"Shakib Al Hasan","shortName":"S Al Hasan","nationality":"Bangladeshi","rightHandedBat":false,"dateOfBirth":543542400000,"names":["Shakib Al Hasan","S Al Hasan"]},"runs":15,"balls":9,"fours":2,"sixes":0},{"batsman":{"id":96,"fullName":"Yusuf Pathan","shortName":"Y Pathan","nationality":"Indian","rightHandedBat":false,"dateOfBirth":406339200000,"names":["Yusuf Pathan","Y Pathan"]},"runs":23,"balls":19,"fours":2,"sixes":1}],"activeBatsman":96,"bowlerSummary":{"bowler":{"id":2740,"fullName":"Hardik Pandya","shortName":"H Pandya","nationality":"Indian","rightHandedBat":true,"dateOfBirth":750297600000,"names":["Hardik Pandya","H Pandya"]},"overs":"1","runs":10,"wickets":0,"maidens":0},"inningsBalls":78,"inningsMaxBalls":120,"inningsTarget":172,"message":{"text":null},"tags":[],"timestamp":1431624527000,"id":1194629,"time":"17:28","updateTime":1431624527813,"sequence":309.5,"type":"Eov"},{"subtype":"EmbeddedTweet","tweetjson":{"created_at":"Thu May 14 17:28:14 +0000 2015","id":598902653519704064,"id_str":"598902653519704064","text":"Shakib seems so confident #MIvsKKR  #ipl","source":"<a href=\"http://twitter.com/download/android\" rel=\"nofollow\">Twitter for Android</a>","truncated":false,"in_reply_to_status_id":null,"in_reply_to_status_id_str":null,"in_reply_to_user_id":null,"in_reply_to_user_id_str":null,"in_reply_to_screen_name":null,"user":{"id":3186504271,"id_str":"3186504271","name":"Sakshi Karnawat","screen_name":"Sakshi_305","location":"Jaipur, Rajasthan","description":"I never like anything, I get OBSESSED. Eminem ❤  #IDFWU","url":"http://t.co/rtduivtEn1","entities":{"url":{"urls":[{"url":"http://t.co/rtduivtEn1","expanded_url":"http://drug--diaries.tumblr.com/","display_url":"drug--diaries.tumblr.com","indices":[0,22]}]},"description":{"urls":[]}},"protected":false,"followers_count":35,"friends_count":7,"listed_count":1,"created_at":"Wed May 06 10:03:34 +0000 2015","favourites_count":1,"utc_offset":19800,"time_zone":"New Delhi","geo_enabled":false,"verified":false,"statuses_count":844,"lang":"en","contributors_enabled":false,"is_translator":false,"is_translation_enabled":false,"profile_background_color":"C0DEED","profile_background_image_url":"http://pbs.twimg.com/profile_background_images/595897842356461568/Vy52GvYs.jpg","profile_background_image_url_https":"https://pbs.twimg.com/profile_background_images/595897842356461568/Vy52GvYs.jpg","profile_background_tile":true,"profile_image_url":"http://pbs.twimg.com/profile_images/598574918796644352/8Irn0YXy_normal.jpg","profile_image_url_https":"https://pbs.twimg.com/profile_images/598574918796644352/8Irn0YXy_normal.jpg","profile_banner_url":"https://pbs.twimg.com/profile_banners/3186504271/1431546340","profile_link_color":"0084B4","profile_sidebar_border_color":"C0DEED","profile_sidebar_fill_color":"DDEEF6","profile_text_color":"333333","profile_use_background_image":true,"default_profile":false,"default_profile_image":false,"following":false,"follow_request_sent":false,"notifications":false},"geo":null,"coordinates":null,"place":null,"contributors":null,"retweet_count":0,"favorite_count":0,"entities":{"hashtags":[{"text":"MIvsKKR","indices":[26,34]},{"text":"ipl","indices":[36,40]}],"symbols":[],"user_mentions":[],"urls":[]},"favorited":false,"retweeted":false,"lang":"en"},"message":{"text":"<blockquote class=\"twitter-tweet\" data-partner=\"tweetdeck\">\n<p lang=\"en\" dir=\"ltr\">Shakib seems so confident <a href=\"https://twitter.com/hashtag/MIvsKKR?src=hash\">#MIvsKKR</a> <a href=\"https://twitter.com/hashtag/ipl?src=hash\">#ipl</a></p>\n&mdash; Sakshi Karnawat (@Sakshi_305) <a href=\"https://twitter.com/Sakshi_305/status/598902653519704064\">May 14, 2015</a></blockquote>\n<script charset=\"utf-8\" type=\"text/javascript\" src=\"http://platform.twitter.com/widgets.js\"></script>"},"tags":[],"timestamp":1431624537000,"id":1194630,"time":"17:28","updateTime":1431624537434,"sequence":310.5,"type":"Manual"},{"bbcode":"M McClenaghan to Y Pathan, %SPEED% short length on off stump. He picks up a single","thisOver":"1","progress":{"innings":2,"over":14,"ball":1},"speed":37.0251707241971,"subtype":"BBCode","countingProgress":{"innings":2,"over":13,"ball":1},"bowlerId":730,"nonfacingBatsmanId":201,"facingBatsmanId":96,"autoText":"M McClenaghan to Y Pathan, %SPEED% short length on off stump. He picks up a single","message":{"text":null},"tags":[],"timestamp":1431624689000,"id":1194631,"time":"17:30","updateTime":1431624609413,"sequence":311.5,"type":"Auto"},{"bbcode":"M McClenaghan to S Al Hasan, no run, %SPEED% short length going down leg. He plays and misses","thisOver":".","progress":{"innings":2,"over":14,"ball":2},"speed":37.1610223643898,"subtype":"BBCode","countingProgress":{"innings":2,"over":13,"ball":2},"bowlerId":730,"nonfacingBatsmanId":96,"facingBatsmanId":201,"autoText":"M McClenaghan to S Al Hasan, no run, %SPEED% short length going down leg. He plays and misses","message":{"text":null},"tags":[],"timestamp":1431624711000,"id":1194632,"time":"17:31","updateTime":1431624680923,"sequence":312.5,"type":"Auto"},{"bbcode":"M McClenaghan to S Al Hasan, %SPEED% short length on leg stump. He picks up a single","thisOver":"1","progress":{"innings":2,"over":14,"ball":3},"speed":36.2421748255018,"subtype":"BBCode","countingProgress":{"innings":2,"over":13,"ball":3},"bowlerId":730,"nonfacingBatsmanId":96,"facingBatsmanId":201,"autoText":"M McClenaghan to S Al Hasan, %SPEED% short length on leg stump. He picks up a single","message":{"text":null},"tags":[],"timestamp":1431624805000,"id":1194633,"time":"17:32","updateTime":1431624721551,"sequence":313.5,"type":"Auto"},{"bbcode":"[b]Wasim Akram: [/b][i]\"The ball is in our court, if we win we will celebrate accordingly.\"[/i]","subtype":"BBCode","message":{"text":"<p><strong>Wasim Akram:&nbsp;</strong><em>\"The ball is in our court, if we win we will&nbsp;celebrate&nbsp;accordingly.\"</em></p>"},"tags":[],"timestamp":1431624733000,"id":1194634,"time":"17:32","updateTime":1431624733903,"sequence":314.5,"type":"Manual"},{"bbcode":"M McClenaghan to Y Pathan, Wide delivery","thisOver":"1Wd","progress":{"innings":2,"over":14,"ball":4},"speed":33.8444937050655,"subtype":"BBCode","countingProgress":{"innings":2,"over":13,"ball":4},"bowlerId":730,"nonfacingBatsmanId":201,"facingBatsmanId":96,"autoText":"M McClenaghan to Y Pathan, Wide delivery","message":{"text":null},"tags":[],"timestamp":1431624791000,"id":1194635,"time":"17:32","updateTime":1431624752115,"sequence":315.5,"type":"Auto"},{"bbcode":"M McClenaghan to Y Pathan, %SPEED% good length going down leg. He picks up a single","thisOver":"1","progress":{"innings":2,"over":14,"ball":5},"speed":35.691227011363,"subtype":"BBCode","countingProgress":{"innings":2,"over":13,"ball":4},"bowlerId":730,"nonfacingBatsmanId":201,"facingBatsmanId":96,"autoText":"M McClenaghan to Y Pathan, %SPEED% good length going down leg. He picks up a single","message":{"text":null},"tags":[],"timestamp":1431624858000,"id":1194636,"time":"17:33","updateTime":1431624792546,"sequence":316.5,"type":"Auto"},{"bbcode":"M McClenaghan to S Al Hasan, Wide delivery","thisOver":"1Wd","progress":{"innings":2,"over":14,"ball":6},"speed":37.947451340833,"subtype":"BBCode","countingProgress":{"innings":2,"over":13,"ball":5},"bowlerId":730,"nonfacingBatsmanId":96,"facingBatsmanId":201,"autoText":"M McClenaghan to S Al Hasan, Wide delivery","message":{"text":null},"tags":[],"timestamp":1431624845000,"id":1194637,"time":"17:34","updateTime":1431624843042,"sequence":317.5,"type":"Auto"},{"bbcode":"M McClenaghan to S Al Hasan, %SPEED% short length on off stump. He hits a nice boundary","thisOver":"4","progress":{"innings":2,"over":14,"ball":7},"speed":39.0701832811801,"subtype":"BBCode","countingProgress":{"innings":2,"over":13,"ball":5},"bowlerId":730,"nonfacingBatsmanId":96,"facingBatsmanId":201,"autoText":"M McClenaghan to S Al Hasan, %SPEED% short length on off stump. He hits a nice boundary","message":{"text":null},"tags":["four"],"timestamp":1431624931000,"id":1194638,"time":"17:34","updateTime":1431624873515,"sequence":318.5,"type":"Auto"},{"bbcode":"Four! McClenaghan has been off the mark this over and this bouncer is dealt with furiously by Shakib","subtype":"BBCode","message":{"text":"<p>Four! McClenaghan has been off the mark this over and this bouncer is dealt with furiously by Shakib</p>"},"tags":[],"timestamp":1431624925000,"id":1194641,"time":"17:35","updateTime":1431624921644,"sequence":319.0,"type":"Manual"},{"bbcode":"M McClenaghan to S Al Hasan, %SPEED% full toss outside off stump. He picks up a single","thisOver":"1","progress":{"innings":2,"over":14,"ball":8},"speed":38.8994104374647,"subtype":"BBCode","countingProgress":{"innings":2,"over":13,"ball":6},"bowlerId":730,"nonfacingBatsmanId":96,"facingBatsmanId":201,"autoText":"M McClenaghan to S Al Hasan, %SPEED% full toss outside off stump. He picks up a single","message":{"text":null},"tags":[],"timestamp":1431624984000,"id":1194639,"time":"17:35","updateTime":1431624914299,"sequence":319.5,"type":"Auto"},{"innings":2,"over":14,"overRuns":10,"overWickets":0,"inningsRuns":116,"inningsWickets":3,"inningsAllOut":false,"team":{"id":5,"fullName":"Kolkata Knight Riders","shortName":"Knight Riders","abbreviation":"KKR","primaryColor":"6F2C91","secondaryColor":"FFFFFF","type":"m"},"batsmanSummaries":[{"batsman":{"id":201,"fullName":"Shakib Al Hasan","shortName":"S Al Hasan","nationality":"Bangladeshi","rightHandedBat":false,"dateOfBirth":543542400000,"names":["Shakib Al Hasan","S Al Hasan"]},"runs":21,"balls":13,"fours":3,"sixes":0},{"batsman":{"id":96,"fullName":"Yusuf Pathan","shortName":"Y Pathan","nationality":"Indian","rightHandedBat":false,"dateOfBirth":406339200000,"names":["Yusuf Pathan","Y Pathan"]},"runs":25,"balls":21,"fours":2,"sixes":1}],"activeBatsman":201,"bowlerSummary":{"bowler":{"id":730,"fullName":"Mitchell McClenaghan","shortName":"M McClenaghan","nationality":"New Zealander","rightHandedBat":false,"dateOfBirth":518832000000,"names":["Mitchell McClenaghan","M McClenaghan"]},"overs":"3","runs":24,"wickets":0,"maidens":0},"inningsBalls":84,"inningsMaxBalls":120,"inningsTarget":172,"message":{"text":null},"tags":[],"timestamp":1431624914000,"id":1194640,"time":"17:35","updateTime":1431624914480,"sequence":320.5,"type":"Eov"},{"mediaId":"4236665198001","endpointUrlHq1":"http://brightcove.vo.llnwd.net/v1/uds/pd/3588749423001/201505/3007/3588749423001_4236721499001_M51-KKR-3RD-WKT.mp4","endpointUrlHq2":"http://brightcove.vo.llnwd.net/v1/uds/pd/3588749423001/201505/3007/3588749423001_4236721507001_M51-KKR-3RD-WKT.mp4","endpointUrlAlt":"http://c.brightcove.com/services/mobile/streaming/index/rendition.m3u8?assetId=4236721534001","title":"M51: MI vs KKR – Gautam Gambhir Wicket","largeThumbnail":"http://brightcove.vo.llnwd.net/v1/unsecured/media/3588749423001/201505/1007/3588749423001_4236721501001_vs-5554da06e4b0f86a0657181a-782203297001.jpg?pubId=3588749423001","duration":27040,"endpointUrl":"http://brightcove.vo.llnwd.net/v1/uds/pd/3588749423001/201505/2257/3588749423001_4236725601001_M51-KKR-3RD-WKT.mp4","smallThumbnail":"http://brightcove.vo.llnwd.net/v1/unsecured/media/3588749423001/201505/2007/3588749423001_4236721502001_th-5554da06e4b0f86a0657181a-782203297001.jpg?pubId=3588749423001","description":null,"endpointUrlMq":"http://brightcove.vo.llnwd.net/v1/uds/pd/3588749423001/201505/2039/3588749423001_4236725626001_M51-KKR-3RD-WKT.mp4","endpointUrlHq3":"http://brightcove.vo.llnwd.net/v1/uds/pd/3588749423001/201505/593/3588749423001_4236735505001_M51-KKR-3RD-WKT.mp4","publishDate":1431624176073,"message":{"text":null},"tags":["account:iplt20","kkr","2015","ipl2015","ipl2015-51","IPL 2015","innings 2","playerid 84","match:ipl2015-51","ball 2","over 11","wicket","channel:ipl-match-centre","mi"],"timestamp":1431625157000,"id":1194645,"time":"17:39","updateTime":1431625142256,"sequence":321.0,"type":"Video"},{"bbcode":"V Kumar to S Al Hasan, %SPEED% short length going down leg. He picks up two","thisOver":"2","progress":{"innings":2,"over":15,"ball":1},"speed":31.3983579404688,"subtype":"BBCode","countingProgress":{"innings":2,"over":14,"ball":1},"bowlerId":166,"nonfacingBatsmanId":96,"facingBatsmanId":201,"autoText":"V Kumar to S Al Hasan, %SPEED% short length going down leg. He picks up two","message":{"text":null},"tags":[],"timestamp":1431625090000,"id":1194643,"time":"17:36","updateTime":1431625006813,"sequence":321.5,"type":"Auto"},{"bbcode":"V Kumar to S Al Hasan, [b]WICKET!!! S Al Hasan is out[/b] c Hardik Pandya b Vinay Kumar","thisOver":"W","progress":{"innings":2,"over":15,"ball":2},"speed":36.4122661581269,"subtype":"BBCode","countingProgress":{"innings":2,"over":14,"ball":2},"bowlerId":166,"nonfacingBatsmanId":96,"facingBatsmanId":201,"autoText":"V Kumar to S Al Hasan, <b>WICKET!!! S Al Hasan is out</b> c Hardik Pandya b Vinay Kumar","message":{"text":null},"tags":["wicket"],"timestamp":1431625107000,"id":1194644,"time":"17:37","updateTime":1431625077478,"sequence":322.5,"type":"Auto"},{"bbcode":"[b]Wicket![/b] The bowling change works for Rohit! Al-Hasan strikes into deep mid wicket and doesn't make the fence, the catch is taken and in comes the KKR finisher... Russell Muscle!","subtype":"BBCode","message":{"text":"<p><strong>Wicket!</strong> The bowling change works for Rohit! Al-Hasan strikes into deep mid wicket and doesn't make the fence, the catch is taken and in comes the KKR finisher... Russell Muscle!</p>"},"tags":[],"timestamp":1431625204000,"id":1194646,"time":"17:39","updateTime":1431625143544,"sequence":324.5,"type":"Manual"},{"bbcode":"V Kumar to Y Pathan, %SPEED% short length outside off stump. He picks up two","thisOver":"2","progress":{"innings":2,"over":15,"ball":3},"speed":37.3796127182449,"subtype":"BBCode","countingProgress":{"innings":2,"over":14,"ball":3},"bowlerId":166,"nonfacingBatsmanId":177,"facingBatsmanId":96,"autoText":"V Kumar to Y Pathan, %SPEED% short length outside off stump. He picks up two","message":{"text":null},"tags":[],"timestamp":1431625226000,"id":1194648,"time":"17:39","updateTime":1431625178820,"sequence":325.5,"type":"Auto"},{"bbcode":"V Kumar to Y Pathan, %SPEED% short length outside off stump. He picks up a single","thisOver":"1","progress":{"innings":2,"over":15,"ball":4},"speed":37.0212770657173,"subtype":"BBCode","countingProgress":{"innings":2,"over":14,"ball":4},"bowlerId":166,"nonfacingBatsmanId":177,"facingBatsmanId":96,"autoText":"V Kumar to Y Pathan, %SPEED% short length outside off stump. He picks up a single","message":{"text":null},"tags":[],"timestamp":1431625277000,"id":1194649,"time":"17:40","updateTime":1431625209626,"sequence":326.5,"type":"Auto"},{"bbcode":"V Kumar to A Russell, no run, %SPEED% full toss on leg stump. He doesn't offer a shot","thisOver":".","progress":{"innings":2,"over":15,"ball":5},"speed":35.8455299463272,"subtype":"BBCode","countingProgress":{"innings":2,"over":14,"ball":5},"bowlerId":166,"nonfacingBatsmanId":96,"facingBatsmanId":177,"autoText":"V Kumar to A Russell, no run, %SPEED% full toss on leg stump. He doesn't offer a shot","message":{"text":null},"tags":[],"timestamp":1431625330000,"id":1194650,"time":"17:40","updateTime":1431625251078,"sequence":327.5,"type":"Auto"},{"bbcode":"V Kumar to A Russell, %SPEED% full length outside off stump. He picks up a single","thisOver":"1","progress":{"innings":2,"over":15,"ball":6},"speed":36.8797496647295,"subtype":"BBCode","countingProgress":{"innings":2,"over":14,"ball":6},"bowlerId":166,"nonfacingBatsmanId":96,"facingBatsmanId":177,"autoText":"V Kumar to A Russell, %SPEED% full length outside off stump. He picks up a single","message":{"text":null},"tags":[],"timestamp":1431625330000,"id":1194651,"time":"17:41","updateTime":1431625302220,"sequence":328.5,"type":"Auto"},{"innings":2,"over":15,"overRuns":6,"overWickets":1,"inningsRuns":122,"inningsWickets":4,"inningsAllOut":false,"team":{"id":5,"fullName":"Kolkata Knight Riders","shortName":"Knight Riders","abbreviation":"KKR","primaryColor":"6F2C91","secondaryColor":"FFFFFF","type":"m"},"batsmanSummaries":[{"batsman":{"id":177,"fullName":"Andre Russell","shortName":"A Russell","nationality":"West Indian","rightHandedBat":false,"dateOfBirth":578275200000,"names":["Andre Russell","A Russell"]},"runs":1,"balls":2,"fours":0,"sixes":0},{"batsman":{"id":96,"fullName":"Yusuf Pathan","shortName":"Y Pathan","nationality":"Indian","rightHandedBat":false,"dateOfBirth":406339200000,"names":["Yusuf Pathan","Y Pathan"]},"runs":28,"balls":23,"fours":2,"sixes":1}],"activeBatsman":177,"bowlerSummary":{"bowler":{"id":166,"fullName":"Vinay Kumar","shortName":"V Kumar","nationality":"Indian","rightHandedBat":false,"dateOfBirth":445392000000,"names":["Vinay Kumar","V Kumar"]},"overs":"3","runs":19,"wickets":1,"maidens":0},"inningsBalls":90,"inningsMaxBalls":120,"inningsTarget":172,"message":{"text":null},"tags":[],"timestamp":1431625302000,"id":1194652,"time":"17:41","updateTime":1431625302380,"sequence":329.5,"type":"Eov"},{"bbcode":"Lasith Malinga is back at the death for MI","subtype":"BBCode","message":{"text":"<p>Lasith Malinga is back at the death for MI</p>"},"tags":[],"timestamp":1431625460000,"id":1194656,"time":"17:44","updateTime":1431625458485,"sequence":330.0,"type":"Manual"},{"bbcode":"L Malinga to A Russell, %SPEED% full length outside off stump. He picks up a single","thisOver":"1","progress":{"innings":2,"over":16,"ball":1},"speed":33.5662050940831,"subtype":"BBCode","countingProgress":{"innings":2,"over":15,"ball":1},"bowlerId":211,"nonfacingBatsmanId":96,"facingBatsmanId":177,"autoText":"L Malinga to A Russell, %SPEED% full length outside off stump. He picks up a single","message":{"text":null},"tags":[],"timestamp":1431625464000,"id":1194653,"time":"17:43","updateTime":1431625403950,"sequence":330.5,"type":"Auto"},{"bbcode":"L Malinga to Y Pathan, %SPEED% full length just outside off stump. He hits a nice boundary","thisOver":"4","progress":{"innings":2,"over":16,"ball":2},"speed":32.5511050525869,"subtype":"BBCode","countingProgress":{"innings":2,"over":15,"ball":2},"bowlerId":211,"nonfacingBatsmanId":177,"facingBatsmanId":96,"autoText":"L Malinga to Y Pathan, %SPEED% full length just outside off stump. He hits a nice boundary","message":{"text":null},"tags":["four"],"timestamp":1431625515000,"id":1194654,"time":"17:43","updateTime":1431625434458,"sequence":331.5,"type":"Auto"},{"bbcode":"Four! Split the gap down the ground superbly! Pathan launches straight and the umpire has to take evasive action","subtype":"BBCode","message":{"text":"<p>Four! Split the gap down the ground superbly! Pathan launches straight and the umpire has to take evasive action</p>"},"tags":[],"timestamp":1431625509000,"id":1194655,"time":"17:44","updateTime":1431625446462,"sequence":332.5,"type":"Manual"},{"bbcode":"L Malinga to Y Pathan, no run, %SPEED% short length on middle stump. He doesn't offer a shot","thisOver":".","progress":{"innings":2,"over":16,"ball":3},"speed":36.1422553868466,"subtype":"BBCode","countingProgress":{"innings":2,"over":15,"ball":3},"bowlerId":211,"nonfacingBatsmanId":177,"facingBatsmanId":96,"autoText":"L Malinga to Y Pathan, no run, %SPEED% short length on middle stump. He doesn't offer a shot","message":{"text":null},"tags":[],"timestamp":1431625515000,"id":1194658,"time":"17:45","updateTime":1431625515808,"sequence":333.5,"type":"Auto"},{"bbcode":"L Malinga to Y Pathan, %SPEED% short length on middle stump. He plays and misses","thisOver":"1","progress":{"innings":2,"over":16,"ball":4},"speed":38.6691463890342,"subtype":"BBCode","countingProgress":{"innings":2,"over":15,"ball":4},"bowlerId":211,"nonfacingBatsmanId":177,"facingBatsmanId":96,"autoText":"L Malinga to Y Pathan, %SPEED% short length on middle stump. He plays and misses","message":{"text":null},"tags":[],"timestamp":1431625569000,"id":1194659,"time":"17:45","updateTime":1431625526789,"sequence":334.5,"type":"Auto"},{"bbcode":"L Malinga to A Russell, [b]WICKET!!! A Russell is out[/b] c Parthiv Patel b Lasith Malinga","thisOver":"W","progress":{"innings":2,"over":16,"ball":5},"speed":33.9346113127829,"subtype":"BBCode","countingProgress":{"innings":2,"over":15,"ball":5},"bowlerId":211,"nonfacingBatsmanId":96,"facingBatsmanId":177,"autoText":"L Malinga to A Russell, <b>WICKET!!! A Russell is out</b> c Parthiv Patel b Lasith Malinga","message":{"text":null},"tags":["wicket"],"timestamp":1431625595000,"id":1194660,"time":"17:45","updateTime":1431625557787,"sequence":335.5,"type":"Auto"},{"bbcode":"[b]Wicket![/b] The crowd are on their feet after Russell edges his drive behind to Patel! Everyone knows how big a wicket that is at this stage and what a scalp to claim. We take a timeout with the match still on a knife edge.","subtype":"BBCode","message":{"text":"<p><strong>Wicket!</strong> The crowd are on their feet after Russell edges his drive behind to Patel! Everyone knows how big a wicket that is at this stage and what a scalp to claim. We take a timeout with the match still on a knife edge.</p>"},"tags":[],"timestamp":1431625664000,"id":1194661,"time":"17:47","updateTime":1431625664468,"sequence":336.5,"type":"Manual"},{"bbcode":"L Malinga to S Yadav, %SPEED% full toss just outside off stump. He picks up two","thisOver":"2","progress":{"innings":2,"over":16,"ball":6},"speed":33.4758654384493,"subtype":"BBCode","countingProgress":{"innings":2,"over":15,"ball":6},"bowlerId":211,"nonfacingBatsmanId":96,"facingBatsmanId":108,"autoText":"L Malinga to S Yadav, %SPEED% full toss just outside off stump. He picks up two","message":{"text":null},"tags":[],"timestamp":1431625882000,"id":1194662,"time":"17:50","updateTime":1431625812282,"sequence":337.5,"type":"Auto"},{"bbcode":"Close! The leading edge loops agonisingly close over mid wicket! MI are living every second of this high pressure finish","subtype":"BBCode","message":{"text":"<p>Close! The leading edge loops agonisingly close over mid wicket! MI are living every second of this high pressure finish</p>"},"tags":[],"timestamp":1431625869000,"id":1194664,"time":"17:50","updateTime":1431625820890,"sequence":338.0,"type":"Manual"},{"innings":2,"over":16,"overRuns":8,"overWickets":1,"inningsRuns":130,"inningsWickets":5,"inningsAllOut":false,"team":{"id":5,"fullName":"Kolkata Knight Riders","shortName":"Knight Riders","abbreviation":"KKR","primaryColor":"6F2C91","secondaryColor":"FFFFFF","type":"m"},"batsmanSummaries":[{"batsman":{"id":108,"fullName":"Suryakumar Yadav","shortName":"S Yadav","nationality":"Indian","rightHandedBat":true,"dateOfBirth":653270400000,"names":["Suryakumar Yadav","S Yadav"]},"runs":2,"balls":1,"fours":0,"sixes":0},{"batsman":{"id":96,"fullName":"Yusuf Pathan","shortName":"Y Pathan","nationality":"Indian","rightHandedBat":false,"dateOfBirth":406339200000,"names":["Yusuf Pathan","Y Pathan"]},"runs":33,"balls":26,"fours":3,"sixes":1}],"activeBatsman":96,"bowlerSummary":{"bowler":{"id":211,"fullName":"Lasith Malinga","shortName":"L Malinga","nationality":"Sri Lankan","rightHandedBat":true,"dateOfBirth":430876800000,"names":["Lasith Malinga","L Malinga"]},"overs":"3","runs":23,"wickets":1,"maidens":0},"inningsBalls":96,"inningsMaxBalls":120,"inningsTarget":172,"message":{"text":null},"tags":[],"timestamp":1431625812000,"id":1194663,"time":"17:50","updateTime":1431625812413,"sequence":338.5,"type":"Eov"},{"bbcode":"V Kumar to Y Pathan, %SPEED% short length outside off stump. He hits a nice boundary","thisOver":"4","progress":{"innings":2,"over":17,"ball":1},"speed":35.8754364440339,"subtype":"BBCode","countingProgress":{"innings":2,"over":16,"ball":1},"bowlerId":166,"nonfacingBatsmanId":108,"facingBatsmanId":96,"autoText":"V Kumar to Y Pathan, %SPEED% short length outside off stump. He hits a nice boundary","message":{"text":null},"tags":["four"],"timestamp":1431625945000,"id":1194666,"time":"17:51","updateTime":1431625884299,"sequence":339.5,"type":"Auto"},{"bbcode":"Four! Smashed through the off side! Pathan is in the zone and will know he is the key man to this finish now","subtype":"BBCode","message":{"text":"<p>Four! Smashed through the off side! Pathan is in the zone and will know he is the key man to this finish now</p>"},"tags":[],"timestamp":1431625922000,"id":1194667,"time":"17:52","updateTime":1431625922123,"sequence":340.5,"type":"Manual"},{"bbcode":"V Kumar to Y Pathan, %SPEED% full length outside off stump. He picks up a single","thisOver":"1","progress":{"innings":2,"over":17,"ball":2},"speed":36.3880196691998,"subtype":"BBCode","countingProgress":{"innings":2,"over":16,"ball":2},"bowlerId":166,"nonfacingBatsmanId":108,"facingBatsmanId":96,"autoText":"V Kumar to Y Pathan, %SPEED% full length outside off stump. He picks up a single","message":{"text":null},"tags":[],"timestamp":1431625997000,"id":1194668,"time":"17:52","updateTime":1431625935161,"sequence":341.5,"type":"Auto"},{"bbcode":"V Kumar to S Yadav, %SPEED% short length outside off stump. He hits a nice boundary","thisOver":"4","progress":{"innings":2,"over":17,"ball":3},"speed":37.2049993712986,"subtype":"BBCode","countingProgress":{"innings":2,"over":16,"ball":3},"bowlerId":166,"nonfacingBatsmanId":96,"facingBatsmanId":108,"autoText":"V Kumar to S Yadav, %SPEED% short length outside off stump. He hits a nice boundary","message":{"text":null},"tags":["four"],"timestamp":1431626048000,"id":1194669,"time":"17:52","updateTime":1431625976558,"sequence":342.5,"type":"Auto"},{"bbcode":"Four! Suryakumar is very unorthodox and he guides late past Patel with the gloves","subtype":"BBCode","message":{"text":"<p>Four! Suryakumar is very unorthodox and he guides late past Patel with the gloves</p>"},"tags":[],"timestamp":1431626056000,"id":1194670,"time":"17:53","updateTime":1431626004802,"sequence":343.5,"type":"Manual"},{"bbcode":"V Kumar to S Yadav, %SPEED% short length outside off stump. He hits a nice boundary","thisOver":"4","progress":{"innings":2,"over":17,"ball":4},"speed":35.5299698585805,"subtype":"BBCode","countingProgress":{"innings":2,"over":16,"ball":4},"bowlerId":166,"nonfacingBatsmanId":96,"facingBatsmanId":108,"autoText":"V Kumar to S Yadav, %SPEED% short length outside off stump. He hits a nice boundary","message":{"text":null},"tags":["four"],"timestamp":1431626120000,"id":1194671,"time":"17:53","updateTime":1431626027710,"sequence":344.5,"type":"Auto"},{"bbcode":"Four! Slashed over point! This is a massive over for KKR and MI cannot afford much more of this","subtype":"BBCode","message":{"text":"<p>Four! Slashed over point! This is a massive over for KKR and MI cannot afford much more of this</p>"},"tags":[],"timestamp":1431626092000,"id":1194672,"time":"17:54","updateTime":1431626059649,"sequence":345.5,"type":"Manual"},{"bbcode":"V Kumar to S Yadav, %SPEED% full toss just outside off stump. He picks up a single","thisOver":"1","progress":{"innings":2,"over":17,"ball":5},"speed":35.4492624050067,"subtype":"BBCode","countingProgress":{"innings":2,"over":16,"ball":5},"bowlerId":166,"nonfacingBatsmanId":96,"facingBatsmanId":108,"autoText":"V Kumar to S Yadav, %SPEED% full toss just outside off stump. He picks up a single","message":{"text":null},"tags":[],"timestamp":1431626120000,"id":1194673,"time":"17:54","updateTime":1431626060966,"sequence":346.5,"type":"Auto"},{"bbcode":"V Kumar to Y Pathan, no run, %SPEED% full length outside off stump. He doesn't offer a shot","thisOver":".","progress":{"innings":2,"over":17,"ball":6},"speed":36.2092087617345,"subtype":"BBCode","countingProgress":{"innings":2,"over":16,"ball":6},"bowlerId":166,"nonfacingBatsmanId":108,"facingBatsmanId":96,"autoText":"V Kumar to Y Pathan, no run, %SPEED% full length outside off stump. He doesn't offer a shot","message":{"text":null},"tags":[],"timestamp":1431626181000,"id":1194676,"time":"17:55","updateTime":1431626110172,"sequence":347.5,"type":"Auto"},{"innings":2,"over":17,"overRuns":14,"overWickets":0,"inningsRuns":144,"inningsWickets":5,"inningsAllOut":false,"team":{"id":5,"fullName":"Kolkata Knight Riders","shortName":"Knight Riders","abbreviation":"KKR","primaryColor":"6F2C91","secondaryColor":"FFFFFF","type":"m"},"batsmanSummaries":[{"batsman":{"id":96,"fullName":"Yusuf Pathan","shortName":"Y Pathan","nationality":"Indian","rightHandedBat":false,"dateOfBirth":406339200000,"names":["Yusuf Pathan","Y Pathan"]},"runs":38,"balls":29,"fours":4,"sixes":1},{"batsman":{"id":108,"fullName":"Suryakumar Yadav","shortName":"S Yadav","nationality":"Indian","rightHandedBat":true,"dateOfBirth":653270400000,"names":["Suryakumar Yadav","S Yadav"]},"runs":11,"balls":4,"fours":2,"sixes":0}],"activeBatsman":108,"bowlerSummary":{"bowler":{"id":166,"fullName":"Vinay Kumar","shortName":"V Kumar","nationality":"Indian","rightHandedBat":false,"dateOfBirth":445392000000,"names":["Vinay Kumar","V Kumar"]},"overs":"4","runs":33,"wickets":1,"maidens":0},"inningsBalls":102,"inningsMaxBalls":120,"inningsTarget":172,"message":{"text":null},"tags":[],"timestamp":1431626110000,"id":1194677,"time":"17:55","updateTime":1431626110306,"sequence":348.5,"type":"Eov"},{"bbcode":"M McClenaghan to S Yadav, [b]WICKET!!! S Yadav is out[/b] c Ambati Rayudu b Mitchell McClenaghan","thisOver":"W","progress":{"innings":2,"over":18,"ball":1},"speed":34.7355798532132,"subtype":"BBCode","countingProgress":{"innings":2,"over":17,"ball":1},"bowlerId":730,"nonfacingBatsmanId":96,"facingBatsmanId":108,"autoText":"M McClenaghan to S Yadav, <b>WICKET!!! S Yadav is out</b> c Ambati Rayudu b Mitchell McClenaghan","message":{"text":null},"tags":["wicket"],"timestamp":1431626273000,"id":1194678,"time":"17:57","updateTime":1431626252484,"sequence":349.5,"type":"Auto"}]}