{"squadId":463,"totalVotes":7878,"players":[{"id":107,"voteCount":7475,"fullName":"Rohit Sharma","shortName":"RG Sharma"},{"id":210,"voteCount":7445,"fullName":"Kieron Pollard","shortName":"K Pollard"},{"id":103,"voteCount":7185,"fullName":"Harbhajan Singh","shortName":"H Singh"},{"id":211,"voteCount":6987,"fullName":"Lasith Malinga","shortName":"L Malinga"},{"id":595,"voteCount":6820,"fullName":"Lendl Simmons","shortName":"L Simmons"},{"id":100,"voteCount":6798,"fullName":"Ambati Rayudu","shortName":"A Rayudu"},{"id":44,"voteCount":6323,"fullName":"Parthiv Patel","shortName":"P Patel"},{"id":2740,"voteCount":5468,"fullName":"Hardik Pandya","shortName":"H Pandya"},{"id":166,"voteCount":5307,"fullName":"Vinay Kumar","shortName":"V Kumar"},{"id":730,"voteCount":4777,"fullName":"Mitchell McClenaghan","shortName":"M McClenaghan"},{"id":2741,"voteCount":4765,"fullName":"Jagadeesha Suchith","shortName":"J Suchith"},{"id":60,"voteCount":2523,"fullName":"Unmukt Chand","shortName":"U Chand"},{"id":968,"voteCount":1903,"fullName":"Corey Anderson","shortName":"C Anderson"},{"id":106,"voteCount":1732,"fullName":"Pragyan Ojha","shortName":"P Ojha"},{"id":99,"voteCount":1705,"fullName":"Aditya Tare","shortName":"A Tare"},{"id":1124,"voteCount":1464,"fullName":"Jasprit Bumrah","shortName":"J Bumrah"},{"id":17,"voteCount":728,"fullName":"Ben Hilfenhaus","shortName":"B Hilfenhaus"},{"id":204,"voteCount":700,"fullName":"Marchant de Lange","shortName":"M de Lange"},{"id":151,"voteCount":627,"fullName":"Abhimanyu Mithun","shortName":"A Mithun"},{"id":1748,"voteCount":528,"fullName":"Shreyas Gopal","shortName":"S Gopal"},{"id":105,"voteCount":416,"fullName":"Pawan Suyal","shortName":"P Suyal"},{"id":205,"voteCount":291,"fullName":"Aiden Blizzard","shortName":"A Blizzard"},{"id":2737,"voteCount":290,"fullName":"Akshay Wakhare","shortName":"A Wakhare"},{"id":2738,"voteCount":249,"fullName":"Nitish Rana","shortName":"N Rana"},{"id":2739,"voteCount":242,"fullName":"Siddhesh Lad","shortName":"SD Lad"},{"id":773,"voteCount":196,"fullName":"Colin Munro","shortName":"C Munro"}]}