{"matchInfo":{"description":"Match 51","matchType":"IPLT20","teams":[{"id":3763,"players":[{"names":["Lendl Simmons","L Simmons"],"rightHandedBat":true,"dateOfBirth":475459200000,"id":595,"fullName":"Lendl Simmons","shortName":"L Simmons","nationality":"West Indian"},{"names":["Parthiv Patel","P Patel"],"dateOfBirth":479174400000,"id":44,"fullName":"Parthiv Patel","shortName":"P Patel","nationality":"Indian"},{"names":["Rohit Sharma","RG Sharma"],"rightHandedBat":true,"dateOfBirth":546739200000,"id":107,"fullName":"Rohit Sharma","shortName":"RG Sharma","nationality":"Indian"},{"names":["Kieron Pollard","K Pollard"],"rightHandedBat":true,"dateOfBirth":547776000000,"id":210,"fullName":"Kieron Pollard","shortName":"K Pollard","nationality":"West Indian"},{"names":["Ambati Rayudu","A Rayudu"],"rightHandedBat":true,"dateOfBirth":496281600000,"id":100,"fullName":"Ambati Rayudu","shortName":"A Rayudu","nationality":"Indian"},{"names":["Hardik Pandya","H Pandya"],"rightHandedBat":true,"dateOfBirth":750297600000,"id":2740,"fullName":"Hardik Pandya","shortName":"H Pandya","nationality":"Indian"},{"names":["Harbhajan Singh","H Singh"],"rightHandedBat":true,"dateOfBirth":331430400000,"id":103,"fullName":"Harbhajan Singh","shortName":"H Singh","nationality":"Indian"},{"names":["Jagadeesha Suchith","J Suchith"],"dateOfBirth":758678400000,"id":2741,"fullName":"Jagadeesha Suchith","shortName":"J Suchith","nationality":"Indian"},{"names":["Mitchell McClenaghan","M McClenaghan"],"dateOfBirth":518832000000,"id":730,"fullName":"Mitchell McClenaghan","shortName":"M McClenaghan","nationality":"New Zealander"},{"names":["Vinay Kumar","V Kumar"],"dateOfBirth":445392000000,"id":166,"fullName":"Vinay Kumar","shortName":"V Kumar","nationality":"Indian"},{"names":["Lasith Malinga","L Malinga"],"rightHandedBat":true,"dateOfBirth":430876800000,"id":211,"fullName":"Lasith Malinga","shortName":"L Malinga","nationality":"Sri Lankan"}],"team":{"type":"m","fullName":"Mumbai Indians","shortName":"Mumbai","abbreviation":"MI","primaryColor":"00AEEF","secondaryColor":"FFFFFF","id":6},"wicketKeeper":{"names":["Parthiv Patel","P Patel"],"dateOfBirth":479174400000,"id":44,"fullName":"Parthiv Patel","shortName":"P Patel","nationality":"Indian"},"captain":{"names":["Rohit Sharma","RG Sharma"],"rightHandedBat":true,"dateOfBirth":546739200000,"id":107,"fullName":"Rohit Sharma","shortName":"RG Sharma","nationality":"Indian"}},{"id":3762,"players":[{"names":["Robin Uthappa","R Uthappa"],"dateOfBirth":500515200000,"id":127,"fullName":"Robin Uthappa","shortName":"R Uthappa","nationality":"Indian"},{"names":["Gautam Gambhir","G Gambhir"],"dateOfBirth":371865600000,"id":84,"fullName":"Gautam Gambhir","shortName":"G Gambhir","nationality":"Indian"},{"names":["Manish Pandey","M Pandey"],"dateOfBirth":621388800000,"id":123,"fullName":"Manish Pandey","shortName":"M Pandey","nationality":"Indian"},{"names":["Yusuf Pathan","Y Pathan"],"dateOfBirth":406339200000,"id":96,"fullName":"Yusuf Pathan","shortName":"Y Pathan","nationality":"Indian"},{"names":["Andre Russell","A Russell"],"dateOfBirth":578275200000,"id":177,"fullName":"Andre Russell","shortName":"A Russell","nationality":"West Indian"},{"names":["Suryakumar Yadav","S Yadav"],"rightHandedBat":true,"dateOfBirth":653270400000,"id":108,"fullName":"Suryakumar Yadav","shortName":"S Yadav","nationality":"Indian"},{"names":["Shakib Al Hasan","S Al Hasan"],"dateOfBirth":543542400000,"id":201,"fullName":"Shakib Al Hasan","shortName":"S Al Hasan","nationality":"Bangladeshi"},{"names":["Piyush Chawla","P Chawla"],"dateOfBirth":598924800000,"id":76,"fullName":"Piyush Chawla","shortName":"P Chawla","nationality":"Indian"},{"names":["Umesh Yadav","U Yadav"],"dateOfBirth":562118400000,"id":59,"fullName":"Umesh Yadav","shortName":"U Yadav","nationality":"Indian"},{"names":["Sunil Narine","S Narine"],"dateOfBirth":580608000000,"id":203,"fullName":"Sunil Narine","shortName":"S Narine","nationality":"West Indian"},{"names":["Morne Morkel","M Morkel"],"dateOfBirth":465868800000,"id":169,"fullName":"Morne Morkel","shortName":"M Morkel","nationality":"South African"}],"team":{"type":"m","fullName":"Kolkata Knight Riders","shortName":"Knight Riders","abbreviation":"KKR","primaryColor":"6F2C91","secondaryColor":"FFFFFF","id":5},"wicketKeeper":{"names":["Robin Uthappa","R Uthappa"],"dateOfBirth":500515200000,"id":127,"fullName":"Robin Uthappa","shortName":"R Uthappa","nationality":"Indian"},"captain":{"names":["Gautam Gambhir","G Gambhir"],"dateOfBirth":371865600000,"id":84,"fullName":"Gautam Gambhir","shortName":"G Gambhir","nationality":"Indian"}}],"venue":{"id":4,"country":"India","fullName":"Wankhede Stadium","shortName":"Wankhede Stadium","city":"Mumbai"},"matchDate":"2015-05-14T20:00:00+0530","battingOrder":[0,1],"additionalInfo":{"toss.elected":"Kolkata Knight Riders, who chose to field","match.video.id":"4236911128001","stats.link":"http://www.iplt20.com/news/2015/more-news/6784/quick-stats-m51-mi-vs-kkr","match.summary":"","photostream.link":"http://www.iplt20.com/photos/299/ipl-2015-match-51-mi-v-kkr","mom.video.id":"4236911131001","home.team.fan.total":"10561","notes.1.1":"Powerplay - 46 runs, 2 wickets","away.team.fan.total":"14372","notes.1.2":"MI: 50 runs in 7.3 overs","umpire.name.3":"Rajesh Deshpande","notes.1.3":"MI: 100 runs in 15.1 overs","umpire.name.4":"Krishnamachari Bharatan","umpire.name.1":"Richard Illingworth","notes.1.4":"5th Wicket: 50 runs in 31 balls (Kieron Pollard 17, Hardik Pandya 29)","umpire.name.2":"Vineet Kulkarni","notes.1.5":"MI: 150 runs in 18.3 overs","notes.1.6":"Hardik Pandya: 50 off 25 balls (7 x fours, 2 x sixes)","notes.1.7":"Innings Break: MI - 171/4 in 20 overs","highlights.link":"http://www.iplt20.com/videos/media/id/4236911128001/m51-mi-vs-kkr-match-highlights","result.playerofthematch":"Hardik Pandya","mom.video.thumb":"http://brightcove.vo.llnwd.net/v1/unsecured/media/3588749423001/201505/2417/3588749423001_4236958901001_vs-5554f73ae4b0b036f043164d-782203294001.jpg?pubId=3588749423001","interview.link":"http://www.iplt20.com/news/2015/features/6781/hardik-tells-of-his-rapport-with-ponting","sixes.video.id":"4236665260001","interview.thumb":"http://static2.iplt20.com/cms/media/images/320x213/43283.jpg","referee.name":"Rajendra Jadeja","match.video.thumb":"http://brightcove.vo.llnwd.net/v1/unsecured/media/3588749423001/201505/2343/3588749423001_4236801724001_video-still-for-video-4236911128001.jpg?pubId=3588749423001","stats.thumb":"http://static2.iplt20.com/cms/media/images/320x213/43286.jpg","toss.winner":"Kolkata Knight Riders ","notes.2.5":"Yusuf Pathan: 50 off 35 balls (5 x fours, 2 x sixes)","sixes.video.thumb":"http://brightcove.vo.llnwd.net/v1/unsecured/media/3588749423001/201505/2953/3588749423001_4236801674001_video-still-for-video-4236665260001.jpg?pubId=3588749423001","notes.2.3":"KKR: 100 runs in 12.1 overs","notes.2.4":"KKR: 150 runs in 17.5 overs","report.thumb":"http://static2.iplt20.com/cms/media/images/320x213/43257.jpg","notes.2.1":"Powerplay - 50 runs, 2 wickets","report.link":"http://www.iplt20.com/news/2015/match-reports/6769/report-m51-mi-vs-kkr","notes.2.2":"KKR: 50 runs in 5.6 overs"},"oversLimit":20,"matchState":"C","isLimitedOvers":true,"matchStatus":{"text":"Mumbai Indians won by 5 runs","outcome":"A"},"matchSummary":"","tournamentLabel":"IPL 2015"},"matchId":{"tournamentId":{"name":"ipl2015","id":2785},"name":"ipl2015-51","id":3276,"parentId":{"name":"ipl2015","id":2785}},"innings":[{"inningsNumber":1,"scorecard":{"runs":171,"extras":{"noBallRuns":3,"wideRuns":6,"legByeRuns":1},"battingStats":[{"mod":{"text":"c Manish Pandey b Morne Morkel","dismissedBp":{"over":6,"innings":1,"ball":5},"countingBp":{"over":6,"innings":1,"ball":4},"bowlerId":169,"additionalPlayerIds":[123],"dismissedMethod":"ct"},"playerId":595,"r":14,"b":16,"sr":"87.50","4s":1,"6s":1},{"mod":{"text":"c Manish Pandey b Shakib Al Hasan","dismissedBp":{"over":5,"innings":1,"ball":2},"countingBp":{"over":5,"innings":1,"ball":2},"bowlerId":201,"additionalPlayerIds":[123],"dismissedMethod":"ct"},"playerId":44,"r":21,"b":14,"sr":"150.00","4s":3,"6s":0},{"mod":{"text":"b Sunil Narine","dismissedBp":{"over":12,"innings":1,"ball":4},"countingBp":{"over":12,"innings":1,"ball":4},"bowlerId":203,"dismissedMethod":"b"},"playerId":107,"r":30,"b":21,"sr":"142.85","4s":5,"6s":0},{"mod":{"text":"c Andre Russell b Shakib Al Hasan","dismissedBp":{"over":7,"innings":1,"ball":3},"countingBp":{"over":7,"innings":1,"ball":3},"bowlerId":201,"additionalPlayerIds":[177],"dismissedMethod":"ct"},"playerId":100,"r":2,"b":3,"sr":"66.66","4s":0,"6s":0},{"playerId":210,"r":33,"b":38,"sr":"86.84","4s":1,"6s":1},{"playerId":2740,"r":61,"b":31,"sr":"196.77","4s":8,"6s":2}],"bowlingStats":[{"playerId":59,"r":37,"w":0,"ov":"3","d":3,"maid":0,"e":"12.33","wd":0,"nb":1},{"playerId":169,"r":27,"w":1,"ov":"4","d":11,"maid":0,"e":"6.75","wd":2,"nb":1},{"playerId":201,"r":22,"w":2,"ov":"4","d":12,"maid":0,"e":"5.50","wd":1,"nb":0},{"playerId":76,"r":9,"w":0,"ov":"1","d":3,"maid":0,"e":"9.00","wd":0,"nb":0},{"playerId":203,"r":38,"w":1,"ov":"4","d":6,"maid":0,"e":"9.50","wd":3,"nb":0},{"playerId":177,"r":37,"w":0,"ov":"4","d":7,"maid":0,"e":"9.25","wd":0,"nb":1}],"wkts":4,"fow":[{"bp":{"over":5,"innings":1,"ball":2},"playerId":44,"r":29,"w":1},{"bp":{"over":6,"innings":1,"ball":4},"playerId":595,"r":42,"w":2},{"bp":{"over":7,"innings":1,"ball":3},"playerId":100,"r":47,"w":3},{"bp":{"over":12,"innings":1,"ball":4},"playerId":107,"r":79,"w":4}]},"overProgress":"20","runRate":"8.55","overHistory":[{"ovNo":1,"ovBalls":[".",".","1",".","4","1"]},{"ovNo":2,"ovBalls":["1",".",".","1","1","1"]},{"ovNo":3,"ovBalls":[".","1",".",".","1","4"]},{"ovNo":4,"ovBalls":["2","4","2","1",".","."]},{"ovNo":5,"ovBalls":["4","W",".",".","4","1"]},{"ovNo":6,"ovBalls":["1",".","1Nb","6","W","1Wd","1","2"]},{"ovNo":7,"ovBalls":["1",".","W","1",".","."]},{"ovNo":8,"ovBalls":[".","1",".","1Wd",".",".","."]},{"ovNo":9,"ovBalls":[".",".","4","4","1","."]},{"ovNo":10,"ovBalls":["1",".",".","2","1","4"]},{"ovNo":11,"ovBalls":["1","1",".",".","4","."]},{"ovNo":12,"ovBalls":["1","1","4","W",".","1Lb"]},{"ovNo":13,"ovBalls":["1","2","1","1",".","1"]},{"ovNo":14,"ovBalls":[".","1","1","1","1Wd","1","."]},{"ovNo":15,"ovBalls":["4",".","2","1",".","1"]},{"ovNo":16,"ovBalls":["6","1Wd","1","1Wd","1","1","1","1"]},{"ovNo":17,"ovBalls":["1","4","4","4","4","1"]},{"ovNo":18,"ovBalls":["1","1","1","1","6","1Wd","."]},{"ovNo":19,"ovBalls":["1","1Nb","4","4","6",".","1"]},{"ovNo":20,"ovBalls":["4","3Nb","1","2","1","1","1"]}]},{"inningsNumber":2,"scorecard":{"runs":166,"extras":{"wideRuns":7,"byeRuns":1},"battingStats":[{"mod":{"text":"c Lasith Malinga b Harbhajan Singh","dismissedBp":{"over":6,"innings":2,"ball":4},"countingBp":{"over":6,"innings":2,"ball":3},"bowlerId":103,"additionalPlayerIds":[211],"dismissedMethod":"ct"},"playerId":127,"r":25,"b":20,"sr":"125.00","4s":3,"6s":1},{"mod":{"text":"b Jagadeesha Suchith","dismissedBp":{"over":11,"innings":2,"ball":6},"countingBp":{"over":11,"innings":2,"ball":6},"bowlerId":2741,"dismissedMethod":"b"},"playerId":84,"r":38,"b":29,"sr":"131.03","4s":5,"6s":0},{"mod":{"text":"run out (Lendl Simmons)","dismissedBp":{"over":6,"innings":2,"ball":6},"countingBp":{"over":6,"innings":2,"ball":5},"bowlerId":103,"additionalPlayerIds":[595],"dismissedMethod":"ro"},"playerId":123,"r":1,"b":1,"sr":"100.00","4s":0,"6s":0},{"mod":{"text":"c Parthiv Patel b Kieron Pollard","dismissedBp":{"over":20,"innings":2,"ball":1},"countingBp":{"over":20,"innings":2,"ball":1},"bowlerId":210,"additionalPlayerIds":[44],"dismissedMethod":"ct"},"playerId":96,"r":52,"b":37,"sr":"140.54","4s":5,"6s":2},{"mod":{"text":"c Hardik Pandya b Vinay Kumar","dismissedBp":{"over":15,"innings":2,"ball":2},"countingBp":{"over":15,"innings":2,"ball":2},"bowlerId":166,"additionalPlayerIds":[2740],"dismissedMethod":"ct"},"playerId":201,"r":23,"b":15,"sr":"153.33","4s":3,"6s":0},{"mod":{"text":"c Parthiv Patel b Lasith Malinga","dismissedBp":{"over":16,"innings":2,"ball":5},"countingBp":{"over":16,"innings":2,"ball":5},"bowlerId":211,"additionalPlayerIds":[44],"dismissedMethod":"ct"},"playerId":177,"r":2,"b":4,"sr":"50.00","4s":0,"6s":0},{"mod":{"text":"c Ambati Rayudu b Mitchell McClenaghan","dismissedBp":{"over":18,"innings":2,"ball":1},"countingBp":{"over":18,"innings":2,"ball":1},"bowlerId":730,"additionalPlayerIds":[100],"dismissedMethod":"ct"},"playerId":108,"r":11,"b":5,"sr":"220.00","4s":2,"6s":0},{"playerId":76,"r":1,"b":7,"sr":"14.28","4s":0,"6s":0},{"playerId":59,"r":5,"b":2,"sr":"250.00","4s":1,"6s":0}],"bowlingStats":[{"playerId":211,"r":31,"w":1,"ov":"4","d":10,"maid":0,"e":"7.75","wd":0,"nb":0},{"playerId":730,"r":31,"w":1,"ov":"4","d":8,"maid":0,"e":"7.75","wd":3,"nb":0},{"playerId":166,"r":33,"w":1,"ov":"4","d":8,"maid":0,"e":"8.25","wd":0,"nb":0},{"playerId":103,"r":31,"w":1,"ov":"4","d":10,"maid":0,"e":"7.75","wd":3,"nb":0},{"playerId":2741,"r":23,"w":1,"ov":"2","d":2,"maid":0,"e":"11.50","wd":0,"nb":0},{"playerId":2740,"r":10,"w":0,"ov":"1","d":1,"maid":0,"e":"10.00","wd":0,"nb":0},{"playerId":210,"r":6,"w":1,"ov":"1","d":4,"maid":0,"e":"6.00","wd":1,"nb":0}],"wkts":7,"fow":[{"bp":{"over":6,"innings":2,"ball":3},"playerId":127,"r":45,"w":1},{"bp":{"over":6,"innings":2,"ball":5},"playerId":123,"r":46,"w":2},{"bp":{"over":11,"innings":2,"ball":6},"playerId":84,"r":88,"w":3},{"bp":{"over":15,"innings":2,"ball":2},"playerId":201,"r":118,"w":4},{"bp":{"over":16,"innings":2,"ball":5},"playerId":177,"r":128,"w":5},{"bp":{"over":18,"innings":2,"ball":1},"playerId":108,"r":144,"w":6},{"bp":{"over":20,"innings":2,"ball":1},"playerId":96,"r":160,"w":7}]},"overProgress":"20","runRate":"8.30","overHistory":[{"ovNo":1,"ovBalls":["2","4",".",".","1","."]},{"ovNo":2,"ovBalls":[".","1",".","4",".","."]},{"ovNo":3,"ovBalls":["1","2","4",".","1","."]},{"ovNo":4,"ovBalls":["4","1",".",".","4","."]},{"ovNo":5,"ovBalls":["1","4",".","1","1Wd","1","1"]},{"ovNo":6,"ovBalls":["6","1Wd",".","W","1","W","4"]},{"ovNo":7,"ovBalls":["1",".","1",".","1","1"]},{"ovNo":8,"ovBalls":["1Wd","1","1",".",".","1Wd",".","."]},{"ovNo":9,"ovBalls":["2","1",".","4","1","1"]},{"ovNo":10,"ovBalls":["4","1",".","1",".","1"]},{"ovNo":11,"ovBalls":["1","6","1","4","2","W"]},{"ovNo":12,"ovBalls":["1",".","4","1","1","1"]},{"ovNo":13,"ovBalls":["4","2","1","1","2","."]},{"ovNo":14,"ovBalls":["1",".","1","1Wd","1","1Wd","4","1"]},{"ovNo":15,"ovBalls":["2","W","2","1",".","1"]},{"ovNo":16,"ovBalls":["1","4",".","1","W","2"]},{"ovNo":17,"ovBalls":["4","1","4","4","1","."]},{"ovNo":18,"ovBalls":["W",".","4","1","1","1"]},{"ovNo":19,"ovBalls":["1",".","1B","6","1","."]},{"ovNo":20,"ovBalls":["W","4","1","1Wd",".",".","."]}]}],"currentState":{"phase":"C","facingBatsman":59,"nonFacingBatsman":76,"currentInningsIndex":1,"currentPartnership":6,"currentBowler":-1,"currentBatsmen":[76,59],"recentOvers":[{"ovNo":15,"ovBalls":["2","W","2","1",".","1"]},{"ovNo":16,"ovBalls":["1","4",".","1","W","2"]},{"ovNo":17,"ovBalls":["4","1","4","4","1","."]},{"ovNo":18,"ovBalls":["W",".","4","1","1","1"]},{"ovNo":19,"ovBalls":["1",".","1B","6","1","."]},{"ovNo":20,"ovBalls":["W","4","1","1Wd",".",".","."]}]}}