{"fragment":6,"updateTime":1429895837000,"matchId":{"id":3247,"name":"ipl2015-22 - RR vs. RCB","matchIdName":"ipl2015-22"},"commentaries":[{"bbcode":"P Tambe to V Kohli, %SPEED% short length on middle stump. He hits a great shot, that has gone all the way","thisOver":"6","progress":{"innings":2,"over":7,"ball":3},"speed":23.9174135159424,"subtype":"BBCode","countingProgress":{"innings":2,"over":6,"ball":3},"bowlerId":1114,"nonfacingBatsmanId":233,"facingBatsmanId":164,"autoText":"P Tambe to V Kohli, %SPEED% short length on middle stump. He hits a great shot, that has gone all the way","message":{"text":null},"tags":["six"],"timestamp":1429894393000,"id":1173088,"time":"16:52","updateTime":1429894348428,"sequence":250.0,"type":"Auto"},{"bbcode":"[b]Six![/b] Kohli targets the Pepsi VIP box and he fizzed it there with a bubbly pull","subtype":"BBCode","message":{"text":"<p><strong>Six!</strong>&nbsp;Kohli targets the Pepsi VIP box and he fizzed it there with a bubbly pull</p>"},"tags":[],"timestamp":1429894387000,"id":1173090,"time":"16:52","updateTime":1429894358494,"sequence":251.0,"type":"Manual"},{"bbcode":"P Tambe to V Kohli, %SPEED% full length going down leg. He picks up two","thisOver":"2","progress":{"innings":2,"over":7,"ball":4},"speed":24.9062983380244,"subtype":"BBCode","countingProgress":{"innings":2,"over":6,"ball":4},"bowlerId":1114,"nonfacingBatsmanId":233,"facingBatsmanId":164,"autoText":"P Tambe to V Kohli, %SPEED% full length going down leg. He picks up two","message":{"text":null},"tags":[],"timestamp":1429894454000,"id":1173092,"time":"16:53","updateTime":1429894400479,"sequence":252.0,"type":"Auto"},{"bbcode":"P Tambe to V Kohli, %SPEED% good length on leg stump. He picks up a single","thisOver":"1","progress":{"innings":2,"over":7,"ball":5},"speed":25.625808633943,"subtype":"BBCode","countingProgress":{"innings":2,"over":6,"ball":5},"bowlerId":1114,"nonfacingBatsmanId":233,"facingBatsmanId":164,"autoText":"P Tambe to V Kohli, %SPEED% good length on leg stump. He picks up a single","message":{"text":null},"tags":[],"timestamp":1429894454000,"id":1173093,"time":"16:53","updateTime":1429894416277,"sequence":253.0,"type":"Auto"},{"bbcode":"P Tambe to AB de Villiers, no run, %SPEED% good length on leg stump. He doesn't offer a shot","thisOver":".","progress":{"innings":2,"over":7,"ball":6},"speed":25.9190995545128,"subtype":"BBCode","countingProgress":{"innings":2,"over":6,"ball":6},"bowlerId":1114,"nonfacingBatsmanId":164,"facingBatsmanId":233,"autoText":"P Tambe to AB de Villiers, no run, %SPEED% good length on leg stump. He doesn't offer a shot","message":{"text":null},"tags":[],"timestamp":1429894527000,"id":1173095,"time":"16:54","updateTime":1429894442299,"sequence":254.0,"type":"Auto"},{"innings":2,"over":7,"overRuns":11,"overWickets":0,"inningsRuns":60,"inningsWickets":1,"inningsAllOut":false,"team":{"id":9,"fullName":"Royal Challengers Bangalore","shortName":"Challengers","abbreviation":"RCB","primaryColor":"F1901D","secondaryColor":"FFFFFF","type":"m"},"batsmanSummaries":[{"batsman":{"id":233,"fullName":"AB de Villiers","shortName":"AB de Villiers","nationality":"South African","rightHandedBat":false,"dateOfBirth":445824000000,"names":["AB de Villiers","AB de Villiers"]},"runs":13,"balls":10,"fours":2,"sixes":0},{"batsman":{"id":164,"fullName":"Virat Kohli","shortName":"V Kohli","nationality":"Indian","rightHandedBat":false,"dateOfBirth":594691200000,"names":["Virat Kohli","V Kohli"]},"runs":22,"balls":15,"fours":1,"sixes":1}],"activeBatsman":164,"bowlerSummary":{"bowler":{"id":1114,"fullName":"Pravin Tambe","shortName":"P Tambe","nationality":"Indian","rightHandedBat":true,"dateOfBirth":55728000000,"names":["Pravin Tambe","P Tambe"]},"overs":"1","runs":11,"wickets":0,"maidens":0},"inningsBalls":42,"inningsMaxBalls":120,"inningsTarget":131,"message":{"text":null},"tags":[],"timestamp":1429894442000,"id":1173096,"time":"16:54","updateTime":1429894442423,"sequence":255.0,"type":"Eov"},{"bbcode":"[b]David Lloyd: [/b][i]\"This is the perfect start for RCB, Shane Watson what are you going to do?\"[/i]","subtype":"BBCode","message":{"text":"<p><strong>David Lloyd:&nbsp;</strong><em>\"This is the perfect start for RCB, Shane Watson what are you going to do?\"</em></p>"},"tags":[],"timestamp":1429894486000,"id":1173099,"time":"16:54","updateTime":1429894486668,"sequence":256.0,"type":"Manual"},{"bbcode":"S Watson to V Kohli, %SPEED% short length just outside off stump. He picks up a single","thisOver":"1","progress":{"innings":2,"over":8,"ball":1},"speed":36.6101858278028,"subtype":"BBCode","countingProgress":{"innings":2,"over":7,"ball":1},"bowlerId":227,"nonfacingBatsmanId":233,"facingBatsmanId":164,"autoText":"S Watson to V Kohli, %SPEED% short length just outside off stump. He picks up a single","message":{"text":null},"tags":[],"timestamp":1429894579000,"id":1173100,"time":"16:55","updateTime":1429894501891,"sequence":257.0,"type":"Auto"},{"bbcode":"S Watson to AB de Villiers, %SPEED% full length on middle stump. He picks up a single","thisOver":"1","progress":{"innings":2,"over":8,"ball":2},"speed":37.1589089861836,"subtype":"BBCode","countingProgress":{"innings":2,"over":7,"ball":2},"bowlerId":227,"nonfacingBatsmanId":164,"facingBatsmanId":233,"autoText":"S Watson to AB de Villiers, %SPEED% full length on middle stump. He picks up a single","message":{"text":null},"tags":[],"timestamp":1429894579000,"id":1173102,"time":"16:55","updateTime":1429894545986,"sequence":258.0,"type":"Auto"},{"bbcode":"S Watson to V Kohli, %SPEED% short length on middle stump. He picks up two","thisOver":"2","progress":{"innings":2,"over":8,"ball":3},"speed":36.0618744251241,"subtype":"BBCode","countingProgress":{"innings":2,"over":7,"ball":3},"bowlerId":227,"nonfacingBatsmanId":233,"facingBatsmanId":164,"autoText":"S Watson to V Kohli, %SPEED% short length on middle stump. He picks up two","message":{"text":null},"tags":[],"timestamp":1429894634000,"id":1173104,"time":"16:56","updateTime":1429894585181,"sequence":259.0,"type":"Auto"},{"bbcode":"S Watson to V Kohli, %SPEED% short length just outside off stump. He plays and misses","thisOver":"1","progress":{"innings":2,"over":8,"ball":4},"speed":36.7212988476733,"subtype":"BBCode","countingProgress":{"innings":2,"over":7,"ball":4},"bowlerId":227,"nonfacingBatsmanId":233,"facingBatsmanId":164,"autoText":"S Watson to V Kohli, %SPEED% short length just outside off stump. He plays and misses","message":{"text":null},"tags":[],"timestamp":1429894697000,"id":1173106,"time":"16:56","updateTime":1429894614376,"sequence":260.0,"type":"Auto"},{"bbcode":"S Watson to AB de Villiers, no run, %SPEED% short length on middle stump. He doesn't offer a shot","thisOver":".","progress":{"innings":2,"over":8,"ball":5},"speed":37.8141367575918,"subtype":"BBCode","countingProgress":{"innings":2,"over":7,"ball":5},"bowlerId":227,"nonfacingBatsmanId":164,"facingBatsmanId":233,"autoText":"S Watson to AB de Villiers, no run, %SPEED% short length on middle stump. He doesn't offer a shot","message":{"text":null},"tags":[],"timestamp":1429894697000,"id":1173108,"time":"16:57","updateTime":1429894649564,"sequence":261.0,"type":"Auto"},{"bbcode":"S Watson to AB de Villiers, %SPEED% good length on off stump. He picks up a single","thisOver":"1","progress":{"innings":2,"over":8,"ball":6},"speed":37.264849158413,"subtype":"BBCode","countingProgress":{"innings":2,"over":7,"ball":6},"bowlerId":227,"nonfacingBatsmanId":164,"facingBatsmanId":233,"autoText":"S Watson to AB de Villiers, %SPEED% good length on off stump. He picks up a single","message":{"text":null},"tags":[],"timestamp":1429894770000,"id":1173110,"time":"16:58","updateTime":1429894686924,"sequence":262.0,"type":"Auto"},{"innings":2,"over":8,"overRuns":6,"overWickets":0,"inningsRuns":66,"inningsWickets":1,"inningsAllOut":false,"team":{"id":9,"fullName":"Royal Challengers Bangalore","shortName":"Challengers","abbreviation":"RCB","primaryColor":"F1901D","secondaryColor":"FFFFFF","type":"m"},"batsmanSummaries":[{"batsman":{"id":233,"fullName":"AB de Villiers","shortName":"AB de Villiers","nationality":"South African","rightHandedBat":false,"dateOfBirth":445824000000,"names":["AB de Villiers","AB de Villiers"]},"runs":15,"balls":13,"fours":2,"sixes":0},{"batsman":{"id":164,"fullName":"Virat Kohli","shortName":"V Kohli","nationality":"Indian","rightHandedBat":false,"dateOfBirth":594691200000,"names":["Virat Kohli","V Kohli"]},"runs":26,"balls":18,"fours":1,"sixes":1}],"activeBatsman":233,"bowlerSummary":{"bowler":{"id":227,"fullName":"Shane Watson","shortName":"S Watson","nationality":"Australian","rightHandedBat":true,"dateOfBirth":361584000000,"names":["Shane Watson","S Watson"]},"overs":"2","runs":7,"wickets":1,"maidens":0},"inningsBalls":48,"inningsMaxBalls":120,"inningsTarget":131,"message":{"text":null},"tags":[],"timestamp":1429894687000,"id":1173111,"time":"16:58","updateTime":1429894687056,"sequence":263.0,"type":"Eov"},{"subtype":"EmbeddedTweet","tweetjson":{"created_at":"Fri Apr 24 16:58:46 +0000 2015","id":591647479382151169,"id_str":"591647479382151169","text":"Few things are priceless.One of them is to watch 2 of the best in the World-AB and Kohli bat beautifully in tandem #PepsiIPL #eit20 #RRvRCB","source":"<a href=\"http://twitter.com/download/android\" rel=\"nofollow\">Twitter for Android</a>","truncated":false,"in_reply_to_status_id":null,"in_reply_to_status_id_str":null,"in_reply_to_user_id":null,"in_reply_to_user_id_str":null,"in_reply_to_screen_name":null,"user":{"id":593507004,"id_str":"593507004","name":"Abhishek Barthur","screen_name":"imabhi27","location":"Bangalore","profile_location":null,"description":"A Cricket Fanatic like every Indian,hence tweets mostly on Cricket,Occasional Singer and yeah,People regard me a Software Engineer!!Above all, A PROUD INDIAN :)","url":null,"entities":{"description":{"urls":[]}},"protected":false,"followers_count":148,"friends_count":204,"listed_count":6,"created_at":"Tue May 29 06:20:09 +0000 2012","favourites_count":15209,"utc_offset":19800,"time_zone":"New Delhi","geo_enabled":true,"verified":false,"statuses_count":7668,"lang":"en","contributors_enabled":false,"is_translator":false,"is_translation_enabled":false,"profile_background_color":"022330","profile_background_image_url":"http://abs.twimg.com/images/themes/theme15/bg.png","profile_background_image_url_https":"https://abs.twimg.com/images/themes/theme15/bg.png","profile_background_tile":false,"profile_image_url":"http://pbs.twimg.com/profile_images/541842054246973441/AvcZKI-M_normal.jpeg","profile_image_url_https":"https://pbs.twimg.com/profile_images/541842054246973441/AvcZKI-M_normal.jpeg","profile_banner_url":"https://pbs.twimg.com/profile_banners/593507004/1419962681","profile_link_color":"0084B4","profile_sidebar_border_color":"A8C7F7","profile_sidebar_fill_color":"C0DFEC","profile_text_color":"333333","profile_use_background_image":true,"default_profile":false,"default_profile_image":false,"following":false,"follow_request_sent":false,"notifications":false},"geo":null,"coordinates":null,"place":null,"contributors":null,"retweet_count":0,"favorite_count":0,"entities":{"hashtags":[{"text":"PepsiIPL","indices":[115,124]},{"text":"eit20","indices":[125,131]},{"text":"RRvRCB","indices":[132,139]}],"symbols":[],"user_mentions":[],"urls":[]},"favorited":false,"retweeted":false,"lang":"en"},"message":{"text":"<blockquote class=\"twitter-tweet\" data-partner=\"tweetdeck\">\n<p>Few things are priceless.One of them is to watch 2 of the best in the World-AB and Kohli bat beautifully in tandem <a href=\"https://twitter.com/hashtag/PepsiIPL?src=hash\">#PepsiIPL</a> <a href=\"https://twitter.com/hashtag/eit20?src=hash\">#eit20</a> <a href=\"https://twitter.com/hashtag/RRvRCB?src=hash\">#RRvRCB</a></p>\n&mdash; Abhishek Barthur (@imabhi27) <a href=\"https://twitter.com/imabhi27/status/591647479382151169\">April 24, 2015</a></blockquote>\n<script charset=\"utf-8\" type=\"text/javascript\" src=\"http://platform.twitter.com/widgets.js\"></script>"},"tags":[],"timestamp":1429894753000,"id":1173114,"time":"16:59","updateTime":1429894751421,"sequence":263.5,"type":"Manual"},{"bbcode":"P Tambe to AB de Villiers, no run, %SPEED% good length outside off stump. He doesn't offer a shot","thisOver":".","progress":{"innings":2,"over":9,"ball":1},"speed":24.0543913733542,"subtype":"BBCode","countingProgress":{"innings":2,"over":8,"ball":1},"bowlerId":1114,"nonfacingBatsmanId":164,"facingBatsmanId":233,"autoText":"P Tambe to AB de Villiers, no run, %SPEED% good length outside off stump. He doesn't offer a shot","message":{"text":null},"tags":[],"timestamp":1429894821000,"id":1173113,"time":"16:58","updateTime":1429894738586,"sequence":264.0,"type":"Auto"},{"bbcode":"P Tambe to AB de Villiers, %SPEED% short length on middle stump. He hits a nice boundary","thisOver":"4","progress":{"innings":2,"over":9,"ball":2},"speed":23.011454508617,"subtype":"BBCode","countingProgress":{"innings":2,"over":8,"ball":2},"bowlerId":1114,"nonfacingBatsmanId":164,"facingBatsmanId":233,"autoText":"P Tambe to AB de Villiers, %SPEED% short length on middle stump. He hits a nice boundary","message":{"text":null},"tags":["four"],"timestamp":1429894821000,"id":1173116,"time":"16:59","updateTime":1429894758122,"sequence":265.0,"type":"Auto"},{"bbcode":"Four! It is almost like AB sees things in slow motion as he gets into position so early to crack a pull through mid wicket","subtype":"BBCode","message":{"text":"<p>Four! It is almost like AB sees things in slow motion as he gets into position so early to crack a pull through mid wicket</p>"},"tags":[],"timestamp":1429894801000,"id":1173119,"time":"16:59","updateTime":1429894776334,"sequence":266.0,"type":"Manual"},{"bbcode":"P Tambe to AB de Villiers. He picks up a single","thisOver":"1","progress":{"innings":2,"over":9,"ball":3},"speed":-1.0,"subtype":"BBCode","countingProgress":{"innings":2,"over":8,"ball":3},"bowlerId":1114,"nonfacingBatsmanId":164,"facingBatsmanId":233,"autoText":"P Tambe to AB de Villiers. He picks up a single","message":{"text":null},"tags":[],"timestamp":1429894821000,"id":1173121,"time":"16:59","updateTime":1429894784754,"sequence":267.0,"type":"Auto"},{"bbcode":"P Tambe to V Kohli, %SPEED% good length on off stump. He picks up a single","thisOver":"1","progress":{"innings":2,"over":9,"ball":4},"speed":24.4178466446229,"subtype":"BBCode","countingProgress":{"innings":2,"over":8,"ball":4},"bowlerId":1114,"nonfacingBatsmanId":233,"facingBatsmanId":164,"autoText":"P Tambe to V Kohli, %SPEED% good length on off stump. He picks up a single","message":{"text":null},"tags":[],"timestamp":1429894873000,"id":1173123,"time":"17:00","updateTime":1429894841766,"sequence":268.0,"type":"Auto"},{"bbcode":"P Tambe to AB de Villiers. He hits a nice boundary","thisOver":"4","progress":{"innings":2,"over":9,"ball":5},"speed":-1.0,"subtype":"BBCode","countingProgress":{"innings":2,"over":8,"ball":5},"bowlerId":1114,"nonfacingBatsmanId":164,"facingBatsmanId":233,"autoText":"P Tambe to AB de Villiers. He hits a nice boundary","message":{"text":null},"tags":["four"],"timestamp":1429894945000,"id":1173124,"time":"17:01","updateTime":1429894866795,"sequence":269.0,"type":"Auto"},{"bbcode":"Four! Tambe misfires on the pads and de Villers will see to that with ease down the leg side","subtype":"BBCode","message":{"text":"<p>Four! Tambe misfires on the pads and de Villers will see to that with ease down the leg side</p>"},"tags":[],"timestamp":1429894912000,"id":1173126,"time":"17:01","updateTime":1429894877104,"sequence":270.0,"type":"Manual"},{"bbcode":"P Tambe to AB de Villiers, no run, %SPEED% good length just outside off stump. He doesn't offer a shot","thisOver":".","progress":{"innings":2,"over":9,"ball":6},"speed":25.3194312563653,"subtype":"BBCode","countingProgress":{"innings":2,"over":8,"ball":6},"bowlerId":1114,"nonfacingBatsmanId":164,"facingBatsmanId":233,"autoText":"P Tambe to AB de Villiers, no run, %SPEED% good length just outside off stump. He doesn't offer a shot","message":{"text":null},"tags":[],"timestamp":1429894945000,"id":1173127,"time":"17:01","updateTime":1429894890025,"sequence":271.0,"type":"Auto"},{"innings":2,"over":9,"overRuns":10,"overWickets":0,"inningsRuns":76,"inningsWickets":1,"inningsAllOut":false,"team":{"id":9,"fullName":"Royal Challengers Bangalore","shortName":"Challengers","abbreviation":"RCB","primaryColor":"F1901D","secondaryColor":"FFFFFF","type":"m"},"batsmanSummaries":[{"batsman":{"id":233,"fullName":"AB de Villiers","shortName":"AB de Villiers","nationality":"South African","rightHandedBat":false,"dateOfBirth":445824000000,"names":["AB de Villiers","AB de Villiers"]},"runs":24,"balls":18,"fours":4,"sixes":0},{"batsman":{"id":164,"fullName":"Virat Kohli","shortName":"V Kohli","nationality":"Indian","rightHandedBat":false,"dateOfBirth":594691200000,"names":["Virat Kohli","V Kohli"]},"runs":27,"balls":19,"fours":1,"sixes":1}],"activeBatsman":164,"bowlerSummary":{"bowler":{"id":1114,"fullName":"Pravin Tambe","shortName":"P Tambe","nationality":"Indian","rightHandedBat":true,"dateOfBirth":55728000000,"names":["Pravin Tambe","P Tambe"]},"overs":"2","runs":21,"wickets":0,"maidens":0},"inningsBalls":54,"inningsMaxBalls":120,"inningsTarget":131,"message":{"text":null},"tags":[],"timestamp":1429894890000,"id":1173128,"time":"17:01","updateTime":1429894890161,"sequence":272.0,"type":"Eov"},{"mediaId":"4194099724001","endpointUrlHq1":"http://brightcove.vo.llnwd.net/v1/uds/pd/3588749423001/201504/1089/3588749423001_4194355614001_MATCH-22-RCB-1ST-SIX.mp4","endpointUrlHq2":"http://brightcove.vo.llnwd.net/v1/uds/pd/3588749423001/201504/143/3588749423001_4194355656001_MATCH-22-RCB-1ST-SIX.mp4","endpointUrlAlt":"http://c.brightcove.com/services/mobile/streaming/index/rendition.m3u8?assetId=4194355605001","title":"M22: RR vs RCB – Chris Gayle Six","largeThumbnail":"http://brightcove.vo.llnwd.net/v1/unsecured/media/3588749423001/201504/2993/3588749423001_4194351440001_video-still-for-video-4194099724001.jpg?pubId=3588749423001","duration":16649,"endpointUrl":"http://brightcove.vo.llnwd.net/v1/uds/pd/3588749423001/201504/1207/3588749423001_4194355599001_MATCH-22-RCB-1ST-SIX.mp4","smallThumbnail":"http://brightcove.vo.llnwd.net/v1/unsecured/media/3588749423001/201504/1993/3588749423001_4194351439001_thumbnail-for-video-4194099724001.jpg?pubId=3588749423001","description":null,"endpointUrlMq":"http://brightcove.vo.llnwd.net/v1/uds/pd/3588749423001/201504/1367/3588749423001_4194343135001_MATCH-22-RCB-1ST-SIX.mp4","endpointUrlHq3":"http://brightcove.vo.llnwd.net/v1/uds/pd/3588749423001/201504/89/3588749423001_4194355633001_MATCH-22-RCB-1ST-SIX.mp4","publishDate":1429894241236,"message":{"text":null},"tags":["account:iplt20","2015","ipl2015","over 3","six","playerid 236","match:ipl2015-22","IPL 2015","innings 2","rr","ipl2015-22","ball 6","channel:ipl-match-centre","rcb"],"timestamp":1429894911000,"id":1173130,"time":"17:01","updateTime":1429894911184,"sequence":273.0,"type":"Video"},{"mediaId":"4194099725001","endpointUrlHq1":"http://brightcove.vo.llnwd.net/v1/uds/pd/3588749423001/201504/89/3588749423001_4194355637001_MATCH-22-RCB-1ST-WKT.mp4","endpointUrlHq2":"http://brightcove.vo.llnwd.net/v1/uds/pd/3588749423001/201504/2367/3588749423001_4194343142001_MATCH-22-RCB-1ST-WKT.mp4","endpointUrlAlt":"http://c.brightcove.com/services/mobile/streaming/index/rendition.m3u8?assetId=4194349408001","title":"M22: RR vs RCB – Chris Gayle Wicket","largeThumbnail":"http://brightcove.vo.llnwd.net/v1/unsecured/media/3588749423001/201504/2993/3588749423001_4194351448001_video-still-for-video-4194099725001.jpg?pubId=3588749423001","duration":28097,"endpointUrl":"http://brightcove.vo.llnwd.net/v1/uds/pd/3588749423001/201504/1089/3588749423001_4194355642001_MATCH-22-RCB-1ST-WKT.mp4","smallThumbnail":"http://brightcove.vo.llnwd.net/v1/unsecured/media/3588749423001/201504/1993/3588749423001_4194351447001_thumbnail-for-video-4194099725001.jpg?pubId=3588749423001","description":null,"endpointUrlMq":"http://brightcove.vo.llnwd.net/v1/uds/pd/3588749423001/201504/2713/3588749423001_4194358301001_MATCH-22-RCB-1ST-WKT.mp4","endpointUrlHq3":"http://brightcove.vo.llnwd.net/v1/uds/pd/3588749423001/201504/367/3588749423001_4194343132001_MATCH-22-RCB-1ST-WKT.mp4","publishDate":1429894287128,"message":{"text":null},"tags":["account:iplt20","over 5","2015","ipl2015","playerid 236","match:ipl2015-22","IPL 2015","innings 2","rr","ball 3","ipl2015-22","wicket","channel:ipl-match-centre","rcb"],"timestamp":1429894911000,"id":1173131,"time":"17:01","updateTime":1429894911242,"sequence":274.0,"type":"Video"},{"mediaId":"4194099729001","endpointUrlHq1":"http://brightcove.vo.llnwd.net/v1/uds/pd/3588749423001/201504/3455/3588749423001_4194358398001_MATCH-22-RCB-2ND-SIX.mp4","endpointUrlHq2":"http://brightcove.vo.llnwd.net/v1/uds/pd/3588749423001/201504/953/3588749423001_4194368809001_MATCH-22-RCB-2ND-SIX.mp4","endpointUrlAlt":"http://c.brightcove.com/services/mobile/streaming/index/rendition.m3u8?assetId=4194358751001","title":"M22: RR vs RCB – Virat Kohli Six","largeThumbnail":"http://brightcove.vo.llnwd.net/v1/unsecured/media/3588749423001/201504/1513/3588749423001_4194371431001_vs-553a75d4e4b0f9157fdbfe3e-1083021587001.jpg?pubId=3588749423001","duration":25720,"endpointUrl":"http://brightcove.vo.llnwd.net/v1/uds/pd/3588749423001/201504/2455/3588749423001_4194358399001_MATCH-22-RCB-2ND-SIX.mp4","smallThumbnail":"http://brightcove.vo.llnwd.net/v1/unsecured/media/3588749423001/201504/2513/3588749423001_4194371432001_th-553a75d4e4b0f9157fdbfe3e-1083021587001.jpg?pubId=3588749423001","description":null,"endpointUrlMq":"http://brightcove.vo.llnwd.net/v1/uds/pd/3588749423001/201504/2777/3588749423001_4194358393001_MATCH-22-RCB-2ND-SIX.mp4","endpointUrlHq3":"http://brightcove.vo.llnwd.net/v1/uds/pd/3588749423001/201504/513/3588749423001_4194371434001_MATCH-22-RCB-2ND-SIX.mp4","publishDate":1429894600932,"message":{"text":null},"tags":["account:iplt20","over 7","2015","ipl2015","six","match:ipl2015-22","playerid 164","IPL 2015","innings 2","rr","ball 3","ipl2015-22","channel:ipl-match-centre","rcb"],"timestamp":1429894911000,"id":1173132,"time":"17:01","updateTime":1429894911303,"sequence":275.0,"type":"Video"},{"bbcode":"We take a Timeout and it is RCB who are in total control. Watson needs to mastermind a cluster of wickets soon after we return","subtype":"BBCode","message":{"text":"<p>We take a Timeout and it is RCB who are in total control. Watson needs to mastermind a cluster of wickets soon after we return</p>"},"tags":[],"timestamp":1429894942000,"id":1173134,"time":"17:02","updateTime":1429894942685,"sequence":276.0,"type":"Manual"},{"bbcode":"D Kulkarni to V Kohli, %SPEED% short length on leg stump. He picks up a single","thisOver":"1","progress":{"innings":2,"over":10,"ball":1},"speed":37.4581293051067,"subtype":"BBCode","countingProgress":{"innings":2,"over":9,"ball":1},"bowlerId":101,"nonfacingBatsmanId":233,"facingBatsmanId":164,"autoText":"D Kulkarni to V Kohli, %SPEED% short length on leg stump. He picks up a single","message":{"text":null},"tags":[],"timestamp":1429895186000,"id":1173140,"time":"17:04","updateTime":1429895092140,"sequence":277.0,"type":"Auto"},{"bbcode":"D Kulkarni to AB de Villiers. He picks up a single","thisOver":"1","progress":{"innings":2,"over":10,"ball":2},"speed":-1.0,"subtype":"BBCode","countingProgress":{"innings":2,"over":9,"ball":2},"bowlerId":101,"nonfacingBatsmanId":164,"facingBatsmanId":233,"autoText":"D Kulkarni to AB de Villiers. He picks up a single","message":{"text":null},"tags":[],"timestamp":1429895186000,"id":1173142,"time":"17:05","updateTime":1429895119991,"sequence":278.0,"type":"Auto"},{"bbcode":"D Kulkarni to V Kohli, %SPEED% short length going down leg. He picks up a single","thisOver":"1","progress":{"innings":2,"over":10,"ball":3},"speed":36.3122657116977,"subtype":"BBCode","countingProgress":{"innings":2,"over":9,"ball":3},"bowlerId":101,"nonfacingBatsmanId":233,"facingBatsmanId":164,"autoText":"D Kulkarni to V Kohli, %SPEED% short length going down leg. He picks up a single","message":{"text":null},"tags":[],"timestamp":1429895238000,"id":1173144,"time":"17:05","updateTime":1429895154082,"sequence":279.0,"type":"Auto"},{"bbcode":"D Kulkarni to AB de Villiers. He picks up two","thisOver":"2","progress":{"innings":2,"over":10,"ball":4},"speed":-1.0,"subtype":"BBCode","countingProgress":{"innings":2,"over":9,"ball":4},"bowlerId":101,"nonfacingBatsmanId":164,"facingBatsmanId":233,"autoText":"D Kulkarni to AB de Villiers. He picks up two","message":{"text":null},"tags":[],"timestamp":1429895238000,"id":1173146,"time":"17:06","updateTime":1429895192469,"sequence":280.0,"type":"Auto"},{"bbcode":"D Kulkarni to AB de Villiers, %SPEED% good length on leg stump. He picks up a single","thisOver":"1","progress":{"innings":2,"over":10,"ball":5},"speed":32.3592819001693,"subtype":"BBCode","countingProgress":{"innings":2,"over":9,"ball":5},"bowlerId":101,"nonfacingBatsmanId":164,"facingBatsmanId":233,"autoText":"D Kulkarni to AB de Villiers, %SPEED% good length on leg stump. He picks up a single","message":{"text":null},"tags":[],"timestamp":1429895301000,"id":1173148,"time":"17:07","updateTime":1429895222400,"sequence":281.0,"type":"Auto"},{"bbcode":"D Kulkarni to V Kohli, %SPEED% good length going down leg. He picks up a single","thisOver":"1","progress":{"innings":2,"over":10,"ball":6},"speed":37.441266570155,"subtype":"BBCode","countingProgress":{"innings":2,"over":9,"ball":6},"bowlerId":101,"nonfacingBatsmanId":233,"facingBatsmanId":164,"autoText":"D Kulkarni to V Kohli, %SPEED% good length going down leg. He picks up a single","message":{"text":null},"tags":[],"timestamp":1429895301000,"id":1173152,"time":"17:07","updateTime":1429895258079,"sequence":282.0,"type":"Auto"},{"innings":2,"over":10,"overRuns":7,"overWickets":0,"inningsRuns":83,"inningsWickets":1,"inningsAllOut":false,"team":{"id":9,"fullName":"Royal Challengers Bangalore","shortName":"Challengers","abbreviation":"RCB","primaryColor":"F1901D","secondaryColor":"FFFFFF","type":"m"},"batsmanSummaries":[{"batsman":{"id":164,"fullName":"Virat Kohli","shortName":"V Kohli","nationality":"Indian","rightHandedBat":false,"dateOfBirth":594691200000,"names":["Virat Kohli","V Kohli"]},"runs":30,"balls":22,"fours":1,"sixes":1},{"batsman":{"id":233,"fullName":"AB de Villiers","shortName":"AB de Villiers","nationality":"South African","rightHandedBat":false,"dateOfBirth":445824000000,"names":["AB de Villiers","AB de Villiers"]},"runs":28,"balls":21,"fours":4,"sixes":0}],"activeBatsman":164,"bowlerSummary":{"bowler":{"id":101,"fullName":"Dhawal Kulkarni","shortName":"D Kulkarni","nationality":"Indian","rightHandedBat":true,"dateOfBirth":597715200000,"names":["Dhawal Kulkarni","D Kulkarni"]},"overs":"3","runs":20,"wickets":0,"maidens":0},"inningsBalls":60,"inningsMaxBalls":120,"inningsTarget":131,"message":{"text":null},"tags":[],"timestamp":1429895258000,"id":1173153,"time":"17:07","updateTime":1429895258219,"sequence":283.0,"type":"Eov"},{"bbcode":"C Morris to V Kohli, %SPEED% good length on off stump. He picks up a single","thisOver":"1","progress":{"innings":2,"over":11,"ball":1},"speed":37.030766941266,"subtype":"BBCode","countingProgress":{"innings":2,"over":10,"ball":1},"bowlerId":836,"nonfacingBatsmanId":233,"facingBatsmanId":164,"autoText":"C Morris to V Kohli, %SPEED% good length on off stump. He picks up a single","message":{"text":null},"tags":[],"timestamp":1429895424000,"id":1173155,"time":"17:09","updateTime":1429895341031,"sequence":284.0,"type":"Auto"},{"bbcode":"C Morris to AB de Villiers, %SPEED% short length going down leg. He picks up a single","thisOver":"1","progress":{"innings":2,"over":11,"ball":2},"speed":34.7406282157704,"subtype":"BBCode","countingProgress":{"innings":2,"over":10,"ball":2},"bowlerId":836,"nonfacingBatsmanId":164,"facingBatsmanId":233,"autoText":"C Morris to AB de Villiers, %SPEED% short length going down leg. He picks up a single","message":{"text":null},"tags":[],"timestamp":1429895424000,"id":1173157,"time":"17:09","updateTime":1429895378737,"sequence":285.0,"type":"Auto"},{"bbcode":"C Morris to V Kohli, no run, %SPEED% full length just outside off stump. He doesn't offer a shot","thisOver":".","progress":{"innings":2,"over":11,"ball":3},"speed":38.4333039416463,"subtype":"BBCode","countingProgress":{"innings":2,"over":10,"ball":3},"bowlerId":836,"nonfacingBatsmanId":233,"facingBatsmanId":164,"autoText":"C Morris to V Kohli, no run, %SPEED% full length just outside off stump. He doesn't offer a shot","message":{"text":null},"tags":[],"timestamp":1429895476000,"id":1173159,"time":"17:10","updateTime":1429895413131,"sequence":286.0,"type":"Auto"},{"bbcode":"C Morris to V Kohli, %SPEED% short length just outside off stump. He picks up a single","thisOver":"1","progress":{"innings":2,"over":11,"ball":4},"speed":29.0735463303485,"subtype":"BBCode","countingProgress":{"innings":2,"over":10,"ball":4},"bowlerId":836,"nonfacingBatsmanId":233,"facingBatsmanId":164,"autoText":"C Morris to V Kohli, %SPEED% short length just outside off stump. He picks up a single","message":{"text":null},"tags":[],"timestamp":1429895550000,"id":1173161,"time":"17:10","updateTime":1429895447349,"sequence":287.0,"type":"Auto"},{"bbcode":"C Morris to AB de Villiers, %SPEED% good length just outside off stump. He picks up a single","thisOver":"1","progress":{"innings":2,"over":11,"ball":5},"speed":34.8681269557443,"subtype":"BBCode","countingProgress":{"innings":2,"over":10,"ball":5},"bowlerId":836,"nonfacingBatsmanId":164,"facingBatsmanId":233,"autoText":"C Morris to AB de Villiers, %SPEED% good length just outside off stump. He picks up a single","message":{"text":null},"tags":[],"timestamp":1429895618000,"id":1173164,"time":"17:11","updateTime":1429895488990,"sequence":289.0,"type":"Auto"},{"bbcode":"C Morris to V Kohli, %SPEED% short length on middle stump. He picks up a single","thisOver":"1","progress":{"innings":2,"over":11,"ball":6},"speed":37.013534320707,"subtype":"BBCode","countingProgress":{"innings":2,"over":10,"ball":6},"bowlerId":836,"nonfacingBatsmanId":233,"facingBatsmanId":164,"autoText":"C Morris to V Kohli, %SPEED% short length on middle stump. He picks up a single","message":{"text":null},"tags":[],"timestamp":1429895618000,"id":1173168,"time":"17:12","updateTime":1429895528268,"sequence":290.0,"type":"Auto"},{"innings":2,"over":11,"overRuns":5,"overWickets":0,"inningsRuns":88,"inningsWickets":1,"inningsAllOut":false,"team":{"id":9,"fullName":"Royal Challengers Bangalore","shortName":"Challengers","abbreviation":"RCB","primaryColor":"F1901D","secondaryColor":"FFFFFF","type":"m"},"batsmanSummaries":[{"batsman":{"id":164,"fullName":"Virat Kohli","shortName":"V Kohli","nationality":"Indian","rightHandedBat":false,"dateOfBirth":594691200000,"names":["Virat Kohli","V Kohli"]},"runs":33,"balls":26,"fours":1,"sixes":1},{"batsman":{"id":233,"fullName":"AB de Villiers","shortName":"AB de Villiers","nationality":"South African","rightHandedBat":false,"dateOfBirth":445824000000,"names":["AB de Villiers","AB de Villiers"]},"runs":30,"balls":23,"fours":4,"sixes":0}],"activeBatsman":164,"bowlerSummary":{"bowler":{"id":836,"fullName":"Chris Morris","shortName":"C Morris","nationality":"South African","rightHandedBat":true,"dateOfBirth":546739200000,"names":["Chris Morris","C Morris"]},"overs":"3","runs":23,"wickets":0,"maidens":0},"inningsBalls":66,"inningsMaxBalls":120,"inningsTarget":131,"message":{"text":null},"tags":[],"timestamp":1429895528000,"id":1173169,"time":"17:12","updateTime":1429895528470,"sequence":291.0,"type":"Eov"},{"bbcode":"P Tambe to V Kohli, %SPEED% full length going down leg. He picks up a single","thisOver":"1","progress":{"innings":2,"over":12,"ball":1},"speed":23.5165110557125,"subtype":"BBCode","countingProgress":{"innings":2,"over":11,"ball":1},"bowlerId":1114,"nonfacingBatsmanId":233,"facingBatsmanId":164,"autoText":"P Tambe to V Kohli, %SPEED% full length going down leg. He picks up a single","message":{"text":null},"tags":[],"timestamp":1429895659000,"id":1173171,"time":"17:13","updateTime":1429895588559,"sequence":292.0,"type":"Auto"},{"bbcode":"P Tambe to AB de Villiers, %SPEED% short length on middle stump. He picks up a single","thisOver":"1","progress":{"innings":2,"over":12,"ball":2},"speed":23.5017625211822,"subtype":"BBCode","countingProgress":{"innings":2,"over":11,"ball":2},"bowlerId":1114,"nonfacingBatsmanId":164,"facingBatsmanId":233,"autoText":"P Tambe to AB de Villiers, %SPEED% short length on middle stump. He picks up a single","message":{"text":null},"tags":[],"timestamp":1429895659000,"id":1173172,"time":"17:13","updateTime":1429895609691,"sequence":293.0,"type":"Auto"},{"bbcode":"P Tambe to V Kohli, no run, %SPEED% good length just outside off stump. He doesn't offer a shot","thisOver":".","progress":{"innings":2,"over":12,"ball":3},"speed":25.0992889736052,"subtype":"BBCode","countingProgress":{"innings":2,"over":11,"ball":3},"bowlerId":1114,"nonfacingBatsmanId":233,"facingBatsmanId":164,"autoText":"P Tambe to V Kohli, no run, %SPEED% good length just outside off stump. He doesn't offer a shot","message":{"text":null},"tags":[],"timestamp":1429895723000,"id":1173173,"time":"17:13","updateTime":1429895630482,"sequence":294.0,"type":"Auto"},{"bbcode":"P Tambe to V Kohli, no run. He doesn't offer a shot","thisOver":".","progress":{"innings":2,"over":12,"ball":4},"speed":-1.0,"subtype":"BBCode","countingProgress":{"innings":2,"over":11,"ball":4},"bowlerId":1114,"nonfacingBatsmanId":233,"facingBatsmanId":164,"autoText":"P Tambe to V Kohli, no run. He doesn't offer a shot","message":{"text":null},"tags":[],"timestamp":1429895723000,"id":1173174,"time":"17:14","updateTime":1429895650897,"sequence":295.0,"type":"Auto"},{"bbcode":"P Tambe to V Kohli. He picks up two","thisOver":"2","progress":{"innings":2,"over":12,"ball":5},"speed":-1.0,"subtype":"BBCode","countingProgress":{"innings":2,"over":11,"ball":5},"bowlerId":1114,"nonfacingBatsmanId":233,"facingBatsmanId":164,"autoText":"P Tambe to V Kohli. He picks up two","message":{"text":null},"tags":[],"timestamp":1429895723000,"id":1173176,"time":"17:14","updateTime":1429895679620,"sequence":296.0,"type":"Auto"},{"bbcode":"P Tambe to V Kohli, %SPEED% full length just outside off stump. He picks up a single","thisOver":"1","progress":{"innings":2,"over":12,"ball":6},"speed":24.5939387363825,"subtype":"BBCode","countingProgress":{"innings":2,"over":11,"ball":6},"bowlerId":1114,"nonfacingBatsmanId":233,"facingBatsmanId":164,"autoText":"P Tambe to V Kohli, %SPEED% full length just outside off stump. He picks up a single","message":{"text":null},"tags":[],"timestamp":1429895775000,"id":1173177,"time":"17:14","updateTime":1429895697775,"sequence":297.0,"type":"Auto"},{"innings":2,"over":12,"overRuns":5,"overWickets":0,"inningsRuns":93,"inningsWickets":1,"inningsAllOut":false,"team":{"id":9,"fullName":"Royal Challengers Bangalore","shortName":"Challengers","abbreviation":"RCB","primaryColor":"F1901D","secondaryColor":"FFFFFF","type":"m"},"batsmanSummaries":[{"batsman":{"id":164,"fullName":"Virat Kohli","shortName":"V Kohli","nationality":"Indian","rightHandedBat":false,"dateOfBirth":594691200000,"names":["Virat Kohli","V Kohli"]},"runs":37,"balls":31,"fours":1,"sixes":1},{"batsman":{"id":233,"fullName":"AB de Villiers","shortName":"AB de Villiers","nationality":"South African","rightHandedBat":false,"dateOfBirth":445824000000,"names":["AB de Villiers","AB de Villiers"]},"runs":31,"balls":24,"fours":4,"sixes":0}],"activeBatsman":164,"bowlerSummary":{"bowler":{"id":1114,"fullName":"Pravin Tambe","shortName":"P Tambe","nationality":"Indian","rightHandedBat":true,"dateOfBirth":55728000000,"names":["Pravin Tambe","P Tambe"]},"overs":"3","runs":26,"wickets":0,"maidens":0},"inningsBalls":72,"inningsMaxBalls":120,"inningsTarget":131,"message":{"text":null},"tags":[],"timestamp":1429895697000,"id":1173178,"time":"17:14","updateTime":1429895697970,"sequence":298.0,"type":"Eov"},{"bbcode":"James Faulkner is back to make something happen for his side","subtype":"BBCode","message":{"text":"<p>James Faulkner is back to make something happen for his side</p>"},"tags":[],"timestamp":1429895831000,"id":1173185,"time":"17:17","updateTime":1429895829340,"sequence":298.5,"type":"Manual"},{"bbcode":"J Faulkner to V Kohli, %SPEED% good length just outside off stump. He picks up two","thisOver":"2","progress":{"innings":2,"over":13,"ball":1},"speed":35.5701085796114,"subtype":"BBCode","countingProgress":{"innings":2,"over":12,"ball":1},"bowlerId":193,"nonfacingBatsmanId":233,"facingBatsmanId":164,"autoText":"J Faulkner to V Kohli, %SPEED% good length just outside off stump. He picks up two","message":{"text":null},"tags":[],"timestamp":1429895837000,"id":1173181,"time":"17:16","updateTime":1429895766071,"sequence":299.0,"type":"Auto"}]}