{"fragment":7,"updateTime":1429954341000,"matchId":{"id":3247,"name":"ipl2015-22 - RR vs. RCB","matchIdName":"ipl2015-22"},"commentaries":[{"bbcode":"J Faulkner to V Kohli, %SPEED% short length outside off stump. He picks up a single","thisOver":"1","progress":{"innings":2,"over":13,"ball":2},"speed":33.4901197038848,"subtype":"BBCode","countingProgress":{"innings":2,"over":12,"ball":2},"bowlerId":193,"nonfacingBatsmanId":233,"facingBatsmanId":164,"autoText":"J Faulkner to V Kohli, %SPEED% short length outside off stump. He picks up a single","message":{"text":null},"tags":[],"timestamp":1429895837000,"id":1173183,"time":"17:16","updateTime":1429895792840,"sequence":300.0,"type":"Auto"},{"bbcode":"[b]Allan Donald: [/b][i]\"Chahal has been extraordinary for us and has lots of trick up his sleeve. The way our team strangled the batsmen early on with the ball was outstanding, it is the best I have seen.\"[/i]","subtype":"BBCode","message":{"text":"<p><strong>Allan Donald:&nbsp;</strong><em>\"Chahal has been&nbsp;extraordinary&nbsp;for us and has lots of trick up his sleeve. The way our team strangled the batsmen early on with the ball was outstanding, it is the best I have seen.\"</em></p>"},"tags":[],"timestamp":1429895917000,"id":1173193,"time":"17:18","updateTime":1429895913981,"sequence":301.0,"type":"Manual"},{"bbcode":"J Faulkner to AB de Villiers, %SPEED% good length just outside off stump. He plays and misses","thisOver":"1","progress":{"innings":2,"over":13,"ball":3},"speed":34.9991022826516,"subtype":"BBCode","countingProgress":{"innings":2,"over":12,"ball":3},"bowlerId":193,"nonfacingBatsmanId":164,"facingBatsmanId":233,"autoText":"J Faulkner to AB de Villiers, %SPEED% good length just outside off stump. He plays and misses","message":{"text":null},"tags":[],"timestamp":1429895909000,"id":1173186,"time":"17:17","updateTime":1429895829550,"sequence":302.0,"type":"Auto"},{"bbcode":"J Faulkner to V Kohli, no run, %SPEED% good length on middle stump. He doesn't offer a shot","thisOver":".","progress":{"innings":2,"over":13,"ball":4},"speed":30.9813117277676,"subtype":"BBCode","countingProgress":{"innings":2,"over":12,"ball":4},"bowlerId":193,"nonfacingBatsmanId":233,"facingBatsmanId":164,"autoText":"J Faulkner to V Kohli, no run, %SPEED% good length on middle stump. He doesn't offer a shot","message":{"text":null},"tags":[],"timestamp":1429895909000,"id":1173189,"time":"17:17","updateTime":1429895859899,"sequence":303.0,"type":"Auto"},{"bbcode":"J Faulkner to V Kohli, no run, %SPEED% full length outside off stump. He plays and misses","thisOver":".","progress":{"innings":2,"over":13,"ball":5},"speed":34.0207927328511,"subtype":"BBCode","countingProgress":{"innings":2,"over":12,"ball":5},"bowlerId":193,"nonfacingBatsmanId":233,"facingBatsmanId":164,"autoText":"J Faulkner to V Kohli, no run, %SPEED% full length outside off stump. He plays and misses","message":{"text":null},"tags":[],"timestamp":1429895961000,"id":1173192,"time":"17:18","updateTime":1429895886824,"sequence":304.0,"type":"Auto"},{"bbcode":"J Faulkner to V Kohli, %SPEED% good length on middle stump. He picks up a single","thisOver":"1","progress":{"innings":2,"over":13,"ball":6},"speed":35.5521174274247,"subtype":"BBCode","countingProgress":{"innings":2,"over":12,"ball":6},"bowlerId":193,"nonfacingBatsmanId":233,"facingBatsmanId":164,"autoText":"J Faulkner to V Kohli, %SPEED% good length on middle stump. He picks up a single","message":{"text":null},"tags":[],"timestamp":1429895961000,"id":1173194,"time":"17:18","updateTime":1429895916475,"sequence":306.0,"type":"Auto"},{"innings":2,"over":13,"overRuns":5,"overWickets":0,"inningsRuns":98,"inningsWickets":1,"inningsAllOut":false,"team":{"id":9,"fullName":"Royal Challengers Bangalore","shortName":"Challengers","abbreviation":"RCB","primaryColor":"F1901D","secondaryColor":"FFFFFF","type":"m"},"batsmanSummaries":[{"batsman":{"id":164,"fullName":"Virat Kohli","shortName":"V Kohli","nationality":"Indian","rightHandedBat":false,"dateOfBirth":594691200000,"names":["Virat Kohli","V Kohli"]},"runs":41,"balls":36,"fours":1,"sixes":1},{"batsman":{"id":233,"fullName":"AB de Villiers","shortName":"AB de Villiers","nationality":"South African","rightHandedBat":false,"dateOfBirth":445824000000,"names":["AB de Villiers","AB de Villiers"]},"runs":32,"balls":25,"fours":4,"sixes":0}],"activeBatsman":164,"bowlerSummary":{"bowler":{"id":193,"fullName":"James Faulkner","shortName":"J Faulkner","nationality":"Australian","rightHandedBat":false,"dateOfBirth":641347200000,"names":["James Faulkner","J Faulkner"]},"overs":"2","runs":17,"wickets":0,"maidens":0},"inningsBalls":78,"inningsMaxBalls":120,"inningsTarget":131,"message":{"text":null},"tags":[],"timestamp":1429895998000,"id":1173195,"time":"17:18","updateTime":1429895916674,"sequence":307.25,"type":"Eov"},{"subtype":"EmbeddedTweet","tweetjson":{"created_at":"Fri Apr 24 17:15:22 +0000 2015","id":591651658800631808,"id_str":"591651658800631808","text":"Wow RCB u rocked today  #RRvRCB","source":"<a href=\"http://twitter.com/download/android\" rel=\"nofollow\">Twitter for Android</a>","truncated":false,"in_reply_to_status_id":null,"in_reply_to_status_id_str":null,"in_reply_to_user_id":null,"in_reply_to_user_id_str":null,"in_reply_to_screen_name":null,"user":{"id":2614838340,"id_str":"2614838340","name":"Sajid ...(KXlP♥RCB)","screen_name":"beinggSajid","location":"","profile_location":null,"description":"Before you call yourself a Christian, Buddhist, Muslim, Hindu or any other theology, learn to be human first...like a 1 n oly being salman khan...love u bhai","url":null,"entities":{"description":{"urls":[]}},"protected":false,"followers_count":369,"friends_count":319,"listed_count":1,"created_at":"Thu Jul 10 05:32:56 +0000 2014","favourites_count":2757,"utc_offset":null,"time_zone":null,"geo_enabled":true,"verified":false,"statuses_count":3800,"lang":"en","contributors_enabled":false,"is_translator":false,"is_translation_enabled":false,"profile_background_color":"C0DEED","profile_background_image_url":"http://abs.twimg.com/images/themes/theme1/bg.png","profile_background_image_url_https":"https://abs.twimg.com/images/themes/theme1/bg.png","profile_background_tile":false,"profile_image_url":"http://pbs.twimg.com/profile_images/591496730983538688/yG5IBgXy_normal.jpg","profile_image_url_https":"https://pbs.twimg.com/profile_images/591496730983538688/yG5IBgXy_normal.jpg","profile_banner_url":"https://pbs.twimg.com/profile_banners/2614838340/1429858920","profile_link_color":"0084B4","profile_sidebar_border_color":"C0DEED","profile_sidebar_fill_color":"DDEEF6","profile_text_color":"333333","profile_use_background_image":true,"default_profile":true,"default_profile_image":false,"following":false,"follow_request_sent":false,"notifications":false},"geo":null,"coordinates":null,"place":null,"contributors":null,"retweet_count":0,"favorite_count":0,"entities":{"hashtags":[{"text":"RRvRCB","indices":[24,31]}],"symbols":[],"user_mentions":[],"urls":[]},"favorited":false,"retweeted":false,"lang":"en"},"message":{"text":"<blockquote class=\"twitter-tweet\" data-partner=\"tweetdeck\">\n<p>Wow RCB u rocked today <a href=\"https://twitter.com/hashtag/RRvRCB?src=hash\">#RRvRCB</a></p>\n&mdash; Sajid ...(KXlP&hearts;RCB) (@beinggSajid) <a href=\"https://twitter.com/beinggSajid/status/591651658800631808\">April 24, 2015</a></blockquote>\n<script charset=\"utf-8\" type=\"text/javascript\" src=\"http://platform.twitter.com/widgets.js\"></script>"},"tags":[],"timestamp":1429896000000,"id":1173199,"time":"17:19","updateTime":1429895991180,"sequence":307.625,"type":"Manual"},{"bbcode":"S Watson to V Kohli, %SPEED% short length just outside off stump. He hits a great shot, that has gone all the way","thisOver":"6","progress":{"innings":2,"over":14,"ball":1},"speed":24.4523915958873,"subtype":"BBCode","countingProgress":{"innings":2,"over":13,"ball":1},"bowlerId":227,"nonfacingBatsmanId":233,"facingBatsmanId":164,"autoText":"S Watson to V Kohli, %SPEED% short length just outside off stump. He hits a great shot, that has gone all the way","message":{"text":null},"tags":["six"],"timestamp":1429896085000,"id":1173198,"time":"17:19","updateTime":1429895989227,"sequence":308.0,"type":"Auto"},{"bbcode":"[b]Six! [/b]Kohli walks down the pitch and target over the bowlers head... what execution! This partnership gets better and better to watch","subtype":"BBCode","message":{"text":"<p><strong>Six!&nbsp;</strong>Kohli walks down the pitch and target over the bowlers head... what execution! This partnership gets better and better to watch</p>"},"tags":[],"timestamp":1429896045000,"id":1173204,"time":"17:20","updateTime":1429896005700,"sequence":309.0,"type":"Manual"},{"bbcode":"S Watson to V Kohli, %SPEED% short length on off stump. He picks up two","thisOver":"2","progress":{"innings":2,"over":14,"ball":2},"speed":36.1297823389352,"subtype":"BBCode","countingProgress":{"innings":2,"over":13,"ball":2},"bowlerId":227,"nonfacingBatsmanId":233,"facingBatsmanId":164,"autoText":"S Watson to V Kohli, %SPEED% short length on off stump. He picks up two","message":{"text":null},"tags":[],"timestamp":1429896085000,"id":1173206,"time":"17:20","updateTime":1429896029534,"sequence":310.0,"type":"Auto"},{"bbcode":"S Watson to V Kohli, %SPEED% short length just outside off stump. He picks up a single","thisOver":"1","progress":{"innings":2,"over":14,"ball":3},"speed":32.4000203716588,"subtype":"BBCode","countingProgress":{"innings":2,"over":13,"ball":3},"bowlerId":227,"nonfacingBatsmanId":233,"facingBatsmanId":164,"autoText":"S Watson to V Kohli, %SPEED% short length just outside off stump. He picks up a single","message":{"text":null},"tags":[],"timestamp":1429896150000,"id":1173207,"time":"17:21","updateTime":1429896061591,"sequence":311.0,"type":"Auto"},{"bbcode":"[b]50 for Virat Kohli[/b]","subtype":"BBCode","message":{"text":"<p><strong>50 for Virat Kohli</strong></p>"},"tags":[],"timestamp":1429896087000,"id":1173209,"time":"17:21","updateTime":1429896087684,"sequence":312.0,"type":"Manual"},{"bbcode":"The RCB skipper is leading from the front. He has his passion tonight and has shown his drive to get his side the all important win","subtype":"BBCode","message":{"text":"<p>The RCB skipper is leading from the front. He has his passion tonight and has shown his drive to get his side the all important win</p>"},"tags":[],"timestamp":1429896150000,"id":1173214,"time":"17:22","updateTime":1429896148039,"sequence":312.5,"type":"Manual"},{"bbcode":"S Watson to AB de Villiers, %SPEED% short length just outside off stump. He picks up two","thisOver":"2","progress":{"innings":2,"over":14,"ball":4},"speed":34.6466987597806,"subtype":"BBCode","countingProgress":{"innings":2,"over":13,"ball":4},"bowlerId":227,"nonfacingBatsmanId":164,"facingBatsmanId":233,"autoText":"S Watson to AB de Villiers, %SPEED% short length just outside off stump. He picks up two","message":{"text":null},"tags":[],"timestamp":1429896150000,"id":1173211,"time":"17:21","updateTime":1429896102656,"sequence":313.0,"type":"Auto"},{"bbcode":"S Watson to AB de Villiers, %SPEED% full length going down leg. He hits a nice boundary","thisOver":"4","progress":{"innings":2,"over":14,"ball":5},"speed":35.493965131873,"subtype":"BBCode","countingProgress":{"innings":2,"over":13,"ball":5},"bowlerId":227,"nonfacingBatsmanId":164,"facingBatsmanId":233,"autoText":"S Watson to AB de Villiers, %SPEED% full length going down leg. He hits a nice boundary","message":{"text":null},"tags":["four"],"timestamp":1429896202000,"id":1173213,"time":"17:22","updateTime":1429896141068,"sequence":314.0,"type":"Auto"},{"bbcode":"Four! de Villiers takes his turn to drive down the ground. The pair have had a quite period with few boundaries but now they are dangerously seeing it well","subtype":"BBCode","message":{"text":"<p>Four! de Villiers takes his turn to drive down the ground. The pair have had a quite period with few boundaries but now they are dangerously seeing it well</p>"},"tags":[],"timestamp":1429896202000,"id":1173216,"time":"17:22","updateTime":1429896153825,"sequence":315.0,"type":"Manual"},{"bbcode":"S Watson to AB de Villiers, %SPEED% full length outside off stump. He picks up a single","thisOver":"1","progress":{"innings":2,"over":14,"ball":6},"speed":34.5895391111067,"subtype":"BBCode","countingProgress":{"innings":2,"over":13,"ball":6},"bowlerId":227,"nonfacingBatsmanId":164,"facingBatsmanId":233,"autoText":"S Watson to AB de Villiers, %SPEED% full length outside off stump. He picks up a single","message":{"text":null},"tags":[],"timestamp":1429896271000,"id":1173219,"time":"17:23","updateTime":1429896187673,"sequence":316.0,"type":"Auto"},{"innings":2,"over":14,"overRuns":16,"overWickets":0,"inningsRuns":114,"inningsWickets":1,"inningsAllOut":false,"team":{"id":9,"fullName":"Royal Challengers Bangalore","shortName":"Challengers","abbreviation":"RCB","primaryColor":"F1901D","secondaryColor":"FFFFFF","type":"m"},"batsmanSummaries":[{"batsman":{"id":233,"fullName":"AB de Villiers","shortName":"AB de Villiers","nationality":"South African","rightHandedBat":false,"dateOfBirth":445824000000,"names":["AB de Villiers","AB de Villiers"]},"runs":39,"balls":28,"fours":5,"sixes":0},{"batsman":{"id":164,"fullName":"Virat Kohli","shortName":"V Kohli","nationality":"Indian","rightHandedBat":false,"dateOfBirth":594691200000,"names":["Virat Kohli","V Kohli"]},"runs":50,"balls":39,"fours":1,"sixes":2}],"activeBatsman":233,"bowlerSummary":{"bowler":{"id":227,"fullName":"Shane Watson","shortName":"S Watson","nationality":"Australian","rightHandedBat":true,"dateOfBirth":361584000000,"names":["Shane Watson","S Watson"]},"overs":"3","runs":23,"wickets":1,"maidens":0},"inningsBalls":84,"inningsMaxBalls":120,"inningsTarget":131,"message":{"text":null},"tags":[],"timestamp":1429896187000,"id":1173220,"time":"17:23","updateTime":1429896187853,"sequence":317.0,"type":"Eov"},{"bbcode":"We take another timeout and it is looking more and more clinical from the RCB batsmen tonight","subtype":"BBCode","message":{"text":"<p>We take another timeout and it is looking more and more clinical from the RCB batsmen tonight</p>"},"tags":[],"timestamp":1429896231000,"id":1173222,"time":"17:23","updateTime":1429896231776,"sequence":318.0,"type":"Manual"},{"bbcode":"P Tambe to AB de Villiers, %SPEED% full length outside off stump. He picks up a single","thisOver":"1","progress":{"innings":2,"over":15,"ball":1},"speed":19.6927749462191,"subtype":"BBCode","countingProgress":{"innings":2,"over":14,"ball":1},"bowlerId":1114,"nonfacingBatsmanId":164,"facingBatsmanId":233,"autoText":"P Tambe to AB de Villiers, %SPEED% full length outside off stump. He picks up a single","message":{"text":null},"tags":[],"timestamp":1429896437000,"id":1173227,"time":"17:26","updateTime":1429896367440,"sequence":319.0,"type":"Auto"},{"bbcode":"P Tambe to V Kohli, %SPEED% good length just outside off stump. He hits a great shot, that has gone all the way","thisOver":"6","progress":{"innings":2,"over":15,"ball":2},"speed":20.7414020162826,"subtype":"BBCode","countingProgress":{"innings":2,"over":14,"ball":2},"bowlerId":1114,"nonfacingBatsmanId":233,"facingBatsmanId":164,"autoText":"P Tambe to V Kohli, %SPEED% good length just outside off stump. He hits a great shot, that has gone all the way","message":{"text":null},"tags":["six"],"timestamp":1429896437000,"id":1173228,"time":"17:26","updateTime":1429896388702,"sequence":320.0,"type":"Auto"},{"bbcode":"[b]Six![/b] Virat uses his feet once again and shows the power of playing with a straight bat over the bowlers head","subtype":"BBCode","message":{"text":"<p><strong>Six!</strong> Virat uses his feet once again and shows the power of playing with a straight bat over the bowlers head</p>"},"tags":[],"timestamp":1429896432000,"id":1173229,"time":"17:26","updateTime":1429896402947,"sequence":321.0,"type":"Manual"},{"bbcode":"P Tambe to V Kohli, %SPEED% short length just outside off stump. He picks up a single","thisOver":"1","progress":{"innings":2,"over":15,"ball":3},"speed":25.8565369997652,"subtype":"BBCode","countingProgress":{"innings":2,"over":14,"ball":3},"bowlerId":1114,"nonfacingBatsmanId":233,"facingBatsmanId":164,"autoText":"P Tambe to V Kohli, %SPEED% short length just outside off stump. He picks up a single","message":{"text":null},"tags":[],"timestamp":1429896510000,"id":1173231,"time":"17:26","updateTime":1429896416654,"sequence":322.0,"type":"Auto"},{"bbcode":"P Tambe to AB de Villiers. He picks up a single","thisOver":"1","progress":{"innings":2,"over":15,"ball":4},"speed":-1.0,"subtype":"BBCode","countingProgress":{"innings":2,"over":14,"ball":4},"bowlerId":1114,"nonfacingBatsmanId":164,"facingBatsmanId":233,"autoText":"P Tambe to AB de Villiers. He picks up a single","message":{"text":null},"tags":[],"timestamp":1429896510000,"id":1173232,"time":"17:27","updateTime":1429896435999,"sequence":323.0,"type":"Auto"},{"bbcode":"P Tambe to V Kohli, no run. He doesn't offer a shot","thisOver":".","progress":{"innings":2,"over":15,"ball":5},"speed":-1.0,"subtype":"BBCode","countingProgress":{"innings":2,"over":14,"ball":5},"bowlerId":1114,"nonfacingBatsmanId":233,"facingBatsmanId":164,"autoText":"P Tambe to V Kohli, no run. He doesn't offer a shot","message":{"text":null},"tags":[],"timestamp":1429896538000,"id":1173236,"time":"17:27","updateTime":1429896453507,"sequence":324.0,"type":"Auto"},{"bbcode":"P Tambe to V Kohli. He plays and misses","thisOver":"1","progress":{"innings":2,"over":15,"ball":6},"subtype":"BBCode","countingProgress":{"innings":2,"over":14,"ball":6},"bowlerId":1114,"nonfacingBatsmanId":233,"facingBatsmanId":164,"autoText":"P Tambe to V Kohli. He plays and misses","message":{"text":null},"tags":[],"timestamp":1429896564000,"id":1173237,"time":"17:27","updateTime":1429896472209,"sequence":325.0,"type":"Auto"},{"bbcode":"[b]Ramiz Raja: [/b][i]\"This has been a powerhouse performance from RCB.\"[/i]","subtype":"BBCode","message":{"text":"<p><strong>Ramiz Raja:&nbsp;</strong><em>\"This has been a powerhouse performance from RCB.\"</em></p>"},"tags":[],"timestamp":1429896513000,"id":1173239,"time":"17:28","updateTime":1429896495942,"sequence":325.5,"type":"Manual"},{"innings":2,"over":15,"overRuns":10,"overWickets":0,"inningsRuns":124,"inningsWickets":1,"inningsAllOut":false,"team":{"id":9,"fullName":"Royal Challengers Bangalore","shortName":"Challengers","abbreviation":"RCB","primaryColor":"F1901D","secondaryColor":"FFFFFF","type":"m"},"batsmanSummaries":[{"batsman":{"id":164,"fullName":"Virat Kohli","shortName":"V Kohli","nationality":"Indian","rightHandedBat":false,"dateOfBirth":594691200000,"names":["Virat Kohli","V Kohli"]},"runs":58,"balls":43,"fours":1,"sixes":3},{"batsman":{"id":233,"fullName":"AB de Villiers","shortName":"AB de Villiers","nationality":"South African","rightHandedBat":false,"dateOfBirth":445824000000,"names":["AB de Villiers","AB de Villiers"]},"runs":41,"balls":30,"fours":5,"sixes":0}],"activeBatsman":164,"bowlerSummary":{"bowler":{"id":1114,"fullName":"Pravin Tambe","shortName":"P Tambe","nationality":"Indian","rightHandedBat":true,"dateOfBirth":55728000000,"names":["Pravin Tambe","P Tambe"]},"overs":"4","runs":36,"wickets":0,"maidens":0},"inningsBalls":90,"inningsMaxBalls":120,"inningsTarget":131,"message":{"text":null},"tags":[],"timestamp":1429896472000,"id":1173238,"time":"17:27","updateTime":1429896472390,"sequence":326.0,"type":"Eov"},{"bbcode":"D Kulkarni to V Kohli. He picks up a single","thisOver":"1","progress":{"innings":2,"over":16,"ball":1},"speed":-1.0,"subtype":"BBCode","countingProgress":{"innings":2,"over":15,"ball":1},"bowlerId":101,"nonfacingBatsmanId":233,"facingBatsmanId":164,"autoText":"D Kulkarni to V Kohli. He picks up a single","message":{"text":null},"tags":[],"timestamp":1429896615000,"id":1173242,"time":"17:28","updateTime":1429896529235,"sequence":327.0,"type":"Auto"},{"bbcode":"D Kulkarni to AB de Villiers. He picks up a single","thisOver":"1","progress":{"innings":2,"over":16,"ball":2},"speed":-1.0,"subtype":"BBCode","countingProgress":{"innings":2,"over":15,"ball":2},"bowlerId":101,"nonfacingBatsmanId":164,"facingBatsmanId":233,"autoText":"D Kulkarni to AB de Villiers. He picks up a single","message":{"text":null},"tags":[],"timestamp":1429896615000,"id":1173244,"time":"17:29","updateTime":1429896560823,"sequence":328.0,"type":"Auto"},{"bbcode":"D Kulkarni to V Kohli. He picks up two","thisOver":"2","progress":{"innings":2,"over":16,"ball":3},"subtype":"BBCode","countingProgress":{"innings":2,"over":15,"ball":3},"bowlerId":101,"nonfacingBatsmanId":233,"facingBatsmanId":164,"autoText":"D Kulkarni to V Kohli. He picks up two","message":{"text":null},"tags":[],"timestamp":1429896856000,"id":1173246,"time":"17:29","updateTime":1429896595324,"sequence":329.0,"type":"Auto"},{"bbcode":"D Kulkarni to V Kohli. He picks up a single","thisOver":"1","progress":{"innings":2,"over":16,"ball":4},"subtype":"BBCode","countingProgress":{"innings":2,"over":15,"ball":4},"bowlerId":101,"nonfacingBatsmanId":233,"facingBatsmanId":164,"autoText":"D Kulkarni to V Kohli. He picks up a single","message":{"text":null},"tags":[],"timestamp":1429896856000,"id":1173248,"time":"17:30","updateTime":1429896625858,"sequence":330.0,"type":"Auto"},{"bbcode":"D Kulkarni to AB de Villiers, no run. He plays and misses","thisOver":".","progress":{"innings":2,"over":16,"ball":5},"speed":-1.0,"subtype":"BBCode","countingProgress":{"innings":2,"over":15,"ball":5},"bowlerId":101,"nonfacingBatsmanId":164,"facingBatsmanId":233,"autoText":"D Kulkarni to AB de Villiers, no run. He plays and misses","message":{"text":null},"tags":[],"timestamp":1429896751000,"id":1173249,"time":"17:30","updateTime":1429896659505,"sequence":331.0,"type":"Auto"},{"bbcode":"D Kulkarni to AB de Villiers. He picks up a single","thisOver":"1","progress":{"innings":2,"over":16,"ball":6},"speed":-1.0,"subtype":"BBCode","countingProgress":{"innings":2,"over":15,"ball":6},"bowlerId":101,"nonfacingBatsmanId":164,"facingBatsmanId":233,"autoText":"D Kulkarni to AB de Villiers. He picks up a single","message":{"text":null},"tags":[],"timestamp":1429896855000,"id":1173253,"time":"17:31","updateTime":1429896692563,"sequence":332.0,"type":"Auto"},{"innings":2,"over":16,"overRuns":6,"overWickets":0,"inningsRuns":130,"inningsWickets":1,"inningsAllOut":false,"team":{"id":9,"fullName":"Royal Challengers Bangalore","shortName":"Challengers","abbreviation":"RCB","primaryColor":"F1901D","secondaryColor":"FFFFFF","type":"m"},"batsmanSummaries":[{"batsman":{"id":233,"fullName":"AB de Villiers","shortName":"AB de Villiers","nationality":"South African","rightHandedBat":false,"dateOfBirth":445824000000,"names":["AB de Villiers","AB de Villiers"]},"runs":43,"balls":33,"fours":5,"sixes":0},{"batsman":{"id":164,"fullName":"Virat Kohli","shortName":"V Kohli","nationality":"Indian","rightHandedBat":false,"dateOfBirth":594691200000,"names":["Virat Kohli","V Kohli"]},"runs":62,"balls":46,"fours":1,"sixes":3}],"activeBatsman":233,"bowlerSummary":{"bowler":{"id":101,"fullName":"Dhawal Kulkarni","shortName":"D Kulkarni","nationality":"Indian","rightHandedBat":true,"dateOfBirth":597715200000,"names":["Dhawal Kulkarni","D Kulkarni"]},"overs":"4","runs":26,"wickets":0,"maidens":0},"inningsBalls":96,"inningsMaxBalls":120,"inningsTarget":131,"message":{"text":null},"tags":[],"timestamp":1429896692000,"id":1173254,"time":"17:31","updateTime":1429896692735,"sequence":333.0,"type":"Eov"},{"bbcode":"D Hooda to AB de Villiers. He hits a nice boundary","thisOver":"4","progress":{"innings":2,"over":17,"ball":1},"speed":-1.0,"subtype":"BBCode","countingProgress":{"innings":2,"over":16,"ball":1},"bowlerId":1556,"nonfacingBatsmanId":164,"facingBatsmanId":233,"autoText":"D Hooda to AB de Villiers. He hits a nice boundary","message":{"text":null},"tags":["four"],"timestamp":1429896811000,"id":1173257,"time":"17:32","updateTime":1429896753057,"sequence":335.0,"type":"Auto"},{"bbcode":"Four!","subtype":"BBCode","message":{"text":"<p>Four!</p>"},"tags":[],"timestamp":1429896770000,"id":1173259,"time":"17:32","updateTime":1429896767847,"sequence":335.5,"type":"Manual"},{"innings":2,"over":17,"overRuns":4,"overWickets":0,"inningsRuns":134,"inningsWickets":1,"inningsAllOut":false,"team":{"id":9,"fullName":"Royal Challengers Bangalore","shortName":"Challengers","abbreviation":"RCB","primaryColor":"F1901D","secondaryColor":"FFFFFF","type":"m"},"batsmanSummaries":[{"batsman":{"id":233,"fullName":"AB de Villiers","shortName":"AB de Villiers","nationality":"South African","rightHandedBat":false,"dateOfBirth":445824000000,"names":["AB de Villiers","AB de Villiers"]},"runs":47,"balls":34,"fours":6,"sixes":0},{"batsman":{"id":164,"fullName":"Virat Kohli","shortName":"V Kohli","nationality":"Indian","rightHandedBat":false,"dateOfBirth":594691200000,"names":["Virat Kohli","V Kohli"]},"runs":62,"balls":46,"fours":1,"sixes":3}],"activeBatsman":233,"bowlerSummary":{"bowler":{"id":1556,"fullName":"Deepak Hooda","shortName":"D Hooda","nationality":"Indian","rightHandedBat":true,"dateOfBirth":798249600000,"names":["Deepak Hooda","D Hooda"]},"overs":"0.1","runs":4,"wickets":0,"maidens":0},"inningsBalls":97,"inningsMaxBalls":120,"inningsTarget":131,"message":{"text":null},"tags":[],"timestamp":1429896753000,"id":1173258,"time":"17:32","updateTime":1429896753212,"sequence":336.0,"type":"Eov"},{"bbcode":"[b]Royal Challengers Bangalore win by 9 wickets[/b]","subtype":"BBCode","message":{"text":"<p><strong>Royal Challengers Bangalore win by 9 wickets</strong></p>"},"tags":[],"timestamp":1429896863000,"id":1173268,"time":"17:34","updateTime":1429896863644,"sequence":337.0,"type":"Manual"},{"bbcode":"[b]Match Report: [/b]Royal Challengers Bangalore s bowlers didn t have the best of times in their first four matches of Pepsi IPL 2015. However, on Friday they turned up at the Sardar Patel Stadium in Ahmedabad in style, restricting table-toppers Rajasthan Royals to a modest 130, after which their batsmen chased down the runs in 16.1 overs. The nine-wicket win was RCB s second victory in the tournament   which came at the back of three consecutive defeats, while RR suffered a defeat for the second time in seven outings. RCB s victory   by nine wickets and with 23 balls to spare   was the most convincing run-chase of the season. \\n \\n RCB captain Virat Kolhi won the toss for the fourth time in the season, gave his bowlers the first use of the pitch and they responded brilliantly setting up the match. Ajinkya Rahane and Shane Watson, as they have done so often this season, got the hosts off to a solid start, adding 36 runs before the former was dismissed off the last ball of the fifth over. Rahane made 18, aided with two boundaries and a six, when he was trapped lbw by an off-cutter from Harshal Patel. \\n \\n Watson welcomed leg-spinner Yuzvendra Chahal   who was introduced into the attack in the sixth over - with a six and put him away for a boundary two balls later, but perished off the following delivery when he pulled a long hop straight to the man at midwicket. The RR captain made 26 from 22 balls, aided with four boundaries and a six. \\n \\n Having seen the back of RR s two in-form batsmen, RCB never eased the pressure thereafter. The bowlers hit the right areas consistently and forced the batsmen to take risks. That formula worked well for RCB as they kept picking up wickets at regular intervals. Karun Nair was run out attempting a difficult second run, while the two youngsters   Deepak Hooda and Sanju Samson - had their woodwork rearranged by Iqbal Abdulla and Chahal respectively they attempted to play across the line strokes. \\n \\n Steve Smith would be RR s top-scorer; he made 31 from 28 balls and hit two boundaries before being sixth man out in the eighteenth over. RR finished their allotted twenty overs at 130 for 9   their lowest total of the season. There was only one over in the innings in which the RR batsmen could score 10 or more, and the 36-run opening stand was the highest of the innings. There were only ten boundaries and three sixes in the RR innings to go with 44 dot balls. \\n \\n For RCB, the bowlers were sensational. Mitchell Starc, with figures of 3 for 22, would finish the most successful bowler of the match, and he was ably supported by young Harshal Patel (2-23) and Chahal. Iqbal Abdulla played an important role in plugging the flow or runs, bowling ten dot balls in his four overs, while finishing with figures of one for 28. \\n \\n RCB had a mixed day on the field, but there was one act on the field that stood out   the catch taken by Dinesh Karthik to dismiss James Faulkner. The Australian walked towards the off-side and attempted to scoop the ball fine on the leg-side. But Karthik was alert to a possible chance, moved swiftly to his left, dived full length and came up with the ball with his outstretched arm. \\n \\n Cut to chase, RCB were given a flying start by Chris Gayle and Virat Kohli. The Jamaican, who missed the previous match, scored 20 from 16 balls, and was involved in a 36-run opening partnership, before he was foxed by a slower delivery from Shane Watson and top-edged to the wicket-keeper. Kohli and AB de Villiers, who was promoted to bat at number three, completed the honours in clinical fashion with an unbeaten 98-run partnership; the RCB skipper was unbeaten on 62 from 46 balls, while de Villiers made 47 from 34 balls.","subtype":"BBCode","message":{"text":"<p><strong>Match Report:&nbsp;</strong>Royal Challengers Bangalore&rsquo;s bowlers didn&rsquo;t have the best of times in their first four matches of Pepsi IPL 2015. However, on Friday they turned up at the Sardar Patel Stadium in Ahmedabad in style, restricting table-toppers Rajasthan Royals to a modest 130, after which their batsmen chased down the runs in 16.1 overs. The nine-wicket win was RCB&rsquo;s second victory in the tournament &ndash; which came at the back of three consecutive defeats, while RR suffered a defeat for the second time in seven outings. RCB&rsquo;s victory &ndash; by nine wickets and with 23 balls to spare &ndash; was the most convincing run-chase of the season. <br /> <br /> RCB captain Virat Kolhi won the toss for the fourth time in the season, gave his bowlers the first use of the pitch and they responded brilliantly setting up the match. Ajinkya Rahane and Shane Watson, as they have done so often this season, got the hosts off to a solid start, adding 36 runs before the former was dismissed off the last ball of the fifth over. Rahane made 18, aided with two boundaries and a six, when he was trapped lbw by an off-cutter from Harshal Patel. <br /> <br /> Watson welcomed leg-spinner Yuzvendra Chahal &ndash; who was introduced into the attack in the sixth over - with a six and put him away for a boundary two balls later, but perished off the following delivery when he pulled a long hop straight to the man at midwicket. The RR captain made 26 from 22 balls, aided with four boundaries and a six. <br /> <br /> Having seen the back of RR&rsquo;s two in-form batsmen, RCB never eased the pressure thereafter. The bowlers hit the right areas consistently and forced the batsmen to take risks. That formula worked well for RCB as they kept picking up wickets at regular intervals. Karun Nair was run out attempting a difficult second run, while the two youngsters &ndash; Deepak Hooda and Sanju Samson - had their woodwork rearranged by Iqbal Abdulla and Chahal respectively they attempted to play across the line strokes. <br /> <br /> Steve Smith would be RR&rsquo;s top-scorer; he made 31 from 28 balls and hit two boundaries before being sixth man out in the eighteenth over. RR finished their allotted twenty overs at 130 for 9 &ndash; their lowest total of the season. There was only one over in the innings in which the RR batsmen could score 10 or more, and the 36-run opening stand was the highest of the innings. There were only ten boundaries and three sixes in the RR innings to go with 44 dot balls. <br /> <br /> For RCB, the bowlers were sensational. Mitchell Starc, with figures of 3 for 22, would finish the most successful bowler of the match, and he was ably supported by young Harshal Patel (2-23) and Chahal. Iqbal Abdulla played an important role in plugging the flow or runs, bowling ten dot balls in his four overs, while finishing with figures of one for 28. <br /> <br /> RCB had a mixed day on the field, but there was one act on the field that stood out &ndash; the catch taken by Dinesh Karthik to dismiss James Faulkner. The Australian walked towards the off-side and attempted to scoop the ball fine on the leg-side. But Karthik was alert to a possible chance, moved swiftly to his left, dived full length and came up with the ball with his outstretched arm. <br /> <br /> Cut to chase, RCB were given a flying start by Chris Gayle and Virat Kohli. The Jamaican, who missed the previous match, scored 20 from 16 balls, and was involved in a 36-run opening partnership, before he was foxed by a slower delivery from Shane Watson and top-edged to the wicket-keeper. Kohli and AB de Villiers, who was promoted to bat at number three, completed the honours in clinical fashion with an unbeaten 98-run partnership; the RCB skipper was unbeaten on 62 from 46 balls, while de Villiers made 47 from 34 balls.</p>"},"tags":[],"timestamp":1429911669000,"id":1173270,"time":"17:34","updateTime":1429896872312,"sequence":338.0,"type":"Manual"},{"bbcode":"[b]Watson: [/b]\"We had a really good crack out there but we din't have enough runs. We were outplayed today, it was just one of those days. We didn't sum up conditions quick enough, 150 - 160 may well have been enough tonight. Every game is important but losing in a Super Over is no excuse to not adapt, we need to turn this momentum around now.\"","subtype":"BBCode","message":{"text":"<p><strong>Watson:&nbsp;</strong>\"We had a really good crack out there but we din't have enough runs. We were outplayed today, it was just one of those days. We didn't sum up conditions quick enough, 150 - 160 may well have been enough tonight. Every game is important but losing in a Super Over is no excuse to not adapt, we need to turn this momentum around now.\"</p>"},"tags":[],"timestamp":1429897072000,"id":1173271,"time":"17:35","updateTime":1429896908499,"sequence":339.0,"type":"Manual"},{"bbcode":"[b]Kohli: [/b]\"We wanted that solid performance today, this might be a momentum change for us. It is a timely victory and I am particularly impressed with the intensity in our field. There is a lot of preparation before the game and we executed our plans, I am a very happy captain. Tonight was a team performance it was a performance any captain would have been proud of, it is all about going out their and believing. It was a pleasure to bat with AB he is one of the best in the world at the moment.\"","subtype":"BBCode","message":{"text":"<p><strong>Kohli:&nbsp;</strong>\"We wanted that solid performance today, this might be a momentum change for us. It is a timely victory and I am particularly impressed with the intensity in our field. There is a lot of preparation before the game and we executed our plans, I am a very happy captain. Tonight was a team performance it was a performance any captain would have been proud of, it is all about going out their and believing. It was a pleasure to bat with AB he is one of the best in the world at the moment.\"</p>"},"tags":[],"timestamp":1429897918000,"id":1173272,"time":"17:35","updateTime":1429896913420,"sequence":340.0,"type":"Manual"},{"bbcode":"[b]MoM: [/b]Mitchell Starc","subtype":"BBCode","message":{"text":"<p><strong>MoM:&nbsp;</strong>Mitchell Starc</p>"},"tags":[],"timestamp":1429897929000,"id":1173273,"time":"17:35","updateTime":1429896918672,"sequence":341.0,"type":"Manual"},{"subtype":"EmbeddedTweet","tweetjson":{"created_at":"Fri Apr 24 19:02:54 +0000 2015","id":591678721515356160,"id_str":"591678721515356160","text":"Was an absolute pleasure playing in front of the Ahmedabad crowd tonight! Special memories that I'll never forget. #RCB back on track","source":"<a href=\"http://twitter.com/download/iphone\" rel=\"nofollow\">Twitter for iPhone</a>","truncated":false,"in_reply_to_status_id":null,"in_reply_to_status_id_str":null,"in_reply_to_user_id":null,"in_reply_to_user_id_str":null,"in_reply_to_screen_name":null,"user":{"id":139876086,"id_str":"139876086","name":"AB de Villiers","screen_name":"ABdeVilliers17","location":"South Africa, Pretoria","description":"Professional Cricket player\r\nProudly South African","url":"http://t.co/2As3HRYfKw","entities":{"url":{"urls":[{"url":"http://t.co/2As3HRYfKw","expanded_url":"http://www.abdevilliers.com","display_url":"abdevilliers.com","indices":[0,22]}]},"description":{"urls":[]}},"protected":false,"followers_count":2212156,"friends_count":181,"listed_count":3589,"created_at":"Mon May 03 23:10:45 +0000 2010","favourites_count":264,"utc_offset":-7200,"time_zone":"Greenland","geo_enabled":false,"verified":true,"statuses_count":4520,"lang":"en","contributors_enabled":false,"is_translator":false,"is_translation_enabled":false,"profile_background_color":"000000","profile_background_image_url":"http://pbs.twimg.com/profile_background_images/856536622/a7014487c5c4d27d51c374cb17d7de27.jpeg","profile_background_image_url_https":"https://pbs.twimg.com/profile_background_images/856536622/a7014487c5c4d27d51c374cb17d7de27.jpeg","profile_background_tile":false,"profile_image_url":"http://pbs.twimg.com/profile_images/378800000842264171/3d42082dcd37f5fd83767401353c3b81_normal.jpeg","profile_image_url_https":"https://pbs.twimg.com/profile_images/378800000842264171/3d42082dcd37f5fd83767401353c3b81_normal.jpeg","profile_banner_url":"https://pbs.twimg.com/profile_banners/139876086/1368616741","profile_link_color":"CC3300","profile_sidebar_border_color":"FFFFFF","profile_sidebar_fill_color":"F7DA93","profile_text_color":"000000","profile_use_background_image":true,"default_profile":false,"default_profile_image":false,"following":false,"follow_request_sent":false,"notifications":false},"geo":null,"coordinates":null,"place":null,"contributors":null,"retweet_count":844,"favorite_count":1780,"entities":{"hashtags":[{"text":"RCB","indices":[115,119]}],"symbols":[],"user_mentions":[],"urls":[]},"favorited":false,"retweeted":false,"lang":"en"},"message":{"text":"<blockquote class=\"twitter-tweet\" data-partner=\"tweetdeck\">\n<p>Was an absolute pleasure playing in front of the Ahmedabad crowd tonight! Special memories that I'll never forget. <a href=\"https://twitter.com/hashtag/RCB?src=hash\">#RCB</a> back on track</p>\n&mdash; AB de Villiers (@ABdeVilliers17) <a href=\"https://twitter.com/ABdeVilliers17/status/591678721515356160\">April 24, 2015</a></blockquote>\n<script charset=\"utf-8\" type=\"text/javascript\" src=\"http://platform.twitter.com/widgets.js\"></script>"},"tags":[],"timestamp":1429954341000,"id":1173744,"time":"09:32","updateTime":1429954338966,"sequence":342.0,"type":"Manual"},{"bbcode":"\\n\\nR! C! B! An utterly clinical performance from the Royal Challengers. Fine bowling first up from Starc and the spinners, then their captain Kohli with AB sealed the game with a beautifully crafted partnership. Rajasthan have back to back loses now and will be looking closely at their game to bounce back as soon as possible. It has been great having you with us today, join us for the double headed day where MI play SRH at the Wankhede Stadium and CSK meet KXIP in Chennai.","subtype":"BBCode","message":{"text":"<p><img src=\"http://static2.iplt20.com/cms/media/images/1200x800/37928.jpg\" alt=\"\" width=\"600\" height=\"400\" /><br /><br />R! C! B! An utterly clinical performance from the Royal Challengers. Fine bowling first up from Starc and the spinners, then their captain Kohli with AB sealed the game with a beautifully crafted partnership. Rajasthan have back to back loses now and will be looking closely at their game to bounce back as soon as possible. It has been great having you with us today, join us for the double headed day where MI play SRH at the Wankhede Stadium and CSK meet KXIP in Chennai.</p>"},"tags":[],"timestamp":1429897334000,"id":1173291,"time":"17:42","updateTime":1429897334276,"sequence":343.0,"type":"Manual"}]}