[{"dataType":"tweet-history","scope":"ipl-rr-battle","metadata":null,"writtenAt":1434022577322,"data":[{"resolution":{"value":1,"unit":"MINUTE","msValue":60000,"maxBuckets":10},"maximum":1,"buckets":[{"label":"11:24","msValue":1434021840000,"count":1},{"label":"11:26","msValue":1434021960000,"count":1},{"label":"11:28","msValue":1434022080000,"count":1}]},{"resolution":{"value":1,"unit":"DAY","msValue":86400000,"maxBuckets":1},"maximum":181,"buckets":[{"label":"Thu 11 Jun","msValue":1433980800000,"count":181}]}]}]