{"squadId":465,"totalVotes":40452,"players":[{"id":227,"voteCount":40311,"fullName":"Shane Watson","shortName":"S Watson"},{"id":135,"voteCount":40272,"fullName":"Ajinkya Rahane","shortName":"A Rahane"},{"id":258,"voteCount":40228,"fullName":"Sanju Samson","shortName":"S Samson"},{"id":193,"voteCount":40227,"fullName":"James Faulkner","shortName":"J Faulkner"},{"id":271,"voteCount":40193,"fullName":"Steve Smith","shortName":"S Smith"},{"id":1114,"voteCount":40138,"fullName":"Pravin Tambe","shortName":"P Tambe"},{"id":1556,"voteCount":40104,"fullName":"Deepak Hooda","shortName":"D Hooda"},{"id":148,"voteCount":39935,"fullName":"Stuart Binny","shortName":"S Binny"},{"id":276,"voteCount":39663,"fullName":"Karun Nair","shortName":"K Nair"},{"id":836,"voteCount":39460,"fullName":"Chris Morris","shortName":"C Morris"},{"id":101,"voteCount":39392,"fullName":"Dhawal Kulkarni","shortName":"D Kulkarni"},{"id":307,"voteCount":796,"fullName":"Tim Southee","shortName":"T Southee"},{"id":92,"voteCount":602,"fullName":"Rajat Bhatia","shortName":"R Bhatia"},{"id":32,"voteCount":513,"fullName":"Ankit Sharma","shortName":"A Sharma"},{"id":66,"voteCount":438,"fullName":"Abhishek Nayar","shortName":"A Nayar"},{"id":1749,"voteCount":343,"fullName":"Rahul Tewatia","shortName":"R Tewatia"},{"id":141,"voteCount":202,"fullName":"Dishant Yagnik","shortName":"D Yagnik"},{"id":2747,"voteCount":151,"fullName":"Sagar Trivedi","shortName":"SV Trivedi"},{"id":798,"voteCount":122,"fullName":"Kane Richardson","shortName":"K Richardson"},{"id":82,"voteCount":116,"fullName":"Vikramjeet Malik","shortName":"V Malik"},{"id":2745,"voteCount":93,"fullName":"Pradeep Sahu","shortName":"P Sahu"},{"id":317,"voteCount":92,"fullName":"Dinesh Salunkhe","shortName":"D Salunkhe"},{"id":913,"voteCount":55,"fullName":"Ben Cutting","shortName":"B Cutting"},{"id":183,"voteCount":53,"fullName":"Juan Theron","shortName":"J Theron"},{"id":2746,"voteCount":42,"fullName":"Barinder Saran","shortName":"BS Saran"}]}