{"squadId":466,"totalVotes":3394,"players":[{"id":233,"voteCount":3249,"fullName":"AB de Villiers","shortName":"AB de Villiers"},{"id":164,"voteCount":3188,"fullName":"Virat Kohli","shortName":"V Kohli"},{"id":490,"voteCount":3060,"fullName":"Mitchell Starc","shortName":"M Starc"},{"id":111,"voteCount":2854,"fullName":"Yuzvendra Chahal","shortName":"Y Chahal"},{"id":236,"voteCount":2771,"fullName":"Chris Gayle","shortName":"C Gayle"},{"id":102,"voteCount":2609,"fullName":"Dinesh Karthik","shortName":"D Karthik"},{"id":90,"voteCount":2301,"fullName":"Manvinder Bisla","shortName":"M Bisla"},{"id":157,"voteCount":2017,"fullName":"Harshal Patel","shortName":"H Patel"},{"id":869,"voteCount":1897,"fullName":"David Wiese","shortName":"D Wiese"},{"id":85,"voteCount":1877,"fullName":"Iqbal Abdulla","shortName":"I Abdulla"},{"id":61,"voteCount":1743,"fullName":"Varun Aaron","shortName":"V Aaron"},{"id":98,"voteCount":1099,"fullName":"Abu Nechim","shortName":"A Nechim"},{"id":72,"voteCount":849,"fullName":"Mandeep Singh","shortName":"M Singh"},{"id":1564,"voteCount":845,"fullName":"Sarfaraz Khan","shortName":"S Khan"},{"id":239,"voteCount":836,"fullName":"Rilee Rossouw","shortName":"R Rossouw"},{"id":48,"voteCount":826,"fullName":"Ashok Dinda","shortName":"A Dinda"},{"id":12,"voteCount":794,"fullName":"Subramaniam Badrinath","shortName":"S Badrinath"},{"id":589,"voteCount":753,"fullName":"Darren Sammy","shortName":"D Sammy"},{"id":162,"voteCount":315,"fullName":"Sreenath Arvind","shortName":"S Arvind"},{"id":278,"voteCount":279,"fullName":"Vijay Zol","shortName":"V Zol"},{"id":1750,"voteCount":202,"fullName":"Yogesh Takawale","shortName":"Y Takawale"},{"id":1092,"voteCount":184,"fullName":"Sandeep Warrier","shortName":"S Warrier"},{"id":942,"voteCount":146,"fullName":"Sean Abbott","shortName":"S Abbott"},{"id":858,"voteCount":115,"fullName":"Nic Maddinson","shortName":"N Maddinson"},{"id":1087,"voteCount":101,"fullName":"Jalaj Saxena","shortName":"J Saxena"},{"id":2748,"voteCount":81,"fullName":"Shishir Bhavane","shortName":"S Bhavane"}]}