{"matchInfo":{"description":"Match 22","matchType":"IPLT20","teams":[{"id":3699,"players":[{"names":["Ajinkya Rahane","A Rahane"],"dateOfBirth":581472000000,"id":135,"fullName":"Ajinkya Rahane","shortName":"A Rahane","nationality":"Indian"},{"names":["Shane Watson","S Watson"],"rightHandedBat":true,"dateOfBirth":361584000000,"id":227,"fullName":"Shane Watson","shortName":"S Watson","nationality":"Australian"},{"names":["Steve Smith","S Smith"],"dateOfBirth":612748800000,"id":271,"fullName":"Steve Smith","shortName":"S Smith","nationality":"Australian"},{"names":["Karun Nair","K Nair"],"dateOfBirth":691977600000,"id":276,"fullName":"Karun Nair","shortName":"K Nair","nationality":"Indian"},{"names":["Sanju Samson","S Samson"],"dateOfBirth":784512000000,"id":258,"fullName":"Sanju Samson","shortName":"S Samson","nationality":"Indian"},{"names":["Stuart Binny","S Binny"],"dateOfBirth":455068800000,"id":148,"fullName":"Stuart Binny","shortName":"S Binny","nationality":"Indian"},{"names":["Deepak Hooda","D Hooda"],"rightHandedBat":true,"dateOfBirth":798249600000,"id":1556,"fullName":"Deepak Hooda","shortName":"D Hooda","nationality":"Indian"},{"names":["James Faulkner","J Faulkner"],"dateOfBirth":641347200000,"id":193,"fullName":"James Faulkner","shortName":"J Faulkner","nationality":"Australian"},{"names":["Chris Morris","C Morris"],"rightHandedBat":true,"dateOfBirth":546739200000,"id":836,"fullName":"Chris Morris","shortName":"C Morris","nationality":"South African"},{"names":["Dhawal Kulkarni","D Kulkarni"],"rightHandedBat":true,"dateOfBirth":597715200000,"id":101,"fullName":"Dhawal Kulkarni","shortName":"D Kulkarni","nationality":"Indian"},{"names":["Pravin Tambe","P Tambe"],"rightHandedBat":true,"dateOfBirth":55728000000,"id":1114,"fullName":"Pravin Tambe","shortName":"P Tambe","nationality":"Indian"}],"team":{"type":"m","fullName":"Rajasthan Royals","shortName":"Royals","abbreviation":"RR","primaryColor":"004B8C","secondaryColor":"FFFFFF","id":8},"wicketKeeper":{"names":["Sanju Samson","S Samson"],"dateOfBirth":784512000000,"id":258,"fullName":"Sanju Samson","shortName":"S Samson","nationality":"Indian"},"captain":{"names":["Shane Watson","S Watson"],"rightHandedBat":true,"dateOfBirth":361584000000,"id":227,"fullName":"Shane Watson","shortName":"S Watson","nationality":"Australian"}},{"id":3698,"players":[{"names":["Chris Gayle","C Gayle"],"dateOfBirth":306720000000,"id":236,"fullName":"Chris Gayle","shortName":"C Gayle","nationality":"West Indian"},{"names":["Mandeep Singh","M Singh"],"dateOfBirth":693014400000,"id":72,"fullName":"Mandeep Singh","shortName":"M Singh","nationality":"Indian"},{"names":["Virat Kohli","V Kohli"],"dateOfBirth":594691200000,"id":164,"fullName":"Virat Kohli","shortName":"V Kohli","nationality":"Indian"},{"names":["Dinesh Karthik","D Karthik"],"rightHandedBat":true,"dateOfBirth":486432000000,"id":102,"fullName":"Dinesh Karthik","shortName":"D Karthik","nationality":"Indian"},{"names":["AB de Villiers","AB de Villiers"],"dateOfBirth":445824000000,"id":233,"fullName":"AB de Villiers","shortName":"AB de Villiers","nationality":"South African"},{"names":["Sarfaraz Khan","S Khan"],"rightHandedBat":true,"dateOfBirth":877478400000,"id":1564,"fullName":"Sarfaraz Khan","shortName":"S Khan","nationality":"Indian"},{"names":["David Wiese","D Wiese"],"rightHandedBat":true,"dateOfBirth":485222400000,"id":869,"fullName":"David Wiese","shortName":"D Wiese","nationality":"South African"},{"names":["Harshal Patel","H Patel"],"dateOfBirth":659318400000,"id":157,"fullName":"Harshal Patel","shortName":"H Patel","nationality":"Indian"},{"names":["Mitchell Starc","M Starc"],"rightHandedBat":true,"dateOfBirth":633657600000,"id":490,"fullName":"Mitchell Starc","shortName":"M Starc","nationality":"Australian"},{"names":["Iqbal Abdulla","I Abdulla"],"dateOfBirth":628560000000,"id":85,"fullName":"Iqbal Abdulla","shortName":"I Abdulla","nationality":"Indian"},{"names":["Yuzvendra Chahal","Y Chahal"],"rightHandedBat":true,"dateOfBirth":1330300800000,"id":111,"fullName":"Yuzvendra Chahal","shortName":"Y Chahal","nationality":"Indian"}],"team":{"type":"m","fullName":"Royal Challengers Bangalore","shortName":"Challengers","abbreviation":"RCB","primaryColor":"F1901D","secondaryColor":"FFFFFF","id":9},"wicketKeeper":{"names":["Dinesh Karthik","D Karthik"],"rightHandedBat":true,"dateOfBirth":486432000000,"id":102,"fullName":"Dinesh Karthik","shortName":"D Karthik","nationality":"Indian"},"captain":{"names":["Virat Kohli","V Kohli"],"dateOfBirth":594691200000,"id":164,"fullName":"Virat Kohli","shortName":"V Kohli","nationality":"Indian"}}],"venue":{"id":19,"country":"India","fullName":"Sardar Patel Stadium","shortName":"Sardar Patel Stadium","city":"Ahmedabad"},"matchDate":"2015-04-24T20:00:00+0530","battingOrder":[0,1],"additionalInfo":{"toss.elected":"Royal Challengers Bangalore, who chose to field","match.video.id":"4194395930001","stats.link":"http://www.iplt20.com/news/2015/more-news/6267/quick-stats-m22-rr-vs-rcb","match.summary":"","photostream.link":"http://www.iplt20.com/photos/270/ipl-2015-match-22-rr-v-rcb","mom.video.id":"4194395965001","home.team.fan.total":"6561","notes.1.1":"Powerplay - 48 runs, 2 wickets","away.team.fan.total":"8353","notes.1.2":"RR: 50 runs in 6.3 overs","umpire.name.3":"Anil Chaudhary","notes.1.3":"RR: 100 runs in 14.6 overs","umpire.name.4":"Krishnaraj Srinath","umpire.name.1":"Marais Erasmus","notes.1.4":"Innings Break: RR - 130/9 in 20 overs","umpire.name.2":"S Ravi","highlights.link":"http://www.iplt20.com/videos/media/id/4194395930001/m22-rr-vs-rcb-match-highlights","result.playerofthematch":"Mitchell Starc","mom.video.thumb":"http://brightcove.vo.llnwd.net/v1/unsecured/media/3588749423001/201504/665/3588749423001_4194634753001_vs-553a8ebce4b00c6755ad4f3a-1592194024001.jpg?pubId=3588749423001","interview.link":"http://www.iplt20.com/news/2015/features/6271/knowing-the-track-helped-harshal-patel","sixes.video.id":"4194395916001","interview.thumb":"http://static2.iplt20.com/cms/media/images/320x213/38010.jpg","referee.name":"Chinmaya Sharma","match.video.thumb":"http://brightcove.vo.llnwd.net/v1/unsecured/media/3588749423001/201504/1385/3588749423001_4194559695001_video-still-for-video-4194395930001.jpg?pubId=3588749423001","stats.thumb":"http://static2.iplt20.com/cms/media/images/320x213/38000.jpg","toss.winner":"Royal Challengers Bangalore","notes.2.5":"Virat Kohli: 50 off 39 balls (1 x four, 2 x sixes)","sixes.video.thumb":"http://brightcove.vo.llnwd.net/v1/unsecured/media/3588749423001/201504/2175/3588749423001_4194351514001_video-still-for-video-4194395916001.jpg?pubId=3588749423001","notes.2.3":"2nd Wicket: 50 runs in 37 balls (Virat Kohli 21, AB de Villiers 29)","report.thumb":"http://static2.iplt20.com/cms/media/images/320x213/37973.jpg","notes.2.4":"RCB: 100 runs in 13.1 overs","notes.2.1":"Powerplay - 49 runs, 1 wicket","report.link":"http://www.iplt20.com/news/2015/match-reports/6264/report-m22-rr-vs-rcb","notes.2.2":"RCB: 50 runs in 6.1 overs"},"oversLimit":20,"matchState":"C","isLimitedOvers":true,"matchStatus":{"text":"Royal Challengers Bangalore won by 9 wickets","outcome":"B"},"matchSummary":"","tournamentLabel":"IPL 2015"},"matchId":{"tournamentId":{"name":"ipl2015","id":2785},"name":"ipl2015-22","id":3247,"parentId":{"name":"ipl2015","id":2785}},"innings":[{"inningsNumber":1,"scorecard":{"runs":130,"extras":{"wideRuns":3,"legByeRuns":1},"battingStats":[{"mod":{"text":"lbw Harshal Patel","dismissedBp":{"over":5,"innings":1,"ball":6},"countingBp":{"over":5,"innings":1,"ball":6},"bowlerId":157,"dismissedMethod":"lbw"},"playerId":135,"r":18,"b":12,"sr":"150.00","4s":2,"6s":1},{"mod":{"text":"c Mitchell Starc b Yuzvendra Chahal","dismissedBp":{"over":6,"innings":1,"ball":4},"countingBp":{"over":6,"innings":1,"ball":4},"bowlerId":111,"additionalPlayerIds":[490],"dismissedMethod":"ct"},"playerId":227,"r":26,"b":22,"sr":"118.18","4s":4,"6s":1},{"mod":{"text":"c Dinesh Karthik b Mitchell Starc","dismissedBp":{"over":18,"innings":1,"ball":1},"countingBp":{"over":18,"innings":1,"ball":1},"bowlerId":490,"additionalPlayerIds":[102],"dismissedMethod":"ct"},"playerId":271,"r":31,"b":28,"sr":"110.71","4s":2,"6s":0},{"mod":{"text":"run out (Harshal Patel)","dismissedBp":{"over":10,"innings":1,"ball":5},"countingBp":{"over":10,"innings":1,"ball":5},"bowlerId":164,"additionalPlayerIds":[157],"dismissedMethod":"ro"},"playerId":276,"r":16,"b":14,"sr":"114.28","4s":0,"6s":1},{"mod":{"text":"b Iqbal Abdulla","dismissedBp":{"over":12,"innings":1,"ball":3},"countingBp":{"over":12,"innings":1,"ball":2},"bowlerId":85,"dismissedMethod":"b"},"playerId":1556,"r":1,"b":3,"sr":"33.33","4s":0,"6s":0},{"mod":{"text":"b Yuzvendra Chahal","dismissedBp":{"over":13,"innings":1,"ball":4},"countingBp":{"over":13,"innings":1,"ball":4},"bowlerId":111,"dismissedMethod":"b"},"playerId":258,"r":4,"b":7,"sr":"57.14","4s":0,"6s":0},{"mod":{"text":"c David Wiese b Mitchell Starc","dismissedBp":{"over":18,"innings":1,"ball":5},"countingBp":{"over":18,"innings":1,"ball":5},"bowlerId":490,"additionalPlayerIds":[869],"dismissedMethod":"ct"},"playerId":148,"r":20,"b":20,"sr":"100.00","4s":2,"6s":0},{"mod":{"text":"c Dinesh Karthik b Harshal Patel","dismissedBp":{"over":19,"innings":1,"ball":5},"countingBp":{"over":19,"innings":1,"ball":5},"bowlerId":157,"additionalPlayerIds":[102],"dismissedMethod":"ct"},"playerId":193,"r":4,"b":5,"sr":"80.00","4s":0,"6s":0},{"playerId":836,"r":3,"b":3,"sr":"100.00","4s":0,"6s":0},{"mod":{"text":"b Mitchell Starc","dismissedBp":{"over":20,"innings":1,"ball":1},"countingBp":{"over":20,"innings":1,"ball":1},"bowlerId":490,"dismissedMethod":"b"},"playerId":101,"r":1,"b":2,"sr":"50.00","4s":0,"6s":0},{"playerId":1114,"r":2,"b":4,"sr":"50.00","4s":0,"6s":0}],"bowlingStats":[{"playerId":490,"r":22,"w":3,"ov":"4","e":"5.50","nb":0,"d":13,"maid":0,"wd":2},{"playerId":85,"r":28,"w":1,"ov":"4","e":"7.00","nb":0,"d":10,"maid":0,"wd":1},{"playerId":157,"r":23,"w":2,"ov":"4","e":"5.75","nb":0,"d":8,"maid":0,"wd":0},{"playerId":111,"r":25,"w":2,"ov":"3.1","e":"7.89","nb":0,"d":7,"maid":0,"wd":0},{"playerId":869,"r":27,"w":0,"ov":"4","e":"6.75","nb":0,"d":5,"maid":0,"wd":0},{"playerId":164,"r":4,"w":0,"ov":"0.5","e":"4.80","nb":0,"d":1,"maid":0,"wd":0}],"wkts":9,"fow":[{"bp":{"over":5,"innings":1,"ball":6},"playerId":135,"r":36,"w":1},{"bp":{"over":6,"innings":1,"ball":4},"playerId":227,"r":46,"w":2},{"bp":{"over":10,"innings":1,"ball":5},"playerId":276,"r":72,"w":3},{"bp":{"over":12,"innings":1,"ball":2},"playerId":1556,"r":84,"w":4},{"bp":{"over":13,"innings":1,"ball":4},"playerId":258,"r":89,"w":5},{"bp":{"over":18,"innings":1,"ball":1},"playerId":271,"r":119,"w":6},{"bp":{"over":18,"innings":1,"ball":5},"playerId":148,"r":121,"w":7},{"bp":{"over":19,"innings":1,"ball":5},"playerId":193,"r":126,"w":8},{"bp":{"over":20,"innings":1,"ball":1},"playerId":101,"r":127,"w":9}]},"overProgress":"20","runRate":"6.50","overHistory":[{"ovNo":1,"ovBalls":[".","1Wd","1","1Wd",".","4","1","."]},{"ovNo":2,"ovBalls":[".",".",".",".",".","1"]},{"ovNo":3,"ovBalls":[".",".","4",".",".","4"]},{"ovNo":4,"ovBalls":["6","1","1",".","4","1"]},{"ovNo":5,"ovBalls":[".","1",".","1","4","W"]},{"ovNo":6,"ovBalls":["6",".","4","W","1","1"]},{"ovNo":7,"ovBalls":["1",".","1","2","1","1"]},{"ovNo":8,"ovBalls":[".","1","1","6",".","1"]},{"ovNo":9,"ovBalls":["1","1","1","1","1","."]},{"ovNo":10,"ovBalls":["1",".","1","1","1W","1"]},{"ovNo":11,"ovBalls":["1",".","1","4","2","1"]},{"ovNo":12,"ovBalls":["1","1Wd","W","1","1",".","1"]},{"ovNo":13,"ovBalls":[".",".","2","W",".","."]},{"ovNo":14,"ovBalls":[".","1","1","1",".","1"]},{"ovNo":15,"ovBalls":["1","1",".",".","4","1Lb"]},{"ovNo":16,"ovBalls":["2","1",".","1","1","4"]},{"ovNo":17,"ovBalls":["4","1","1","1","1","2"]},{"ovNo":18,"ovBalls":["W",".","1","1","W","1"]},{"ovNo":19,"ovBalls":["1","1","1","1","W","1"]},{"ovNo":20,"ovBalls":["W",".","1","1",".","1"]}]},{"inningsNumber":2,"scorecard":{"runs":134,"extras":{"legByeRuns":5},"battingStats":[{"mod":{"text":"c Sanju Samson b Shane Watson","dismissedBp":{"over":5,"innings":2,"ball":3},"countingBp":{"over":5,"innings":2,"ball":3},"bowlerId":227,"additionalPlayerIds":[258],"dismissedMethod":"ct"},"playerId":236,"r":20,"b":17,"sr":"117.64","4s":3,"6s":1},{"playerId":164,"r":62,"b":46,"sr":"134.78","4s":1,"6s":3},{"playerId":233,"r":47,"b":34,"sr":"138.23","4s":6,"6s":0}],"bowlingStats":[{"playerId":836,"r":23,"w":0,"ov":"3","e":"7.66","nb":0,"d":6,"maid":0,"wd":0},{"playerId":101,"r":26,"w":0,"ov":"4","e":"6.50","nb":0,"d":7,"maid":0,"wd":0},{"playerId":227,"r":23,"w":1,"ov":"3","e":"7.66","nb":0,"d":6,"maid":0,"wd":0},{"playerId":193,"r":17,"w":0,"ov":"2","e":"8.50","nb":0,"d":3,"maid":0,"wd":0},{"playerId":1114,"r":36,"w":0,"ov":"4","e":"9.00","nb":0,"d":6,"maid":0,"wd":0},{"playerId":1556,"r":4,"w":0,"ov":"0.1","e":"24.00","nb":0,"d":0,"maid":0,"wd":0}],"wkts":1,"fow":[{"bp":{"over":5,"innings":2,"ball":3},"playerId":236,"r":36,"w":1}]},"overProgress":"16.1","runRate":"8.28","overHistory":[{"ovNo":1,"ovBalls":[".","1Lb","1",".","1","1"]},{"ovNo":2,"ovBalls":[".","1","4Lb","4",".","."]},{"ovNo":3,"ovBalls":["1",".","4",".","4","6"]},{"ovNo":4,"ovBalls":[".","1","1",".","4","2"]},{"ovNo":5,"ovBalls":[".",".","W",".",".","1"]},{"ovNo":6,"ovBalls":["2","4",".","4","1","1"]},{"ovNo":7,"ovBalls":["1","1","6","2","1","."]},{"ovNo":8,"ovBalls":["1","1","2","1",".","1"]},{"ovNo":9,"ovBalls":[".","4","1","1","4","."]},{"ovNo":10,"ovBalls":["1","1","1","2","1","1"]},{"ovNo":11,"ovBalls":["1","1",".","1","1","1"]},{"ovNo":12,"ovBalls":["1","1",".",".","2","1"]},{"ovNo":13,"ovBalls":["2","1","1",".",".","1"]},{"ovNo":14,"ovBalls":["6","2","1","2","4","1"]},{"ovNo":15,"ovBalls":["1","6","1","1",".","1"]},{"ovNo":16,"ovBalls":["1","1","2","1",".","1"]},{"ovNo":17,"ovBalls":["4"]}]}],"currentState":{"phase":"C","facingBatsman":233,"nonFacingBatsman":164,"currentInningsIndex":1,"currentPartnership":98,"currentBowler":1556,"currentBatsmen":[164,233],"recentOvers":[{"ovNo":12,"ovBalls":["1","1",".",".","2","1"]},{"ovNo":13,"ovBalls":["2","1","1",".",".","1"]},{"ovNo":14,"ovBalls":["6","2","1","2","4","1"]},{"ovNo":15,"ovBalls":["1","6","1","1",".","1"]},{"ovNo":16,"ovBalls":["1","1","2","1",".","1"]},{"ovNo":17,"ovBalls":["4"]}]}}