{"squadId":463,"totalVotes":6324,"players":[{"id":107,"voteCount":6006,"fullName":"Rohit Sharma","shortName":"RG Sharma"},{"id":210,"voteCount":5846,"fullName":"Kieron Pollard","shortName":"K Pollard"},{"id":103,"voteCount":5734,"fullName":"Harbhajan Singh","shortName":"H Singh"},{"id":211,"voteCount":5675,"fullName":"Lasith Malinga","shortName":"L Malinga"},{"id":100,"voteCount":5533,"fullName":"Ambati Rayudu","shortName":"A Rayudu"},{"id":595,"voteCount":5322,"fullName":"Lendl Simmons","shortName":"L Simmons"},{"id":44,"voteCount":5087,"fullName":"Parthiv Patel","shortName":"P Patel"},{"id":166,"voteCount":4900,"fullName":"Vinay Kumar","shortName":"V Kumar"},{"id":60,"voteCount":4464,"fullName":"Unmukt Chand","shortName":"U Chand"},{"id":730,"voteCount":4093,"fullName":"Mitchell McClenaghan","shortName":"M McClenaghan"},{"id":2741,"voteCount":3510,"fullName":"Jagadeesha Suchitch","shortName":"J Suchitch"},{"id":968,"voteCount":1728,"fullName":"Corey Anderson","shortName":"C Anderson"},{"id":99,"voteCount":1595,"fullName":"Aditya Tare","shortName":"A Tare"},{"id":106,"voteCount":1559,"fullName":"Pragyan Ojha","shortName":"P Ojha"},{"id":1124,"voteCount":992,"fullName":"Jasprit Bumrah","shortName":"J Bumrah"},{"id":2740,"voteCount":759,"fullName":"Hardik Pandya","shortName":"H Pandya"},{"id":17,"voteCount":527,"fullName":"Ben Hilfenhaus","shortName":"B Hilfenhaus"},{"id":1748,"voteCount":472,"fullName":"Shreyas Gopal","shortName":"S Gopal"},{"id":151,"voteCount":388,"fullName":"Abhimanyu Mithun","shortName":"A Mithun"},{"id":105,"voteCount":351,"fullName":"Pawan Suyal","shortName":"P Suyal"},{"id":204,"voteCount":243,"fullName":"Marchant de Lange","shortName":"M de Lange"},{"id":205,"voteCount":218,"fullName":"Aiden Blizzard","shortName":"A Blizzard"},{"id":2737,"voteCount":181,"fullName":"Akshay Wakhare","shortName":"A Wakhare"},{"id":2738,"voteCount":158,"fullName":"Nitish Rana","shortName":"N Rana"},{"id":2739,"voteCount":141,"fullName":"Siddhesh Lad","shortName":"SD Lad"},{"id":773,"voteCount":127,"fullName":"Colin Munro","shortName":"C Munro"}]}