{"matchInfo":{"description":"Match 39","matchType":"IPLT20","teams":[{"id":3735,"players":[{"names":["Lendl Simmons","L Simmons"],"rightHandedBat":true,"dateOfBirth":475459200000,"id":595,"fullName":"Lendl Simmons","shortName":"L Simmons","nationality":"West Indian"},{"names":["Parthiv Patel","P Patel"],"dateOfBirth":479174400000,"id":44,"fullName":"Parthiv Patel","shortName":"P Patel","nationality":"Indian"},{"names":["Hardik Pandya","H Pandya"],"rightHandedBat":true,"dateOfBirth":750297600000,"id":2740,"fullName":"Hardik Pandya","shortName":"H Pandya","nationality":"Indian"},{"names":["Rohit Sharma","RG Sharma"],"rightHandedBat":true,"dateOfBirth":546739200000,"id":107,"fullName":"Rohit Sharma","shortName":"RG Sharma","nationality":"Indian"},{"names":["Kieron Pollard","K Pollard"],"rightHandedBat":true,"dateOfBirth":547776000000,"id":210,"fullName":"Kieron Pollard","shortName":"K Pollard","nationality":"West Indian"},{"names":["Ambati Rayudu","A Rayudu"],"rightHandedBat":true,"dateOfBirth":496281600000,"id":100,"fullName":"Ambati Rayudu","shortName":"A Rayudu","nationality":"Indian"},{"names":["Harbhajan Singh","H Singh"],"rightHandedBat":true,"dateOfBirth":331430400000,"id":103,"fullName":"Harbhajan Singh","shortName":"H Singh","nationality":"Indian"},{"names":["Jagadeesha Suchitch","J Suchitch"],"dateOfBirth":758678400000,"id":2741,"fullName":"Jagadeesha Suchitch","shortName":"J Suchitch","nationality":"Indian"},{"names":["Vinay Kumar","V Kumar"],"dateOfBirth":445392000000,"id":166,"fullName":"Vinay Kumar","shortName":"V Kumar","nationality":"Indian"},{"names":["Mitchell McClenaghan","M McClenaghan"],"dateOfBirth":518832000000,"id":730,"fullName":"Mitchell McClenaghan","shortName":"M McClenaghan","nationality":"New Zealander"},{"names":["Lasith Malinga","L Malinga"],"rightHandedBat":true,"dateOfBirth":430876800000,"id":211,"fullName":"Lasith Malinga","shortName":"L Malinga","nationality":"Sri Lankan"}],"team":{"type":"m","fullName":"Mumbai Indians","shortName":"Mumbai","abbreviation":"MI","primaryColor":"00AEEF","secondaryColor":"FFFFFF","id":6},"wicketKeeper":{"names":["Parthiv Patel","P Patel"],"dateOfBirth":479174400000,"id":44,"fullName":"Parthiv Patel","shortName":"P Patel","nationality":"Indian"},"captain":{"names":["Rohit Sharma","RG Sharma"],"rightHandedBat":true,"dateOfBirth":546739200000,"id":107,"fullName":"Rohit Sharma","shortName":"RG Sharma","nationality":"Indian"}},{"id":3734,"players":[{"names":["Mayank Agarwal","M Agarwal"],"dateOfBirth":666835200000,"id":158,"fullName":"Mayank Agarwal","shortName":"M Agarwal","nationality":"Indian"},{"names":["Shreyas Iyer","S Iyer"],"rightHandedBat":true,"dateOfBirth":786672000000,"id":1563,"fullName":"Shreyas Iyer","shortName":"S Iyer","nationality":"Indian"},{"names":["JP Duminy","JP Duminy"],"dateOfBirth":450748800000,"id":182,"fullName":"JP Duminy","shortName":"JP Duminy","nationality":"South African"},{"names":["Yuvraj Singh","Y Singh"],"rightHandedBat":true,"dateOfBirth":376963200000,"id":113,"fullName":"Yuvraj Singh","shortName":"Y Singh","nationality":"Indian"},{"names":["Angelo Mathews","A Mathews"],"dateOfBirth":549590400000,"id":217,"fullName":"Angelo Mathews","shortName":"A Mathews","nationality":"Sri Lankan"},{"names":["Kedar Jadhav","K Jadhav"],"rightHandedBat":true,"dateOfBirth":480643200000,"id":297,"fullName":"Kedar Jadhav","shortName":"K Jadhav","nationality":"Indian"},{"names":["Saurabh Tiwary","S Tiwary"],"dateOfBirth":630979200000,"id":163,"fullName":"Saurabh Tiwary","shortName":"S Tiwary","nationality":"Indian"},{"names":["Nathan Coulter-Nile","N Coulter-Nile"],"rightHandedBat":true,"dateOfBirth":560908800000,"id":840,"fullName":"Nathan Coulter-Nile","shortName":"N Coulter-Nile","nationality":"Australian"},{"names":["Amit Mishra","A Mishra"],"dateOfBirth":406944000000,"id":30,"fullName":"Amit Mishra","shortName":"A Mishra","nationality":"Indian"},{"names":["Zaheer Khan","Z Khan"],"dateOfBirth":276566400000,"id":165,"fullName":"Zaheer Khan","shortName":"Z Khan","nationality":"Indian"},{"names":["Imran Tahir","I Tahir"],"rightHandedBat":true,"dateOfBirth":291340800000,"id":898,"fullName":"Imran Tahir","shortName":"I Tahir","nationality":"South African"}],"team":{"type":"m","fullName":"Delhi Daredevils","shortName":"Daredevils","abbreviation":"DD","primaryColor":"B22E2A","secondaryColor":"FFFFFF","id":3},"wicketKeeper":{"names":["Kedar Jadhav","K Jadhav"],"rightHandedBat":true,"dateOfBirth":480643200000,"id":297,"fullName":"Kedar Jadhav","shortName":"K Jadhav","nationality":"Indian"},"captain":{"names":["JP Duminy","JP Duminy"],"dateOfBirth":450748800000,"id":182,"fullName":"JP Duminy","shortName":"JP Duminy","nationality":"South African"}}],"venue":{"id":4,"country":"India","fullName":"Wankhede Stadium","shortName":"Wankhede Stadium","city":"Mumbai"},"matchDate":"2015-05-05T20:00:00+0530","battingOrder":[1,0],"additionalInfo":{"toss.elected":"Delhi Daredevils, who chose to bat","match.video.id":"4218742283001","stats.link":"http://www.iplt20.com/news/2015/more-news/6556/quick-stats-m39-mi-vs-dd","match.summary":"","photostream.link":"http://www.iplt20.com/photos/287/ipl-2015-match-39-mi-v-dd","mom.video.id":"4218742282001","home.team.fan.total":"8906","notes.1.1":"Powerplay 1 - 44 runs, 2 wickets","away.team.fan.total":"6310","notes.1.2":"DD: 50 runs in 6.3 overs","umpire.name.3":"O Nandan","notes.1.3":"DD: 100 runs in 15.3 overs","umpire.name.4":"Nitin Menon","umpire.name.1":"Kumar Dharmasena","notes.1.4":"Yuvraj Singh: 50 off 40 balls (7 x fours, 2 x sixes)","umpire.name.2":"Chris Gaffaney","notes.1.5":"DD: 150 runs in 19.5 overs","notes.1.6":"Innings Break: Delhi Daredevils - 152/6 in 20 overs","highlights.link":"http://www.iplt20.com/videos/media/id/4218742283001/m39-mi-vs-dd-match-highlights","result.playerofthematch":"Harbhajan Singh","mom.video.thumb":"http://brightcove.vo.llnwd.net/v1/unsecured/media/3588749423001/201505/1131/3588749423001_4218679772001_video-still-for-video-4218742282001.jpg?pubId=3588749423001","interview.link":"http://www.iplt20.com/news/2015/features/6547/pressure-brings-the-best-out-of-me-rayudu","sixes.video.id":"4218269624001","interview.thumb":"http://static2.iplt20.com/cms/media/images/320x213/40789.jpg","referee.name":"Roshan Mahanama","match.video.thumb":"http://brightcove.vo.llnwd.net/v1/unsecured/media/3588749423001/201505/131/3588749423001_4218679783001_video-still-for-video-4218742283001.jpg?pubId=3588749423001","stats.thumb":"http://static2.iplt20.com/cms/media/images/320x213/40790.jpg","toss.winner":"Delhi Daredevils","notes.2.5":"MI: 150 runs in 19.2 overs","sixes.video.thumb":"http://brightcove.vo.llnwd.net/v1/unsecured/media/3588749423001/201505/171/3588749423001_4218449420001_video-still-for-video-4218269624001.jpg?pubId=3588749423001","notes.2.6":"6th Wicket: 50 runs in 24 balls (Ambati Rayudu 25, Kieron Pollard 25)","notes.2.3":"5th Wicket: 50 runs in 51 balls (Rohit Sharma 25, Ambati Rayudu 21)","notes.2.4":"MI: 100 runs in 15.1 overs","report.thumb":"http://static2.iplt20.com/cms/media/images/320x213/40784.jpg","notes.2.1":"Powerplay 1 - 41 runs, 4 wickets","report.link":"http://www.iplt20.com/news/2015/match-reports/6543/report-m39-mi-vs-dd","notes.2.2":"MI: 50 runs in 7.6 overs"},"oversLimit":20,"matchState":"C","isLimitedOvers":true,"matchStatus":{"text":"Mumbai Indians won by 5 wickets","outcome":"A"},"matchSummary":"","tournamentLabel":"IPL 2015"},"matchId":{"tournamentId":{"name":"ipl2015","id":2785},"name":"ipl2015-39","id":3264,"parentId":{"name":"ipl2015","id":2785}},"innings":[{"inningsNumber":1,"scorecard":{"runs":152,"extras":{"wideRuns":1,"byeRuns":1,"legByeRuns":2},"battingStats":[{"mod":{"text":"c Parthiv Patel b Lasith Malinga","dismissedBp":{"over":1,"innings":1,"ball":1},"countingBp":{"over":1,"innings":1,"ball":1},"bowlerId":211,"additionalPlayerIds":[44],"dismissedMethod":"ct"},"playerId":158,"r":0,"b":1,"sr":"0.00","4s":0,"6s":0},{"mod":{"text":"c Vinay Kumar b Harbhajan Singh","dismissedBp":{"over":6,"innings":1,"ball":1},"countingBp":{"over":6,"innings":1,"ball":1},"bowlerId":103,"additionalPlayerIds":[166],"dismissedMethod":"ct"},"playerId":1563,"r":19,"b":18,"sr":"105.55","4s":3,"6s":0},{"mod":{"text":"c & b Jagadeesha Suchitch","dismissedBp":{"over":7,"innings":1,"ball":4},"countingBp":{"over":7,"innings":1,"ball":4},"bowlerId":2741,"additionalPlayerIds":[2741],"dismissedMethod":"ct"},"playerId":182,"r":28,"b":19,"sr":"147.36","4s":3,"6s":2},{"mod":{"text":"st Parthiv Patel b Harbhajan Singh","dismissedBp":{"over":12,"innings":1,"ball":2},"countingBp":{"over":12,"innings":1,"ball":2},"bowlerId":103,"additionalPlayerIds":[44],"dismissedMethod":"st"},"playerId":297,"r":16,"b":15,"sr":"106.66","4s":0,"6s":1},{"mod":{"text":"c Lendl Simmons b Lasith Malinga","dismissedBp":{"over":19,"innings":1,"ball":6},"countingBp":{"over":19,"innings":1,"ball":6},"bowlerId":211,"additionalPlayerIds":[595],"dismissedMethod":"ct"},"playerId":113,"r":57,"b":44,"sr":"129.54","4s":7,"6s":2},{"mod":{"text":"c Jagadeesha Suchitch b Hardik Pandya","dismissedBp":{"over":16,"innings":1,"ball":4},"countingBp":{"over":16,"innings":1,"ball":4},"bowlerId":2740,"additionalPlayerIds":[2741],"dismissedMethod":"ct"},"playerId":217,"r":12,"b":10,"sr":"120.00","4s":0,"6s":1},{"playerId":163,"r":13,"b":11,"sr":"118.18","4s":2,"6s":0},{"playerId":840,"r":3,"b":2,"sr":"150.00","4s":0,"6s":0}],"bowlingStats":[{"playerId":211,"r":33,"w":2,"ov":"4","e":"8.25","nb":0,"d":12,"maid":0,"wd":0},{"playerId":730,"r":37,"w":0,"ov":"4","e":"9.25","nb":0,"d":8,"maid":0,"wd":1},{"playerId":166,"r":31,"w":0,"ov":"3","e":"10.33","nb":0,"d":5,"maid":0,"wd":0},{"playerId":103,"r":11,"w":2,"ov":"4","e":"2.75","nb":0,"d":16,"maid":1,"wd":0},{"playerId":2741,"r":24,"w":1,"ov":"3","e":"8.00","nb":0,"d":6,"maid":0,"wd":0},{"playerId":2740,"r":13,"w":1,"ov":"2","e":"6.50","nb":0,"d":7,"maid":0,"wd":0}],"wkts":6,"fow":[{"bp":{"over":1,"innings":1,"ball":1},"playerId":158,"r":0,"w":1},{"bp":{"over":6,"innings":1,"ball":1},"playerId":1563,"r":43,"w":2},{"bp":{"over":7,"innings":1,"ball":4},"playerId":182,"r":50,"w":3},{"bp":{"over":12,"innings":1,"ball":2},"playerId":297,"r":78,"w":4},{"bp":{"over":16,"innings":1,"ball":4},"playerId":217,"r":102,"w":5},{"bp":{"over":19,"innings":1,"ball":6},"playerId":113,"r":143,"w":6}]},"overProgress":"20","runRate":"7.60","overHistory":[{"ovNo":1,"ovBalls":["W",".",".","4",".","."]},{"ovNo":2,"ovBalls":["1","1",".",".",".","1Wd","."]},{"ovNo":3,"ovBalls":[".","1",".",".","1","6"]},{"ovNo":4,"ovBalls":["4","4",".","2",".","4"]},{"ovNo":5,"ovBalls":["1",".","2","1","6","4"]},{"ovNo":6,"ovBalls":["W",".",".",".","1Lb","."]},{"ovNo":7,"ovBalls":["4","1","1","W","1","1"]},{"ovNo":8,"ovBalls":[".","1",".",".","1","3"]},{"ovNo":9,"ovBalls":["1",".",".",".","4","4"]},{"ovNo":10,"ovBalls":["1",".",".",".",".","2"]},{"ovNo":11,"ovBalls":["6",".",".",".","2","."]},{"ovNo":12,"ovBalls":["1","W","1",".",".","1"]},{"ovNo":13,"ovBalls":["1","1","4","1",".","1"]},{"ovNo":14,"ovBalls":[".","1",".",".",".","1"]},{"ovNo":15,"ovBalls":[".","1","1","1","1","1"]},{"ovNo":16,"ovBalls":[".","1","6","W",".","4"]},{"ovNo":17,"ovBalls":["1","4","4","4","1","1"]},{"ovNo":18,"ovBalls":["1Lb","1","1","6","6","1"]},{"ovNo":19,"ovBalls":["1","4",".","1B",".","W"]},{"ovNo":20,"ovBalls":[".","4","1","1","1","2"]}]},{"inningsNumber":2,"scorecard":{"runs":153,"extras":{"wideRuns":8,"legByeRuns":1},"battingStats":[{"mod":{"text":"lbw Zaheer Khan","dismissedBp":{"over":1,"innings":2,"ball":2},"countingBp":{"over":1,"innings":2,"ball":1},"bowlerId":165,"dismissedMethod":"lbw"},"playerId":595,"r":0,"b":1,"sr":"0.00","4s":0,"6s":0},{"mod":{"text":"c Amit Mishra b Angelo Mathews","dismissedBp":{"over":5,"innings":2,"ball":2},"countingBp":{"over":5,"innings":2,"ball":2},"bowlerId":217,"additionalPlayerIds":[30],"dismissedMethod":"ct"},"playerId":44,"r":13,"b":13,"sr":"100.00","4s":1,"6s":0},{"mod":{"text":"c Imran Tahir b Nathan Coulter-Nile","dismissedBp":{"over":2,"innings":2,"ball":5},"countingBp":{"over":2,"innings":2,"ball":5},"bowlerId":840,"additionalPlayerIds":[898],"dismissedMethod":"ct"},"playerId":2740,"r":5,"b":8,"sr":"62.50","4s":1,"6s":0},{"mod":{"text":"b Amit Mishra","dismissedBp":{"over":16,"innings":2,"ball":2},"countingBp":{"over":16,"innings":2,"ball":2},"bowlerId":30,"dismissedMethod":"b"},"playerId":107,"r":46,"b":37,"sr":"124.32","4s":2,"6s":3},{"mod":{"text":"b Nathan Coulter-Nile","dismissedBp":{"over":6,"innings":2,"ball":2},"countingBp":{"over":6,"innings":2,"ball":2},"bowlerId":840,"dismissedMethod":"b"},"playerId":103,"r":5,"b":4,"sr":"125.00","4s":1,"6s":0},{"playerId":100,"r":49,"b":40,"sr":"122.50","4s":4,"6s":1},{"playerId":210,"r":26,"b":14,"sr":"185.71","4s":0,"6s":3}],"bowlingStats":[{"playerId":165,"r":32,"w":1,"ov":"4","e":"8.00","nb":0,"d":9,"maid":0,"wd":3},{"playerId":840,"r":30,"w":2,"ov":"4","e":"7.50","nb":0,"d":12,"maid":1,"wd":0},{"playerId":217,"r":33,"w":1,"ov":"4","e":"8.25","nb":0,"d":8,"maid":0,"wd":0},{"playerId":113,"r":5,"w":0,"ov":"1","e":"5.00","nb":0,"d":2,"maid":0,"wd":0},{"playerId":30,"r":25,"w":1,"ov":"4","e":"6.25","nb":0,"d":7,"maid":0,"wd":2},{"playerId":898,"r":27,"w":0,"ov":"2.3","e":"10.80","nb":0,"d":4,"maid":0,"wd":1}],"wkts":5,"fow":[{"bp":{"over":1,"innings":2,"ball":1},"playerId":595,"r":1,"w":1},{"bp":{"over":2,"innings":2,"ball":5},"playerId":2740,"r":8,"w":2},{"bp":{"over":5,"innings":2,"ball":2},"playerId":44,"r":29,"w":3},{"bp":{"over":6,"innings":2,"ball":2},"playerId":103,"r":40,"w":4},{"bp":{"over":16,"innings":2,"ball":2},"playerId":107,"r":100,"w":5}]},"overProgress":"19.3","runRate":"7.84","overHistory":[{"ovNo":1,"ovBalls":["1Wd","W",".","4","1Wd","1Wd","1",".","."]},{"ovNo":2,"ovBalls":[".",".",".",".","W","."]},{"ovNo":3,"ovBalls":["1",".",".","2",".","3"]},{"ovNo":4,"ovBalls":["2","1",".","6","1","1"]},{"ovNo":5,"ovBalls":["4","W",".","1",".","6"]},{"ovNo":6,"ovBalls":["4","W",".",".",".","1"]},{"ovNo":7,"ovBalls":[".","1","1","1",".","2"]},{"ovNo":8,"ovBalls":[".","1",".","1","1","1"]},{"ovNo":9,"ovBalls":[".","6",".","1",".","."]},{"ovNo":10,"ovBalls":[".","1","1",".","1","1"]},{"ovNo":11,"ovBalls":[".","1",".","1","1","1"]},{"ovNo":12,"ovBalls":["1","1","1","1","3Wd","4","1"]},{"ovNo":13,"ovBalls":["1","1",".","1Lb","4","1"]},{"ovNo":14,"ovBalls":[".","1","1","2","1","1"]},{"ovNo":15,"ovBalls":["1","1",".","1","1","4"]},{"ovNo":16,"ovBalls":["1","W",".","6","1Wd","1Wd","1","1"]},{"ovNo":17,"ovBalls":["6","1","1","1","1","1"]},{"ovNo":18,"ovBalls":["4","1",".",".","1","4"]},{"ovNo":19,"ovBalls":["6",".","1","4","1","2"]},{"ovNo":20,"ovBalls":["1","6","1"]}]}],"currentState":{"phase":"C","facingBatsman":100,"nonFacingBatsman":210,"currentInningsIndex":1,"currentPartnership":53,"currentBowler":898,"currentBatsmen":[210,100],"recentOvers":[{"ovNo":15,"ovBalls":["1","1",".","1","1","4"]},{"ovNo":16,"ovBalls":["1","W",".","6","1Wd","1Wd","1","1"]},{"ovNo":17,"ovBalls":["6","1","1","1","1","1"]},{"ovNo":18,"ovBalls":["4","1",".",".","1","4"]},{"ovNo":19,"ovBalls":["6",".","1","4","1","2"]},{"ovNo":20,"ovBalls":["1","6","1"]}]}}