{"fragment":4,"updateTime":1430578884000,"matchId":{"id":3258,"name":"ipl2015-33 - RCB vs. KKR","matchIdName":"ipl2015-33"},"commentaries":[{"bbcode":"Four! Poor ball from Cummins, and Kohli whips the full toss past short fine leg for four","subtype":"BBCode","message":{"text":"<p>Four! Poor ball from Cummins, and Kohli whips the full toss past short fine leg for four</p>"},"tags":[],"timestamp":1430577339000,"id":1182487,"time":"14:35","updateTime":1430577339078,"sequence":150.0,"type":"Manual"},{"bbcode":"P Cummins to V Kohli, %SPEED% full length going down leg. He picks up a single","thisOver":"1","progress":{"innings":2,"over":3,"ball":2},"speed":32.6090624457836,"subtype":"BBCode","countingProgress":{"innings":2,"over":2,"ball":2},"bowlerId":488,"nonfacingBatsmanId":236,"facingBatsmanId":164,"autoText":"P Cummins to V Kohli, %SPEED% full length going down leg. He picks up a single","message":{"text":null},"tags":[],"timestamp":1430577446000,"id":1182488,"time":"14:35","updateTime":1430577348848,"sequence":151.0,"type":"Auto"},{"bbcode":"P Cummins to C Gayle, %SPEED% short length just outside off stump. He picks up a single","thisOver":"1","progress":{"innings":2,"over":3,"ball":3},"speed":27.4610044165809,"subtype":"BBCode","countingProgress":{"innings":2,"over":2,"ball":3},"bowlerId":488,"nonfacingBatsmanId":164,"facingBatsmanId":236,"autoText":"P Cummins to C Gayle, %SPEED% short length just outside off stump. He picks up a single","message":{"text":null},"tags":[],"timestamp":1430577497000,"id":1182493,"time":"14:37","updateTime":1430577427752,"sequence":152.0,"type":"Auto"},{"bbcode":"[b]Scott Styris: [/b][i]\"The impressive thing about Chris Gayle is he doesn't try to swing too hard.\"[/i]","subtype":"BBCode","message":{"text":"<p><strong>Scott Styris:&nbsp;</strong><em>\"The impressive thing about Chris Gayle is he doesn't try to swing too hard.\"</em></p>"},"tags":[],"timestamp":1430577471000,"id":1182498,"time":"14:37","updateTime":1430577469769,"sequence":152.5,"type":"Manual"},{"bbcode":"P Cummins to V Kohli, %SPEED% good length going down leg. He hits a great shot, that has gone all the way","thisOver":"6","progress":{"innings":2,"over":3,"ball":4},"speed":33.7649956467449,"subtype":"BBCode","countingProgress":{"innings":2,"over":2,"ball":4},"bowlerId":488,"nonfacingBatsmanId":236,"facingBatsmanId":164,"autoText":"P Cummins to V Kohli, %SPEED% good length going down leg. He hits a great shot, that has gone all the way","message":{"text":null},"tags":["six"],"timestamp":1430577548000,"id":1182496,"time":"14:37","updateTime":1430577458638,"sequence":153.0,"type":"Auto"},{"bbcode":"[b]Six![/b] That's a Kohli special! Nonchalantly flicks this over long on, and it's gone all the way","subtype":"BBCode","message":{"text":"<p><strong>Six!</strong> That's a Kohli special! Nonchalantly flicks this over long on, and it's gone all the way</p>"},"tags":[],"timestamp":1430577565000,"id":1182500,"time":"14:38","updateTime":1430577490037,"sequence":154.0,"type":"Manual"},{"bbcode":"P Cummins to V Kohli, %SPEED% short length on middle stump. He picks up a single","thisOver":"1","progress":{"innings":2,"over":3,"ball":5},"speed":33.4383370948308,"subtype":"BBCode","countingProgress":{"innings":2,"over":2,"ball":5},"bowlerId":488,"nonfacingBatsmanId":236,"facingBatsmanId":164,"autoText":"P Cummins to V Kohli, %SPEED% short length on middle stump. He picks up a single","message":{"text":null},"tags":[],"timestamp":1430577548000,"id":1182502,"time":"14:38","updateTime":1430577507778,"sequence":155.0,"type":"Auto"},{"bbcode":"P Cummins to C Gayle, %SPEED% short length just outside off stump. He picks up a single","thisOver":"1","progress":{"innings":2,"over":3,"ball":6},"speed":33.0775934059965,"subtype":"BBCode","countingProgress":{"innings":2,"over":2,"ball":6},"bowlerId":488,"nonfacingBatsmanId":164,"facingBatsmanId":236,"autoText":"P Cummins to C Gayle, %SPEED% short length just outside off stump. He picks up a single","message":{"text":null},"tags":[],"timestamp":1430577630000,"id":1182506,"time":"14:39","updateTime":1430577551267,"sequence":156.0,"type":"Auto"},{"innings":2,"over":3,"overRuns":14,"overWickets":0,"inningsRuns":36,"inningsWickets":0,"inningsAllOut":false,"team":{"id":9,"fullName":"Royal Challengers Bangalore","shortName":"Challengers","abbreviation":"RCB","primaryColor":"F1901D","secondaryColor":"FFFFFF","type":"m"},"batsmanSummaries":[{"batsman":{"id":236,"fullName":"Chris Gayle","shortName":"C Gayle","nationality":"West Indian","rightHandedBat":false,"dateOfBirth":306720000000,"names":["Chris Gayle","C Gayle"]},"runs":9,"balls":4,"fours":0,"sixes":1},{"batsman":{"id":164,"fullName":"Virat Kohli","shortName":"V Kohli","nationality":"Indian","rightHandedBat":false,"dateOfBirth":594691200000,"names":["Virat Kohli","V Kohli"]},"runs":24,"balls":14,"fours":2,"sixes":2}],"activeBatsman":236,"bowlerSummary":{"bowler":{"id":488,"fullName":"Pat Cummins","shortName":"P Cummins","nationality":"Australian","rightHandedBat":true,"dateOfBirth":736819200000,"names":["Pat Cummins","P Cummins"]},"overs":"2","runs":18,"wickets":0,"maidens":0},"inningsBalls":18,"inningsMaxBalls":60,"inningsTarget":112,"message":{"text":null},"tags":[],"timestamp":1430577551000,"id":1182507,"time":"14:39","updateTime":1430577551421,"sequence":157.0,"type":"Eov"},{"mediaId":"4211130372001","endpointUrlHq1":"http://brightcove.vo.llnwd.net/v1/uds/pd/3588749423001/201505/909/3588749423001_4211179764001_Match-33-RCB-1ST-SIX.mp4","endpointUrlHq2":"http://brightcove.vo.llnwd.net/v1/uds/pd/3588749423001/201505/1909/3588749423001_4211179769001_Match-33-RCB-1ST-SIX.mp4","endpointUrlAlt":"http://c.brightcove.com/services/mobile/streaming/index/rendition.m3u8?assetId=4211175865001","title":"M33: RCB vs KKR – Virat Kohli Six","largeThumbnail":"http://brightcove.vo.llnwd.net/v1/unsecured/media/3588749423001/201505/469/3588749423001_4211116865001_video-still-for-video-4211130372001.jpg?pubId=3588749423001","duration":18251,"endpointUrl":"http://brightcove.vo.llnwd.net/v1/uds/pd/3588749423001/201505/2163/3588749423001_4211175864001_Match-33-RCB-1ST-SIX.mp4","smallThumbnail":"http://brightcove.vo.llnwd.net/v1/unsecured/media/3588749423001/201505/3469/3588749423001_4211116864001_thumbnail-for-video-4211130372001.jpg?pubId=3588749423001","description":null,"endpointUrlMq":"http://brightcove.vo.llnwd.net/v1/uds/pd/3588749423001/201505/915/3588749423001_4211181244001_Match-33-RCB-1ST-SIX.mp4","endpointUrlHq3":"http://brightcove.vo.llnwd.net/v1/uds/pd/3588749423001/201505/1909/3588749423001_4211179761001_Match-33-RCB-1ST-SIX.mp4","publishDate":1430577231357,"message":{"text":null},"tags":["account:iplt20","kkr","2015","ipl2015","over 2","six","match:ipl2015-33","playerid 164","IPL 2015","innings 2","ball 1","ipl2015-33","channel:ipl-match-centre","rcb"],"timestamp":1430577618000,"id":1182511,"time":"14:40","updateTime":1430577618167,"sequence":158.0,"type":"Video"},{"mediaId":"4211130375001","endpointUrlHq1":"http://brightcove.vo.llnwd.net/v1/uds/pd/3588749423001/201505/323/3588749423001_4211179802001_Match-33-RCB-2ND-SIX.mp4","endpointUrlHq2":"http://brightcove.vo.llnwd.net/v1/uds/pd/3588749423001/201505/1323/3588749423001_4211179809001_Match-33-RCB-2ND-SIX.mp4","endpointUrlAlt":"http://c.brightcove.com/services/mobile/streaming/index/rendition.m3u8?assetId=4211179808001","title":"M33: RCB vs KKR – Chris Gayle Six","largeThumbnail":"http://brightcove.vo.llnwd.net/v1/unsecured/media/3588749423001/201505/2763/3588749423001_4211116869001_video-still-for-video-4211130375001.jpg?pubId=3588749423001","duration":15929,"endpointUrl":"http://brightcove.vo.llnwd.net/v1/uds/pd/3588749423001/201505/3323/3588749423001_4211179807001_Match-33-RCB-2ND-SIX.mp4","smallThumbnail":"http://brightcove.vo.llnwd.net/v1/unsecured/media/3588749423001/201505/3763/3588749423001_4211116868001_thumbnail-for-video-4211130375001.jpg?pubId=3588749423001","description":null,"endpointUrlMq":"http://brightcove.vo.llnwd.net/v1/uds/pd/3588749423001/201505/323/3588749423001_4211179806001_Match-33-RCB-2ND-SIX.mp4","endpointUrlHq3":"http://brightcove.vo.llnwd.net/v1/uds/pd/3588749423001/201505/2323/3588749423001_4211179812001_Match-33-RCB-2ND-SIX.mp4","publishDate":1430577496816,"message":{"text":null},"tags":["account:iplt20","kkr","2015","ipl2015","over 2","six","match:ipl2015-33","playerid 236","IPL 2015","innings 2","ipl2015-33","ball 6","channel:ipl-match-centre","rcb"],"timestamp":1430577618000,"id":1182512,"time":"14:40","updateTime":1430577618213,"sequence":159.0,"type":"Video"},{"bbcode":"B Hogg to C Gayle, %SPEED% good length on middle stump. He hits a great shot, that has gone all the way","thisOver":"6","progress":{"innings":2,"over":4,"ball":1},"speed":25.3017434063478,"subtype":"BBCode","countingProgress":{"innings":2,"over":3,"ball":1},"bowlerId":231,"nonfacingBatsmanId":164,"facingBatsmanId":236,"autoText":"B Hogg to C Gayle, %SPEED% good length on middle stump. He hits a great shot, that has gone all the way","message":{"text":null},"tags":["six"],"timestamp":1430577682000,"id":1182515,"time":"14:40","updateTime":1430577642807,"sequence":160.0,"type":"Auto"},{"bbcode":"This over may well decide the match. Hoggy's on!","subtype":"BBCode","message":{"text":"<p>This over may well decide the match. Hoggy's on!</p>"},"tags":[],"timestamp":1430577643000,"id":1182516,"time":"14:40","updateTime":1430577643650,"sequence":161.0,"type":"Manual"},{"bbcode":"[b]Six![/b] That's just so nonchalant! Slog sweep over mid-wicket goes all the way","subtype":"BBCode","message":{"text":"<p><strong>Six!</strong> That's just so nonchalant! Slog sweep over mid-wicket goes all the way</p>"},"tags":[],"timestamp":1430577670000,"id":1182518,"time":"14:41","updateTime":1430577670134,"sequence":162.0,"type":"Manual"},{"bbcode":"B Hogg to C Gayle, no run, %SPEED% short length just outside off stump. He doesn't offer a shot","thisOver":".","progress":{"innings":2,"over":4,"ball":2},"speed":23.7186945441519,"subtype":"BBCode","countingProgress":{"innings":2,"over":3,"ball":2},"bowlerId":231,"nonfacingBatsmanId":164,"facingBatsmanId":236,"autoText":"B Hogg to C Gayle, no run, %SPEED% short length just outside off stump. He doesn't offer a shot","message":{"text":null},"tags":[],"timestamp":1430577733000,"id":1182520,"time":"14:41","updateTime":1430577710966,"sequence":163.0,"type":"Auto"},{"bbcode":"B Hogg to C Gayle, %SPEED% short length just outside off stump. He hits a great shot, that has gone all the way","thisOver":"6","progress":{"innings":2,"over":4,"ball":3},"speed":22.2781837157123,"subtype":"BBCode","countingProgress":{"innings":2,"over":3,"ball":3},"bowlerId":231,"nonfacingBatsmanId":164,"facingBatsmanId":236,"autoText":"B Hogg to C Gayle, %SPEED% short length just outside off stump. He hits a great shot, that has gone all the way","message":{"text":null},"tags":["six"],"timestamp":1430577812000,"id":1182526,"time":"14:42","updateTime":1430577736220,"sequence":164.0,"type":"Auto"},{"bbcode":"[b]Six![/b] That is short, and Gayle does what he loves to do! That's flown over mid-wicket for a monster","subtype":"BBCode","message":{"text":"<p><strong>Six!</strong> That is short, and Gayle does what he loves to do! That's flown over mid-wicket for a monster</p>"},"tags":[],"timestamp":1430577765000,"id":1182528,"time":"14:42","updateTime":1430577765381,"sequence":165.0,"type":"Manual"},{"bbcode":"B Hogg to C Gayle, no run, %SPEED% short length going down leg. He plays and misses","thisOver":".","progress":{"innings":2,"over":4,"ball":4},"speed":27.7615410634687,"subtype":"BBCode","countingProgress":{"innings":2,"over":3,"ball":4},"bowlerId":231,"nonfacingBatsmanId":164,"facingBatsmanId":236,"autoText":"B Hogg to C Gayle, no run, %SPEED% short length going down leg. He plays and misses","message":{"text":null},"tags":[],"timestamp":1430577861000,"id":1182529,"time":"14:42","updateTime":1430577777850,"sequence":166.0,"type":"Auto"},{"bbcode":"B Hogg to C Gayle, [b]WICKET!!! C Gayle is out[/b] c Andre Russell b Brad Hogg","thisOver":"W","progress":{"innings":2,"over":4,"ball":5},"speed":25.9495702786621,"subtype":"BBCode","countingProgress":{"innings":2,"over":3,"ball":5},"bowlerId":231,"nonfacingBatsmanId":164,"facingBatsmanId":236,"autoText":"B Hogg to C Gayle, <b>WICKET!!! C Gayle is out</b> c Andre Russell b Brad Hogg","message":{"text":null},"tags":["wicket"],"timestamp":1430577868000,"id":1182531,"time":"14:43","updateTime":1430577815436,"sequence":167.0,"type":"Auto"},{"bbcode":"[b]Wicket![/b] The Gayle storm is over! Looks to go over long on, but he's picked out Russell at long on, who does well to hold on","subtype":"BBCode","message":{"text":"<p><strong>Wicket!</strong> The Gayle storm is over! Looks to go over long on, but he's picked out Russell at long on, who does well to hold on</p>"},"tags":[],"timestamp":1430577862000,"id":1182534,"time":"14:44","updateTime":1430577862058,"sequence":168.0,"type":"Manual"},{"bbcode":"B Hogg to AB de Villiers, %SPEED% good length just outside off stump. He picks up a single","thisOver":"1","progress":{"innings":2,"over":4,"ball":6},"speed":25.0015115104023,"subtype":"BBCode","countingProgress":{"innings":2,"over":3,"ball":6},"bowlerId":231,"nonfacingBatsmanId":164,"facingBatsmanId":233,"autoText":"B Hogg to AB de Villiers, %SPEED% good length just outside off stump. He picks up a single","message":{"text":null},"tags":[],"timestamp":1430577972000,"id":1182540,"time":"14:45","updateTime":1430577919898,"sequence":169.0,"type":"Auto"},{"innings":2,"over":4,"overRuns":13,"overWickets":1,"inningsRuns":49,"inningsWickets":1,"inningsAllOut":false,"team":{"id":9,"fullName":"Royal Challengers Bangalore","shortName":"Challengers","abbreviation":"RCB","primaryColor":"F1901D","secondaryColor":"FFFFFF","type":"m"},"batsmanSummaries":[{"batsman":{"id":233,"fullName":"AB de Villiers","shortName":"AB de Villiers","nationality":"South African","rightHandedBat":false,"dateOfBirth":445824000000,"names":["AB de Villiers","AB de Villiers"]},"runs":1,"balls":1,"fours":0,"sixes":0},{"batsman":{"id":164,"fullName":"Virat Kohli","shortName":"V Kohli","nationality":"Indian","rightHandedBat":false,"dateOfBirth":594691200000,"names":["Virat Kohli","V Kohli"]},"runs":24,"balls":14,"fours":2,"sixes":2}],"activeBatsman":233,"bowlerSummary":{"bowler":{"id":231,"fullName":"Brad Hogg","shortName":"B Hogg","nationality":"Australian","rightHandedBat":false,"dateOfBirth":34646400000,"names":["Brad Hogg","B Hogg"]},"overs":"1","runs":13,"wickets":1,"maidens":0},"inningsBalls":24,"inningsMaxBalls":60,"inningsTarget":112,"message":{"text":null},"tags":[],"timestamp":1430577920000,"id":1182541,"time":"14:45","updateTime":1430577920091,"sequence":170.0,"type":"Eov"},{"bbcode":"P Chawla to AB de Villiers, no run, %SPEED% short length just outside off stump. He doesn't offer a shot","thisOver":".","progress":{"innings":2,"over":5,"ball":1},"speed":23.1255672789936,"subtype":"BBCode","countingProgress":{"innings":2,"over":4,"ball":1},"bowlerId":76,"nonfacingBatsmanId":164,"facingBatsmanId":233,"autoText":"P Chawla to AB de Villiers, no run, %SPEED% short length just outside off stump. He doesn't offer a shot","message":{"text":null},"tags":[],"timestamp":1430578046000,"id":1182545,"time":"14:46","updateTime":1430578007723,"sequence":171.0,"type":"Auto"},{"bbcode":"P Chawla to AB de Villiers, %SPEED% short length just outside off stump. He picks up a single","thisOver":"1","progress":{"innings":2,"over":5,"ball":2},"speed":23.0358044401039,"subtype":"BBCode","countingProgress":{"innings":2,"over":4,"ball":2},"bowlerId":76,"nonfacingBatsmanId":164,"facingBatsmanId":233,"autoText":"P Chawla to AB de Villiers, %SPEED% short length just outside off stump. He picks up a single","message":{"text":null},"tags":[],"timestamp":1430578100000,"id":1182547,"time":"14:47","updateTime":1430578036272,"sequence":172.0,"type":"Auto"},{"bbcode":"P Chawla to V Kohli, %SPEED% short length going down leg. He picks up a single","thisOver":"1","progress":{"innings":2,"over":5,"ball":3},"speed":24.9789660454827,"subtype":"BBCode","countingProgress":{"innings":2,"over":4,"ball":3},"bowlerId":76,"nonfacingBatsmanId":233,"facingBatsmanId":164,"autoText":"P Chawla to V Kohli, %SPEED% short length going down leg. He picks up a single","message":{"text":null},"tags":[],"timestamp":1430578100000,"id":1182555,"time":"14:47","updateTime":1430578064054,"sequence":173.0,"type":"Auto"},{"bbcode":"P Chawla to AB de Villiers, [b]WICKET!!! AB de Villiers is out[/b] b Piyush Chawla","thisOver":"W","progress":{"innings":2,"over":5,"ball":4},"speed":30.6151258038121,"subtype":"BBCode","countingProgress":{"innings":2,"over":4,"ball":4},"bowlerId":76,"nonfacingBatsmanId":164,"facingBatsmanId":233,"autoText":"P Chawla to AB de Villiers, <b>WICKET!!! AB de Villiers is out</b> b Piyush Chawla","message":{"text":null},"tags":["wicket"],"timestamp":1430578128000,"id":1182556,"time":"14:48","updateTime":1430578092978,"sequence":174.0,"type":"Auto"},{"bbcode":"[b]Wicket![/b] That is huge! Chawla is quick through the air, a slight misread by AB, and he's chopped on!","subtype":"BBCode","message":{"text":"<p><strong>Wicket!</strong> That is huge! Chawla is quick through the air, a slight misread by AB, and he's chopped on!</p>"},"tags":[],"timestamp":1430578168000,"id":1182559,"time":"14:48","updateTime":1430578137833,"sequence":175.0,"type":"Manual"},{"bbcode":"P Chawla to M Singh, no run, %SPEED% good length outside off stump. He doesn't offer a shot","thisOver":".","progress":{"innings":2,"over":5,"ball":5},"speed":24.5960256994792,"subtype":"BBCode","countingProgress":{"innings":2,"over":4,"ball":5},"bowlerId":76,"nonfacingBatsmanId":164,"facingBatsmanId":72,"autoText":"P Chawla to M Singh, no run, %SPEED% good length outside off stump. He doesn't offer a shot","message":{"text":null},"tags":[],"timestamp":1430578212000,"id":1182562,"time":"14:49","updateTime":1430578184935,"sequence":176.0,"type":"Auto"},{"bbcode":"P Chawla to M Singh, %SPEED% short length on middle stump. He picks up a single","thisOver":"1","progress":{"innings":2,"over":5,"ball":6},"speed":23.669024043634,"subtype":"BBCode","countingProgress":{"innings":2,"over":4,"ball":6},"bowlerId":76,"nonfacingBatsmanId":164,"facingBatsmanId":72,"autoText":"P Chawla to M Singh, %SPEED% short length on middle stump. He picks up a single","message":{"text":null},"tags":[],"timestamp":1430578282000,"id":1182563,"time":"14:50","updateTime":1430578206661,"sequence":177.0,"type":"Auto"},{"innings":2,"over":5,"overRuns":3,"overWickets":1,"inningsRuns":52,"inningsWickets":2,"inningsAllOut":false,"team":{"id":9,"fullName":"Royal Challengers Bangalore","shortName":"Challengers","abbreviation":"RCB","primaryColor":"F1901D","secondaryColor":"FFFFFF","type":"m"},"batsmanSummaries":[{"batsman":{"id":72,"fullName":"Mandeep Singh","shortName":"M Singh","nationality":"Indian","rightHandedBat":false,"dateOfBirth":693014400000,"names":["Mandeep Singh","M Singh"]},"runs":1,"balls":2,"fours":0,"sixes":0},{"batsman":{"id":164,"fullName":"Virat Kohli","shortName":"V Kohli","nationality":"Indian","rightHandedBat":false,"dateOfBirth":594691200000,"names":["Virat Kohli","V Kohli"]},"runs":25,"balls":15,"fours":2,"sixes":2}],"activeBatsman":72,"bowlerSummary":{"bowler":{"id":76,"fullName":"Piyush Chawla","shortName":"P Chawla","nationality":"Indian","rightHandedBat":false,"dateOfBirth":598924800000,"names":["Piyush Chawla","P Chawla"]},"overs":"1","runs":3,"wickets":1,"maidens":0},"inningsBalls":30,"inningsMaxBalls":60,"inningsTarget":112,"message":{"text":null},"tags":[],"timestamp":1430578206000,"id":1182564,"time":"14:50","updateTime":1430578206822,"sequence":178.0,"type":"Eov"},{"mediaId":"4211130376001","endpointUrlHq1":"http://brightcove.vo.llnwd.net/v1/uds/pd/3588749423001/201505/117/3588749423001_4211194309001_Match-33-RCB-3RD-SIX.mp4","endpointUrlHq2":"http://brightcove.vo.llnwd.net/v1/uds/pd/3588749423001/201505/2133/3588749423001_4211175905001_Match-33-RCB-3RD-SIX.mp4","endpointUrlAlt":"http://c.brightcove.com/services/mobile/streaming/index/rendition.m3u8?assetId=4211175903001","title":"M33: RCB vs KKR – Virat Kohli Six","largeThumbnail":"http://brightcove.vo.llnwd.net/v1/unsecured/media/3588749423001/201505/3763/3588749423001_4211116872001_video-still-for-video-4211130376001.jpg?pubId=3588749423001","duration":11960,"endpointUrl":"http://brightcove.vo.llnwd.net/v1/uds/pd/3588749423001/201505/1133/3588749423001_4211175900001_Match-33-RCB-3RD-SIX.mp4","smallThumbnail":"http://brightcove.vo.llnwd.net/v1/unsecured/media/3588749423001/201505/763/3588749423001_4211116871001_thumbnail-for-video-4211130376001.jpg?pubId=3588749423001","description":null,"endpointUrlMq":"http://brightcove.vo.llnwd.net/v1/uds/pd/3588749423001/201505/2133/3588749423001_4211175901001_Match-33-RCB-3RD-SIX.mp4","endpointUrlHq3":"http://brightcove.vo.llnwd.net/v1/uds/pd/3588749423001/201505/3133/3588749423001_4211175902001_Match-33-RCB-3RD-SIX.mp4","publishDate":1430577662118,"message":{"text":null},"tags":["account:iplt20","kkr","2015","ipl2015","over 3","six","match:ipl2015-33","playerid 164","IPL 2015","innings 2","ipl2015-33","ball 4","channel:ipl-match-centre","rcb"],"timestamp":1430578227000,"id":1182565,"time":"14:50","updateTime":1430578227660,"sequence":179.0,"type":"Video"},{"mediaId":"4211130379001","endpointUrlHq1":"http://brightcove.vo.llnwd.net/v1/uds/pd/3588749423001/201505/3429/3588749423001_4211207951001_Match-33-RCB-4TH-SIX.mp4","endpointUrlHq2":"http://brightcove.vo.llnwd.net/v1/uds/pd/3588749423001/201505/803/3588749423001_4211207966001_Match-33-RCB-4TH-SIX.mp4","endpointUrlAlt":"http://c.brightcove.com/services/mobile/streaming/index/rendition.m3u8?assetId=4211204555001","title":"M33: RCB vs KKR – Chris Gayle Six","largeThumbnail":"http://brightcove.vo.llnwd.net/v1/unsecured/media/3588749423001/201505/429/3588749423001_4211207952001_vs-5544e3d1e4b0515e1b51760a-767904722001.jpg?pubId=3588749423001","duration":10640,"endpointUrl":"http://brightcove.vo.llnwd.net/v1/uds/pd/3588749423001/201505/3803/3588749423001_4211207967001_Match-33-RCB-4TH-SIX.mp4","smallThumbnail":"http://brightcove.vo.llnwd.net/v1/unsecured/media/3588749423001/201505/1429/3588749423001_4211207953001_th-5544e3d1e4b0515e1b51760a-767904722001.jpg?pubId=3588749423001","description":null,"endpointUrlMq":"http://brightcove.vo.llnwd.net/v1/uds/pd/3588749423001/201505/2429/3588749423001_4211207950001_Match-33-RCB-4TH-SIX.mp4","endpointUrlHq3":"http://brightcove.vo.llnwd.net/v1/uds/pd/3588749423001/201505/3197/3588749423001_4211200526001_Match-33-RCB-4TH-SIX.mp4","publishDate":1430578122245,"message":{"text":null},"tags":["account:iplt20","over 4","kkr","2015","ipl2015","six","match:ipl2015-33","playerid 236","IPL 2015","innings 2","ball 1","ipl2015-33","channel:ipl-match-centre","rcb"],"timestamp":1430578227000,"id":1182566,"time":"14:50","updateTime":1430578227724,"sequence":180.0,"type":"Video"},{"bbcode":"B Hogg to M Singh, %SPEED% short length outside off stump. He picks up a single","thisOver":"1","progress":{"innings":2,"over":6,"ball":1},"speed":24.3519776938398,"subtype":"BBCode","countingProgress":{"innings":2,"over":5,"ball":1},"bowlerId":231,"nonfacingBatsmanId":164,"facingBatsmanId":72,"autoText":"B Hogg to M Singh, %SPEED% short length outside off stump. He picks up a single","message":{"text":null},"tags":[],"timestamp":1430578344000,"id":1182571,"time":"14:51","updateTime":1430578284068,"sequence":181.0,"type":"Auto"},{"bbcode":"B Hogg to V Kohli, %SPEED% full length on off stump. He picks up a single","thisOver":"1","progress":{"innings":2,"over":6,"ball":2},"speed":24.1414055012114,"subtype":"BBCode","countingProgress":{"innings":2,"over":5,"ball":2},"bowlerId":231,"nonfacingBatsmanId":72,"facingBatsmanId":164,"autoText":"B Hogg to V Kohli, %SPEED% full length on off stump. He picks up a single","message":{"text":null},"tags":[],"timestamp":1430578393000,"id":1182574,"time":"14:52","updateTime":1430578320699,"sequence":182.0,"type":"Auto"},{"bbcode":"B Hogg to M Singh, %SPEED% short length outside off stump. He picks up a single","thisOver":"1","progress":{"innings":2,"over":6,"ball":3},"speed":24.2566597924667,"subtype":"BBCode","countingProgress":{"innings":2,"over":5,"ball":3},"bowlerId":231,"nonfacingBatsmanId":164,"facingBatsmanId":72,"autoText":"B Hogg to M Singh, %SPEED% short length outside off stump. He picks up a single","message":{"text":null},"tags":[],"timestamp":1430578393000,"id":1182575,"time":"14:52","updateTime":1430578342381,"sequence":183.0,"type":"Auto"},{"bbcode":"B Hogg to V Kohli, %SPEED% good length on leg stump. He picks up a single","thisOver":"1","progress":{"innings":2,"over":6,"ball":4},"speed":25.7559378264428,"subtype":"BBCode","countingProgress":{"innings":2,"over":5,"ball":4},"bowlerId":231,"nonfacingBatsmanId":72,"facingBatsmanId":164,"autoText":"B Hogg to V Kohli, %SPEED% good length on leg stump. He picks up a single","message":{"text":null},"tags":[],"timestamp":1430578464000,"id":1182576,"time":"14:52","updateTime":1430578367537,"sequence":184.0,"type":"Auto"},{"bbcode":"B Hogg to M Singh, no run, %SPEED% good length outside off stump. He plays and misses","thisOver":".","progress":{"innings":2,"over":6,"ball":5},"speed":24.3788767743438,"subtype":"BBCode","countingProgress":{"innings":2,"over":5,"ball":5},"bowlerId":231,"nonfacingBatsmanId":164,"facingBatsmanId":72,"autoText":"B Hogg to M Singh, no run, %SPEED% good length outside off stump. He plays and misses","message":{"text":null},"tags":[],"timestamp":1430578403000,"id":1182578,"time":"14:53","updateTime":1430578401415,"sequence":185.0,"type":"Auto"},{"bbcode":"B Hogg to M Singh, %SPEED% good length just outside off stump. He hits a great shot, that has gone all the way","thisOver":"6","progress":{"innings":2,"over":6,"ball":6},"speed":25.6306900253611,"subtype":"BBCode","countingProgress":{"innings":2,"over":5,"ball":6},"bowlerId":231,"nonfacingBatsmanId":164,"facingBatsmanId":72,"autoText":"B Hogg to M Singh, %SPEED% good length just outside off stump. He hits a great shot, that has gone all the way","message":{"text":null},"tags":["six"],"timestamp":1430578526000,"id":1182580,"time":"14:53","updateTime":1430578429252,"sequence":186.0,"type":"Auto"},{"bbcode":"[b]Six![/b] Crucial six! Slog swept over square leg, and it goes all the way!","subtype":"BBCode","message":{"text":"<p><strong>Six!</strong> Crucial six! Slog swept over square leg, and it goes all the way!</p>"},"tags":[],"timestamp":1430578460000,"id":1182582,"time":"14:54","updateTime":1430578447566,"sequence":186.5,"type":"Manual"},{"innings":2,"over":6,"overRuns":10,"overWickets":0,"inningsRuns":62,"inningsWickets":2,"inningsAllOut":false,"team":{"id":9,"fullName":"Royal Challengers Bangalore","shortName":"Challengers","abbreviation":"RCB","primaryColor":"F1901D","secondaryColor":"FFFFFF","type":"m"},"batsmanSummaries":[{"batsman":{"id":72,"fullName":"Mandeep Singh","shortName":"M Singh","nationality":"Indian","rightHandedBat":false,"dateOfBirth":693014400000,"names":["Mandeep Singh","M Singh"]},"runs":9,"balls":6,"fours":0,"sixes":1},{"batsman":{"id":164,"fullName":"Virat Kohli","shortName":"V Kohli","nationality":"Indian","rightHandedBat":false,"dateOfBirth":594691200000,"names":["Virat Kohli","V Kohli"]},"runs":27,"balls":17,"fours":2,"sixes":2}],"activeBatsman":164,"bowlerSummary":{"bowler":{"id":231,"fullName":"Brad Hogg","shortName":"B Hogg","nationality":"Australian","rightHandedBat":false,"dateOfBirth":34646400000,"names":["Brad Hogg","B Hogg"]},"overs":"2","runs":23,"wickets":1,"maidens":0},"inningsBalls":36,"inningsMaxBalls":60,"inningsTarget":112,"message":{"text":null},"tags":[],"timestamp":1430578429000,"id":1182581,"time":"14:53","updateTime":1430578429458,"sequence":187.0,"type":"Eov"},{"bbcode":"P Chawla to V Kohli, %SPEED% short length outside off stump. He picks up a single","thisOver":"1","progress":{"innings":2,"over":7,"ball":1},"speed":24.5668064079489,"subtype":"BBCode","countingProgress":{"innings":2,"over":6,"ball":1},"bowlerId":76,"nonfacingBatsmanId":72,"facingBatsmanId":164,"autoText":"P Chawla to V Kohli, %SPEED% short length outside off stump. He picks up a single","message":{"text":null},"tags":[],"timestamp":1430578525000,"id":1182585,"time":"14:54","updateTime":1430578480526,"sequence":188.0,"type":"Auto"},{"bbcode":"P Chawla to M Singh, %SPEED% good length outside off stump. He hits a nice boundary","thisOver":"4","progress":{"innings":2,"over":7,"ball":2},"speed":24.6853770740077,"subtype":"BBCode","countingProgress":{"innings":2,"over":6,"ball":2},"bowlerId":76,"nonfacingBatsmanId":164,"facingBatsmanId":72,"autoText":"P Chawla to M Singh, %SPEED% good length outside off stump. He hits a nice boundary","message":{"text":null},"tags":["four"],"timestamp":1430578576000,"id":1182586,"time":"14:55","updateTime":1430578517098,"sequence":189.0,"type":"Auto"},{"bbcode":"Four! Lovely inside out shot gets four. This is going to the wire!","subtype":"BBCode","message":{"text":"<p>Four! Lovely inside out shot gets four. This is going to the wire!</p>"},"tags":[],"timestamp":1430578549000,"id":1182588,"time":"14:55","updateTime":1430578530795,"sequence":190.0,"type":"Manual"},{"bbcode":"P Chawla to M Singh, %SPEED% good length just outside off stump. He plays and misses","thisOver":"2","progress":{"innings":2,"over":7,"ball":3},"speed":24.3070881567475,"subtype":"BBCode","countingProgress":{"innings":2,"over":6,"ball":3},"bowlerId":76,"nonfacingBatsmanId":164,"facingBatsmanId":72,"autoText":"P Chawla to M Singh, %SPEED% good length just outside off stump. He plays and misses","message":{"text":null},"tags":[],"timestamp":1430578639000,"id":1182589,"time":"14:55","updateTime":1430578550896,"sequence":191.0,"type":"Auto"},{"bbcode":"P Chawla to M Singh, %SPEED% short length just outside off stump. He hits a nice boundary","thisOver":"4","progress":{"innings":2,"over":7,"ball":4},"speed":32.1549104630238,"subtype":"BBCode","countingProgress":{"innings":2,"over":6,"ball":4},"bowlerId":76,"nonfacingBatsmanId":164,"facingBatsmanId":72,"autoText":"P Chawla to M Singh, %SPEED% short length just outside off stump. He hits a nice boundary","message":{"text":null},"tags":["four"],"timestamp":1430578639000,"id":1182591,"time":"14:56","updateTime":1430578575663,"sequence":192.0,"type":"Auto"},{"bbcode":"Four! Short, and that is hammered through mid-wicket for four","subtype":"BBCode","message":{"text":"<p>Four! Short, and that is hammered through mid-wicket for four</p>"},"tags":[],"timestamp":1430578598000,"id":1182594,"time":"14:56","updateTime":1430578586090,"sequence":193.0,"type":"Manual"},{"bbcode":"P Chawla to M Singh, %SPEED% short length outside off stump. He picks up a single","thisOver":"1","progress":{"innings":2,"over":7,"ball":5},"speed":23.6664029783771,"subtype":"BBCode","countingProgress":{"innings":2,"over":6,"ball":5},"bowlerId":76,"nonfacingBatsmanId":164,"facingBatsmanId":72,"autoText":"P Chawla to M Singh, %SPEED% short length outside off stump. He picks up a single","message":{"text":null},"tags":[],"timestamp":1430578707000,"id":1182596,"time":"14:56","updateTime":1430578611257,"sequence":194.0,"type":"Auto"},{"bbcode":"P Chawla to V Kohli, %SPEED% good length on off stump. He hits a great shot, that has gone all the way","thisOver":"6","progress":{"innings":2,"over":7,"ball":6},"speed":24.8169911148193,"subtype":"BBCode","countingProgress":{"innings":2,"over":6,"ball":6},"bowlerId":76,"nonfacingBatsmanId":72,"facingBatsmanId":164,"autoText":"P Chawla to V Kohli, %SPEED% good length on off stump. He hits a great shot, that has gone all the way","message":{"text":null},"tags":["six"],"timestamp":1430578707000,"id":1182600,"time":"14:57","updateTime":1430578633939,"sequence":195.0,"type":"Auto"},{"bbcode":"[b]Six![/b] Take a bow Virat! Smashes that down the ground for a huge six!","subtype":"BBCode","message":{"text":"<p><strong>Six!</strong>&nbsp;Take a bow Virat! Smashes that down the ground for a huge six!</p>"},"tags":[],"timestamp":1430578671000,"id":1182603,"time":"14:57","updateTime":1430578669932,"sequence":195.5,"type":"Manual"},{"innings":2,"over":7,"overRuns":18,"overWickets":0,"inningsRuns":80,"inningsWickets":2,"inningsAllOut":false,"team":{"id":9,"fullName":"Royal Challengers Bangalore","shortName":"Challengers","abbreviation":"RCB","primaryColor":"F1901D","secondaryColor":"FFFFFF","type":"m"},"batsmanSummaries":[{"batsman":{"id":164,"fullName":"Virat Kohli","shortName":"V Kohli","nationality":"Indian","rightHandedBat":false,"dateOfBirth":594691200000,"names":["Virat Kohli","V Kohli"]},"runs":34,"balls":19,"fours":2,"sixes":3},{"batsman":{"id":72,"fullName":"Mandeep Singh","shortName":"M Singh","nationality":"Indian","rightHandedBat":false,"dateOfBirth":693014400000,"names":["Mandeep Singh","M Singh"]},"runs":20,"balls":10,"fours":2,"sixes":1}],"activeBatsman":72,"bowlerSummary":{"bowler":{"id":76,"fullName":"Piyush Chawla","shortName":"P Chawla","nationality":"Indian","rightHandedBat":false,"dateOfBirth":598924800000,"names":["Piyush Chawla","P Chawla"]},"overs":"2","runs":21,"wickets":1,"maidens":0},"inningsBalls":42,"inningsMaxBalls":60,"inningsTarget":112,"message":{"text":null},"tags":[],"timestamp":1430578634000,"id":1182601,"time":"14:57","updateTime":1430578634064,"sequence":196.0,"type":"Eov"},{"mediaId":"4211130380001","endpointUrlHq1":"http://brightcove.vo.llnwd.net/v1/uds/pd/3588749423001/201505/3803/3588749423001_4211207975001_Match-33-RCB-5TH-SIX.mp4","endpointUrlHq2":"http://brightcove.vo.llnwd.net/v1/uds/pd/3588749423001/201505/197/3588749423001_4211200527001_Match-33-RCB-5TH-SIX.mp4","endpointUrlAlt":"http://c.brightcove.com/services/mobile/streaming/index/rendition.m3u8?assetId=4211207977001","title":"M33: RCB vs KKR – Chris Gayle Six","largeThumbnail":"http://brightcove.vo.llnwd.net/v1/unsecured/media/3588749423001/201505/803/3588749423001_4211207978001_vs-5544e3d3e4b0515e1b517614-672293879001.jpg?pubId=3588749423001","duration":18042,"endpointUrl":"http://brightcove.vo.llnwd.net/v1/uds/pd/3588749423001/201505/3947/3588749423001_4211209873001_Match-33-RCB-5TH-SIX.mp4","smallThumbnail":"http://brightcove.vo.llnwd.net/v1/unsecured/media/3588749423001/201505/3803/3588749423001_4211207979001_th-5544e3d3e4b0515e1b517614-672293879001.jpg?pubId=3588749423001","description":null,"endpointUrlMq":"http://brightcove.vo.llnwd.net/v1/uds/pd/3588749423001/201505/2131/3588749423001_4211204556001_Match-33-RCB-5TH-SIX.mp4","endpointUrlHq3":"http://brightcove.vo.llnwd.net/v1/uds/pd/3588749423001/201505/3803/3588749423001_4211207991001_Match-33-RCB-5TH-SIX.mp4","publishDate":1430578123221,"message":{"text":null},"tags":["account:iplt20","over 4","kkr","2015","ipl2015","six","match:ipl2015-33","playerid 236","IPL 2015","innings 2","ipl2015-33","ball 3","channel:ipl-match-centre","rcb"],"timestamp":1430578877000,"id":1182619,"time":"15:00","updateTime":1430578836562,"sequence":196.5,"type":"Video"},{"mediaId":"4211130383001","endpointUrlHq1":"http://brightcove.vo.llnwd.net/v1/uds/pd/3588749423001/201505/1725/3588749423001_4211223594001_Match-33-RCB-1ST-WKT.mp4","endpointUrlHq2":"http://brightcove.vo.llnwd.net/v1/uds/pd/3588749423001/201505/3725/3588749423001_4211223600001_Match-33-RCB-1ST-WKT.mp4","endpointUrlAlt":"http://c.brightcove.com/services/mobile/streaming/index/rendition.m3u8?assetId=4211223593001","title":"M33: RCB vs KKR – Chris Gayle Wicket","largeThumbnail":"http://brightcove.vo.llnwd.net/v1/unsecured/media/3588749423001/201505/2725/3588749423001_4211223595001_vs-5544e56be4b0515e1b517642-767904722001.jpg?pubId=3588749423001","duration":29002,"endpointUrl":"http://brightcove.vo.llnwd.net/v1/uds/pd/3588749423001/201505/3571/3588749423001_4211223592001_Match-33-RCB-1ST-WKT.mp4","smallThumbnail":"http://brightcove.vo.llnwd.net/v1/unsecured/media/3588749423001/201505/3725/3588749423001_4211223596001_th-5544e56be4b0515e1b517642-767904722001.jpg?pubId=3588749423001","description":null,"endpointUrlMq":"http://brightcove.vo.llnwd.net/v1/uds/pd/3588749423001/201505/725/3588749423001_4211223597001_Match-33-RCB-1ST-WKT.mp4","endpointUrlHq3":"http://brightcove.vo.llnwd.net/v1/uds/pd/3588749423001/201505/1725/3588749423001_4211223598001_Match-33-RCB-1ST-WKT.mp4","publishDate":1430578531291,"message":{"text":null},"tags":["account:iplt20","over 4","kkr","2015","ipl2015","match:ipl2015-33","playerid 236","IPL 2015","innings 2","ipl2015-33","wicket","ball 5","channel:ipl-match-centre","rcb"],"timestamp":1430578880000,"id":1182620,"time":"15:00","updateTime":1430578836617,"sequence":196.75,"type":"Video"},{"mediaId":"4211130384001","endpointUrlHq1":"http://brightcove.vo.llnwd.net/v1/uds/pd/3588749423001/201505/373/3588749423001_4211227341001_Match-33-RCB-2ND-WKT.mp4","endpointUrlHq2":"http://brightcove.vo.llnwd.net/v1/uds/pd/3588749423001/201505/2203/3588749423001_4211225987001_Match-33-RCB-2ND-WKT.mp4","endpointUrlAlt":"http://c.brightcove.com/services/mobile/streaming/index/rendition.m3u8?assetId=4211225988001","title":"M33: RCB vs KKR – AB de Villiers Wicket","largeThumbnail":"http://brightcove.vo.llnwd.net/v1/unsecured/media/3588749423001/201505/1373/3588749423001_4211227342001_vs-5544e619e4b0515e1b517666-782203300001.jpg?pubId=3588749423001","duration":26960,"endpointUrl":"http://brightcove.vo.llnwd.net/v1/uds/pd/3588749423001/201505/3203/3588749423001_4211225998001_Match-33-RCB-2ND-WKT.mp4","smallThumbnail":"http://brightcove.vo.llnwd.net/v1/unsecured/media/3588749423001/201505/2373/3588749423001_4211227343001_th-5544e619e4b0515e1b517666-782203300001.jpg?pubId=3588749423001","description":"M33: RCB vs KKR – AB de Villiers Wicket","endpointUrlMq":"http://brightcove.vo.llnwd.net/v1/uds/pd/3588749423001/201505/971/3588749423001_4211225985001_Match-33-RCB-2ND-WKT.mp4","endpointUrlHq3":"http://brightcove.vo.llnwd.net/v1/uds/pd/3588749423001/201505/2507/3588749423001_4211223633001_Match-33-RCB-2ND-WKT.mp4","publishDate":1430578706600,"message":{"text":null},"tags":["account:iplt20","over 5","kkr","2015","ipl2015","playerid 233","match:ipl2015-33","IPL 2015","innings 2","ipl2015-33","ball 4","wicket","channel:ipl-match-centre","rcb"],"timestamp":1430578884000,"id":1182621,"time":"15:00","updateTime":1430578836660,"sequence":196.875,"type":"Video"},{"bbcode":"32 required off 18 - this really could go either way!","subtype":"BBCode","message":{"text":"<p>32 required off 18 - this really could go either way!</p>"},"tags":[],"timestamp":1430578705000,"id":1182605,"time":"14:58","updateTime":1430578705338,"sequence":197.0,"type":"Manual"},{"bbcode":"A Russell to M Singh, %SPEED% full length on leg stump. He picks up a single","thisOver":"1","progress":{"innings":2,"over":8,"ball":1},"speed":39.2270599808729,"subtype":"BBCode","countingProgress":{"innings":2,"over":7,"ball":1},"bowlerId":177,"nonfacingBatsmanId":164,"facingBatsmanId":72,"autoText":"A Russell to M Singh, %SPEED% full length on leg stump. He picks up a single","message":{"text":null},"tags":[],"timestamp":1430578819000,"id":1182606,"time":"14:58","updateTime":1430578719481,"sequence":198.0,"type":"Auto"},{"bbcode":"A Russell to V Kohli, [b]WICKET!!! V Kohli is out[/b] c Suryakumar Yadav b Andre Russell","thisOver":"W","progress":{"innings":2,"over":8,"ball":2},"speed":34.397665137773,"subtype":"BBCode","countingProgress":{"innings":2,"over":7,"ball":2},"bowlerId":177,"nonfacingBatsmanId":72,"facingBatsmanId":164,"autoText":"A Russell to V Kohli, <b>WICKET!!! V Kohli is out</b> c Suryakumar Yadav b Andre Russell","message":{"text":null},"tags":["wicket"],"timestamp":1430578791000,"id":1182608,"time":"14:59","updateTime":1430578748658,"sequence":199.0,"type":"Auto"}]}