{"squadId":464,"totalVotes":3594,"players":[{"id":127,"voteCount":3397,"fullName":"Robin Uthappa","shortName":"R Uthappa"},{"id":84,"voteCount":3395,"fullName":"Gautam Gambhir","shortName":"G Gambhir"},{"id":177,"voteCount":3306,"fullName":"Andre Russell","shortName":"A Russell"},{"id":123,"voteCount":3193,"fullName":"Manish Pandey","shortName":"M Pandey"},{"id":96,"voteCount":3190,"fullName":"Yusuf Pathan","shortName":"Y Pathan"},{"id":59,"voteCount":3119,"fullName":"Umesh Yadav","shortName":"U Yadav"},{"id":76,"voteCount":3020,"fullName":"Piyush Chawla","shortName":"P Chawla"},{"id":231,"voteCount":2924,"fullName":"Brad Hogg","shortName":"B Hogg"},{"id":108,"voteCount":2711,"fullName":"Suryakumar Yadav","shortName":"S Yadav"},{"id":200,"voteCount":2473,"fullName":"Ryan ten Doeschate","shortName":"R ten Doeschate"},{"id":169,"voteCount":2453,"fullName":"Morne Morkel","shortName":"M Morkel"},{"id":488,"voteCount":985,"fullName":"Pat Cummins","shortName":"P Cummins"},{"id":261,"voteCount":761,"fullName":"Kuldeep Yadav","shortName":"K Yadav"},{"id":203,"voteCount":639,"fullName":"Sunil Narine","shortName":"S Narine"},{"id":2743,"voteCount":369,"fullName":"KC Cariappa","shortName":"KC Cariappa"},{"id":194,"voteCount":328,"fullName":"Azhar Mahmood","shortName":"A Mahmood"},{"id":201,"voteCount":314,"fullName":"Shakib Al Hasan","shortName":"S Al Hasan"},{"id":224,"voteCount":249,"fullName":"Johan Botha","shortName":"J Botha"},{"id":2742,"voteCount":242,"fullName":"Aditya Garhwal","shortName":"A Garhwal"},{"id":1116,"voteCount":231,"fullName":"Sheldon Jackson","shortName":"S Jackson"},{"id":250,"voteCount":217,"fullName":"Veer Pratap Singh","shortName":"VP Singh"},{"id":149,"voteCount":216,"fullName":"Sumit Narwal","shortName":"S Narwal"},{"id":2744,"voteCount":153,"fullName":"Vaibhav Rawal","shortName":"V Rawal"}]}