{"squadId":466,"totalVotes":5067,"players":[{"id":233,"voteCount":4883,"fullName":"AB de Villiers","shortName":"AB de Villiers"},{"id":490,"voteCount":4437,"fullName":"Mitchell Starc","shortName":"M Starc"},{"id":164,"voteCount":4420,"fullName":"Virat Kohli","shortName":"V Kohli"},{"id":236,"voteCount":4383,"fullName":"Chris Gayle","shortName":"C Gayle"},{"id":111,"voteCount":3904,"fullName":"Yuzvendra Chahal","shortName":"Y Chahal"},{"id":102,"voteCount":3778,"fullName":"Dinesh Karthik","shortName":"D Karthik"},{"id":61,"voteCount":3550,"fullName":"Varun Aaron","shortName":"V Aaron"},{"id":157,"voteCount":3207,"fullName":"Harshal Patel","shortName":"H Patel"},{"id":1564,"voteCount":2841,"fullName":"Sarfaraz Khan","shortName":"S Khan"},{"id":869,"voteCount":2804,"fullName":"David Wiese","shortName":"D Wiese"},{"id":85,"voteCount":2119,"fullName":"Iqbal Abdulla","shortName":"I Abdulla"},{"id":72,"voteCount":2009,"fullName":"Mandeep Singh","shortName":"M Singh"},{"id":90,"voteCount":1324,"fullName":"Manvinder Bisla","shortName":"M Bisla"},{"id":589,"voteCount":944,"fullName":"Darren Sammy","shortName":"D Sammy"},{"id":98,"voteCount":884,"fullName":"Abu Nechim","shortName":"A Nechim"},{"id":48,"voteCount":732,"fullName":"Ashok Dinda","shortName":"A Dinda"},{"id":12,"voteCount":719,"fullName":"Subramaniam Badrinath","shortName":"S Badrinath"},{"id":239,"voteCount":365,"fullName":"Rilee Rossouw","shortName":"R Rossouw"},{"id":278,"voteCount":298,"fullName":"Vijay Zol","shortName":"V Zol"},{"id":162,"voteCount":237,"fullName":"Sreenath Arvind","shortName":"S Arvind"},{"id":1092,"voteCount":220,"fullName":"Sandeep Warrier","shortName":"S Warrier"},{"id":942,"voteCount":184,"fullName":"Sean Abbott","shortName":"S Abbott"},{"id":1750,"voteCount":180,"fullName":"Yogesh Takawale","shortName":"Y Takawale"},{"id":858,"voteCount":176,"fullName":"Nic Maddinson","shortName":"N Maddinson"},{"id":1087,"voteCount":139,"fullName":"Jalaj Saxena","shortName":"J Saxena"},{"id":2748,"voteCount":104,"fullName":"Shishir Bhavane","shortName":"S Bhavane"}]}