{"matchInfo":{"description":"Match 33","matchType":"IPLT20","teams":[{"id":3723,"players":[{"names":["Chris Gayle","C Gayle"],"dateOfBirth":306720000000,"id":236,"fullName":"Chris Gayle","shortName":"C Gayle","nationality":"West Indian"},{"names":["Virat Kohli","V Kohli"],"dateOfBirth":594691200000,"id":164,"fullName":"Virat Kohli","shortName":"V Kohli","nationality":"Indian"},{"names":["AB de Villiers","AB de Villiers"],"dateOfBirth":445824000000,"id":233,"fullName":"AB de Villiers","shortName":"AB de Villiers","nationality":"South African"},{"names":["Mandeep Singh","M Singh"],"dateOfBirth":693014400000,"id":72,"fullName":"Mandeep Singh","shortName":"M Singh","nationality":"Indian"},{"names":["Dinesh Karthik","D Karthik"],"rightHandedBat":true,"dateOfBirth":486432000000,"id":102,"fullName":"Dinesh Karthik","shortName":"D Karthik","nationality":"Indian"},{"names":["Sarfaraz Khan","S Khan"],"rightHandedBat":true,"dateOfBirth":877478400000,"id":1564,"fullName":"Sarfaraz Khan","shortName":"S Khan","nationality":"Indian"},{"names":["David Wiese","D Wiese"],"rightHandedBat":true,"dateOfBirth":485222400000,"id":869,"fullName":"David Wiese","shortName":"D Wiese","nationality":"South African"},{"names":["Mitchell Starc","M Starc"],"rightHandedBat":true,"dateOfBirth":633657600000,"id":490,"fullName":"Mitchell Starc","shortName":"M Starc","nationality":"Australian"},{"names":["Harshal Patel","H Patel"],"dateOfBirth":659318400000,"id":157,"fullName":"Harshal Patel","shortName":"H Patel","nationality":"Indian"},{"names":["Varun Aaron","V Aaron"],"dateOfBirth":625622400000,"id":61,"fullName":"Varun Aaron","shortName":"V Aaron","nationality":"Indian"},{"names":["Yuzvendra Chahal","Y Chahal"],"rightHandedBat":true,"dateOfBirth":1330300800000,"id":111,"fullName":"Yuzvendra Chahal","shortName":"Y Chahal","nationality":"Indian"}],"team":{"type":"m","fullName":"Royal Challengers Bangalore","shortName":"Challengers","abbreviation":"RCB","primaryColor":"F1901D","secondaryColor":"FFFFFF","id":9},"wicketKeeper":{"names":["Dinesh Karthik","D Karthik"],"rightHandedBat":true,"dateOfBirth":486432000000,"id":102,"fullName":"Dinesh Karthik","shortName":"D Karthik","nationality":"Indian"},"captain":{"names":["Virat Kohli","V Kohli"],"dateOfBirth":594691200000,"id":164,"fullName":"Virat Kohli","shortName":"V Kohli","nationality":"Indian"}},{"id":3722,"players":[{"names":["Robin Uthappa","R Uthappa"],"dateOfBirth":500515200000,"id":127,"fullName":"Robin Uthappa","shortName":"R Uthappa","nationality":"Indian"},{"names":["Gautam Gambhir","G Gambhir"],"dateOfBirth":371865600000,"id":84,"fullName":"Gautam Gambhir","shortName":"G Gambhir","nationality":"Indian"},{"names":["Manish Pandey","M Pandey"],"dateOfBirth":621388800000,"id":123,"fullName":"Manish Pandey","shortName":"M Pandey","nationality":"Indian"},{"names":["Suryakumar Yadav","S Yadav"],"rightHandedBat":true,"dateOfBirth":653270400000,"id":108,"fullName":"Suryakumar Yadav","shortName":"S Yadav","nationality":"Indian"},{"names":["Yusuf Pathan","Y Pathan"],"dateOfBirth":406339200000,"id":96,"fullName":"Yusuf Pathan","shortName":"Y Pathan","nationality":"Indian"},{"names":["Ryan ten Doeschate","R ten Doeschate"],"dateOfBirth":331171200000,"id":200,"fullName":"Ryan ten Doeschate","shortName":"R ten Doeschate","nationality":"Dutch"},{"names":["Andre Russell","A Russell"],"dateOfBirth":578275200000,"id":177,"fullName":"Andre Russell","shortName":"A Russell","nationality":"West Indian"},{"names":["Piyush Chawla","P Chawla"],"dateOfBirth":598924800000,"id":76,"fullName":"Piyush Chawla","shortName":"P Chawla","nationality":"Indian"},{"names":["Pat Cummins","P Cummins"],"rightHandedBat":true,"dateOfBirth":736819200000,"id":488,"fullName":"Pat Cummins","shortName":"P Cummins","nationality":"Australian"},{"names":["Brad Hogg","B Hogg"],"dateOfBirth":34646400000,"id":231,"fullName":"Brad Hogg","shortName":"B Hogg","nationality":"Australian"},{"names":["Umesh Yadav","U Yadav"],"dateOfBirth":562118400000,"id":59,"fullName":"Umesh Yadav","shortName":"U Yadav","nationality":"Indian"}],"team":{"type":"m","fullName":"Kolkata Knight Riders","shortName":"Knight Riders","abbreviation":"KKR","primaryColor":"6F2C91","secondaryColor":"FFFFFF","id":5},"wicketKeeper":{"names":["Robin Uthappa","R Uthappa"],"dateOfBirth":500515200000,"id":127,"fullName":"Robin Uthappa","shortName":"R Uthappa","nationality":"Indian"},"captain":{"names":["Gautam Gambhir","G Gambhir"],"dateOfBirth":371865600000,"id":84,"fullName":"Gautam Gambhir","shortName":"G Gambhir","nationality":"Indian"}}],"venue":{"id":5,"country":"India","fullName":"M. Chinnaswamy Stadium","shortName":"Chinnaswamy","city":"Bengaluru"},"matchDate":"2015-05-02T16:00:00+0530","battingOrder":[1,0],"additionalInfo":{"toss.elected":"Royal Challengers Bangalore, who chose to field","match.video.id":"4211130413001","stats.link":"http://www.iplt20.com/news/2015/more-news/6474/quick-stats-m33-rcb-vs-kkr","match.summary":"Royal Challengers Bangalore won by 7 wickets","photostream.link":"http://www.iplt20.com/photos/281/ipl-2015-match-33-rcb-v-kkr","mom.video.id":"4211130422001","home.team.fan.total":"6708","notes.1.1":"Powerplay - 27 runs, 0 wickets","away.team.fan.total":"11309","notes.1.2":"KKR: 50 runs in 5.2 overs","umpire.name.3":"Chettithody Shamshuddin","notes.1.3":"KKR: 100 runs in 8.6 overs","umpire.name.4":"Virender Sharma","umpire.name.1":"Johan Cloete","notes.1.4":"Innings Break: KKR - 111/4 in 10 overs","umpire.name.2":"Pashchim Pathak","highlights.link":"http://www.iplt20.com/videos/media/id/4211130413001/m33-rcb-vs-kkr-match-highlights","result.playerofthematch":"Mandeep Singh","mom.video.thumb":"http://brightcove.vo.llnwd.net/v1/unsecured/media/3588749423001/201505/3275/3588749423001_4211337545001_vs-5544f5eee4b0515e1b517762-672293876001.jpg?pubId=3588749423001","interview.link":"http://www.iplt20.com/news/2015/features/6460/was-mentally-prepared-to-bat-at-3-russell","sixes.video.id":"4211130415001","interview.thumb":"http://static2.iplt20.com/cms/media/images/320x213/39892.jpg","referee.name":"Javagal Srinath","match.video.thumb":"http://brightcove.vo.llnwd.net/v1/unsecured/media/3588749423001/201505/3533/3588749423001_4211116924001_video-still-for-video-4211130413001.jpg?pubId=3588749423001","stats.thumb":"http://static2.iplt20.com/cms/media/images/320x213/39958.jpg","toss.winner":"Royal Challengers Bangalore","sixes.video.thumb":"http://brightcove.vo.llnwd.net/v1/unsecured/media/3588749423001/201505/277/3588749423001_4211321453001_video-still-for-video-4211130415001.jpg?pubId=3588749423001","notes.2.3":"RCB: 100 runs in 8.6 overs","report.thumb":"http://static2.iplt20.com/cms/media/images/320x213/39814.jpg","notes.2.1":"Powerplay - 36 runs, 0 wickets","report.link":"http://www.iplt20.com/news/2015/match-reports/6452/report-m33-rcb-vs-kkr","notes.2.2":"RCB: 50 runs in 4.2 overs"},"oversLimit":20,"matchState":"C","isLimitedOvers":true,"matchStatus":{"text":"Royal Challengers Bangalore won by 7 wickets","outcome":"A"},"matchSummary":"Royal Challengers Bangalore won by 7 wickets","tournamentLabel":"IPL 2015"},"matchId":{"tournamentId":{"name":"ipl2015","id":2785},"name":"ipl2015-33","id":3258,"parentId":{"name":"ipl2015","id":2785}},"innings":[{"inningsNumber":1,"scorecard":{"runs":111,"extras":{"noBallRuns":1,"wideRuns":4,"legByeRuns":3},"battingStats":[{"mod":{"text":"c Dinesh Karthik b Yuzvendra Chahal","dismissedBp":{"over":7,"innings":1,"ball":5},"countingBp":{"over":7,"innings":1,"ball":5},"bowlerId":111,"additionalPlayerIds":[102],"dismissedMethod":"ct"},"playerId":127,"r":23,"b":21,"sr":"109.52","4s":3,"6s":0},{"mod":{"text":"c Mandeep Singh b David Wiese","dismissedBp":{"over":4,"innings":1,"ball":5},"countingBp":{"over":4,"innings":1,"ball":5},"bowlerId":869,"additionalPlayerIds":[72],"dismissedMethod":"ct"},"playerId":84,"r":12,"b":8,"sr":"150.00","4s":2,"6s":0},{"mod":{"text":"run out (Dinesh Karthik)","dismissedBp":{"over":9,"innings":1,"ball":4},"countingBp":{"over":9,"innings":1,"ball":4},"bowlerId":157,"additionalPlayerIds":[102],"dismissedMethod":"ro"},"playerId":177,"r":45,"b":17,"sr":"264.70","4s":5,"6s":3},{"mod":{"text":"c AB de Villiers b Mitchell Starc","dismissedBp":{"over":10,"innings":1,"ball":1},"countingBp":{"over":10,"innings":1,"ball":1},"bowlerId":490,"additionalPlayerIds":[233],"dismissedMethod":"ct"},"playerId":200,"r":12,"b":7,"sr":"171.42","4s":1,"6s":1},{"playerId":96,"r":11,"b":6,"sr":"183.33","4s":0,"6s":1},{"playerId":108,"r":0,"b":2,"sr":"0.00","4s":0,"6s":0}],"bowlingStats":[{"playerId":490,"r":15,"w":1,"ov":"2","e":"7.50","nb":1,"d":6,"maid":0,"wd":3},{"playerId":61,"r":29,"w":0,"ov":"2","e":"14.50","nb":0,"d":3,"maid":0,"wd":0},{"playerId":157,"r":22,"w":0,"ov":"2","e":"11.00","nb":0,"d":7,"maid":0,"wd":1},{"playerId":869,"r":20,"w":1,"ov":"2","e":"10.00","nb":0,"d":3,"maid":0,"wd":0},{"playerId":111,"r":22,"w":1,"ov":"2","e":"11.00","nb":0,"d":1,"maid":0,"wd":0}],"wkts":4,"fow":[{"bp":{"over":4,"innings":1,"ball":5},"playerId":84,"r":33,"w":1},{"bp":{"over":7,"innings":1,"ball":5},"playerId":127,"r":71,"w":2},{"bp":{"over":9,"innings":1,"ball":4},"playerId":177,"r":96,"w":3},{"bp":{"over":10,"innings":1,"ball":1},"playerId":200,"r":102,"w":4}]},"overProgress":"10","runRate":"11.10","overHistory":[{"ovNo":1,"ovBalls":[".",".","1Wd","1","1Wd","4","1","."]},{"ovNo":2,"ovBalls":["1","2",".","4","4","1"]},{"ovNo":3,"ovBalls":["1Lb","1Wd","1",".",".",".","4"]},{"ovNo":4,"ovBalls":["1","1","4",".","W","1"]},{"ovNo":5,"ovBalls":["1","2","1","1","1","4"]},{"ovNo":6,"ovBalls":["1","6",".",".","4","6"]},{"ovNo":7,"ovBalls":["1","4","4","1","W","2"]},{"ovNo":8,"ovBalls":["1","4","1","1",".","6"]},{"ovNo":9,"ovBalls":["6",".","4","W",".","6"]},{"ovNo":10,"ovBalls":["W","1","1Lb","3Nb","1","1Lb","1Wd","1"]}],"rodl":{"overs":"10"}},{"inningsNumber":2,"scorecard":{"runs":115,"extras":{"wideRuns":4},"battingStats":[{"mod":{"text":"c Andre Russell b Brad Hogg","dismissedBp":{"over":4,"innings":2,"ball":5},"countingBp":{"over":4,"innings":2,"ball":5},"bowlerId":231,"additionalPlayerIds":[177],"dismissedMethod":"ct"},"playerId":236,"r":21,"b":9,"sr":"233.33","4s":0,"6s":3},{"mod":{"text":"c Suryakumar Yadav b Andre Russell","dismissedBp":{"over":8,"innings":2,"ball":2},"countingBp":{"over":8,"innings":2,"ball":2},"bowlerId":177,"additionalPlayerIds":[108],"dismissedMethod":"ct"},"playerId":164,"r":34,"b":20,"sr":"170.00","4s":2,"6s":3},{"mod":{"text":"b Piyush Chawla","dismissedBp":{"over":5,"innings":2,"ball":4},"countingBp":{"over":5,"innings":2,"ball":4},"bowlerId":76,"dismissedMethod":"b"},"playerId":233,"r":2,"b":4,"sr":"50.00","4s":0,"6s":0},{"playerId":72,"r":45,"b":18,"sr":"250.00","4s":4,"6s":3},{"playerId":869,"r":9,"b":7,"sr":"128.57","4s":0,"6s":0}],"bowlingStats":[{"playerId":488,"r":18,"w":0,"ov":"2","e":"9.00","nb":0,"d":4,"maid":0,"wd":2},{"playerId":59,"r":31,"w":0,"ov":"2","e":"15.50","nb":0,"d":2,"maid":0,"wd":1},{"playerId":231,"r":23,"w":1,"ov":"2","e":"11.50","nb":0,"d":4,"maid":0,"wd":0},{"playerId":76,"r":21,"w":1,"ov":"2","e":"10.50","nb":0,"d":3,"maid":0,"wd":0},{"playerId":177,"r":22,"w":1,"ov":"1.4","e":"13.20","nb":0,"d":1,"maid":0,"wd":1}],"wkts":3,"fow":[{"bp":{"over":4,"innings":2,"ball":5},"playerId":236,"r":48,"w":1},{"bp":{"over":5,"innings":2,"ball":4},"playerId":233,"r":51,"w":2},{"bp":{"over":8,"innings":2,"ball":2},"playerId":164,"r":81,"w":3}]},"overProgress":"9.4","runRate":"11.89","overHistory":[{"ovNo":1,"ovBalls":["1Wd","1Wd","1",".",".",".",".","1"]},{"ovNo":2,"ovBalls":["6","4",".",".","1","1Wd","6"]},{"ovNo":3,"ovBalls":["4","1","1","6","1","1"]},{"ovNo":4,"ovBalls":["6",".","6",".","W","1"]},{"ovNo":5,"ovBalls":[".","1","1","W",".","1"]},{"ovNo":6,"ovBalls":["1","1","1","1",".","6"]},{"ovNo":7,"ovBalls":["1","4","2","4","1","6"]},{"ovNo":8,"ovBalls":["1","W","1Wd","1","1","2","1"]},{"ovNo":9,"ovBalls":["2","1","1","1","4","4"]},{"ovNo":10,"ovBalls":["1","2","6","6"]}],"rodl":{"target":112,"overs":"10"}}],"currentState":{"phase":"C","facingBatsman":72,"nonFacingBatsman":869,"currentInningsIndex":1,"currentPartnership":34,"currentBowler":177,"currentBatsmen":[72,869],"recentOvers":[{"ovNo":5,"ovBalls":[".","1","1","W",".","1"]},{"ovNo":6,"ovBalls":["1","1","1","1",".","6"]},{"ovNo":7,"ovBalls":["1","4","2","4","1","6"]},{"ovNo":8,"ovBalls":["1","W","1Wd","1","1","2","1"]},{"ovNo":9,"ovBalls":["2","1","1","1","4","4"]},{"ovNo":10,"ovBalls":["1","2","6","6"]}]}}