{"matchInfo":{"description":"Match 7","matchType":"IPLT20","teams":[{"id":3657,"players":[{"names":["Rohit Sharma","RG Sharma"],"rightHandedBat":true,"dateOfBirth":546739200000,"id":107,"fullName":"Rohit Sharma","shortName":"RG Sharma","nationality":"Indian"},{"names":["Aaron Finch","A Finch"],"dateOfBirth":532569600000,"id":167,"fullName":"Aaron Finch","shortName":"A Finch","nationality":"Australian"},{"names":["Aditya Tare","A Tare"],"rightHandedBat":true,"dateOfBirth":1330300800000,"id":99,"fullName":"Aditya Tare","shortName":"A Tare","nationality":"Indian"},{"names":["Ambati Rayudu","A Rayudu"],"rightHandedBat":true,"dateOfBirth":496281600000,"id":100,"fullName":"Ambati Rayudu","shortName":"A Rayudu","nationality":"Indian"},{"names":["Corey Anderson","C Anderson"],"dateOfBirth":661046400000,"id":968,"fullName":"Corey Anderson","shortName":"C Anderson","nationality":"New Zealander"},{"names":["Kieron Pollard","K Pollard"],"rightHandedBat":true,"dateOfBirth":547776000000,"id":210,"fullName":"Kieron Pollard","shortName":"K Pollard","nationality":"West Indian"},{"names":["Harbhajan Singh","H Singh"],"rightHandedBat":true,"dateOfBirth":331430400000,"id":103,"fullName":"Harbhajan Singh","shortName":"H Singh","nationality":"Indian"},{"names":["Lasith Malinga","L Malinga"],"rightHandedBat":true,"dateOfBirth":430876800000,"id":211,"fullName":"Lasith Malinga","shortName":"L Malinga","nationality":"Sri Lankan"},{"names":["Vinay Kumar","V Kumar"],"dateOfBirth":445392000000,"id":166,"fullName":"Vinay Kumar","shortName":"V Kumar","nationality":"Indian"},{"names":["Pawan Suyal","P Suyal"],"rightHandedBat":true,"dateOfBirth":624412800000,"id":105,"fullName":"Pawan Suyal","shortName":"P Suyal","nationality":"Indian"},{"names":["Jagadeesha Suchitch","J Suchitch"],"dateOfBirth":758678400000,"id":2741,"fullName":"Jagadeesha Suchitch","shortName":"J Suchitch","nationality":"Indian"}],"team":{"type":"m","fullName":"Mumbai Indians","shortName":"Mumbai","abbreviation":"MI","primaryColor":"00AEEF","secondaryColor":"FFFFFF","id":6},"wicketKeeper":{"names":["Aditya Tare","A Tare"],"rightHandedBat":true,"dateOfBirth":1330300800000,"id":99,"fullName":"Aditya Tare","shortName":"A Tare","nationality":"Indian"},"captain":{"names":["Rohit Sharma","RG Sharma"],"rightHandedBat":true,"dateOfBirth":546739200000,"id":107,"fullName":"Rohit Sharma","shortName":"RG Sharma","nationality":"Indian"}},{"id":3656,"players":[{"names":["Virender Sehwag","V Sehwag"],"dateOfBirth":277689600000,"id":45,"fullName":"Virender Sehwag","shortName":"V Sehwag","nationality":"Indian"},{"names":["Murali Vijay","M Vijay"],"dateOfBirth":449625600000,"id":7,"fullName":"Murali Vijay","shortName":"M Vijay","nationality":"Indian"},{"names":["Wriddhiman Saha","W Saha"],"dateOfBirth":467424000000,"id":16,"fullName":"Wriddhiman Saha","shortName":"W Saha","nationality":"Indian"},{"names":["Glenn Maxwell","G Maxwell"],"dateOfBirth":592790400000,"id":282,"fullName":"Glenn Maxwell","shortName":"G Maxwell","nationality":"Australian"},{"names":["Axar Patel","A Patel"],"dateOfBirth":759024000000,"id":1113,"fullName":"Axar Patel","shortName":"A Patel","nationality":"Indian"},{"names":["David Miller","D Miller"],"dateOfBirth":613440000000,"id":187,"fullName":"David Miller","shortName":"D Miller","nationality":"South African"},{"names":["George Bailey","G Bailey"],"dateOfBirth":400204800000,"id":19,"fullName":"George Bailey","shortName":"G Bailey","nationality":"Australian"},{"names":["Mitchell Johnson","M Johnson"],"rightHandedBat":true,"dateOfBirth":373507200000,"id":213,"fullName":"Mitchell Johnson","shortName":"M Johnson","nationality":"Australian"},{"names":["Rishi Dhawan","R Dhawan"],"rightHandedBat":true,"dateOfBirth":635385600000,"id":1088,"fullName":"Rishi Dhawan","shortName":"R Dhawan","nationality":"Indian"},{"names":["Anureet Singh","Anureet Singh"],"rightHandedBat":true,"dateOfBirth":383529600000,"id":412,"fullName":"Anureet Singh","shortName":"Anureet Singh","nationality":"Indian"},{"names":["Sandeep Sharma","Sandeep Sharma"],"rightHandedBat":true,"dateOfBirth":737683200000,"id":1112,"fullName":"Sandeep Sharma","shortName":"Sandeep Sharma","nationality":"Indian"}],"team":{"type":"m","fullName":"Kings XI Punjab","shortName":"Kings XI","abbreviation":"KXIP","primaryColor":"DA1F3D","secondaryColor":"FFFFFF","id":4},"wicketKeeper":{"names":["Wriddhiman Saha","W Saha"],"dateOfBirth":467424000000,"id":16,"fullName":"Wriddhiman Saha","shortName":"W Saha","nationality":"Indian"},"captain":{"names":["George Bailey","G Bailey"],"dateOfBirth":400204800000,"id":19,"fullName":"George Bailey","shortName":"G Bailey","nationality":"Australian"}}],"venue":{"id":4,"country":"India","fullName":"Wankhede Stadium","shortName":"Wankhede Stadium","city":"Mumbai"},"matchDate":"2015-04-12T20:00:00+0530","battingOrder":[1,0],"additionalInfo":{"toss.elected":"Mumbai Indians, who chose to field","match.video.id":"4168613897001","stats.link":"http://www.iplt20.com/news/2015/more-news/5922/quick-stats-m7-mi-vs-kxip","match.summary":"","photostream.link":"http://www.iplt20.com/photos/255/ipl-2015-match-7-mi-v-kxip","mom.video.id":"4168909636001","home.team.fan.total":"12451","notes.1.1":"Powerplay  - 57 runs, 0 wickets","away.team.fan.total":"10515","notes.1.2":"KXIP: 50 runs in 5.2 overs","umpire.name.3":"Krishnaraj Srinath","notes.1.3":"1st Wicket: 50 runs in 32 balls (Murali Vijay 19, Virender Sehwag 30)","umpire.name.4":"A Nanda Kishore","umpire.name.1":"Anil Chaudhary","notes.1.4":"KXIP: 100 runs in 12.1 overs","umpire.name.2":"Krishnamachari Srinivasan","notes.1.5":"KXIP: 150 runs in 16.6 overs","notes.1.6":"George Bailey: 50 off 27 balls (2 x fours, 3 x sixes)","notes.1.7":"Innings Break: KXIP - 177/5 in 20 overs","highlights.link":"http://www.iplt20.com/videos/media/id/4168613897001/match-highlights","result.playerofthematch":"George Bailey","mom.video.thumb":"http://brightcove.vo.llnwd.net/v1/unsecured/media/3588749423001/201504/361/3588749423001_4168825056001_video-still-for-video-4168909636001.jpg?pubId=3588749423001","interview.link":"http://www.iplt20.com/news/2015/features/5924/a-pace-attack-that-excites-mitchell-johnson","sixes.video.id":"4168613893001","interview.thumb":"http://static2.iplt20.com/cms/media/images/320x213/35445.jpg","referee.name":"Chinmaya Sharma","match.video.thumb":"http://brightcove.vo.llnwd.net/v1/unsecured/media/3588749423001/201504/361/3588749423001_4168825048001_video-still-for-video-4168613897001.jpg?pubId=3588749423001","stats.thumb":"http://static2.iplt20.com/cms/media/images/320x213/35444.jpg","notes.2.7":"7th Wicket: 100 runs in 36 balls (Jagadeesha Suchith 32, Harbhajan Singh 64)","toss.winner":"Mumbai Indians","notes.2.5":"Harbhajan Singh: 50 off 19 balls (4 x fours, 5 x sixes)","sixes.video.thumb":"http://brightcove.vo.llnwd.net/v1/unsecured/media/3588749423001/201504/1871/3588749423001_4168825043001_video-still-for-video-4168613893001.jpg?pubId=3588749423001","notes.2.6":"Mumbai Indians: 150 runs in 19.2 overs","notes.2.3":"MI: 100 runs in 16.3 overs","notes.2.4":"7th Wicket: 50 runs in 19 balls (Jagadeesha Suchith 14, Harbhajan Singh 33)","report.thumb":"http://static2.iplt20.com/cms/media/images/320x213/35433.jpg","notes.2.1":"Powerplay 1 - 17 runs, 3 wickets","notes.2.2":"MI: 50 runs in 12.6 overs","report.link":"http://www.iplt20.com/news/2015/match-reports/5909/report-m7-mi-vs-kxip"},"oversLimit":20,"matchState":"C","isLimitedOvers":true,"matchStatus":{"text":"Kings XI Punjab won by 18 runs","outcome":"B"},"matchSummary":"","tournamentLabel":"IPL 2015"},"matchId":{"tournamentId":{"name":"ipl2015","id":2785},"name":"ipl2015-07","id":3232,"parentId":{"name":"ipl2015","id":2785}},"innings":[{"inningsNumber":1,"scorecard":{"runs":177,"extras":{"wideRuns":3,"byeRuns":1,"legByeRuns":2},"battingStats":[{"mod":{"text":"c Jagadeesha Suchitch b Harbhajan Singh","dismissedBp":{"over":11,"innings":1,"ball":2},"countingBp":{"over":11,"innings":1,"ball":2},"bowlerId":103,"additionalPlayerIds":[2741],"dismissedMethod":"ct"},"playerId":7,"r":35,"b":29,"sr":"120.68","4s":6,"6s":0},{"mod":{"text":"c Kieron Pollard b Harbhajan Singh","dismissedBp":{"over":7,"innings":1,"ball":4},"countingBp":{"over":7,"innings":1,"ball":4},"bowlerId":103,"additionalPlayerIds":[210],"dismissedMethod":"ct"},"playerId":45,"r":36,"b":19,"sr":"189.47","4s":6,"6s":1},{"mod":{"text":"c Ambati Rayudu b Jagadeesha Suchitch","dismissedBp":{"over":8,"innings":1,"ball":4},"countingBp":{"over":8,"innings":1,"ball":4},"bowlerId":2741,"additionalPlayerIds":[100],"dismissedMethod":"ct"},"playerId":282,"r":6,"b":4,"sr":"150.00","4s":1,"6s":0},{"mod":{"text":"c Aditya Tare b Lasith Malinga","dismissedBp":{"over":16,"innings":1,"ball":3},"countingBp":{"over":16,"innings":1,"ball":3},"bowlerId":211,"additionalPlayerIds":[99],"dismissedMethod":"ct"},"playerId":187,"r":24,"b":23,"sr":"104.34","4s":3,"6s":0},{"playerId":19,"r":61,"b":32,"sr":"190.62","4s":4,"6s":3},{"mod":{"text":"c Vinay Kumar b Lasith Malinga","dismissedBp":{"over":18,"innings":1,"ball":1},"countingBp":{"over":18,"innings":1,"ball":1},"bowlerId":211,"additionalPlayerIds":[166],"dismissedMethod":"ct"},"playerId":1088,"r":6,"b":6,"sr":"100.00","4s":1,"6s":0},{"playerId":213,"r":3,"b":7,"sr":"42.85","4s":0,"6s":0}],"bowlingStats":[{"playerId":166,"r":46,"w":0,"ov":"4","e":"11.50","nb":0,"d":8,"maid":0,"wd":0},{"playerId":105,"r":22,"w":0,"ov":"3","e":"7.33","nb":0,"d":7,"maid":0,"wd":1},{"playerId":211,"r":34,"w":2,"ov":"4","e":"8.50","nb":0,"d":7,"maid":0,"wd":1},{"playerId":103,"r":20,"w":2,"ov":"4","e":"5.00","nb":0,"d":9,"maid":0,"wd":0},{"playerId":2741,"r":41,"w":1,"ov":"4","e":"10.25","nb":0,"d":5,"maid":0,"wd":1},{"playerId":210,"r":11,"w":0,"ov":"1","e":"11.00","nb":0,"d":1,"maid":0,"wd":0}],"wkts":5,"fow":[{"bp":{"over":7,"innings":1,"ball":4},"playerId":45,"r":60,"w":1},{"bp":{"over":8,"innings":1,"ball":4},"playerId":282,"r":68,"w":2},{"bp":{"over":11,"innings":1,"ball":2},"playerId":7,"r":88,"w":3},{"bp":{"over":16,"innings":1,"ball":3},"playerId":187,"r":134,"w":4},{"bp":{"over":18,"innings":1,"ball":1},"playerId":1088,"r":150,"w":5}]},"overProgress":"20","runRate":"8.85","overHistory":[{"ovNo":1,"ovBalls":[".",".",".","4","4","2"]},{"ovNo":2,"ovBalls":[".",".","4",".","1","."]},{"ovNo":3,"ovBalls":["4","6","4","1","1","1"]},{"ovNo":4,"ovBalls":["4",".","1",".",".","1Lb"]},{"ovNo":5,"ovBalls":["4",".","4",".",".","."]},{"ovNo":6,"ovBalls":["1Wd",".","4","4","1",".","1"]},{"ovNo":7,"ovBalls":["1","1","1","W","1","1"]},{"ovNo":8,"ovBalls":["1","1","4","W",".","4"]},{"ovNo":9,"ovBalls":[".","4",".",".",".","1"]},{"ovNo":10,"ovBalls":["1","2","1","1Wd",".","1","4"]},{"ovNo":11,"ovBalls":["1","W",".","2","1","."]},{"ovNo":12,"ovBalls":["4","1",".","1","1","1"]},{"ovNo":13,"ovBalls":["2","1",".","1","1","1"]},{"ovNo":14,"ovBalls":["1","1","2","2","1","4"]},{"ovNo":15,"ovBalls":["4","1",".","1","1","4"]},{"ovNo":16,"ovBalls":["6","1","W","4","1","1Lb"]},{"ovNo":17,"ovBalls":["1",".",".","1","6","2"]},{"ovNo":18,"ovBalls":["W","1",".","1","1","."]},{"ovNo":19,"ovBalls":["2","6","1","1","1","."]},{"ovNo":20,"ovBalls":["1","1B","1","1","4","1Wd","4"]}]},{"inningsNumber":2,"scorecard":{"runs":159,"extras":{"noBallRuns":2,"wideRuns":3,"legByeRuns":3},"battingStats":[{"mod":{"text":"lbw Sandeep Sharma","dismissedBp":{"over":1,"innings":2,"ball":2},"countingBp":{"over":1,"innings":2,"ball":2},"bowlerId":1112,"dismissedMethod":"lbw"},"playerId":107,"r":0,"b":2,"sr":"0.00","4s":0,"6s":0},{"mod":{"text":"b Mitchell Johnson","dismissedBp":{"over":6,"innings":2,"ball":2},"countingBp":{"over":6,"innings":2,"ball":2},"bowlerId":213,"dismissedMethod":"b"},"playerId":167,"r":8,"b":14,"sr":"57.14","4s":1,"6s":0},{"mod":{"text":"c Murali Vijay b Anureet Singh","dismissedBp":{"over":4,"innings":2,"ball":3},"countingBp":{"over":4,"innings":2,"ball":3},"bowlerId":412,"additionalPlayerIds":[7],"dismissedMethod":"ct"},"playerId":99,"r":7,"b":10,"sr":"70.00","4s":0,"6s":0},{"mod":{"text":"c Wriddhiman Saha b Mitchell Johnson","dismissedBp":{"over":12,"innings":2,"ball":5},"countingBp":{"over":12,"innings":2,"ball":5},"bowlerId":213,"additionalPlayerIds":[16],"dismissedMethod":"ct"},"playerId":100,"r":13,"b":19,"sr":"68.42","4s":2,"6s":0},{"mod":{"text":"st Wriddhiman Saha b Axar Patel","dismissedBp":{"over":8,"innings":2,"ball":3},"countingBp":{"over":8,"innings":2,"ball":3},"bowlerId":1113,"additionalPlayerIds":[16],"dismissedMethod":"st"},"playerId":968,"r":5,"b":11,"sr":"45.45","4s":1,"6s":0},{"mod":{"text":"c David Miller b Axar Patel","dismissedBp":{"over":14,"innings":2,"ball":4},"countingBp":{"over":14,"innings":2,"ball":4},"bowlerId":1113,"additionalPlayerIds":[187],"dismissedMethod":"ct"},"playerId":210,"r":20,"b":21,"sr":"95.23","4s":1,"6s":1},{"playerId":2741,"r":34,"b":21,"sr":"161.90","4s":4,"6s":2},{"mod":{"text":"c Sandeep Sharma b Anureet Singh","dismissedBp":{"over":20,"innings":2,"ball":5},"countingBp":{"over":20,"innings":2,"ball":5},"bowlerId":412,"additionalPlayerIds":[1112],"dismissedMethod":"ct"},"playerId":103,"r":64,"b":24,"sr":"266.66","4s":5,"6s":6},{"playerId":166,"r":0,"b":0,"4s":0,"6s":0}],"bowlingStats":[{"playerId":1112,"r":12,"w":1,"ov":"4","e":"3.00","nb":0,"d":14,"maid":1,"wd":0},{"playerId":412,"r":41,"w":2,"ov":"4","e":"10.25","nb":1,"d":13,"maid":0,"wd":1},{"playerId":213,"r":23,"w":2,"ov":"4","e":"5.75","nb":0,"d":17,"maid":1,"wd":0},{"playerId":1113,"r":30,"w":2,"ov":"4","e":"7.50","nb":0,"d":8,"maid":0,"wd":0},{"playerId":1088,"r":50,"w":0,"ov":"4","e":"12.50","nb":1,"d":6,"maid":0,"wd":2}],"wkts":7,"fow":[{"bp":{"over":1,"innings":2,"ball":2},"playerId":107,"r":0,"w":1},{"bp":{"over":4,"innings":2,"ball":3},"playerId":99,"r":15,"w":2},{"bp":{"over":6,"innings":2,"ball":2},"playerId":167,"r":17,"w":3},{"bp":{"over":8,"innings":2,"ball":3},"playerId":968,"r":25,"w":4},{"bp":{"over":12,"innings":2,"ball":5},"playerId":100,"r":46,"w":5},{"bp":{"over":14,"innings":2,"ball":4},"playerId":210,"r":59,"w":6},{"bp":{"over":20,"innings":2,"ball":5},"playerId":103,"r":159,"w":7}]},"overProgress":"20","runRate":"7.95","overHistory":[{"ovNo":1,"ovBalls":[".","W",".","1","1","1"]},{"ovNo":2,"ovBalls":["1",".",".","2",".","4"]},{"ovNo":3,"ovBalls":[".","1",".","1","1","."]},{"ovNo":4,"ovBalls":[".","2","W",".","1Nb",".","."]},{"ovNo":5,"ovBalls":[".",".","1Lb",".",".","."]},{"ovNo":6,"ovBalls":[".","W",".",".",".","."]},{"ovNo":7,"ovBalls":["1",".","4",".",".","1"]},{"ovNo":8,"ovBalls":["1Lb","1","W",".","1","."]},{"ovNo":9,"ovBalls":[".",".",".",".",".","1"]},{"ovNo":10,"ovBalls":[".","1",".","1","2","1"]},{"ovNo":11,"ovBalls":["1Lb","4","1","1","1","1"]},{"ovNo":12,"ovBalls":["1",".",".","4","W","."]},{"ovNo":13,"ovBalls":["1",".",".","1",".","6"]},{"ovNo":14,"ovBalls":[".","1","4","W","1","."]},{"ovNo":15,"ovBalls":["4","1Wd","4","4","2Nb",".",".","4"]},{"ovNo":16,"ovBalls":["6",".","1","4",".","6"]},{"ovNo":17,"ovBalls":["1Wd",".",".","6","6","6","1"]},{"ovNo":18,"ovBalls":[".","2","1Wd","6","1","1","4"]},{"ovNo":19,"ovBalls":["4","6","4","1","1","1"]},{"ovNo":20,"ovBalls":["1","4","6",".","W","."]}]}],"currentState":{"phase":"C","facingBatsman":166,"nonFacingBatsman":2741,"currentInningsIndex":1,"currentBowler":-1,"currentBatsmen":[166,2741],"recentOvers":[{"ovNo":15,"ovBalls":["4","1Wd","4","4","2Nb",".",".","4"]},{"ovNo":16,"ovBalls":["6",".","1","4",".","6"]},{"ovNo":17,"ovBalls":["1Wd",".",".","6","6","6","1"]},{"ovNo":18,"ovBalls":[".","2","1Wd","6","1","1","4"]},{"ovNo":19,"ovBalls":["4","6","4","1","1","1"]},{"ovNo":20,"ovBalls":["1","4","6",".","W","."]}]}}