{"fragment":7,"updateTime":1432146320000,"matchId":{"id":3283,"name":"ipl2015-58 - RCB vs. RR","matchIdName":"ipl2015-58"},"commentaries":[{"bbcode":"D Wiese to A Rahane, %SPEED% good length on middle stump. He picks up two","thisOver":"2","progress":{"innings":2,"over":12,"ball":6},"speed":34.9290837760144,"subtype":"BBCode","countingProgress":{"innings":2,"over":11,"ball":6},"bowlerId":869,"nonfacingBatsmanId":276,"facingBatsmanId":135,"autoText":"D Wiese to A Rahane, %SPEED% good length on middle stump. He picks up two","message":{"text":null},"tags":[],"timestamp":1432142476000,"id":1197513,"time":"17:17","updateTime":1432142229356,"sequence":300.5,"type":"Auto"},{"innings":2,"over":12,"overRuns":8,"overWickets":0,"inningsRuns":79,"inningsWickets":3,"inningsAllOut":false,"team":{"id":8,"fullName":"Rajasthan Royals","shortName":"Royals","abbreviation":"RR","primaryColor":"004B8C","secondaryColor":"FFFFFF","type":"m"},"batsmanSummaries":[{"batsman":{"id":135,"fullName":"Ajinkya Rahane","shortName":"A Rahane","nationality":"Indian","rightHandedBat":false,"dateOfBirth":581472000000,"names":["Ajinkya Rahane","A Rahane"]},"runs":39,"balls":34,"fours":4,"sixes":0},{"batsman":{"id":276,"fullName":"Karun Nair","shortName":"K Nair","nationality":"Indian","rightHandedBat":false,"dateOfBirth":691977600000,"names":["Karun Nair","K Nair"]},"runs":12,"balls":12,"fours":2,"sixes":0}],"activeBatsman":276,"bowlerSummary":{"bowler":{"id":869,"fullName":"David Wiese","shortName":"D Wiese","nationality":"South African","rightHandedBat":true,"dateOfBirth":485222400000,"names":["David Wiese","D Wiese"]},"overs":"3","runs":24,"wickets":1,"maidens":0},"inningsBalls":72,"inningsMaxBalls":120,"inningsTarget":181,"message":{"text":null},"tags":[],"timestamp":1432142229000,"id":1197514,"time":"17:17","updateTime":1432142229510,"sequence":301.5,"type":"Eov"},{"bbcode":"H Patel to K Nair, [b]WICKET!!! K Nair is out[/b] c Dinesh Karthik b Harshal Patel","thisOver":"W","progress":{"innings":2,"over":13,"ball":1},"speed":37.2478603588627,"subtype":"BBCode","countingProgress":{"innings":2,"over":12,"ball":1},"bowlerId":157,"nonfacingBatsmanId":135,"facingBatsmanId":276,"autoText":"H Patel to K Nair, <b>WICKET!!! K Nair is out</b> c Dinesh Karthik b Harshal Patel","message":{"text":null},"tags":["wicket"],"timestamp":1432142812000,"id":1197515,"time":"17:18","updateTime":1432142297378,"sequence":302.5,"type":"Auto"},{"bbcode":"[b]Wicket! [/b]The wickets keep on tumbling and Harshal's good work continues. Locates the outside edge as Karun looks to cut, and Karthik does the rest","subtype":"BBCode","message":{"text":"<p><strong>Wicket!&nbsp;</strong>The wickets keep on tumbling and Harshal's good work continues. Locates the outside edge as Karun looks to cut, and Karthik does the rest</p>"},"tags":[],"timestamp":1432142406000,"id":1197516,"time":"17:18","updateTime":1432142307779,"sequence":303.5,"type":"Manual"},{"bbcode":"RR are holding Faulkner back. Hooda comes in","subtype":"BBCode","message":{"text":"<p>RR are holding Faulkner back. Hooda comes in</p>"},"tags":[],"timestamp":1432142470000,"id":1197518,"time":"17:20","updateTime":1432142451143,"sequence":304.0,"type":"Manual"},{"bbcode":"H Patel to D Hooda, no run. He doesn't offer a shot","thisOver":".","progress":{"innings":2,"over":13,"ball":2},"subtype":"BBCode","countingProgress":{"innings":2,"over":12,"ball":2},"bowlerId":157,"nonfacingBatsmanId":135,"facingBatsmanId":1556,"autoText":"H Patel to D Hooda, no run. He doesn't offer a shot","message":{"text":null},"tags":[],"timestamp":1432146320000,"id":1197517,"time":"17:20","updateTime":1432142439620,"sequence":304.5,"type":"Auto"},{"bbcode":"H Patel to D Hooda, %SPEED% good length on off stump. He picks up two","thisOver":"2","progress":{"innings":2,"over":13,"ball":3},"speed":37.4081289687547,"subtype":"BBCode","countingProgress":{"innings":2,"over":12,"ball":3},"bowlerId":157,"nonfacingBatsmanId":135,"facingBatsmanId":1556,"autoText":"H Patel to D Hooda, %SPEED% good length on off stump. He picks up two","message":{"text":null},"tags":[],"timestamp":1432142814000,"id":1197522,"time":"17:21","updateTime":1432142494098,"sequence":305.5,"type":"Auto"},{"bbcode":"H Patel to D Hooda, no run, %SPEED% short length just outside off stump. He plays and misses","thisOver":".","progress":{"innings":2,"over":13,"ball":4},"speed":37.5054633189684,"subtype":"BBCode","countingProgress":{"innings":2,"over":12,"ball":4},"bowlerId":157,"nonfacingBatsmanId":135,"facingBatsmanId":1556,"autoText":"H Patel to D Hooda, no run, %SPEED% short length just outside off stump. He plays and misses","message":{"text":null},"tags":[],"timestamp":1432143112000,"id":1197523,"time":"17:22","updateTime":1432142528324,"sequence":306.5,"type":"Auto"},{"bbcode":"Close! Good bouncer from Harshal, and Hooda misses the attempted pull shot","subtype":"BBCode","message":{"text":"<p>Close! Good bouncer from Harshal, and Hooda misses the attempted pull shot</p>"},"tags":[],"timestamp":1432142556000,"id":1197524,"time":"17:22","updateTime":1432142556899,"sequence":307.5,"type":"Manual"},{"bbcode":"H Patel to D Hooda, no run. He plays and misses","thisOver":".","progress":{"innings":2,"over":13,"ball":5},"speed":-1.0,"subtype":"BBCode","countingProgress":{"innings":2,"over":12,"ball":5},"bowlerId":157,"nonfacingBatsmanId":135,"facingBatsmanId":1556,"autoText":"H Patel to D Hooda, no run. He plays and misses","message":{"text":null},"tags":[],"timestamp":1432143119000,"id":1197525,"time":"17:22","updateTime":1432142571572,"sequence":308.5,"type":"Auto"},{"bbcode":"H Patel to D Hooda, %SPEED% good length just outside off stump. He picks up two","thisOver":"2","progress":{"innings":2,"over":13,"ball":6},"speed":32.4913756272792,"subtype":"BBCode","countingProgress":{"innings":2,"over":12,"ball":6},"bowlerId":157,"nonfacingBatsmanId":135,"facingBatsmanId":1556,"autoText":"H Patel to D Hooda, %SPEED% good length just outside off stump. He picks up two","message":{"text":null},"tags":[],"timestamp":1432143119000,"id":1197526,"time":"17:23","updateTime":1432142617043,"sequence":309.5,"type":"Auto"},{"innings":2,"over":13,"overRuns":4,"overWickets":1,"inningsRuns":83,"inningsWickets":4,"inningsAllOut":false,"team":{"id":8,"fullName":"Rajasthan Royals","shortName":"Royals","abbreviation":"RR","primaryColor":"004B8C","secondaryColor":"FFFFFF","type":"m"},"batsmanSummaries":[{"batsman":{"id":1556,"fullName":"Deepak Hooda","shortName":"D Hooda","nationality":"Indian","rightHandedBat":true,"dateOfBirth":798249600000,"names":["Deepak Hooda","D Hooda"]},"runs":4,"balls":5,"fours":0,"sixes":0},{"batsman":{"id":135,"fullName":"Ajinkya Rahane","shortName":"A Rahane","nationality":"Indian","rightHandedBat":false,"dateOfBirth":581472000000,"names":["Ajinkya Rahane","A Rahane"]},"runs":39,"balls":34,"fours":4,"sixes":0}],"activeBatsman":135,"bowlerSummary":{"bowler":{"id":157,"fullName":"Harshal Patel","shortName":"H Patel","nationality":"Indian","rightHandedBat":false,"dateOfBirth":659318400000,"names":["Harshal Patel","H Patel"]},"overs":"3","runs":15,"wickets":2,"maidens":0},"inningsBalls":78,"inningsMaxBalls":120,"inningsTarget":181,"message":{"text":null},"tags":[],"timestamp":1432142617000,"id":1197527,"time":"17:23","updateTime":1432142617217,"sequence":310.5,"type":"Eov"},{"bbcode":"It's Strategic Timeout time. RR are struggling here. Rahane's not yet taken off, but he is providing a solid base. With Faulkner still to come, the boys in blue will back themselves. For RCB, a case of just continuing the good work and the wickets will come.","subtype":"BBCode","message":{"text":"<p>It's Strategic Timeout time. RR are struggling here. Rahane's not yet taken off, but he is providing a solid base. With Faulkner still to come, the boys in blue will back themselves. For RCB, a case of just continuing the good work and the wickets will come.</p>"},"tags":[],"timestamp":1432142700000,"id":1197528,"time":"17:25","updateTime":1432142700635,"sequence":311.5,"type":"Manual"},{"bbcode":"Y Chahal to A Rahane, no run, %SPEED% good length just outside off stump. He doesn't offer a shot","thisOver":".","progress":{"innings":2,"over":14,"ball":1},"speed":23.577251250189,"subtype":"BBCode","countingProgress":{"innings":2,"over":13,"ball":1},"bowlerId":111,"nonfacingBatsmanId":1556,"facingBatsmanId":135,"autoText":"Y Chahal to A Rahane, no run, %SPEED% good length just outside off stump. He doesn't offer a shot","message":{"text":null},"tags":[],"timestamp":1432143120000,"id":1197529,"time":"17:26","updateTime":1432142793360,"sequence":312.5,"type":"Auto"},{"bbcode":"Y Chahal to A Rahane. He picks up a single","thisOver":"1","progress":{"innings":2,"over":14,"ball":2},"subtype":"BBCode","countingProgress":{"innings":2,"over":13,"ball":2},"bowlerId":111,"nonfacingBatsmanId":1556,"facingBatsmanId":135,"autoText":"Y Chahal to A Rahane. He picks up a single","message":{"text":null},"tags":[],"timestamp":1432146319000,"id":1197530,"time":"17:27","updateTime":1432142828165,"sequence":313.5,"type":"Auto"},{"bbcode":"Y Chahal to D Hooda. He picks up a single","thisOver":"1","progress":{"innings":2,"over":14,"ball":3},"subtype":"BBCode","countingProgress":{"innings":2,"over":13,"ball":3},"bowlerId":111,"nonfacingBatsmanId":135,"facingBatsmanId":1556,"autoText":"Y Chahal to D Hooda. He picks up a single","message":{"text":null},"tags":[],"timestamp":1432146319000,"id":1197531,"time":"17:28","updateTime":1432142880971,"sequence":314.5,"type":"Auto"},{"bbcode":"Y Chahal to A Rahane, no run. He doesn't offer a shot","thisOver":".","progress":{"innings":2,"over":14,"ball":4},"subtype":"BBCode","countingProgress":{"innings":2,"over":13,"ball":4},"bowlerId":111,"nonfacingBatsmanId":1556,"facingBatsmanId":135,"autoText":"Y Chahal to A Rahane, no run. He doesn't offer a shot","message":{"text":null},"tags":[],"timestamp":1432146319000,"id":1197532,"time":"17:28","updateTime":1432142905541,"sequence":315.5,"type":"Auto"},{"bbcode":"Y Chahal to A Rahane, %SPEED% short length just outside off stump. He picks up two","thisOver":"2","progress":{"innings":2,"over":14,"ball":5},"speed":24.151690950473,"subtype":"BBCode","countingProgress":{"innings":2,"over":13,"ball":5},"bowlerId":111,"nonfacingBatsmanId":1556,"facingBatsmanId":135,"autoText":"Y Chahal to A Rahane, %SPEED% short length just outside off stump. He picks up two","message":{"text":null},"tags":[],"timestamp":1432143460000,"id":1197533,"time":"17:28","updateTime":1432142936072,"sequence":316.5,"type":"Auto"},{"bbcode":"Y Chahal to A Rahane, [b]WICKET!!! A Rahane is out[/b] c AB de Villiers b Yuzvendra Chahal","thisOver":"W","progress":{"innings":2,"over":14,"ball":6},"subtype":"BBCode","countingProgress":{"innings":2,"over":13,"ball":6},"bowlerId":111,"nonfacingBatsmanId":1556,"facingBatsmanId":135,"autoText":"Y Chahal to A Rahane, <b>WICKET!!! A Rahane is out</b> c AB de Villiers b Yuzvendra Chahal","message":{"text":null},"tags":["wicket"],"timestamp":1432146318000,"id":1197534,"time":"17:29","updateTime":1432142970399,"sequence":317.5,"type":"Auto"},{"bbcode":"[b]Wicket![/b] Good night Rahane! Tries to go for the slog sweep, but it goes higher than it does long, and AB takes a comfortable catch","subtype":"BBCode","message":{"text":"<p><strong>Wicket!</strong> Good night Rahane! Tries to go for the slog sweep, but it goes higher than it does long, and AB takes a comfortable catch</p>"},"tags":[],"timestamp":1432143006000,"id":1197536,"time":"17:30","updateTime":1432143004462,"sequence":318.0,"type":"Manual"},{"innings":2,"over":14,"overRuns":4,"overWickets":1,"inningsRuns":87,"inningsWickets":5,"inningsAllOut":false,"team":{"id":8,"fullName":"Rajasthan Royals","shortName":"Royals","abbreviation":"RR","primaryColor":"004B8C","secondaryColor":"FFFFFF","type":"m"},"batsmanSummaries":[{"batsman":{"id":1556,"fullName":"Deepak Hooda","shortName":"D Hooda","nationality":"Indian","rightHandedBat":true,"dateOfBirth":798249600000,"names":["Deepak Hooda","D Hooda"]},"runs":5,"balls":6,"fours":0,"sixes":0}],"activeBatsman":1556,"bowlerSummary":{"bowler":{"id":111,"fullName":"Yuzvendra Chahal","shortName":"Y Chahal","nationality":"Indian","rightHandedBat":true,"dateOfBirth":1330300800000,"names":["Yuzvendra Chahal","Y Chahal"]},"overs":"3","runs":16,"wickets":1,"maidens":0},"inningsBalls":84,"inningsMaxBalls":120,"inningsTarget":181,"message":{"text":null},"tags":[],"timestamp":1432143020000,"id":1197535,"time":"17:29","updateTime":1432142970551,"sequence":318.5,"type":"Eov"},{"mediaId":"4247331974001","endpointUrlHq1":"http://brightcove.vo.llnwd.net/v1/uds/pd/3588749423001/201505/2595/3588749423001_4247516155001_ELIMINATOR-RR-4TH-WKT.mp4","endpointUrlHq2":"http://brightcove.vo.llnwd.net/v1/uds/pd/3588749423001/201505/997/3588749423001_4247507296001_ELIMINATOR-RR-4TH-WKT.mp4","endpointUrlAlt":"http://c.brightcove.com/services/mobile/streaming/index/rendition.m3u8?assetId=4247518051001","title":"M58: RCB vs RR – Karun Nair Wicket","largeThumbnail":"http://brightcove.vo.llnwd.net/v1/unsecured/media/3588749423001/201505/595/3588749423001_4247516157001_vs-555cc31fe4b0a7ce09c21c5b-782203288001.jpg?pubId=3588749423001","duration":29281,"endpointUrl":"http://brightcove.vo.llnwd.net/v1/uds/pd/3588749423001/201505/2997/3588749423001_4247507286001_ELIMINATOR-RR-4TH-WKT.mp4","smallThumbnail":"http://brightcove.vo.llnwd.net/v1/unsecured/media/3588749423001/201505/3595/3588749423001_4247516158001_th-555cc31fe4b0a7ce09c21c5b-782203288001.jpg?pubId=3588749423001","description":null,"endpointUrlMq":"http://brightcove.vo.llnwd.net/v1/uds/pd/3588749423001/201505/1997/3588749423001_4247507289001_ELIMINATOR-RR-4TH-WKT.mp4","endpointUrlHq3":"http://brightcove.vo.llnwd.net/v1/uds/pd/3588749423001/201505/2339/3588749423001_4247516443001_ELIMINATOR-RR-4TH-WKT.mp4","publishDate":1432142614557,"message":{"text":null},"tags":["account:iplt20","2015","ipl2015","match:ipl2015-58","IPL 2015","innings 2","ball 1","over 13","rr","ipl2015-58","playerid 276","wicket","channel:ipl-match-centre","rcb"],"timestamp":1432143172000,"id":1197542,"time":"17:32","updateTime":1432143157037,"sequence":318.75,"type":"Video"},{"bbcode":"Jimmy Faulkner's in. One of his special innings will be needed!","subtype":"BBCode","message":{"text":"<p>Jimmy Faulkner's in. One of his special innings will be needed!</p>"},"tags":[],"timestamp":1432143115000,"id":1197539,"time":"17:31","updateTime":1432143113680,"sequence":319.0,"type":"Manual"},{"bbcode":"S Arvind to J Faulkner, no run, %SPEED% short length just outside off stump. He plays and misses","thisOver":".","progress":{"innings":2,"over":15,"ball":1},"speed":35.8893336299716,"subtype":"BBCode","countingProgress":{"innings":2,"over":14,"ball":1},"bowlerId":162,"nonfacingBatsmanId":1556,"facingBatsmanId":193,"autoText":"S Arvind to J Faulkner, no run, %SPEED% short length just outside off stump. He plays and misses","message":{"text":null},"tags":[],"timestamp":1432143462000,"id":1197538,"time":"17:31","updateTime":1432143091060,"sequence":319.5,"type":"Auto"},{"bbcode":"S Arvind to J Faulkner, Wide delivery","thisOver":"1Wd","progress":{"innings":2,"over":15,"ball":2},"speed":35.9980736767384,"subtype":"BBCode","countingProgress":{"innings":2,"over":14,"ball":2},"bowlerId":162,"nonfacingBatsmanId":1556,"facingBatsmanId":193,"autoText":"S Arvind to J Faulkner, Wide delivery","message":{"text":null},"tags":[],"timestamp":1432143462000,"id":1197540,"time":"17:31","updateTime":1432143114432,"sequence":321.5,"type":"Auto"},{"bbcode":"S Arvind to J Faulkner. He hits a nice boundary","thisOver":"4","progress":{"innings":2,"over":15,"ball":3},"subtype":"BBCode","countingProgress":{"innings":2,"over":14,"ball":2},"bowlerId":162,"nonfacingBatsmanId":1556,"facingBatsmanId":193,"autoText":"S Arvind to J Faulkner. He hits a nice boundary","message":{"text":null},"tags":["four"],"timestamp":1432146318000,"id":1197543,"time":"17:32","updateTime":1432143158679,"sequence":323.5,"type":"Auto"},{"bbcode":"Four! Bosh! Faulkner thwacks this one through mid-wicket and he's got 4","subtype":"BBCode","message":{"text":"<p>Four! Bosh! Faulkner thwacks this one through mid-wicket and he's got 4</p>"},"tags":[],"timestamp":1432143198000,"id":1197545,"time":"17:33","updateTime":1432143181616,"sequence":324.5,"type":"Manual"},{"bbcode":"S Arvind to J Faulkner, no run, %SPEED% short length outside off stump. He plays and misses","thisOver":".","progress":{"innings":2,"over":15,"ball":4},"speed":36.7172312044393,"subtype":"BBCode","countingProgress":{"innings":2,"over":14,"ball":3},"bowlerId":162,"nonfacingBatsmanId":1556,"facingBatsmanId":193,"autoText":"S Arvind to J Faulkner, no run, %SPEED% short length outside off stump. He plays and misses","message":{"text":null},"tags":[],"timestamp":1432143858000,"id":1197546,"time":"17:33","updateTime":1432143192117,"sequence":325.5,"type":"Auto"},{"bbcode":"S Arvind to J Faulkner, [b]WICKET!!! J Faulkner is out[/b] c & b Sreenath Arvind","thisOver":"W","progress":{"innings":2,"over":15,"ball":5},"speed":37.3503434734168,"subtype":"BBCode","countingProgress":{"innings":2,"over":14,"ball":4},"bowlerId":162,"nonfacingBatsmanId":1556,"facingBatsmanId":193,"autoText":"S Arvind to J Faulkner, <b>WICKET!!! J Faulkner is out</b> c & b Sreenath Arvind","message":{"text":null},"tags":["wicket"],"timestamp":1432143858000,"id":1197547,"time":"17:33","updateTime":1432143236112,"sequence":326.5,"type":"Auto"},{"bbcode":"[b]Wicket![/b] This is so unlucky! Faulkner smacks the ball into his foot and it lobs back for Arvind to take the catch. Jimmy can't believe it!","subtype":"BBCode","message":{"text":"<p><strong>Wicket!</strong> This is so unlucky! Faulkner smacks the ball into his foot and it lobs back for Arvind to take the catch. Jimmy can't believe it!</p>"},"tags":[],"timestamp":1432143355000,"id":1197548,"time":"17:35","updateTime":1432143355711,"sequence":327.5,"type":"Manual"},{"bbcode":"S Arvind to S Binny, [b]WICKET!!! S Binny is out[/b] run out (Yuzvendra Chahal)","thisOver":"W","progress":{"innings":2,"over":15,"ball":6},"speed":37.111862604531,"subtype":"BBCode","countingProgress":{"innings":2,"over":14,"ball":5},"bowlerId":162,"nonfacingBatsmanId":1556,"facingBatsmanId":148,"autoText":"S Arvind to S Binny, <b>WICKET!!! S Binny is out</b> run out (Yuzvendra Chahal)","message":{"text":null},"tags":["wicket"],"timestamp":1432143859000,"id":1197549,"time":"17:37","updateTime":1432143438124,"sequence":328.5,"type":"Auto"},{"bbcode":"[b]Wicket![/b] That is madness! Binny gets struck on the pads and looks to steal a single while the RCB players appeal. However, Chahal at short third man is on the ball and throws it to Karthik to whip the bails off","subtype":"BBCode","message":{"text":"<p><strong>Wicket!</strong> That is madness! Binny gets struck on the pads and looks to steal a single while the RCB players appeal. However, Chahal at short third man is on the ball and throws it to Karthik to whip the bails off</p>"},"tags":[],"timestamp":1432143520000,"id":1197550,"time":"17:38","updateTime":1432143495658,"sequence":329.5,"type":"Manual"},{"bbcode":"S Arvind to C Morris, no run, %SPEED% short length outside off stump. He plays and misses","thisOver":".","progress":{"innings":2,"over":15,"ball":7},"speed":37.7887929157729,"subtype":"BBCode","countingProgress":{"innings":2,"over":14,"ball":6},"bowlerId":162,"nonfacingBatsmanId":1556,"facingBatsmanId":836,"autoText":"S Arvind to C Morris, no run, %SPEED% short length outside off stump. He plays and misses","message":{"text":null},"tags":[],"timestamp":1432143859000,"id":1197551,"time":"17:38","updateTime":1432143514410,"sequence":330.5,"type":"Auto"},{"innings":2,"over":15,"overRuns":5,"overWickets":2,"inningsRuns":92,"inningsWickets":7,"inningsAllOut":false,"team":{"id":8,"fullName":"Rajasthan Royals","shortName":"Royals","abbreviation":"RR","primaryColor":"004B8C","secondaryColor":"FFFFFF","type":"m"},"batsmanSummaries":[{"batsman":{"id":836,"fullName":"Chris Morris","shortName":"C Morris","nationality":"South African","rightHandedBat":true,"dateOfBirth":546739200000,"names":["Chris Morris","C Morris"]},"runs":0,"balls":1,"fours":0,"sixes":0},{"batsman":{"id":1556,"fullName":"Deepak Hooda","shortName":"D Hooda","nationality":"Indian","rightHandedBat":true,"dateOfBirth":798249600000,"names":["Deepak Hooda","D Hooda"]},"runs":5,"balls":6,"fours":0,"sixes":0}],"activeBatsman":1556,"bowlerSummary":{"bowler":{"id":162,"fullName":"Sreenath Arvind","shortName":"S Arvind","nationality":"Indian","rightHandedBat":false,"dateOfBirth":450230400000,"names":["Sreenath Arvind","S Arvind"]},"overs":"4","runs":20,"wickets":2,"maidens":0},"inningsBalls":90,"inningsMaxBalls":120,"inningsTarget":181,"message":{"text":null},"tags":[],"timestamp":1432143514000,"id":1197552,"time":"17:38","updateTime":1432143514551,"sequence":331.5,"type":"Eov"},{"mediaId":"4247331978001","endpointUrlHq1":"http://brightcove.vo.llnwd.net/v1/uds/pd/3588749423001/201505/573/3588749423001_4247540659001_ELIMINATOR-RR-5TH-WKT.mp4","endpointUrlHq2":"http://brightcove.vo.llnwd.net/v1/uds/pd/3588749423001/201505/475/3588749423001_4247529608001_ELIMINATOR-RR-5TH-WKT.mp4","endpointUrlAlt":"http://c.brightcove.com/services/mobile/streaming/index/rendition.m3u8?assetId=4247540681001","title":"M58: RCB vs RR – Ajinkya Rahane Wicket","largeThumbnail":"http://brightcove.vo.llnwd.net/v1/unsecured/media/3588749423001/201505/1573/3588749423001_4247540660001_vs-555cc56de4b0a7ce09c21c76-672293882001.jpg?pubId=3588749423001","duration":29536,"endpointUrl":"http://brightcove.vo.llnwd.net/v1/uds/pd/3588749423001/201505/67/3588749423001_4247539251001_ELIMINATOR-RR-5TH-WKT.mp4","smallThumbnail":"http://brightcove.vo.llnwd.net/v1/unsecured/media/3588749423001/201505/2573/3588749423001_4247540661001_th-555cc56de4b0a7ce09c21c76-672293882001.jpg?pubId=3588749423001","description":null,"endpointUrlMq":"http://brightcove.vo.llnwd.net/v1/uds/pd/3588749423001/201505/3229/3588749423001_4247539275001_ELIMINATOR-RR-5TH-WKT.mp4","endpointUrlHq3":"http://brightcove.vo.llnwd.net/v1/uds/pd/3588749423001/201505/3229/3588749423001_4247539267001_ELIMINATOR-RR-5TH-WKT.mp4","publishDate":1432143204254,"message":{"text":null},"tags":["account:iplt20","2015","ipl2015","match:ipl2015-58","IPL 2015","innings 2","rr","over 14","ipl2015-58","wicket","playerid 135","ball 6","channel:ipl-match-centre","rcb"],"timestamp":1432143787000,"id":1197560,"time":"17:42","updateTime":1432143766105,"sequence":332.0,"type":"Video"},{"subtype":"EmbeddedTweet","tweetjson":{"created_at":"Wed May 20 17:38:48 +0000 2015","id":601079641130938368,"id_str":"601079641130938368","text":"#RCB in red hot form.. Only rain can stop us from winning this #IPL.. CSK you're next.. #WinItForABD","source":"<a href=\"http://twitter.com/download/android\" rel=\"nofollow\">Twitter for Android</a>","truncated":false,"in_reply_to_status_id":null,"in_reply_to_status_id_str":null,"in_reply_to_user_id":null,"in_reply_to_user_id_str":null,"in_reply_to_screen_name":null,"user":{"id":135223012,"id_str":"135223012","name":"Navin Ahmed","screen_name":"Nav_cfc","location":"Bangalore,India","description":"A Muslim first!\nDont have Blue Blood, Red blooded, but am a Chelsea fan.\nFootball, Cricket and Tennis analyst.","url":null,"entities":{"description":{"urls":[]}},"protected":false,"followers_count":420,"friends_count":376,"listed_count":18,"created_at":"Tue Apr 20 17:47:33 +0000 2010","favourites_count":48,"utc_offset":19800,"time_zone":"Mumbai","geo_enabled":true,"verified":false,"statuses_count":11858,"lang":"en","contributors_enabled":false,"is_translator":false,"is_translation_enabled":false,"profile_background_color":"9AE4E8","profile_background_image_url":"http://abs.twimg.com/images/themes/theme16/bg.gif","profile_background_image_url_https":"https://abs.twimg.com/images/themes/theme16/bg.gif","profile_background_tile":false,"profile_image_url":"http://pbs.twimg.com/profile_images/513740126141169664/x2tH0I8D_normal.jpeg","profile_image_url_https":"https://pbs.twimg.com/profile_images/513740126141169664/x2tH0I8D_normal.jpeg","profile_link_color":"0084B4","profile_sidebar_border_color":"BDDCAD","profile_sidebar_fill_color":"DDFFCC","profile_text_color":"333333","profile_use_background_image":true,"default_profile":false,"default_profile_image":false,"following":false,"follow_request_sent":false,"notifications":false},"geo":null,"coordinates":null,"place":null,"contributors":null,"retweet_count":0,"favorite_count":0,"entities":{"hashtags":[{"text":"RCB","indices":[0,4]},{"text":"IPL","indices":[63,67]},{"text":"WinItForABD","indices":[88,100]}],"symbols":[],"user_mentions":[],"urls":[]},"favorited":false,"retweeted":false,"lang":"en"},"message":{"text":"<blockquote class=\"twitter-tweet\" data-partner=\"tweetdeck\">\n<p lang=\"en\" dir=\"ltr\"><a href=\"https://twitter.com/hashtag/RCB?src=hash\">#RCB</a> in red hot form.. Only rain can stop us from winning this <a href=\"https://twitter.com/hashtag/IPL?src=hash\">#IPL</a>.. CSK you're next.. <a href=\"https://twitter.com/hashtag/WinItForABD?src=hash\">#WinItForABD</a></p>\n&mdash; Navin Ahmed (@Nav_cfc) <a href=\"https://twitter.com/Nav_cfc/status/601079641130938368\">May 20, 2015</a></blockquote>\n<script charset=\"utf-8\" type=\"text/javascript\" src=\"http://platform.twitter.com/widgets.js\"></script>"},"tags":[],"timestamp":1432143548000,"id":1197553,"time":"17:39","updateTime":1432143548652,"sequence":332.5,"type":"Manual"},{"bbcode":"M Starc to D Hooda, no run, %SPEED% short length just outside off stump. He doesn't offer a shot","thisOver":".","progress":{"innings":2,"over":16,"ball":1},"speed":38.7961508901234,"subtype":"BBCode","countingProgress":{"innings":2,"over":15,"ball":1},"bowlerId":490,"nonfacingBatsmanId":836,"facingBatsmanId":1556,"autoText":"M Starc to D Hooda, no run, %SPEED% short length just outside off stump. He doesn't offer a shot","message":{"text":null},"tags":[],"timestamp":1432144270000,"id":1197554,"time":"17:39","updateTime":1432143590982,"sequence":333.5,"type":"Auto"},{"bbcode":"M Starc to D Hooda, %SPEED% short length outside off stump. He plays and misses","thisOver":"2","progress":{"innings":2,"over":16,"ball":2},"speed":37.8202162056606,"subtype":"BBCode","countingProgress":{"innings":2,"over":15,"ball":2},"bowlerId":490,"nonfacingBatsmanId":836,"facingBatsmanId":1556,"autoText":"M Starc to D Hooda, %SPEED% short length outside off stump. He plays and misses","message":{"text":null},"tags":[],"timestamp":1432144271000,"id":1197555,"time":"17:40","updateTime":1432143635230,"sequence":334.5,"type":"Auto"},{"bbcode":"M Starc to D Hooda, no run, %SPEED% short length just outside off stump. He plays and misses","thisOver":".","progress":{"innings":2,"over":16,"ball":3},"speed":36.3518299066956,"subtype":"BBCode","countingProgress":{"innings":2,"over":15,"ball":3},"bowlerId":490,"nonfacingBatsmanId":836,"facingBatsmanId":1556,"autoText":"M Starc to D Hooda, no run, %SPEED% short length just outside off stump. He plays and misses","message":{"text":null},"tags":[],"timestamp":1432144271000,"id":1197556,"time":"17:41","updateTime":1432143669390,"sequence":335.5,"type":"Auto"},{"bbcode":"M Starc to D Hooda, %SPEED% full length on leg stump. He picks up a single","thisOver":"1","progress":{"innings":2,"over":16,"ball":4},"speed":38.5202557095979,"subtype":"BBCode","countingProgress":{"innings":2,"over":15,"ball":4},"bowlerId":490,"nonfacingBatsmanId":836,"facingBatsmanId":1556,"autoText":"M Starc to D Hooda, %SPEED% full length on leg stump. He picks up a single","message":{"text":null},"tags":[],"timestamp":1432144272000,"id":1197557,"time":"17:41","updateTime":1432143713668,"sequence":336.5,"type":"Auto"},{"bbcode":"M Starc to C Morris, no run, %SPEED% short length just outside off stump. He plays and misses","thisOver":".","progress":{"innings":2,"over":16,"ball":5},"speed":38.7052256652691,"subtype":"BBCode","countingProgress":{"innings":2,"over":15,"ball":5},"bowlerId":490,"nonfacingBatsmanId":1556,"facingBatsmanId":836,"autoText":"M Starc to C Morris, no run, %SPEED% short length just outside off stump. He plays and misses","message":{"text":null},"tags":[],"timestamp":1432144272000,"id":1197558,"time":"17:42","updateTime":1432143746818,"sequence":337.5,"type":"Auto"},{"bbcode":"Close! Good short ball and Morris misses out as he attempts to swat it","subtype":"BBCode","message":{"text":"<p>Close! Good short ball and Morris misses out as he attempts to swat it</p>"},"tags":[],"timestamp":1432143778000,"id":1197559,"time":"17:42","updateTime":1432143763149,"sequence":338.5,"type":"Manual"},{"bbcode":"M Starc to C Morris, [b]WICKET!!! C Morris is out[/b] c Yuzvendra Chahal b Mitchell Starc","thisOver":"W","progress":{"innings":2,"over":16,"ball":6},"speed":39.3403218077987,"subtype":"BBCode","countingProgress":{"innings":2,"over":15,"ball":6},"bowlerId":490,"nonfacingBatsmanId":1556,"facingBatsmanId":836,"autoText":"M Starc to C Morris, <b>WICKET!!! C Morris is out</b> c Yuzvendra Chahal b Mitchell Starc","message":{"text":null},"tags":["wicket"],"timestamp":1432144273000,"id":1197564,"time":"17:43","updateTime":1432143792535,"sequence":339.5,"type":"Auto"},{"bbcode":"[b]Wicket! [/b]The RR house of cards is collapsing! Morris picks out Chahal at mid off, and RCB are just 2 wickets away from victory","subtype":"BBCode","message":{"text":"<p><strong>Wicket!&nbsp;</strong>The RR house of cards is collapsing! Morris picks out Chahal at mid off, and RCB are just 2 wickets away from victory</p>"},"tags":[],"timestamp":1432143906000,"id":1197566,"time":"17:44","updateTime":1432143868934,"sequence":340.0,"type":"Manual"},{"innings":2,"over":16,"overRuns":3,"overWickets":1,"inningsRuns":95,"inningsWickets":8,"inningsAllOut":false,"team":{"id":8,"fullName":"Rajasthan Royals","shortName":"Royals","abbreviation":"RR","primaryColor":"004B8C","secondaryColor":"FFFFFF","type":"m"},"batsmanSummaries":[{"batsman":{"id":1556,"fullName":"Deepak Hooda","shortName":"D Hooda","nationality":"Indian","rightHandedBat":true,"dateOfBirth":798249600000,"names":["Deepak Hooda","D Hooda"]},"runs":8,"balls":10,"fours":0,"sixes":0}],"activeBatsman":1556,"bowlerSummary":{"bowler":{"id":490,"fullName":"Mitchell Starc","shortName":"M Starc","nationality":"Australian","rightHandedBat":true,"dateOfBirth":633657600000,"names":["Mitchell Starc","M Starc"]},"overs":"3","runs":20,"wickets":1,"maidens":0},"inningsBalls":96,"inningsMaxBalls":120,"inningsTarget":181,"message":{"text":null},"tags":[],"timestamp":1432143865000,"id":1197565,"time":"17:43","updateTime":1432143792658,"sequence":340.5,"type":"Eov"},{"bbcode":"D Wiese to D Hooda, %SPEED% full length on middle stump. He plays and misses","thisOver":"2","progress":{"innings":2,"over":17,"ball":1},"speed":35.3335498507367,"subtype":"BBCode","countingProgress":{"innings":2,"over":16,"ball":1},"bowlerId":869,"nonfacingBatsmanId":32,"facingBatsmanId":1556,"autoText":"D Wiese to D Hooda, %SPEED% full length on middle stump. He plays and misses","message":{"text":null},"tags":[],"timestamp":1432144274000,"id":1197568,"time":"17:44","updateTime":1432143882792,"sequence":341.5,"type":"Auto"},{"bbcode":"D Wiese to D Hooda, no run, %SPEED% short length just outside off stump. He doesn't offer a shot","thisOver":".","progress":{"innings":2,"over":17,"ball":2},"speed":35.6665886434364,"subtype":"BBCode","countingProgress":{"innings":2,"over":16,"ball":2},"bowlerId":869,"nonfacingBatsmanId":32,"facingBatsmanId":1556,"autoText":"D Wiese to D Hooda, no run, %SPEED% short length just outside off stump. He doesn't offer a shot","message":{"text":null},"tags":[],"timestamp":1432144274000,"id":1197569,"time":"17:45","updateTime":1432143926910,"sequence":342.5,"type":"Auto"},{"bbcode":"D Wiese to D Hooda, %SPEED% good length just outside off stump. He picks up a single","thisOver":"1","progress":{"innings":2,"over":17,"ball":3},"speed":32.2385127610483,"subtype":"BBCode","countingProgress":{"innings":2,"over":16,"ball":3},"bowlerId":869,"nonfacingBatsmanId":32,"facingBatsmanId":1556,"autoText":"D Wiese to D Hooda, %SPEED% good length just outside off stump. He picks up a single","message":{"text":null},"tags":[],"timestamp":1432144672000,"id":1197570,"time":"17:45","updateTime":1432143940101,"sequence":343.5,"type":"Auto"},{"bbcode":"D Wiese to A Sharma, %SPEED% good length just outside off stump. He picks up a single","thisOver":"1","progress":{"innings":2,"over":17,"ball":4},"speed":35.4724554214244,"subtype":"BBCode","countingProgress":{"innings":2,"over":16,"ball":4},"bowlerId":869,"nonfacingBatsmanId":1556,"facingBatsmanId":32,"autoText":"D Wiese to A Sharma, %SPEED% good length just outside off stump. He picks up a single","message":{"text":null},"tags":[],"timestamp":1432144673000,"id":1197571,"time":"17:46","updateTime":1432143981584,"sequence":344.5,"type":"Auto"},{"bbcode":"D Wiese to D Hooda, [b]WICKET!!! D Hooda is out[/b] c Mitchell Starc b David Wiese","thisOver":"W","progress":{"innings":2,"over":17,"ball":5},"speed":36.8556023768486,"subtype":"BBCode","countingProgress":{"innings":2,"over":16,"ball":5},"bowlerId":869,"nonfacingBatsmanId":32,"facingBatsmanId":1556,"autoText":"D Wiese to D Hooda, <b>WICKET!!! D Hooda is out</b> c Mitchell Starc b David Wiese","message":{"text":null},"tags":["wicket"],"timestamp":1432144675000,"id":1197572,"time":"17:46","updateTime":1432144015067,"sequence":345.5,"type":"Auto"},{"bbcode":"[b]Wicket![/b] Just 1 away! Hooda looks to pull, but he hasn't got enough on it, and Starc takes a comfortable catch coming in at fine leg","subtype":"BBCode","message":{"text":"<p><strong>Wicket!</strong> Just 1 away! Hooda looks to pull, but he hasn't got enough on it, and Starc takes a comfortable catch coming in at fine leg</p>"},"tags":[],"timestamp":1432144058000,"id":1197573,"time":"17:47","updateTime":1432144028974,"sequence":346.5,"type":"Manual"},{"bbcode":"D Wiese to A Sharma, %SPEED% good length just outside off stump. He hits a nice boundary","thisOver":"4","progress":{"innings":2,"over":17,"ball":6},"speed":31.7927327496581,"subtype":"BBCode","countingProgress":{"innings":2,"over":16,"ball":6},"bowlerId":869,"nonfacingBatsmanId":101,"facingBatsmanId":32,"autoText":"D Wiese to A Sharma, %SPEED% good length just outside off stump. He hits a nice boundary","message":{"text":null},"tags":["four"],"timestamp":1432144676000,"id":1197574,"time":"17:48","updateTime":1432144101881,"sequence":347.5,"type":"Auto"},{"bbcode":"Four! The first RCB misfield tonight! Ankit hits this out through cover, and Starc lets it go through him as he runs round","subtype":"BBCode","message":{"text":"<p>Four! The first RCB misfield tonight! Ankit hits this out through cover, and Starc lets it go through him as he runs round</p>"},"tags":[],"timestamp":1432144144000,"id":1197576,"time":"17:48","updateTime":1432144114813,"sequence":348.0,"type":"Manual"},{"innings":2,"over":17,"overRuns":8,"overWickets":1,"inningsRuns":103,"inningsWickets":9,"inningsAllOut":false,"team":{"id":8,"fullName":"Rajasthan Royals","shortName":"Royals","abbreviation":"RR","primaryColor":"004B8C","secondaryColor":"FFFFFF","type":"m"},"batsmanSummaries":[{"batsman":{"id":32,"fullName":"Ankit Sharma","shortName":"A Sharma","nationality":"Indian","rightHandedBat":false,"dateOfBirth":672105600000,"names":["Ankit Sharma","A Sharma"]},"runs":5,"balls":2,"fours":1,"sixes":0},{"batsman":{"id":101,"fullName":"Dhawal Kulkarni","shortName":"D Kulkarni","nationality":"Indian","rightHandedBat":true,"dateOfBirth":597715200000,"names":["Dhawal Kulkarni","D Kulkarni"]},"runs":0,"balls":0,"fours":0,"sixes":0}],"activeBatsman":101,"bowlerSummary":{"bowler":{"id":869,"fullName":"David Wiese","shortName":"D Wiese","nationality":"South African","rightHandedBat":true,"dateOfBirth":485222400000,"names":["David Wiese","D Wiese"]},"overs":"4","runs":32,"wickets":2,"maidens":0},"inningsBalls":102,"inningsMaxBalls":120,"inningsTarget":181,"message":{"text":null},"tags":[],"timestamp":1432144102000,"id":1197575,"time":"17:48","updateTime":1432144102059,"sequence":348.5,"type":"Eov"},{"mediaId":"4247331989001","endpointUrlHq1":"http://brightcove.vo.llnwd.net/v1/uds/pd/3588749423001/201505/1611/3588749423001_4247550978001_ELIMINATOR-RR-6TH-WKT.mp4","endpointUrlHq2":"http://brightcove.vo.llnwd.net/v1/uds/pd/3588749423001/201505/3187/3588749423001_4247550381001_ELIMINATOR-RR-6TH-WKT.mp4","endpointUrlAlt":"http://c.brightcove.com/services/mobile/streaming/index/rendition.m3u8?assetId=4247550986001","title":"M58: RCB vs RR – James Faulkner Wicket","largeThumbnail":"http://brightcove.vo.llnwd.net/v1/unsecured/media/3588749423001/201505/2611/3588749423001_4247550981001_vs-555cc6bce4b0a7ce09c21c80-1592194023001.jpg?pubId=3588749423001","duration":28840,"endpointUrl":"http://brightcove.vo.llnwd.net/v1/uds/pd/3588749423001/201505/1187/3588749423001_4247550379001_ELIMINATOR-RR-6TH-WKT.mp4","smallThumbnail":"http://brightcove.vo.llnwd.net/v1/unsecured/media/3588749423001/201505/1611/3588749423001_4247550982001_th-555cc6bce4b0a7ce09c21c80-1592194023001.jpg?pubId=3588749423001","description":null,"endpointUrlMq":"http://brightcove.vo.llnwd.net/v1/uds/pd/3588749423001/201505/2611/3588749423001_4247550977001_ELIMINATOR-RR-6TH-WKT.mp4","endpointUrlHq3":"http://brightcove.vo.llnwd.net/v1/uds/pd/3588749423001/201505/109/3588749423001_4247550401001_ELIMINATOR-RR-6TH-WKT.mp4","publishDate":1432143540213,"message":{"text":null},"tags":["account:iplt20","2015","over 15","ipl2015","match:ipl2015-58","playerid 193","IPL 2015","innings 2","rr","ipl2015-58","ball 4","wicket","channel:ipl-match-centre","rcb"],"timestamp":1432144264000,"id":1197581,"time":"17:50","updateTime":1432144253563,"sequence":349.0,"type":"Video"},{"mediaId":"4247331991001","endpointUrlHq1":"http://brightcove.vo.llnwd.net/v1/uds/pd/3588749423001/201505/123/3588749423001_4247550436001_ELIMINATOR-RR-7TH-WKT.mp4","endpointUrlHq2":"http://brightcove.vo.llnwd.net/v1/uds/pd/3588749423001/201505/685/3588749423001_4247551013001_ELIMINATOR-RR-7TH-WKT.mp4","endpointUrlAlt":"http://c.brightcove.com/services/mobile/streaming/index/rendition.m3u8?assetId=4247551014001","title":"M58: RCB vs RR – Stuart Binny Wicket","largeThumbnail":"http://brightcove.vo.llnwd.net/v1/unsecured/media/3588749423001/201505/3123/3588749423001_4247550437001_vs-555cc791e4b0a7ce09c21c8a-1592194019001.jpg?pubId=3588749423001","duration":26611,"endpointUrl":"http://brightcove.vo.llnwd.net/v1/uds/pd/3588749423001/201505/1685/3588749423001_4247551010001_ELIMINATOR-RR-7TH-WKT.mp4","smallThumbnail":"http://brightcove.vo.llnwd.net/v1/unsecured/media/3588749423001/201505/2123/3588749423001_4247550438001_th-555cc791e4b0a7ce09c21c8a-1592194019001.jpg?pubId=3588749423001","description":null,"endpointUrlMq":"http://brightcove.vo.llnwd.net/v1/uds/pd/3588749423001/201505/2547/3588749423001_4247551041001_ELIMINATOR-RR-7TH-WKT.mp4","endpointUrlHq3":"http://brightcove.vo.llnwd.net/v1/uds/pd/3588749423001/201505/3685/3588749423001_4247551012001_ELIMINATOR-RR-7TH-WKT.mp4","publishDate":1432143754222,"message":{"text":null},"tags":["account:iplt20","2015","over 15","ipl2015","playerid 148","match:ipl2015-58","IPL 2015","innings 2","rr","ipl2015-58","wicket","ball 6","channel:ipl-match-centre","rcb"],"timestamp":1432144267000,"id":1197582,"time":"17:50","updateTime":1432144253624,"sequence":349.25,"type":"Video"},{"bbcode":"M Starc to D Kulkarni, no run, %SPEED% good length on middle stump. He doesn't offer a shot","thisOver":".","progress":{"innings":2,"over":18,"ball":1},"speed":38.4219685812749,"subtype":"BBCode","countingProgress":{"innings":2,"over":17,"ball":1},"bowlerId":490,"nonfacingBatsmanId":32,"facingBatsmanId":101,"autoText":"M Starc to D Kulkarni, no run, %SPEED% good length on middle stump. He doesn't offer a shot","message":{"text":null},"tags":[],"timestamp":1432144676000,"id":1197578,"time":"17:49","updateTime":1432144157038,"sequence":349.5,"type":"Auto"}]}