{"squadId":465,"totalVotes":6648,"players":[{"id":227,"voteCount":6274,"fullName":"Shane Watson","shortName":"S Watson"},{"id":135,"voteCount":6155,"fullName":"Ajinkya Rahane","shortName":"A Rahane"},{"id":271,"voteCount":6086,"fullName":"Steve Smith","shortName":"S Smith"},{"id":258,"voteCount":6041,"fullName":"Sanju Samson","shortName":"S Samson"},{"id":193,"voteCount":5742,"fullName":"James Faulkner","shortName":"J Faulkner"},{"id":1556,"voteCount":5450,"fullName":"Deepak Hooda","shortName":"D Hooda"},{"id":101,"voteCount":5242,"fullName":"Dhawal Kulkarni","shortName":"D Kulkarni"},{"id":148,"voteCount":5161,"fullName":"Stuart Binny","shortName":"S Binny"},{"id":276,"voteCount":4859,"fullName":"Karun Nair","shortName":"K Nair"},{"id":836,"voteCount":4835,"fullName":"Chris Morris","shortName":"C Morris"},{"id":1114,"voteCount":4802,"fullName":"Pravin Tambe","shortName":"P Tambe"},{"id":92,"voteCount":1735,"fullName":"Rajat Bhatia","shortName":"R Bhatia"},{"id":307,"voteCount":1670,"fullName":"Tim Southee","shortName":"T Southee"},{"id":32,"voteCount":1463,"fullName":"Ankit Sharma","shortName":"A Sharma"},{"id":66,"voteCount":1068,"fullName":"Abhishek Nayar","shortName":"A Nayar"},{"id":141,"voteCount":423,"fullName":"Dishant Yagnik","shortName":"D Yagnik"},{"id":2747,"voteCount":401,"fullName":"Sagar Trivedi","shortName":"SV Trivedi"},{"id":2746,"voteCount":391,"fullName":"Barinder Saran","shortName":"BS Saran"},{"id":82,"voteCount":315,"fullName":"Vikramjeet Malik","shortName":"V Malik"},{"id":798,"voteCount":299,"fullName":"Kane Richardson","shortName":"K Richardson"},{"id":2745,"voteCount":267,"fullName":"Pradeep Sahu","shortName":"P Sahu"},{"id":317,"voteCount":244,"fullName":"Dinesh Salunkhe","shortName":"D Salunkhe"},{"id":1749,"voteCount":227,"fullName":"Rahul Tewatia","shortName":"R Tewatia"},{"id":913,"voteCount":184,"fullName":"Ben Cutting","shortName":"B Cutting"},{"id":183,"voteCount":147,"fullName":"Juan Theron","shortName":"J Theron"}]}