{"squadId":466,"totalVotes":9807,"players":[{"id":236,"voteCount":9380,"fullName":"Chris Gayle","shortName":"C Gayle"},{"id":233,"voteCount":9371,"fullName":"AB de Villiers","shortName":"AB de Villiers"},{"id":164,"voteCount":9325,"fullName":"Virat Kohli","shortName":"V Kohli"},{"id":490,"voteCount":9041,"fullName":"Mitchell Starc","shortName":"M Starc"},{"id":111,"voteCount":8331,"fullName":"Yuzvendra Chahal","shortName":"Y Chahal"},{"id":102,"voteCount":7859,"fullName":"Dinesh Karthik","shortName":"D Karthik"},{"id":157,"voteCount":7676,"fullName":"Harshal Patel","shortName":"H Patel"},{"id":72,"voteCount":6318,"fullName":"Mandeep Singh","shortName":"M Singh"},{"id":869,"voteCount":6171,"fullName":"David Wiese","shortName":"D Wiese"},{"id":1564,"voteCount":5776,"fullName":"Sarfaraz Khan","shortName":"S Khan"},{"id":61,"voteCount":4094,"fullName":"Varun Aaron","shortName":"V Aaron"},{"id":162,"voteCount":3813,"fullName":"Sreenath Arvind","shortName":"S Arvind"},{"id":48,"voteCount":2878,"fullName":"Ashok Dinda","shortName":"A Dinda"},{"id":85,"voteCount":2051,"fullName":"Iqbal Abdulla","shortName":"I Abdulla"},{"id":589,"voteCount":1830,"fullName":"Darren Sammy","shortName":"D Sammy"},{"id":90,"voteCount":1781,"fullName":"Manvinder Bisla","shortName":"M Bisla"},{"id":12,"voteCount":1098,"fullName":"Subramaniam Badrinath","shortName":"S Badrinath"},{"id":98,"voteCount":995,"fullName":"Abu Nechim","shortName":"A Nechim"},{"id":239,"voteCount":498,"fullName":"Rilee Rossouw","shortName":"R Rossouw"},{"id":1092,"voteCount":474,"fullName":"Sandeep Warrier","shortName":"S Warrier"},{"id":278,"voteCount":463,"fullName":"Vijay Zol","shortName":"V Zol"},{"id":858,"voteCount":350,"fullName":"Nic Maddinson","shortName":"N Maddinson"},{"id":942,"voteCount":335,"fullName":"Sean Abbott","shortName":"S Abbott"},{"id":2748,"voteCount":269,"fullName":"Shishir Bhavane","shortName":"S Bhavane"},{"id":1750,"voteCount":255,"fullName":"Yogesh Takawale","shortName":"Y Takawale"},{"id":1087,"voteCount":195,"fullName":"Jalaj Saxena","shortName":"J Saxena"}]}