{"fragment":8,"updateTime":1431800999000,"matchId":{"id":3279,"name":"ipl2015-54 - RR vs. KKR","matchIdName":"ipl2015-54"},"commentaries":[{"bbcode":"S Watson to Y Pathan, no run, %SPEED% full toss outside off stump. He doesn't offer a shot","thisOver":".","progress":{"innings":2,"over":16,"ball":3},"speed":37.6396960214573,"subtype":"BBCode","countingProgress":{"innings":2,"over":15,"ball":1},"bowlerId":227,"nonfacingBatsmanId":201,"facingBatsmanId":96,"autoText":"S Watson to Y Pathan, no run, %SPEED% full toss outside off stump. He doesn't offer a shot","message":{"text":null},"tags":[],"timestamp":1431799116000,"id":1195871,"time":"17:58","updateTime":1431799088066,"sequence":352.5,"type":"Auto"},{"bbcode":"S Watson to Y Pathan, [b]WICKET!!! Y Pathan is out[/b] c Dhawal Kulkarni b Shane Watson","thisOver":"W","progress":{"innings":2,"over":16,"ball":4},"speed":37.8901574020125,"subtype":"BBCode","countingProgress":{"innings":2,"over":15,"ball":2},"bowlerId":227,"nonfacingBatsmanId":201,"facingBatsmanId":96,"autoText":"S Watson to Y Pathan, <b>WICKET!!! Y Pathan is out</b> c Dhawal Kulkarni b Shane Watson","message":{"text":null},"tags":["wicket"],"timestamp":1431799172000,"id":1195874,"time":"17:58","updateTime":1431799115604,"sequence":353.5,"type":"Auto"},{"bbcode":"[b]Wicket![/b] That could be the biggest moment in RR's season! Yusuf tries to go big, but picks out Kulkarni out at long off. Huge wicket!","subtype":"BBCode","message":{"text":"<p><strong>Wicket!</strong> That could be the biggest moment in RR's season! Yusuf tries to go big, but picks out Kulkarni out at long off. Huge wicket!</p>"},"tags":[],"timestamp":1431799154000,"id":1195875,"time":"17:59","updateTime":1431799154683,"sequence":354.5,"type":"Manual"},{"bbcode":"The Strategic Timeout has been taken. That wicket has probably put the game back in RR's favour, but with Chawla and Shakib, you just never know. Morris' over will probably be the key What an exciting contest we have in prospect!","subtype":"BBCode","message":{"text":"<p>The Strategic Timeout has been taken. That wicket has probably put the game back in RR's favour, but with Chawla and Shakib, you just never know. Morris' over will probably be the key What an exciting contest we have in prospect!</p>"},"tags":[],"timestamp":1431799232000,"id":1195876,"time":"18:00","updateTime":1431799232029,"sequence":355.5,"type":"Manual"},{"bbcode":"S Watson to A Mahmood, no run, %SPEED% good length outside off stump. He plays and misses","thisOver":".","progress":{"innings":2,"over":16,"ball":5},"speed":37.0513632633609,"subtype":"BBCode","countingProgress":{"innings":2,"over":15,"ball":3},"bowlerId":227,"nonfacingBatsmanId":201,"facingBatsmanId":194,"autoText":"S Watson to A Mahmood, no run, %SPEED% good length outside off stump. He plays and misses","message":{"text":null},"tags":[],"timestamp":1431799354000,"id":1195878,"time":"18:02","updateTime":1431799341785,"sequence":356.5,"type":"Auto"},{"bbcode":"Close! Play and miss from Mahmood as he looks to work the ball down to third man","subtype":"BBCode","message":{"text":"<p>Close! Play and miss from Mahmood as he looks to work the ball down to third man</p>"},"tags":[],"timestamp":1431799371000,"id":1195879,"time":"18:02","updateTime":1431799371560,"sequence":357.5,"type":"Manual"},{"bbcode":"S Watson to A Mahmood, Wide delivery","thisOver":"1Wd","progress":{"innings":2,"over":16,"ball":6},"speed":36.8797496647295,"subtype":"BBCode","countingProgress":{"innings":2,"over":15,"ball":4},"bowlerId":227,"nonfacingBatsmanId":201,"facingBatsmanId":194,"autoText":"S Watson to A Mahmood, Wide delivery","message":{"text":null},"tags":[],"timestamp":1431799546000,"id":1195880,"time":"18:03","updateTime":1431799383563,"sequence":358.5,"type":"Auto"},{"bbcode":"S Watson to A Mahmood, no run, %SPEED% short length just outside off stump. He doesn't offer a shot","thisOver":".","progress":{"innings":2,"over":16,"ball":7},"speed":36.5547999765779,"subtype":"BBCode","countingProgress":{"innings":2,"over":15,"ball":4},"bowlerId":227,"nonfacingBatsmanId":201,"facingBatsmanId":194,"autoText":"S Watson to A Mahmood, no run, %SPEED% short length just outside off stump. He doesn't offer a shot","message":{"text":null},"tags":[],"timestamp":1431799547000,"id":1195881,"time":"18:03","updateTime":1431799425445,"sequence":359.5,"type":"Auto"},{"bbcode":"S Watson to A Mahmood, %SPEED% good length on off stump. He hits a nice boundary","thisOver":"4","progress":{"innings":2,"over":16,"ball":8},"speed":37.2600455456309,"subtype":"BBCode","countingProgress":{"innings":2,"over":15,"ball":5},"bowlerId":227,"nonfacingBatsmanId":201,"facingBatsmanId":194,"autoText":"S Watson to A Mahmood, %SPEED% good length on off stump. He hits a nice boundary","message":{"text":null},"tags":["four"],"timestamp":1431799677000,"id":1195882,"time":"18:04","updateTime":1431799464558,"sequence":360.5,"type":"Auto"},{"bbcode":"Four! That'll brighten Mahmood's night! Lovely powerful shot through mid-wicket, and it's run away for four","subtype":"BBCode","message":{"text":"<p>Four! That'll brighten Mahmood's night! Lovely powerful shot through mid-wicket, and it's run away for four</p>"},"tags":[],"timestamp":1431799507000,"id":1195883,"time":"18:04","updateTime":1431799482101,"sequence":361.5,"type":"Manual"},{"bbcode":"S Watson to A Mahmood, no run, %SPEED% full length outside off stump. He plays and misses","thisOver":".","progress":{"innings":2,"over":16,"ball":9},"speed":37.9846485763211,"subtype":"BBCode","countingProgress":{"innings":2,"over":15,"ball":6},"bowlerId":227,"nonfacingBatsmanId":201,"facingBatsmanId":194,"autoText":"S Watson to A Mahmood, no run, %SPEED% full length outside off stump. He plays and misses","message":{"text":null},"tags":[],"timestamp":1431799678000,"id":1195884,"time":"18:04","updateTime":1431799499424,"sequence":362.5,"type":"Auto"},{"innings":2,"over":16,"overRuns":7,"overWickets":1,"inningsRuns":151,"inningsWickets":6,"inningsAllOut":false,"team":{"id":5,"fullName":"Kolkata Knight Riders","shortName":"Knight Riders","abbreviation":"KKR","primaryColor":"6F2C91","secondaryColor":"FFFFFF","type":"m"},"batsmanSummaries":[{"batsman":{"id":194,"fullName":"Azhar Mahmood","shortName":"A Mahmood","nationality":"English","rightHandedBat":false,"dateOfBirth":162777600000,"names":["Azhar Mahmood","A Mahmood"]},"runs":4,"balls":4,"fours":1,"sixes":0},{"batsman":{"id":201,"fullName":"Shakib Al Hasan","shortName":"S Al Hasan","nationality":"Bangladeshi","rightHandedBat":false,"dateOfBirth":543542400000,"names":["Shakib Al Hasan","S Al Hasan"]},"runs":9,"balls":5,"fours":2,"sixes":0}],"activeBatsman":201,"bowlerSummary":{"bowler":{"id":227,"fullName":"Shane Watson","shortName":"S Watson","nationality":"Australian","rightHandedBat":true,"dateOfBirth":361584000000,"names":["Shane Watson","S Watson"]},"overs":"3","runs":31,"wickets":1,"maidens":0},"inningsBalls":96,"inningsMaxBalls":120,"inningsTarget":200,"message":{"text":null},"tags":[],"timestamp":1431799499000,"id":1195885,"time":"18:04","updateTime":1431799499548,"sequence":363.5,"type":"Eov"},{"bbcode":"Faulkner's back. Will we see the good or the bad death overs version of Faulkner? 49 required off 24.","subtype":"BBCode","message":{"text":"<p>Faulkner's back. Will we see the good or the bad death overs version of Faulkner? 49 required off 24.</p>"},"tags":[],"timestamp":1431799609000,"id":1195887,"time":"18:06","updateTime":1431799592138,"sequence":364.0,"type":"Manual"},{"bbcode":"J Faulkner to S Al Hasan, Wide delivery","thisOver":"1Wd","progress":{"innings":2,"over":17,"ball":1},"speed":32.4094769780957,"subtype":"BBCode","countingProgress":{"innings":2,"over":16,"ball":1},"bowlerId":193,"nonfacingBatsmanId":194,"facingBatsmanId":201,"autoText":"J Faulkner to S Al Hasan, Wide delivery","message":{"text":null},"tags":[],"timestamp":1431799678000,"id":1195886,"time":"18:06","updateTime":1431799580157,"sequence":364.5,"type":"Auto"},{"bbcode":"J Faulkner to S Al Hasan, Wide delivery","thisOver":"1Wd","progress":{"innings":2,"over":17,"ball":2},"speed":31.6335095351971,"subtype":"BBCode","countingProgress":{"innings":2,"over":16,"ball":1},"bowlerId":193,"nonfacingBatsmanId":194,"facingBatsmanId":201,"autoText":"J Faulkner to S Al Hasan, Wide delivery","message":{"text":null},"tags":[],"timestamp":1431799711000,"id":1195889,"time":"18:06","updateTime":1431799617829,"sequence":365.5,"type":"Auto"},{"bbcode":"J Faulkner to S Al Hasan, %SPEED% good length just outside off stump. He picks up a single","thisOver":"1","progress":{"innings":2,"over":17,"ball":3},"speed":38.6231560125168,"subtype":"BBCode","countingProgress":{"innings":2,"over":16,"ball":1},"bowlerId":193,"nonfacingBatsmanId":194,"facingBatsmanId":201,"autoText":"J Faulkner to S Al Hasan, %SPEED% good length just outside off stump. He picks up a single","message":{"text":null},"tags":[],"timestamp":1431799711000,"id":1195890,"time":"18:07","updateTime":1431799648923,"sequence":366.5,"type":"Auto"},{"bbcode":"J Faulkner to A Mahmood, %SPEED% short length just outside off stump. He picks up two","thisOver":"2","progress":{"innings":2,"over":17,"ball":4},"speed":37.5444940645829,"subtype":"BBCode","countingProgress":{"innings":2,"over":16,"ball":2},"bowlerId":193,"nonfacingBatsmanId":201,"facingBatsmanId":194,"autoText":"J Faulkner to A Mahmood, %SPEED% short length just outside off stump. He picks up two","message":{"text":null},"tags":[],"timestamp":1431799778000,"id":1195891,"time":"18:08","updateTime":1431799715277,"sequence":367.5,"type":"Auto"},{"bbcode":"J Faulkner to A Mahmood, no run, %SPEED% full length on off stump. He doesn't offer a shot","thisOver":".","progress":{"innings":2,"over":17,"ball":5},"speed":33.3571094954727,"subtype":"BBCode","countingProgress":{"innings":2,"over":16,"ball":3},"bowlerId":193,"nonfacingBatsmanId":201,"facingBatsmanId":194,"autoText":"J Faulkner to A Mahmood, no run, %SPEED% full length on off stump. He doesn't offer a shot","message":{"text":null},"tags":[],"timestamp":1431799885000,"id":1195892,"time":"18:09","updateTime":1431799759431,"sequence":368.5,"type":"Auto"},{"bbcode":"J Faulkner to A Mahmood, [b]WICKET!!! A Mahmood is out[/b] c Ajinkya Rahane b James Faulkner","thisOver":"W","progress":{"innings":2,"over":17,"ball":6},"speed":36.9244523915959,"subtype":"BBCode","countingProgress":{"innings":2,"over":16,"ball":4},"bowlerId":193,"nonfacingBatsmanId":201,"facingBatsmanId":194,"autoText":"J Faulkner to A Mahmood, <b>WICKET!!! A Mahmood is out</b> c Ajinkya Rahane b James Faulkner","message":{"text":null},"tags":["wicket"],"timestamp":1431799886000,"id":1195893,"time":"18:09","updateTime":1431799796330,"sequence":369.5,"type":"Auto"},{"bbcode":"[b]Wicket![/b] Great catch under pressure! Mahmood looks to go big down the ground, but it goes high rather than long, and Rahane takes a great catch at long on","subtype":"BBCode","message":{"text":"<p><strong>Wicket!</strong> Great catch under pressure! Mahmood looks to go big down the ground, but it goes high rather than long, and Rahane takes a great catch at long on</p>"},"tags":[],"timestamp":1431799833000,"id":1195894,"time":"18:10","updateTime":1431799833554,"sequence":370.5,"type":"Manual"},{"bbcode":"J Faulkner to S Al Hasan, no run, %SPEED% good length outside off stump. He plays and misses","thisOver":".","progress":{"innings":2,"over":17,"ball":7},"speed":32.3133142054443,"subtype":"BBCode","countingProgress":{"innings":2,"over":16,"ball":5},"bowlerId":193,"nonfacingBatsmanId":76,"facingBatsmanId":201,"autoText":"J Faulkner to S Al Hasan, no run, %SPEED% good length outside off stump. He plays and misses","message":{"text":null},"tags":[],"timestamp":1431799957000,"id":1195895,"time":"18:11","updateTime":1431799888768,"sequence":371.5,"type":"Auto"},{"bbcode":"J Faulkner to S Al Hasan, %SPEED% full length on leg stump. He picks up a single","thisOver":"1","progress":{"innings":2,"over":17,"ball":8},"speed":32.273357432303,"subtype":"BBCode","countingProgress":{"innings":2,"over":16,"ball":6},"bowlerId":193,"nonfacingBatsmanId":76,"facingBatsmanId":201,"autoText":"J Faulkner to S Al Hasan, %SPEED% full length on leg stump. He picks up a single","message":{"text":null},"tags":[],"timestamp":1431799994000,"id":1195896,"time":"18:12","updateTime":1431799922150,"sequence":372.5,"type":"Auto"},{"innings":2,"over":17,"overRuns":6,"overWickets":1,"inningsRuns":157,"inningsWickets":7,"inningsAllOut":false,"team":{"id":5,"fullName":"Kolkata Knight Riders","shortName":"Knight Riders","abbreviation":"KKR","primaryColor":"6F2C91","secondaryColor":"FFFFFF","type":"m"},"batsmanSummaries":[{"batsman":{"id":201,"fullName":"Shakib Al Hasan","shortName":"S Al Hasan","nationality":"Bangladeshi","rightHandedBat":false,"dateOfBirth":543542400000,"names":["Shakib Al Hasan","S Al Hasan"]},"runs":11,"balls":8,"fours":2,"sixes":0},{"batsman":{"id":76,"fullName":"Piyush Chawla","shortName":"P Chawla","nationality":"Indian","rightHandedBat":false,"dateOfBirth":598924800000,"names":["Piyush Chawla","P Chawla"]},"runs":0,"balls":0,"fours":0,"sixes":0}],"activeBatsman":201,"bowlerSummary":{"bowler":{"id":193,"fullName":"James Faulkner","shortName":"J Faulkner","nationality":"Australian","rightHandedBat":false,"dateOfBirth":641347200000,"names":["James Faulkner","J Faulkner"]},"overs":"3","runs":25,"wickets":1,"maidens":0},"inningsBalls":102,"inningsMaxBalls":120,"inningsTarget":200,"message":{"text":null},"tags":[],"timestamp":1431799922000,"id":1195897,"time":"18:12","updateTime":1431799922553,"sequence":373.5,"type":"Eov"},{"bbcode":"A mixed bag from Faulkner, but he's got the wicket of Mahmood. 43 required off of 18","subtype":"BBCode","message":{"text":"<p>A mixed bag from Faulkner, but he's got the wicket of Mahmood. 43 required off of 18</p>"},"tags":[],"timestamp":1431799971000,"id":1195898,"time":"18:12","updateTime":1431799971606,"sequence":374.5,"type":"Manual"},{"bbcode":"S Watson to S Al Hasan, Wide delivery","thisOver":"1Wd","progress":{"innings":2,"over":18,"ball":1},"speed":34.9128296826106,"subtype":"BBCode","countingProgress":{"innings":2,"over":17,"ball":1},"bowlerId":227,"nonfacingBatsmanId":76,"facingBatsmanId":201,"autoText":"S Watson to S Al Hasan, Wide delivery","message":{"text":null},"tags":[],"timestamp":1431800238000,"id":1195899,"time":"18:13","updateTime":1431799992878,"sequence":375.5,"type":"Auto"},{"bbcode":"S Watson to S Al Hasan. He picks up a single","thisOver":"1","progress":{"innings":2,"over":18,"ball":2},"speed":-1.0,"subtype":"BBCode","countingProgress":{"innings":2,"over":17,"ball":1},"bowlerId":227,"nonfacingBatsmanId":76,"facingBatsmanId":201,"autoText":"S Watson to S Al Hasan. He picks up a single","message":{"text":null},"tags":[],"timestamp":1431800238000,"id":1195900,"time":"18:13","updateTime":1431800034967,"sequence":376.5,"type":"Auto"},{"bbcode":"S Watson to P Chawla, [b]WICKET!!! P Chawla is out[/b] c Stuart Binny b Shane Watson","thisOver":"W","progress":{"innings":2,"over":18,"ball":3},"speed":34.8618566577048,"subtype":"BBCode","countingProgress":{"innings":2,"over":17,"ball":2},"bowlerId":227,"nonfacingBatsmanId":201,"facingBatsmanId":76,"autoText":"S Watson to P Chawla, <b>WICKET!!! P Chawla is out</b> c Stuart Binny b Shane Watson","message":{"text":null},"tags":["wicket"],"timestamp":1431800239000,"id":1195901,"time":"18:14","updateTime":1431800087215,"sequence":377.5,"type":"Auto"},{"bbcode":"[b]Wicket![/b] Is this the match? Chawla looks to go big, but he picks out Binny at point, and that should be that","subtype":"BBCode","message":{"text":"<p><strong>Wicket!</strong> Is this the match? Chawla looks to go big, but he picks out Binny at point, and that should be that</p>"},"tags":[],"timestamp":1431800138000,"id":1195902,"time":"18:15","updateTime":1431800138531,"sequence":378.5,"type":"Manual"},{"bbcode":"S Watson to U Yadav, %SPEED% full length on middle stump. He hits a nice boundary","thisOver":"4","progress":{"innings":2,"over":18,"ball":4},"speed":35.7174787662047,"subtype":"BBCode","countingProgress":{"innings":2,"over":17,"ball":3},"bowlerId":227,"nonfacingBatsmanId":201,"facingBatsmanId":59,"autoText":"S Watson to U Yadav, %SPEED% full length on middle stump. He hits a nice boundary","message":{"text":null},"tags":["four"],"timestamp":1431800394000,"id":1195903,"time":"18:16","updateTime":1431800182653,"sequence":379.5,"type":"Auto"},{"bbcode":"Four! What a sweet straight drive by Umesh","subtype":"BBCode","message":{"text":"<p>Four! What a sweet straight drive by Umesh</p>"},"tags":[],"timestamp":1431800219000,"id":1195905,"time":"18:16","updateTime":1431800213971,"sequence":380.0,"type":"Manual"},{"bbcode":"S Watson to U Yadav, no run, %SPEED% full toss just outside off stump. He plays and misses","thisOver":".","progress":{"innings":2,"over":18,"ball":5},"speed":38.0873967097812,"subtype":"BBCode","countingProgress":{"innings":2,"over":17,"ball":4},"bowlerId":227,"nonfacingBatsmanId":201,"facingBatsmanId":59,"autoText":"S Watson to U Yadav, no run, %SPEED% full toss just outside off stump. He plays and misses","message":{"text":null},"tags":[],"timestamp":1431800395000,"id":1195904,"time":"18:16","updateTime":1431800213138,"sequence":380.5,"type":"Auto"},{"bbcode":"S Watson to U Yadav, no run, %SPEED% full length outside off stump. He plays and misses","thisOver":".","progress":{"innings":2,"over":18,"ball":6},"speed":37.9526151095217,"subtype":"BBCode","countingProgress":{"innings":2,"over":17,"ball":5},"bowlerId":227,"nonfacingBatsmanId":201,"facingBatsmanId":59,"autoText":"S Watson to U Yadav, no run, %SPEED% full length outside off stump. He plays and misses","message":{"text":null},"tags":[],"timestamp":1431800395000,"id":1195908,"time":"18:17","updateTime":1431800247163,"sequence":381.5,"type":"Auto"},{"bbcode":"S Watson to U Yadav, Wide delivery","thisOver":"1Wd","progress":{"innings":2,"over":18,"ball":7},"speed":36.6562360303978,"subtype":"BBCode","countingProgress":{"innings":2,"over":17,"ball":6},"bowlerId":227,"nonfacingBatsmanId":201,"facingBatsmanId":59,"autoText":"S Watson to U Yadav, Wide delivery","message":{"text":null},"tags":[],"timestamp":1431800396000,"id":1195909,"time":"18:18","updateTime":1431800280546,"sequence":382.5,"type":"Auto"},{"bbcode":"S Watson to U Yadav, no run, %SPEED% full toss outside off stump. He plays and misses","thisOver":".","progress":{"innings":2,"over":18,"ball":8},"speed":37.3298912937496,"subtype":"BBCode","countingProgress":{"innings":2,"over":17,"ball":6},"bowlerId":227,"nonfacingBatsmanId":201,"facingBatsmanId":59,"autoText":"S Watson to U Yadav, no run, %SPEED% full toss outside off stump. He plays and misses","message":{"text":null},"tags":[],"timestamp":1431800614000,"id":1195910,"time":"18:18","updateTime":1431800301609,"sequence":383.5,"type":"Auto"},{"innings":2,"over":18,"overRuns":7,"overWickets":1,"inningsRuns":164,"inningsWickets":8,"inningsAllOut":false,"team":{"id":5,"fullName":"Kolkata Knight Riders","shortName":"Knight Riders","abbreviation":"KKR","primaryColor":"6F2C91","secondaryColor":"FFFFFF","type":"m"},"batsmanSummaries":[{"batsman":{"id":59,"fullName":"Umesh Yadav","shortName":"U Yadav","nationality":"Indian","rightHandedBat":false,"dateOfBirth":562118400000,"names":["Umesh Yadav","U Yadav"]},"runs":4,"balls":4,"fours":1,"sixes":0},{"batsman":{"id":201,"fullName":"Shakib Al Hasan","shortName":"S Al Hasan","nationality":"Bangladeshi","rightHandedBat":false,"dateOfBirth":543542400000,"names":["Shakib Al Hasan","S Al Hasan"]},"runs":12,"balls":9,"fours":2,"sixes":0}],"activeBatsman":201,"bowlerSummary":{"bowler":{"id":227,"fullName":"Shane Watson","shortName":"S Watson","nationality":"Australian","rightHandedBat":true,"dateOfBirth":361584000000,"names":["Shane Watson","S Watson"]},"overs":"4","runs":38,"wickets":2,"maidens":0},"inningsBalls":108,"inningsMaxBalls":120,"inningsTarget":200,"message":{"text":null},"tags":[],"timestamp":1431800301000,"id":1195911,"time":"18:18","updateTime":1431800301750,"sequence":384.5,"type":"Eov"},{"bbcode":"J Faulkner to S Al Hasan, %SPEED% good length just outside off stump. He plays and misses","thisOver":"1","progress":{"innings":2,"over":19,"ball":1},"speed":32.192939868638,"subtype":"BBCode","countingProgress":{"innings":2,"over":18,"ball":1},"bowlerId":193,"nonfacingBatsmanId":59,"facingBatsmanId":201,"autoText":"J Faulkner to S Al Hasan, %SPEED% good length just outside off stump. He plays and misses","message":{"text":null},"tags":[],"timestamp":1431800614000,"id":1195912,"time":"18:19","updateTime":1431800355453,"sequence":385.5,"type":"Auto"},{"bbcode":"J Faulkner to U Yadav, %SPEED% short length outside off stump. He hits a nice boundary","thisOver":"4","progress":{"innings":2,"over":19,"ball":2},"speed":37.0585605721949,"subtype":"BBCode","countingProgress":{"innings":2,"over":18,"ball":2},"bowlerId":193,"nonfacingBatsmanId":201,"facingBatsmanId":59,"autoText":"J Faulkner to U Yadav, %SPEED% short length outside off stump. He hits a nice boundary","message":{"text":null},"tags":["four"],"timestamp":1431800617000,"id":1195913,"time":"18:19","updateTime":1431800397607,"sequence":386.5,"type":"Auto"},{"bbcode":"Four! Umesh is timing it rather nicely for a number 10! Length from Faulkner, and it's splayed through point","subtype":"BBCode","message":{"text":"<p>Four! Umesh is timing it rather nicely for a number 10! Length from Faulkner, and it's splayed through point</p>"},"tags":[],"timestamp":1431800436000,"id":1195914,"time":"18:20","updateTime":1431800412416,"sequence":387.5,"type":"Manual"},{"bbcode":"J Faulkner to U Yadav, %SPEED% good length just outside off stump. He hits a great shot, that has gone all the way","thisOver":"6","progress":{"innings":2,"over":19,"ball":3},"speed":32.6776933392937,"subtype":"BBCode","countingProgress":{"innings":2,"over":18,"ball":3},"bowlerId":193,"nonfacingBatsmanId":201,"facingBatsmanId":59,"autoText":"J Faulkner to U Yadav, %SPEED% good length just outside off stump. He hits a great shot, that has gone all the way","message":{"text":null},"tags":["six"],"timestamp":1431800617000,"id":1195915,"time":"18:20","updateTime":1431800430575,"sequence":388.5,"type":"Auto"},{"bbcode":"[b]Six! [/b]And now a six! This game's not over! Swatted over long on, and it's gone all the way","subtype":"BBCode","message":{"text":"<p><strong>Six!&nbsp;</strong>And now a six! This game's not over! Swatted over long on, and it's gone all the way</p>"},"tags":[],"timestamp":1431800467000,"id":1195916,"time":"18:20","updateTime":1431800440853,"sequence":389.5,"type":"Manual"},{"bbcode":"J Faulkner to U Yadav, no run, %SPEED% full length outside off stump. He plays and misses","thisOver":".","progress":{"innings":2,"over":19,"ball":4},"speed":38.7314951362791,"subtype":"BBCode","countingProgress":{"innings":2,"over":18,"ball":4},"bowlerId":193,"nonfacingBatsmanId":201,"facingBatsmanId":59,"autoText":"J Faulkner to U Yadav, no run, %SPEED% full length outside off stump. He plays and misses","message":{"text":null},"tags":[],"timestamp":1431800619000,"id":1195917,"time":"18:21","updateTime":1431800473741,"sequence":390.5,"type":"Auto"},{"bbcode":"J Faulkner to U Yadav, Wide delivery","thisOver":"1Wd","progress":{"innings":2,"over":19,"ball":5},"speed":38.5474648755346,"subtype":"BBCode","countingProgress":{"innings":2,"over":18,"ball":5},"bowlerId":193,"nonfacingBatsmanId":201,"facingBatsmanId":59,"autoText":"J Faulkner to U Yadav, Wide delivery","message":{"text":null},"tags":[],"timestamp":1431800811000,"id":1195918,"time":"18:21","updateTime":1431800507789,"sequence":391.5,"type":"Auto"},{"bbcode":"J Faulkner to U Yadav, %SPEED% full toss outside off stump. He hits a nice boundary","thisOver":"4","progress":{"innings":2,"over":19,"ball":6},"speed":36.8463311928923,"subtype":"BBCode","countingProgress":{"innings":2,"over":18,"ball":5},"bowlerId":193,"nonfacingBatsmanId":201,"facingBatsmanId":59,"autoText":"J Faulkner to U Yadav, %SPEED% full toss outside off stump. He hits a nice boundary","message":{"text":null},"tags":["four"],"timestamp":1431800811000,"id":1195919,"time":"18:22","updateTime":1431800544111,"sequence":392.5,"type":"Auto"},{"bbcode":"Four! Umesh is on fire! Four through cover, and it's 20 required off 7","subtype":"BBCode","message":{"text":"<p>Four! Umesh is on fire! Four through cover, and it's 20 required off 7</p>"},"tags":[],"timestamp":1431800569000,"id":1195920,"time":"18:22","updateTime":1431800569470,"sequence":393.5,"type":"Manual"},{"bbcode":"J Faulkner to U Yadav, %SPEED% full length outside off stump. He hits a nice boundary","thisOver":"4","progress":{"innings":2,"over":19,"ball":7},"speed":37.8781757578414,"subtype":"BBCode","countingProgress":{"innings":2,"over":18,"ball":6},"bowlerId":193,"nonfacingBatsmanId":201,"facingBatsmanId":59,"autoText":"J Faulkner to U Yadav, %SPEED% full length outside off stump. He hits a nice boundary","message":{"text":null},"tags":["four"],"timestamp":1431800812000,"id":1195921,"time":"18:22","updateTime":1431800574555,"sequence":394.5,"type":"Auto"},{"bbcode":"Four! What sweet timing from Umesh! Another one goes through cover, and the game is back on!","subtype":"BBCode","message":{"text":"<p>Four! What sweet timing from Umesh! Another one goes through cover, and the game is back on!</p>"},"tags":[],"timestamp":1431800614000,"id":1195923,"time":"18:23","updateTime":1431800594085,"sequence":395.0,"type":"Manual"},{"innings":2,"over":19,"overRuns":20,"overWickets":0,"inningsRuns":184,"inningsWickets":8,"inningsAllOut":false,"team":{"id":5,"fullName":"Kolkata Knight Riders","shortName":"Knight Riders","abbreviation":"KKR","primaryColor":"6F2C91","secondaryColor":"FFFFFF","type":"m"},"batsmanSummaries":[{"batsman":{"id":59,"fullName":"Umesh Yadav","shortName":"U Yadav","nationality":"Indian","rightHandedBat":false,"dateOfBirth":562118400000,"names":["Umesh Yadav","U Yadav"]},"runs":22,"balls":9,"fours":4,"sixes":1},{"batsman":{"id":201,"fullName":"Shakib Al Hasan","shortName":"S Al Hasan","nationality":"Bangladeshi","rightHandedBat":false,"dateOfBirth":543542400000,"names":["Shakib Al Hasan","S Al Hasan"]},"runs":13,"balls":10,"fours":2,"sixes":0}],"activeBatsman":201,"bowlerSummary":{"bowler":{"id":193,"fullName":"James Faulkner","shortName":"J Faulkner","nationality":"Australian","rightHandedBat":false,"dateOfBirth":641347200000,"names":["James Faulkner","J Faulkner"]},"overs":"4","runs":45,"wickets":1,"maidens":0},"inningsBalls":114,"inningsMaxBalls":120,"inningsTarget":200,"message":{"text":null},"tags":[],"timestamp":1431800574000,"id":1195922,"time":"18:22","updateTime":1431800574708,"sequence":395.5,"type":"Eov"},{"bbcode":"So 16 required off 6. This could go either way!","subtype":"BBCode","message":{"text":"<p>So 16 required off 6. This could go either way!</p>"},"tags":[],"timestamp":1431800659000,"id":1195925,"time":"18:24","updateTime":1431800659658,"sequence":396.5,"type":"Manual"},{"bbcode":"C Morris to S Al Hasan, [b]WICKET!!! S Al Hasan is out[/b] c Steve Smith b Chris Morris","thisOver":"W","progress":{"innings":2,"over":20,"ball":1},"speed":38.5009665604294,"subtype":"BBCode","countingProgress":{"innings":2,"over":19,"ball":1},"bowlerId":836,"nonfacingBatsmanId":59,"facingBatsmanId":201,"autoText":"C Morris to S Al Hasan, <b>WICKET!!! S Al Hasan is out</b> c Steve Smith b Chris Morris","message":{"text":null},"tags":["wicket"],"timestamp":1431800999000,"id":1195926,"time":"18:24","updateTime":1431800665532,"sequence":397.5,"type":"Auto"},{"bbcode":"[b]Wicket![/b] Chris Morris has had a night to remember! Shakib looks to go big, doesn't get all of it, and Smith takes the catch running round at long on. Umesh is back on strike though","subtype":"BBCode","message":{"text":"<p><strong>Wicket!</strong> Chris Morris has had a night to remember! Shakib looks to go big, doesn't get all of it, and Smith takes the catch running round at long on. Umesh is back on strike though</p>"},"tags":[],"timestamp":1431800700000,"id":1195927,"time":"18:25","updateTime":1431800700572,"sequence":398.5,"type":"Manual"},{"bbcode":"C Morris to U Yadav, %SPEED% full length going down leg. He picks up a single","thisOver":"1","progress":{"innings":2,"over":20,"ball":2},"speed":36.8549113672629,"subtype":"BBCode","countingProgress":{"innings":2,"over":19,"ball":2},"bowlerId":836,"nonfacingBatsmanId":169,"facingBatsmanId":59,"autoText":"C Morris to U Yadav, %SPEED% full length going down leg. He picks up a single","message":{"text":null},"tags":[],"timestamp":1431800999000,"id":1195928,"time":"18:25","updateTime":1431800728918,"sequence":399.5,"type":"Auto"}]}