{"squadId":464,"totalVotes":2415,"players":[{"id":84,"voteCount":2195,"fullName":"Gautam Gambhir","shortName":"G Gambhir"},{"id":127,"voteCount":2183,"fullName":"Robin Uthappa","shortName":"R Uthappa"},{"id":177,"voteCount":2181,"fullName":"Andre Russell","shortName":"A Russell"},{"id":96,"voteCount":2150,"fullName":"Yusuf Pathan","shortName":"Y Pathan"},{"id":123,"voteCount":2096,"fullName":"Manish Pandey","shortName":"M Pandey"},{"id":59,"voteCount":2034,"fullName":"Umesh Yadav","shortName":"U Yadav"},{"id":76,"voteCount":1896,"fullName":"Piyush Chawla","shortName":"P Chawla"},{"id":108,"voteCount":1760,"fullName":"Suryakumar Yadav","shortName":"S Yadav"},{"id":203,"voteCount":1644,"fullName":"Sunil Narine","shortName":"S Narine"},{"id":169,"voteCount":1606,"fullName":"Morne Morkel","shortName":"M Morkel"},{"id":201,"voteCount":1568,"fullName":"Shakib Al Hasan","shortName":"S Al Hasan"},{"id":231,"voteCount":897,"fullName":"Brad Hogg","shortName":"B Hogg"},{"id":200,"voteCount":464,"fullName":"Ryan ten Doeschate","shortName":"R ten Doeschate"},{"id":261,"voteCount":407,"fullName":"Kuldeep Yadav","shortName":"K Yadav"},{"id":2743,"voteCount":202,"fullName":"KC Cariappa","shortName":"KC Cariappa"},{"id":224,"voteCount":194,"fullName":"Johan Botha","shortName":"J Botha"},{"id":488,"voteCount":186,"fullName":"Pat Cummins","shortName":"P Cummins"},{"id":194,"voteCount":175,"fullName":"Azhar Mahmood","shortName":"A Mahmood"},{"id":149,"voteCount":131,"fullName":"Sumit Narwal","shortName":"S Narwal"},{"id":250,"voteCount":119,"fullName":"Veer Pratap Singh","shortName":"VP Singh"},{"id":1116,"voteCount":116,"fullName":"Sheldon Jackson","shortName":"S Jackson"},{"id":2742,"voteCount":115,"fullName":"Aditya Garhwal","shortName":"A Garhwal"},{"id":2744,"voteCount":83,"fullName":"Vaibhav Rawal","shortName":"V Rawal"}]}