{"squadId":465,"totalVotes":1891,"players":[{"id":135,"voteCount":1732,"fullName":"Ajinkya Rahane","shortName":"A Rahane"},{"id":227,"voteCount":1687,"fullName":"Shane Watson","shortName":"S Watson"},{"id":258,"voteCount":1669,"fullName":"Sanju Samson","shortName":"S Samson"},{"id":271,"voteCount":1651,"fullName":"Steve Smith","shortName":"S Smith"},{"id":193,"voteCount":1625,"fullName":"James Faulkner","shortName":"J Faulkner"},{"id":1556,"voteCount":1523,"fullName":"Deepak Hooda","shortName":"D Hooda"},{"id":1114,"voteCount":1463,"fullName":"Pravin Tambe","shortName":"P Tambe"},{"id":148,"voteCount":1348,"fullName":"Stuart Binny","shortName":"S Binny"},{"id":276,"voteCount":1277,"fullName":"Karun Nair","shortName":"K Nair"},{"id":101,"voteCount":1198,"fullName":"Dhawal Kulkarni","shortName":"D Kulkarni"},{"id":836,"voteCount":1055,"fullName":"Chris Morris","shortName":"C Morris"},{"id":307,"voteCount":703,"fullName":"Tim Southee","shortName":"T Southee"},{"id":92,"voteCount":684,"fullName":"Rajat Bhatia","shortName":"R Bhatia"},{"id":32,"voteCount":472,"fullName":"Ankit Sharma","shortName":"A Sharma"},{"id":66,"voteCount":299,"fullName":"Abhishek Nayar","shortName":"A Nayar"},{"id":141,"voteCount":157,"fullName":"Dishant Yagnik","shortName":"D Yagnik"},{"id":2747,"voteCount":124,"fullName":"Sagar Trivedi","shortName":"SV Trivedi"},{"id":82,"voteCount":112,"fullName":"Vikramjeet Malik","shortName":"V Malik"},{"id":798,"voteCount":112,"fullName":"Kane Richardson","shortName":"K Richardson"},{"id":1749,"voteCount":80,"fullName":"Rahul Tewatia","shortName":"R Tewatia"},{"id":2745,"voteCount":75,"fullName":"Pradeep Sahu","shortName":"P Sahu"},{"id":317,"voteCount":72,"fullName":"Dinesh Salunkhe","shortName":"D Salunkhe"},{"id":913,"voteCount":63,"fullName":"Ben Cutting","shortName":"B Cutting"},{"id":2746,"voteCount":54,"fullName":"Barinder Saran","shortName":"BS Saran"},{"id":183,"voteCount":49,"fullName":"Juan Theron","shortName":"J Theron"}]}