{"matchInfo":{"description":"Match 54","matchType":"IPLT20","teams":[{"id":3769,"players":[{"names":["Ajinkya Rahane","A Rahane"],"dateOfBirth":581472000000,"id":135,"fullName":"Ajinkya Rahane","shortName":"A Rahane","nationality":"Indian"},{"names":["Shane Watson","S Watson"],"rightHandedBat":true,"dateOfBirth":361584000000,"id":227,"fullName":"Shane Watson","shortName":"S Watson","nationality":"Australian"},{"names":["Steve Smith","S Smith"],"dateOfBirth":612748800000,"id":271,"fullName":"Steve Smith","shortName":"S Smith","nationality":"Australian"},{"names":["Karun Nair","K Nair"],"dateOfBirth":691977600000,"id":276,"fullName":"Karun Nair","shortName":"K Nair","nationality":"Indian"},{"names":["Deepak Hooda","D Hooda"],"rightHandedBat":true,"dateOfBirth":798249600000,"id":1556,"fullName":"Deepak Hooda","shortName":"D Hooda","nationality":"Indian"},{"names":["Sanju Samson","S Samson"],"dateOfBirth":784512000000,"id":258,"fullName":"Sanju Samson","shortName":"S Samson","nationality":"Indian"},{"names":["James Faulkner","J Faulkner"],"dateOfBirth":641347200000,"id":193,"fullName":"James Faulkner","shortName":"J Faulkner","nationality":"Australian"},{"names":["Stuart Binny","S Binny"],"dateOfBirth":455068800000,"id":148,"fullName":"Stuart Binny","shortName":"S Binny","nationality":"Indian"},{"names":["Chris Morris","C Morris"],"rightHandedBat":true,"dateOfBirth":546739200000,"id":836,"fullName":"Chris Morris","shortName":"C Morris","nationality":"South African"},{"names":["Dhawal Kulkarni","D Kulkarni"],"rightHandedBat":true,"dateOfBirth":597715200000,"id":101,"fullName":"Dhawal Kulkarni","shortName":"D Kulkarni","nationality":"Indian"},{"names":["Barinder Saran","BS Saran"],"dateOfBirth":723945600000,"id":2746,"fullName":"Barinder Saran","shortName":"BS Saran","nationality":"Indian"}],"team":{"type":"m","fullName":"Rajasthan Royals","shortName":"Royals","abbreviation":"RR","primaryColor":"004B8C","secondaryColor":"FFFFFF","id":8},"wicketKeeper":{"names":["Sanju Samson","S Samson"],"dateOfBirth":784512000000,"id":258,"fullName":"Sanju Samson","shortName":"S Samson","nationality":"Indian"},"captain":{"names":["Steve Smith","S Smith"],"dateOfBirth":612748800000,"id":271,"fullName":"Steve Smith","shortName":"S Smith","nationality":"Australian"}},{"id":3768,"players":[{"names":["Robin Uthappa","R Uthappa"],"dateOfBirth":500515200000,"id":127,"fullName":"Robin Uthappa","shortName":"R Uthappa","nationality":"Indian"},{"names":["Gautam Gambhir","G Gambhir"],"dateOfBirth":371865600000,"id":84,"fullName":"Gautam Gambhir","shortName":"G Gambhir","nationality":"Indian"},{"names":["Manish Pandey","M Pandey"],"dateOfBirth":621388800000,"id":123,"fullName":"Manish Pandey","shortName":"M Pandey","nationality":"Indian"},{"names":["Yusuf Pathan","Y Pathan"],"dateOfBirth":406339200000,"id":96,"fullName":"Yusuf Pathan","shortName":"Y Pathan","nationality":"Indian"},{"names":["Shakib Al Hasan","S Al Hasan"],"dateOfBirth":543542400000,"id":201,"fullName":"Shakib Al Hasan","shortName":"S Al Hasan","nationality":"Bangladeshi"},{"names":["Andre Russell","A Russell"],"dateOfBirth":578275200000,"id":177,"fullName":"Andre Russell","shortName":"A Russell","nationality":"West Indian"},{"names":["Azhar Mahmood","A Mahmood"],"dateOfBirth":162777600000,"id":194,"fullName":"Azhar Mahmood","shortName":"A Mahmood","nationality":"English"},{"names":["Suryakumar Yadav","S Yadav"],"rightHandedBat":true,"dateOfBirth":653270400000,"id":108,"fullName":"Suryakumar Yadav","shortName":"S Yadav","nationality":"Indian"},{"names":["Piyush Chawla","P Chawla"],"dateOfBirth":598924800000,"id":76,"fullName":"Piyush Chawla","shortName":"P Chawla","nationality":"Indian"},{"names":["Umesh Yadav","U Yadav"],"dateOfBirth":562118400000,"id":59,"fullName":"Umesh Yadav","shortName":"U Yadav","nationality":"Indian"},{"names":["Morne Morkel","M Morkel"],"dateOfBirth":465868800000,"id":169,"fullName":"Morne Morkel","shortName":"M Morkel","nationality":"South African"}],"team":{"type":"m","fullName":"Kolkata Knight Riders","shortName":"Knight Riders","abbreviation":"KKR","primaryColor":"6F2C91","secondaryColor":"FFFFFF","id":5},"wicketKeeper":{"names":["Robin Uthappa","R Uthappa"],"dateOfBirth":500515200000,"id":127,"fullName":"Robin Uthappa","shortName":"R Uthappa","nationality":"Indian"},"captain":{"names":["Gautam Gambhir","G Gambhir"],"dateOfBirth":371865600000,"id":84,"fullName":"Gautam Gambhir","shortName":"G Gambhir","nationality":"Indian"}}],"venue":{"id":18,"country":"India","fullName":"Brabourne Stadium","shortName":"Brabourne Stadium","city":"Mumbai"},"matchDate":"2015-05-16T20:00:00+0530","battingOrder":[0,1],"additionalInfo":{"toss.elected":"Rajasthan Royals, who chose to bat","match.video.id":"4240477463001","stats.link":"http://www.iplt20.com/news/2015/more-news/6848/quick-stats-m54-rr-vs-kkr","match.summary":"","photostream.link":"http://www.iplt20.com/photos/302/ipl-2015-match-54-rr-v-kkr","mom.video.id":"4240477456001","home.team.fan.total":"8550","notes.1.1":"Powerplay - 66 runs, 0 wickets","away.team.fan.total":"18473","notes.1.2":"RR: 50 runs in 4.3 overs","umpire.name.3":"Vineet Kulkarni","notes.1.3":"1st Wicket: 50 runs in 27 balls (Ajinkya Rahane 24, Shane Watson 22)","umpire.name.4":"Krishnamachari Bharatan","umpire.name.1":"Richard Illingworth","notes.1.4":"RR: 100 runs in 9.2 overs","umpire.name.2":"Rajesh Deshpande","notes.1.5":"Shane Watson: 50 off 31 balls (5 x fours, 2 x sixes)","notes.1.6":"RR: 150 runs in 15.3 overs","notes.1.7":"Shane Watson: 100 off 57 balls (9 x fours, 5 x sixes)","notes.1.8":"Innings Break: RR - 199/6 in 20 overs","highlights.link":"http://www.iplt20.com/videos/media/id/4240477463001/m54-rr-vs-kkr-match-highlights","result.playerofthematch":"Shane Watson","mom.video.thumb":"http://brightcove.vo.llnwd.net/v1/unsecured/media/3588749423001/201505/1678/3588749423001_4240461845001_video-still-for-video-4240477456001.jpg?pubId=3588749423001","interview.link":"http://www.iplt20.com/news/2015/features/6835/proud-of-this-young-team-rahul-dravid","sixes.video.id":"4240477436001","interview.thumb":"http://static2.iplt20.com/cms/media/images/320x213/43785.jpg","referee.name":"Rajendra Jadeja","match.video.thumb":"http://brightcove.vo.llnwd.net/v1/unsecured/media/3588749423001/201505/678/3588749423001_4240461856001_video-still-for-video-4240477463001.jpg?pubId=3588749423001","stats.thumb":"http://static2.iplt20.com/cms/media/images/320x213/43798.jpg","toss.winner":"Rajasthan Royals","notes.2.5":"4th Wicket: 50 runs in 27 balls (Yusuf Pathan 13, Andre Russell 36)","sixes.video.thumb":"http://brightcove.vo.llnwd.net/v1/unsecured/media/3588749423001/201505/618/3588749423001_4240461818001_thumbnail-for-video-4240477436001.jpg?pubId=3588749423001","notes.2.6":"KKR: 150 runs in 15.5 overs","notes.2.3":"3rd Wicket: 50 runs in 28 balls (Manish Pandey 17, Yusuf Pathan 21)","notes.2.4":"KKR: 100 runs in 10.3 overs","report.thumb":"http://static2.iplt20.com/cms/media/images/320x213/43679.jpg","notes.2.1":"Powerplay - 53 runs, 2 wickets","notes.2.2":"KKR: 50 runs in 5.3 overs","report.link":"http://www.iplt20.com/news/2015/match-reports/6822/report-m54-rr-vs-kkr"},"oversLimit":20,"matchState":"C","isLimitedOvers":true,"matchStatus":{"text":"Rajasthan Royals won by 9 runs","outcome":"A"},"matchSummary":"","tournamentLabel":"IPL 2015"},"matchId":{"tournamentId":{"name":"ipl2015","id":2785},"name":"ipl2015-54","id":3279,"parentId":{"name":"ipl2015","id":2785}},"innings":[{"inningsNumber":1,"scorecard":{"runs":199,"extras":{"noBallRuns":2,"wideRuns":4,"legByeRuns":4},"battingStats":[{"mod":{"text":"run out (Shakib Al Hasan)","dismissedBp":{"over":7,"innings":1,"ball":7},"countingBp":{"over":7,"innings":1,"ball":6},"bowlerId":194,"additionalPlayerIds":[201],"dismissedMethod":"ro"},"playerId":135,"r":37,"b":22,"sr":"168.18","4s":3,"6s":2},{"playerId":227,"r":104,"b":59,"sr":"176.27","4s":9,"6s":5},{"mod":{"text":"c Morne Morkel b Andre Russell","dismissedBp":{"over":11,"innings":1,"ball":5},"countingBp":{"over":11,"innings":1,"ball":5},"bowlerId":177,"additionalPlayerIds":[169],"dismissedMethod":"ct"},"playerId":271,"r":14,"b":11,"sr":"127.27","4s":2,"6s":0},{"mod":{"text":"c Gautam Gambhir b Andre Russell","dismissedBp":{"over":13,"innings":1,"ball":5},"countingBp":{"over":13,"innings":1,"ball":5},"bowlerId":177,"additionalPlayerIds":[84],"dismissedMethod":"ct"},"playerId":258,"r":8,"b":9,"sr":"88.88","4s":1,"6s":0},{"mod":{"text":"c Suryakumar Yadav b Andre Russell","dismissedBp":{"over":15,"innings":1,"ball":3},"countingBp":{"over":15,"innings":1,"ball":3},"bowlerId":177,"additionalPlayerIds":[108],"dismissedMethod":"ct"},"playerId":193,"r":6,"b":6,"sr":"100.00","4s":1,"6s":0},{"mod":{"text":"c Robin Uthappa b Umesh Yadav","dismissedBp":{"over":18,"innings":1,"ball":6},"countingBp":{"over":18,"innings":1,"ball":6},"bowlerId":59,"additionalPlayerIds":[127],"dismissedMethod":"ct"},"playerId":276,"r":16,"b":10,"sr":"160.00","4s":3,"6s":0},{"mod":{"text":"run out (Manish Pandey)","dismissedBp":{"over":20,"innings":1,"ball":6},"countingBp":{"over":20,"innings":1,"ball":6},"bowlerId":59,"additionalPlayerIds":[123],"dismissedMethod":"ro"},"playerId":836,"r":4,"b":5,"sr":"80.00","4s":0,"6s":0}],"bowlingStats":[{"playerId":194,"r":41,"w":0,"ov":"3","d":5,"maid":0,"e":"13.66","wd":0,"nb":2},{"playerId":169,"r":38,"w":0,"ov":"4","d":7,"maid":0,"e":"9.50","wd":1,"nb":0},{"playerId":59,"r":36,"w":1,"ov":"4","d":4,"maid":0,"e":"9.00","wd":0,"nb":0},{"playerId":201,"r":36,"w":0,"ov":"4","d":9,"maid":0,"e":"9.00","wd":1,"nb":0},{"playerId":177,"r":32,"w":3,"ov":"4","d":8,"maid":0,"e":"8.00","wd":0,"nb":0},{"playerId":76,"r":12,"w":0,"ov":"1","d":1,"maid":0,"e":"12.00","wd":1,"nb":0}],"wkts":6,"fow":[{"bp":{"over":7,"innings":1,"ball":6},"playerId":135,"r":80,"w":1},{"bp":{"over":11,"innings":1,"ball":5},"playerId":271,"r":110,"w":2},{"bp":{"over":13,"innings":1,"ball":5},"playerId":258,"r":122,"w":3},{"bp":{"over":15,"innings":1,"ball":3},"playerId":193,"r":140,"w":4},{"bp":{"over":18,"innings":1,"ball":6},"playerId":276,"r":180,"w":5},{"bp":{"over":20,"innings":1,"ball":6},"playerId":836,"r":199,"w":6}]},"overProgress":"20","runRate":"9.95","overHistory":[{"ovNo":1,"ovBalls":["1",".",".","4","4","."]},{"ovNo":2,"ovBalls":["2",".","4Lb",".","2","6"]},{"ovNo":3,"ovBalls":["4","1","1","1","1","."]},{"ovNo":4,"ovBalls":["4","2","4",".","1","1"]},{"ovNo":5,"ovBalls":["2","4","1","1","1","."]},{"ovNo":6,"ovBalls":[".","2","2","4","6","."]},{"ovNo":7,"ovBalls":[".","1","1","1Nb","6","4","1W"]},{"ovNo":8,"ovBalls":["1",".","1","1",".","1"]},{"ovNo":9,"ovBalls":["1","1",".","1","4","4"]},{"ovNo":10,"ovBalls":["2Wd","1","6","1",".","1","1"]},{"ovNo":11,"ovBalls":["1","1","1",".","W","1"]},{"ovNo":12,"ovBalls":["3","1",".",".",".","."]},{"ovNo":13,"ovBalls":["2","1",".","4","W","."]},{"ovNo":14,"ovBalls":[".","1","4","1","1","1Wd","6"]},{"ovNo":15,"ovBalls":["4",".","W","1","4","1"]},{"ovNo":16,"ovBalls":["1","2",".","1Wd",".","1","."]},{"ovNo":17,"ovBalls":["5Nb","6","1","1","4","1","."]},{"ovNo":18,"ovBalls":["1","4","1","1","4","W"]},{"ovNo":19,"ovBalls":["1","1","6","1","1","1"]},{"ovNo":20,"ovBalls":["4","1","1","1",".","1W"]}]},{"inningsNumber":2,"scorecard":{"runs":190,"extras":{"noBallRuns":5,"wideRuns":18,"legByeRuns":3},"battingStats":[{"mod":{"text":"c Steve Smith b Dhawal Kulkarni","dismissedBp":{"over":3,"innings":2,"ball":6},"countingBp":{"over":3,"innings":2,"ball":6},"bowlerId":101,"additionalPlayerIds":[271],"dismissedMethod":"ct"},"playerId":127,"r":14,"b":8,"sr":"175.00","4s":3,"6s":0},{"mod":{"text":"c Stuart Binny b Chris Morris","dismissedBp":{"over":1,"innings":2,"ball":7},"countingBp":{"over":1,"innings":2,"ball":6},"bowlerId":836,"additionalPlayerIds":[148],"dismissedMethod":"ct"},"playerId":84,"r":1,"b":3,"sr":"33.33","4s":0,"6s":0},{"mod":{"text":"c Chris Morris b Dhawal Kulkarni","dismissedBp":{"over":9,"innings":2,"ball":1},"countingBp":{"over":9,"innings":2,"ball":1},"bowlerId":101,"additionalPlayerIds":[836],"dismissedMethod":"ct"},"playerId":123,"r":21,"b":21,"sr":"100.00","4s":3,"6s":0},{"mod":{"text":"c Dhawal Kulkarni b Shane Watson","dismissedBp":{"over":16,"innings":2,"ball":4},"countingBp":{"over":16,"innings":2,"ball":2},"bowlerId":227,"additionalPlayerIds":[101],"dismissedMethod":"ct"},"playerId":96,"r":44,"b":35,"sr":"125.71","4s":5,"6s":1},{"mod":{"text":"c Dhawal Kulkarni b Chris Morris","dismissedBp":{"over":14,"innings":2,"ball":2},"countingBp":{"over":14,"innings":2,"ball":2},"bowlerId":836,"additionalPlayerIds":[101],"dismissedMethod":"ct"},"playerId":177,"r":37,"b":20,"sr":"185.00","4s":4,"6s":2},{"mod":{"text":"c Sanju Samson b Chris Morris","dismissedBp":{"over":14,"innings":2,"ball":4},"countingBp":{"over":14,"innings":2,"ball":4},"bowlerId":836,"additionalPlayerIds":[258],"dismissedMethod":"ct"},"playerId":108,"r":0,"b":1,"sr":"0.00","4s":0,"6s":0},{"mod":{"text":"c Steve Smith b Chris Morris","dismissedBp":{"over":20,"innings":2,"ball":1},"countingBp":{"over":20,"innings":2,"ball":1},"bowlerId":836,"additionalPlayerIds":[271],"dismissedMethod":"ct"},"playerId":201,"r":13,"b":11,"sr":"118.18","4s":2,"6s":0},{"mod":{"text":"c Ajinkya Rahane b James Faulkner","dismissedBp":{"over":17,"innings":2,"ball":6},"countingBp":{"over":17,"innings":2,"ball":4},"bowlerId":193,"additionalPlayerIds":[135],"dismissedMethod":"ct"},"playerId":194,"r":6,"b":7,"sr":"85.71","4s":1,"6s":0},{"mod":{"text":"c Stuart Binny b Shane Watson","dismissedBp":{"over":18,"innings":2,"ball":3},"countingBp":{"over":18,"innings":2,"ball":2},"bowlerId":227,"additionalPlayerIds":[148],"dismissedMethod":"ct"},"playerId":76,"r":0,"b":1,"sr":"0.00","4s":0,"6s":0},{"playerId":59,"r":24,"b":11,"sr":"218.18","4s":4,"6s":1},{"playerId":169,"r":4,"b":3,"sr":"133.33","4s":0,"6s":0}],"bowlingStats":[{"playerId":836,"r":23,"w":4,"ov":"4","d":11,"maid":0,"e":"5.75","wd":2,"nb":0},{"playerId":2746,"r":35,"w":0,"ov":"3","d":6,"maid":0,"e":"11.66","wd":1,"nb":1},{"playerId":101,"r":36,"w":2,"ov":"4","d":10,"maid":0,"e":"9.00","wd":1,"nb":0},{"playerId":193,"r":45,"w":1,"ov":"4","d":6,"maid":0,"e":"11.25","wd":4,"nb":0},{"playerId":227,"r":38,"w":2,"ov":"4","d":11,"maid":0,"e":"9.50","wd":5,"nb":0},{"playerId":148,"r":10,"w":0,"ov":"1","d":2,"maid":0,"e":"10.00","wd":0,"nb":0}],"wkts":9,"fow":[{"bp":{"over":1,"innings":2,"ball":6},"playerId":84,"r":8,"w":1},{"bp":{"over":3,"innings":2,"ball":6},"playerId":127,"r":21,"w":2},{"bp":{"over":9,"innings":2,"ball":1},"playerId":123,"r":77,"w":3},{"bp":{"over":14,"innings":2,"ball":2},"playerId":177,"r":132,"w":4},{"bp":{"over":14,"innings":2,"ball":4},"playerId":108,"r":133,"w":5},{"bp":{"over":16,"innings":2,"ball":2},"playerId":96,"r":146,"w":6},{"bp":{"over":17,"innings":2,"ball":4},"playerId":194,"r":156,"w":7},{"bp":{"over":18,"innings":2,"ball":2},"playerId":76,"r":159,"w":8},{"bp":{"over":20,"innings":2,"ball":1},"playerId":201,"r":184,"w":9}]},"overProgress":"20","runRate":"9.50","overHistory":[{"ovNo":1,"ovBalls":[".","2Wd",".","1","4","1","W"]},{"ovNo":2,"ovBalls":["1",".",".",".","1","4"]},{"ovNo":3,"ovBalls":["1","4","1Lb",".","1","W"]},{"ovNo":4,"ovBalls":[".",".","4","4","1","5NbB","1"]},{"ovNo":5,"ovBalls":["1Wd","4",".","1","1Lb",".","1"]},{"ovNo":6,"ovBalls":[".",".","5Wd","1","1",".","2"]},{"ovNo":7,"ovBalls":["1","6","4",".","1","1"]},{"ovNo":8,"ovBalls":[".","4","1","4","1","1"]},{"ovNo":9,"ovBalls":["W",".","4","4","2","."]},{"ovNo":10,"ovBalls":[".","4","4",".","1","1"]},{"ovNo":11,"ovBalls":["1","1",".","1Wd","1","1","1"]},{"ovNo":12,"ovBalls":["4","1","1","6",".","1"]},{"ovNo":13,"ovBalls":["1Lb","1","6","4","1Wd","1","1"]},{"ovNo":14,"ovBalls":["1","W","1","W",".","."]},{"ovNo":15,"ovBalls":[".","1","1","1","4","4"]},{"ovNo":16,"ovBalls":["1Wd","1Wd",".","W",".","1Wd",".","4","."]},{"ovNo":17,"ovBalls":["1Wd","1Wd","1","2",".","W",".","1"]},{"ovNo":18,"ovBalls":["1Wd","1","W","4",".",".","1Wd","."]},{"ovNo":19,"ovBalls":["1","4","6",".","1Wd","4","4"]},{"ovNo":20,"ovBalls":["W","1","2","1","1","1"]}]}],"currentState":{"phase":"C","facingBatsman":169,"nonFacingBatsman":59,"currentInningsIndex":1,"currentPartnership":6,"currentBowler":-1,"currentBatsmen":[59,169],"recentOvers":[{"ovNo":15,"ovBalls":[".","1","1","1","4","4"]},{"ovNo":16,"ovBalls":["1Wd","1Wd",".","W",".","1Wd",".","4","."]},{"ovNo":17,"ovBalls":["1Wd","1Wd","1","2",".","W",".","1"]},{"ovNo":18,"ovBalls":["1Wd","1","W","4",".",".","1Wd","."]},{"ovNo":19,"ovBalls":["1","4","6",".","1Wd","4","4"]},{"ovNo":20,"ovBalls":["W","1","2","1","1","1"]}]}}